// Indexed covers shared by all reaction variants in a family.
#if defined(PRINTDECK_BOARD_AMOLED_1_75)
constexpr unsigned kReactionCoverSize = 192;
constexpr std::uint8_t cover_alloy_iris_green[] = {
  0x19,0xa3,0x6e,0xff,0x0b,0x73,0x44,0xff,0x09,0x54,0x2c,0xff,0x07,0x39,0x1b,0xff,0x07,0x26,0x13,0xff,
  0x02,0x23,0x0a,0xff,0x04,0x19,0x0a,0xff,0x03,0x10,0x06,0xff,0x01,0x07,0x02,0xff,0x02,0x02,0x02,0xff,
  0x01,0x02,0x01,0xff,0x03,0x01,0x01,0xff,0x01,0x01,0x01,0xff,0x00,0x01,0x01,0xff,0x02,0x00,0x02,0xff,
  0x01,0x02,0x00,0xff,0xcc,0xcc,0xcc,0xcc,0xcc,0xcc,0xcc,0xcc,0xcc,0xcc,0xcc,0xcc,0xcc,0xcc,0xcc,0xcc,
  0xcc,0xcc,0xcc,0xcc,0xcc,0xcc,0xcc,0xcc,0xcc,0xcc,0xcc,0xcc,0xcc,0xcc,0xcc,0xcc,0xcc,0xcc,0xcc,0xcc,
  0xcc,0xcc,0xcc,0xcc,0xcc,0xcc,0xcc,0xcc,0xcc,0xcc,0xcc,0xcc,0xcc,0xcc,0xcc,0xcc,0xcc,0xcc,0xcc,0xcc,
  0xcc,0xcc,0xcc,0xcc,0xcc,0xcc,0xcc,0xcc,0xcc,0xcc,0xcc,0xcc,0xcc,0xcc,0xcc,0xcc,0xcc,0xcc,0xcc,0xcc,
  0xcc,0xcc,0xcc,0xcc,0xcc,0xcc,0xcc,0xcc,0xcc,0xcc,0xcc,0xcc,0xcc,0xcc,0xcc,0xcc,0xcc,0xcc,0xcc,0xcc,
  0xcc,0xcc,0xcc,0xcc,0xcc,0xcc,0xcc,0xcc,0xcc,0xcc,0xcc,0xcc,0xcc,0xcc,0xcc,0xcc,0xcc,0xcc,0xcc,0xcc,
  0xcc,0xcc,0xcc,0xcc,0xcc,0xcc,0xcc,0xcc,0xcc,0xcc,0xcc,0xcc,0xcc,0xcc,0xcc,0xcc,0xcc,0xcc,0xcc,0xcc,
  0xcc,0xcc,0xcc,0xcc,0xcc,0xcc,0xcc,0xcc,0xcc,0xcc,0xcc,0xcc,0xcc,0xcc,0xcc,0xcc,0xcc,0xcc,0xcc,0xcc,
  0xcc,0xcc,0xcc,0xcc,0xcc,0xcc,0xcc,0xcc,0xcc,0xcc,0xcc,0xcc,0xcc,0xcc,0xcc,0xcc,0xcc,0xcc,0xcc,0xcc,
  0xcc,0xcc,0xcc,0xcc,0xcc,0xcc,0xcc,0xcc,0xcc,0xcc,0xcc,0xcc,0xcc,0xcc,0xcc,0xcc,0xcc,0xcc,0xcc,0xcc,
  0xcc,0xcc,0xcc,0xcc,0xcc,0xcc,0xcc,0xcc,0xcc,0xcc,0xcc,0xcc,0xcc,0xcc,0xcc,0xcc,0xcc,0xcc,0xcc,0xcc,
  0xcc,0xcc,0xcc,0xcc,0xcc,0xcc,0xcc,0xcc,0xcc,0xcc,0xcc,0xcc,0xcc,0xcc,0xcc,0xcc,0xcc,0xcc,0xcc,0xcc,
  0xcc,0xcc,0xcc,0xcc,0xcc,0xcc,0xcc,0xcc,0xcc,0xcc,0xcc,0xcc,0xcc,0xcc,0xcc,0xcc,0xcc,0xcc,0xcc,0xcc,
  0xcc,0xcc,0xcc,0xcc,0xcc,0xcc,0xcc,0xcc,0xcc,0xcc,0xcc,0xcc,0xcc,0xcc,0xcc,0xcc,0xcc,0xcc,0xcc,0xcc,
  0xcc,0xcc,0xcc,0xcc,0xcc,0xcc,0xcc,0xcc,0xcc,0xcc,0xcc,0xcc,0xcc,0xcc,0xcc,0xcc,0xcc,0xcc,0xcc,0xcc,
  0xcc,0xcc,0xcc,0xcc,0xcc,0xcc,0xcc,0xcc,0xcc,0xcc,0xcc,0xcc,0xcc,0xcc,0xcc,0xcc,0xcc,0xcc,0xcc,0xcc,
  0xcc,0xcc,0xcc,0xcc,0xcc,0xcc,0xcc,0xcc,0xcc,0xcc,0xcc,0xcc,0xcc,0xcc,0xcc,0xcc,0xcc,0xcc,0xcc,0xcc,
  0xcc,0xcc,0xcc,0xcc,0xcc,0xcc,0xcc,0xcc,0xcc,0xcc,0xcc,0xcc,0xcc,0xcc,0xcc,0xcc,0xcc,0xcc,0xcc,0xcc,
  0xcc,0xcc,0xcc,0xcc,0xcc,0xcc,0xcc,0xcc,0xcc,0xcc,0xcc,0xcc,0xcc,0xcc,0xcc,0xcc,0xcc,0xcc,0xcc,0xcc,
  0xcc,0xcc,0xcc,0xcc,0xcc,0xcc,0xcc,0xcc,0xcc,0xcc,0xcc,0xcc,0xcc,0xcc,0xcc,0xcc,0xcc,0xcc,0xcc,0xcc,
  0xcc,0xcc,0xcc,0xcc,0xcc,0xcc,0xcc,0xcc,0xcc,0xcc,0xcc,0xcc,0xcc,0xcc,0xcc,0xcc,0xcc,0xcc,0xcc,0xcc,
  0xcc,0xcc,0xcc,0xcc,0xcc,0xcc,0xcc,0xcc,0xcc,0xcc,0xcc,0xcc,0xcc,0xcc,0xcc,0xcc,0xcc,0xcc,0xcc,0xcc,
  0xcc,0xcc,0xcc,0xcc,0xcc,0xcc,0xcc,0xcc,0xcc,0xcc,0xcc,0xcc,0xcc,0xcc,0xcc,0xcc,0xcc,0xcc,0xcc,0xcc,
  0xcc,0xcc,0xcc,0xcc,0xcc,0xcc,0xcc,0xcc,0xcc,0xcc,0xcc,0xcc,0xcc,0xcc,0xcc,0xcc,0xcc,0xcc,0xcc,0xcc,
  0xcc,0xcc,0xcc,0xcc,0xcc,0xcc,0xcc,0xcc,0xcc,0xcc,0xcc,0xcc,0xcc,0xcc,0xcc,0xcc,0xcc,0xcc,0xcc,0xcc,
  0xcc,0xcc,0xcc,0xcc,0xcc,0xcc,0xcc,0xcc,0xcc,0xcc,0xcc,0xcc,0xcc,0xcc,0xcc,0xcc,0xcc,0xcc,0xcc,0xcc,
  0xcc,0xcc,0xcc,0xcc,0xcc,0xcc,0xcc,0xcc,0xcc,0xcc,0xcc,0xcc,0xcc,0xcc,0xcc,0xcc,0xcc,0xcc,0xcc,0xcc,
  0xcc,0xcc,0xcc,0xcc,0xcc,0xcc,0xcc,0xcc,0xcc,0xcc,0xcc,0xcc,0xcc,0xcc,0xcc,0xcc,0xcc,0xcc,0xcc,0xcc,
  0xcc,0xcc,0xcc,0xcc,0xcc,0xcc,0xcc,0xcc,0xcc,0xcc,0xcc,0xcc,0xcc,0xcc,0xcc,0xcc,0xcc,0xcc,0xcc,0xcc,
  0xcc,0xcc,0xcc,0xcc,0xcc,0xcc,0xcc,0xcc,0xcc,0xcc,0xcc,0xcc,0xcc,0xcc,0xcc,0xcc,0xcc,0xcc,0xcc,0xcc,
  0xcc,0xcc,0xcc,0xcc,0xcc,0xcc,0xcc,0xcc,0xcc,0xcc,0xcc,0xcc,0xcc,0xcc,0xcc,0xcc,0xcc,0xcc,0xcc,0xcc,
  0xcc,0xcc,0xcc,0xcc,0xcc,0xcc,0xcc,0xcc,0xcc,0xcc,0xcc,0xcc,0xcc,0xcc,0xcc,0xcc,0xcc,0xcc,0xcc,0xcc,
  0xcc,0xcc,0xcc,0xcc,0xcc,0xcc,0xcc,0xcc,0xcc,0xcc,0xcc,0xcc,0xcc,0xcc,0xcc,0xcc,0xcc,0xcc,0xcc,0xcc,
  0xcc,0xcc,0xcc,0xcc,0xcc,0xcc,0xcc,0xcc,0xcc,0xcc,0xcc,0xcc,0xcc,0xcc,0xcc,0xcc,0xcc,0xcc,0xcc,0xcc,
  0xcc,0xcc,0xcc,0xcc,0xcc,0xcc,0xcc,0xcc,0xcc,0xcc,0xcc,0xcc,0xcc,0xcc,0xcc,0xcc,0xcc,0xcc,0xcc,0xcc,
  0xcc,0xcc,0xcc,0xcc,0xcc,0xcc,0xcc,0xcc,0xcc,0xcc,0xcc,0xcc,0xcc,0xcc,0xcc,0xcc,0xcc,0xcc,0xcc,0xcc,
  0xcc,0xcc,0xcc,0xcc,0xcc,0xcc,0xcc,0xcc,0xcc,0xcc,0xcc,0xcc,0xcc,0xcc,0xcc,0xcc,0xcc,0xcc,0xcc,0xcc,
  0xcc,0xcc,0xcc,0xcc,0xcc,0xcc,0xcc,0xcc,0xcc,0xcc,0xcc,0xcc,0xcc,0xcc,0xcc,0xcc,0xcc,0xcc,0xcc,0xcc,
  0xcc,0xcc,0xcc,0xcc,0xcc,0xcc,0xcc,0xcc,0xcc,0xcc,0xcc,0xcc,0xcc,0xcc,0xcc,0xcc,0xcc,0xcc,0xcc,0xcc,
  0xcc,0xcc,0xcc,0xcc,0xcc,0xcc,0xcc,0xcc,0xcc,0xcc,0xcc,0xcc,0xcc,0xcc,0xcc,0xcc,0xcc,0xcc,0xcc,0xcc,
  0xcc,0xcc,0xcc,0xcc,0xcc,0xcc,0xcc,0xcc,0xcc,0xcc,0xcc,0xcc,0xcc,0xcc,0xcc,0xcc,0xcc,0xcc,0xcc,0xcc,
  0xcc,0xcc,0xcc,0xcc,0xcc,0xcc,0xcc,0xcc,0xcc,0xcc,0xcc,0xcc,0xcc,0xcc,0xcc,0xcc,0xcc,0xcc,0xcc,0xcc,
  0xcc,0xcc,0xcc,0xcc,0xcc,0xcc,0xcc,0xcc,0xcc,0xcc,0xcc,0xcc,0xcc,0xcc,0xcc,0xcc,0xcc,0xcc,0xcc,0xcc,
  0xcc,0xcc,0xcc,0xcc,0xcc,0xcc,0xcc,0xcc,0xcc,0xcc,0xcc,0xcc,0xcc,0xcc,0xcc,0xcc,0xcc,0xcc,0xcc,0xcc,
  0xcc,0xcc,0xcc,0xcc,0xcc,0xcc,0xcc,0xcc,0xcc,0xcc,0xcc,0xcc,0xcc,0xcc,0xcc,0xcc,0xcc,0xcc,0xcc,0xcc,
  0xcc,0xcc,0xcc,0xcc,0xcc,0xcc,0xcc,0xcc,0xcc,0xcc,0xcc,0xcc,0xcc,0xcc,0xcc,0xcc,0xcc,0xcc,0xcc,0xcc,
  0xcc,0xcc,0xcc,0xcc,0xcc,0xcc,0xcc,0xcc,0xcc,0xcc,0xcc,0xcc,0xcc,0xcc,0xcc,0xcc,0xcc,0xcc,0xcc,0xcc,
  0xcc,0xcc,0xcc,0xcc,0xcc,0xcc,0xcc,0xcc,0xcc,0xcc,0xcc,0xcc,0xcc,0xcc,0xcc,0xcc,0xcc,0xcc,0xcc,0xcc,
  0xcc,0xcc,0xcc,0xcc,0xcc,0xcc,0xcc,0xcc,0xcc,0xcc,0xcc,0xcc,0xcc,0xcc,0xcc,0xcc,0xcc,0xcc,0xcc,0xcc,
  0xcc,0xcc,0xcc,0xcc,0xcc,0xcc,0xcc,0xcc,0xcc,0xcc,0xcc,0xcc,0xcc,0xcc,0xcc,0xcc,0xcc,0xcc,0xcc,0xcc,
  0xcc,0xcc,0xcc,0xcc,0xcc,0xcc,0xcc,0xcc,0xcc,0xcc,0xcc,0xcc,0xcc,0xcc,0xcc,0xcc,0xcc,0xcc,0xcc,0xcc,
  0xcc,0xcc,0xcc,0xcc,0xcc,0xcc,0xcc,0xcc,0xcc,0xcc,0xcc,0xcc,0xcc,0xcc,0xcc,0xcc,0xcc,0xcc,0xcc,0xcc,
  0xcc,0xcc,0xcc,0xcc,0xcc,0xcc,0xcc,0xcc,0xcc,0xcc,0xcc,0xcc,0xcc,0xcc,0xcc,0xcc,0xcc,0xcc,0xcc,0xcc,
  0xcc,0xcc,0xcc,0xcc,0xcc,0xcc,0xcc,0xcc,0xcc,0xcc,0xcc,0xcc,0xcc,0xcc,0xcc,0xcc,0xcc,0xcc,0xcc,0xcc,
  0xcc,0xcc,0xcc,0xcc,0xcc,0xcc,0xcc,0xcc,0xcc,0xcc,0xcc,0xcc,0xcc,0xcc,0xcc,0xcc,0xcc,0xcc,0xcc,0xcc,
  0xcc,0xcc,0xcd,0xdd,0xaa,0xaa,0xaa,0xcc,0xcc,0xcc,0xcc,0xcc,0xdd,0xdd,0xcc,0xcc,0xcc,0xcc,0xcc,0xcc,
  0xcc,0xcc,0xcc,0xcc,0xcc,0xcc,0xcc,0xcc,0xcc,0xcc,0xcc,0xcc,0xcc,0xcc,0xcc,0xcc,0xcc,0xcc,0xcc,0xcc,
  0xcc,0xcc,0xcc,0xcc,0xcc,0xcc,0xcc,0xcc,0xcc,0xcc,0xcc,0xcc,0xcc,0xcc,0xcc,0xcc,0xcc,0xcc,0xcc,0xcc,
  0xcc,0xcc,0xcc,0xcc,0xcc,0xcc,0xcc,0xcc,0xcc,0xcc,0xcc,0xcc,0xcc,0xcc,0xcc,0xcc,0xcc,0xcc,0xcc,0xcc,
  0xcc,0xcc,0xcc,0xcc,0xcc,0xcc,0xcc,0xcc,0xcc,0xcc,0xcc,0xcc,0xcc,0xcc,0xcc,0xcc,0xcc,0xff,0xca,0xaa,
  0xaa,0xaf,0xff,0xff,0xff,0xff,0xff,0xa9,0xee,0xee,0x99,0xff,0xff,0xfc,0xcc,0xcc,0xcc,0xcc,0xcc,0xcc,
  0xcc,0xcc,0xcc,0xcc,0xcc,0xcc,0xcc,0xcc,0xcc,0xcc,0xcc,0xcc,0xcc,0xcc,0xcc,0xcc,0xcc,0xcc,0xcc,0xcc,
  0xcc,0xcc,0xcc,0xcc,0xcc,0xcc,0xcc,0xcc,0xcc,0xcc,0xcc,0xcc,0xcc,0xcc,0xcc,0xcc,0xcc,0xcc,0xcc,0xcc,
  0xcc,0xcc,0xcc,0xcc,0xcc,0xcc,0xcc,0xcc,0xcc,0xcc,0xcc,0xcc,0xcc,0xcc,0xcc,0xcc,0xcc,0xcc,0xcc,0xcc,
  0xcc,0xcc,0xcc,0xcc,0xcc,0xcc,0xcc,0xcc,0xcc,0xcc,0xcc,0xcc,0xcc,0x9f,0xdf,0xfc,0xdf,0xfa,0x88,0x99,
  0x99,0x98,0x88,0xfc,0xee,0xee,0xee,0xaf,0xff,0xfc,0xcc,0xcc,0xcc,0xcc,0xcc,0xcc,0xcc,0xcc,0xcc,0xcc,
  0xcc,0xcc,0xcc,0xcc,0xcc,0xcc,0xcc,0xcc,0xcc,0xcc,0xcc,0xcc,0xcc,0xcc,0xcc,0xcc,0xcc,0xcc,0xcc,0xcc,
  0xcc,0xcc,0xcc,0xcc,0xcc,0xcc,0xcc,0xcc,0xcc,0xcc,0xcc,0xcc,0xcc,0xcc,0xcc,0xcc,0xcc,0xcc,0xcc,0xcc,
  0xcc,0xcc,0xcc,0xcc,0xcc,0xcc,0xcc,0xcc,0xcc,0xcc,0xcc,0xcc,0xcc,0xcc,0xcc,0xcc,0xcc,0xcc,0xcc,0xcc,
  0xcc,0xcc,0xcc,0xce,0xcc,0xcc,0xcc,0xcd,0xdd,0xf8,0x88,0x77,0x77,0x66,0x46,0x66,0x66,0x66,0x66,0x77,
  0x77,0x88,0xdd,0xdd,0xff,0xfc,0xcc,0xcc,0xcc,0xcc,0xcc,0xcc,0xcc,0xcc,0xcc,0xcc,0xcc,0xcc,0xcc,0xcc,
  0xcc,0xcc,0xcc,0xcc,0xcc,0xcc,0xcc,0xcc,0xcc,0xcc,0xcc,0xcc,0xcc,0xcc,0xcc,0xcc,0xcc,0xcc,0xcc,0xcc,
  0xcc,0xcc,0xcc,0xcc,0xcc,0xcc,0xcc,0xcc,0xcc,0xcc,0xcc,0xcc,0xcc,0xcc,0xcc,0xcc,0xcc,0xcc,0xcc,0xcc,
  0xcc,0xcc,0xcc,0xcc,0xcc,0xcc,0xcc,0xcc,0xcc,0xcc,0xcc,0xcc,0xcc,0xcc,0xcc,0xcc,0xcc,0xce,0xee,0xe9,
  0xaa,0x9c,0xb8,0x88,0x77,0x64,0x44,0x44,0x46,0x44,0x44,0x44,0x44,0x44,0x44,0x44,0x46,0x44,0x66,0x77,
  0x89,0xad,0xdd,0xab,0xba,0xaa,0xcc,0xcc,0xcc,0xcc,0xcc,0xcc,0xcc,0xcc,0xcc,0xcc,0xcc,0xcc,0xcc,0xcc,
  0xcc,0xcc,0xcc,0xcc,0xcc,0xcc,0xcc,0xcc,0xcc,0xcc,0xcc,0xcc,0xcc,0xcc,0xcc,0xcc,0xcc,0xcc,0xcc,0xcc,
  0xcc,0xcc,0xcc,0xcc,0xcc,0xcc,0xcc,0xcc,0xcc,0xcc,0xcc,0xcc,0xcc,0xcc,0xcc,0xcc,0xcc,0xcc,0xcc,0xcc,
  0xcc,0xcc,0xcc,0xcc,0xcc,0xcc,0xcc,0xcc,0xcc,0xcc,0xcc,0xcc,0xcc,0xcc,0xbb,0xbd,0xdd,0x88,0x76,0x64,
  0x44,0x44,0x44,0x44,0x46,0x44,0x66,0x64,0x66,0x66,0x66,0x44,0x56,0x44,0x34,0x44,0x46,0x67,0x8f,0xdb,
  0xbf,0xac,0xcc,0xcc,0xcc,0xcc,0xcc,0xcc,0xcc,0xcc,0xcc,0xcc,0xcc,0xcc,0xcc,0xcc,0xcc,0xcc,0xcc,0xcc,
  0xcc,0xcc,0xcc,0xcc,0xcc,0xcc,0xcc,0xcc,0xcc,0xcc,0xcc,0xcc,0xcc,0xcc,0xcc,0xcc,0xcc,0xcc,0xcc,0xcc,
  0xcc,0xcc,0xcc,0xcc,0xcc,0xcc,0xcc,0xcc,0xcc,0xcc,0xcc,0xcc,0xcc,0xcc,0xcc,0xcc,0xcc,0xcc,0xcc,0xcc,
  0xcc,0xcc,0xcc,0xcc,0xcc,0xcc,0xcc,0xcc,0xcc,0xc9,0xff,0xa8,0x76,0x66,0x44,0x44,0x44,0x56,0x66,0x67,
  0x77,0x88,0xff,0x77,0x87,0x88,0x77,0x78,0x76,0x66,0x76,0x66,0x44,0x44,0x46,0x67,0x8f,0xfa,0xac,0xcc,
  0xcc,0xcc,0xcc,0xcc,0xcc,0xcc,0xcc,0xcc,0xcc,0xcc,0xcc,0xcc,0xcc,0xcc,0xcc,0xcc,0xcc,0xcc,0xcc,0xcc,
  0xcc,0xcc,0xcc,0xcc,0xcc,0xcc,0xcc,0xcc,0xcc,0xcc,0xcc,0xcc,0xcc,0xcc,0xcc,0xcc,0xcc,0xcc,0xcc,0xcc,
  0xcc,0xcc,0xcc,0xcc,0xcc,0xcc,0xcc,0xcc,0xcc,0xcc,0xcc,0xcc,0xcc,0xcc,0xcc,0xcc,0xcc,0xcc,0xcc,0xcc,
  0xcb,0xbb,0xbb,0xcc,0x9c,0xdf,0x87,0x64,0x44,0x54,0x46,0x66,0x77,0x78,0x78,0x87,0x78,0x8f,0x87,0x66,
  0x88,0x8f,0xa8,0x77,0x77,0x78,0x88,0x77,0x66,0x44,0x44,0x44,0x46,0x8a,0xfd,0xcc,0xcc,0xcc,0xcc,0xcc,
  0xcc,0xcc,0xcc,0xcc,0xcc,0xcc,0xcc,0xcc,0xcc,0xcc,0xcc,0xcc,0xcc,0xcc,0xcc,0xcc,0xcc,0xcc,0xcc,0xcc,
  0xcc,0xcc,0xcc,0xcc,0xcc,0xcc,0xcc,0xcc,0xcc,0xcc,0xcc,0xcc,0xcc,0xcc,0xcc,0xcc,0xcc,0xcc,0xcc,0xcc,
  0xcc,0xcc,0xcc,0xcc,0xcc,0xcc,0xcc,0xcc,0xcc,0xcc,0xcc,0xcc,0xcc,0xcc,0xcc,0xcc,0xcb,0xbb,0xba,0xab,
  0xb8,0x86,0x64,0x44,0x44,0x66,0x77,0x66,0x87,0x76,0x67,0x86,0x67,0x77,0x87,0x76,0x8f,0x78,0xd8,0x66,
  0x68,0x87,0x77,0x78,0x78,0x87,0x76,0x44,0x44,0x46,0x78,0xfd,0x9b,0xb9,0x99,0x99,0x99,0xcc,0xcc,0xcc,
  0xcc,0xcc,0xcc,0xcc,0xcc,0xcc,0xcc,0xcc,0xcc,0xcc,0xcc,0xcc,0xcc,0xcc,0xcc,0xcc,0xcc,0xcc,0xcc,0xcc,
  0xcc,0xcc,0xcc,0xcc,0xcc,0xcc,0xcc,0xcc,0xcc,0xcc,0xcc,0xcc,0xcc,0xcc,0xcc,0xcc,0xcc,0xcc,0xcc,0xcc,
  0xcc,0xcc,0xcc,0xcc,0xcc,0xcc,0xcc,0xcc,0xcc,0xcc,0xcc,0xcc,0xcb,0xbb,0xbd,0xfa,0x76,0x44,0x44,0x46,
  0x77,0x76,0x77,0x76,0x66,0x76,0x66,0x66,0x66,0x76,0x77,0x77,0x8f,0x87,0x88,0x77,0x78,0x87,0x67,0x76,
  0x77,0x88,0x88,0x76,0x64,0x44,0x46,0x67,0xaf,0xa9,0x99,0x99,0x99,0xcc,0xcc,0xcc,0xcc,0xcc,0xcc,0xcc,
  0xcc,0xcc,0xcc,0xcc,0xcc,0xcc,0xcc,0xcc,0xcc,0xcc,0xcc,0xcc,0xcc,0xcc,0xcc,0xcc,0xcc,0xcc,0xcc,0xcc,
  0xcc,0xcc,0xcc,0xcc,0xcc,0xcc,0xcc,0xcc,0xcc,0xcc,0xcc,0xcc,0xcc,0xcc,0xcc,0xcc,0xcc,0xcc,0xcc,0xcc,
  0xcc,0xcc,0xcc,0xcc,0xcc,0xcc,0xcc,0xcc,0xcc,0xaf,0xf8,0x86,0x44,0x44,0x67,0x77,0x77,0x67,0x66,0x76,
  0x66,0x77,0x67,0x66,0x77,0x77,0x67,0x77,0x88,0x87,0x77,0x76,0x7f,0x77,0x77,0x66,0x66,0x68,0x88,0xf7,
  0x77,0x66,0x44,0x64,0x67,0x8f,0xfc,0x99,0x99,0xcc,0xcc,0xcc,0xcc,0xcc,0xcc,0xcc,0xcc,0xcc,0xcc,0xcc,
  0xcc,0xcc,0xcc,0xcc,0xcc,0xcc,0xcc,0xcc,0xcc,0xcc,0xcc,0xcc,0xcc,0xcc,0xcc,0xcc,0xcc,0xcc,0xcc,0xcc,
  0xcc,0xcc,0xcc,0xcc,0xcc,0xcc,0xcc,0xcc,0xcc,0xcc,0xcc,0xcc,0xcc,0xcc,0xcc,0xcc,0xcc,0xcc,0xcc,0xcc,
  0xcc,0xcc,0xcc,0xbb,0xca,0xf8,0x74,0x44,0x44,0x67,0x77,0x77,0x66,0x66,0x66,0x66,0x66,0x66,0x67,0x64,
  0x77,0x77,0x68,0x64,0x78,0x78,0x87,0x87,0x68,0x87,0x77,0x66,0x67,0x78,0x77,0x86,0x78,0x76,0x66,0x64,
  0x44,0x67,0x8d,0xa9,0x9b,0xbc,0xcc,0xcc,0xcc,0xcc,0xcc,0xcc,0xcc,0xcc,0xcc,0xcc,0xcc,0xcc,0xcc,0xcc,
  0xcc,0xcc,0xcc,0xcc,0xcc,0xcc,0xcc,0xcc,0xcc,0xcc,0xcc,0xcc,0xcc,0xcc,0xcc,0xcc,0xcc,0xcc,0xcc,0xcc,
  0xcc,0xcc,0xcc,0xcc,0xcc,0xcc,0xcc,0xcc,0xcc,0xcc,0xcc,0xcc,0xcc,0xcc,0xcc,0xcc,0xcc,0xcc,0xcb,0xbb,
  0xff,0x76,0x44,0x44,0x67,0x77,0x66,0x66,0x66,0x67,0x66,0x63,0x56,0x54,0x65,0x47,0x76,0x67,0x67,0x76,
  0x68,0x78,0x87,0x77,0x67,0x77,0x86,0x66,0x76,0x77,0x76,0x76,0x78,0x77,0x67,0x77,0x44,0x44,0x67,0x8a,
  0xab,0xbc,0xcc,0xcc,0xcc,0xcc,0xcc,0xcc,0xcc,0xcc,0xcc,0xcc,0xcc,0xcc,0xcc,0xcc,0xcc,0xcc,0xcc,0xcc,
  0xcc,0xcc,0xcc,0xcc,0xcc,0xcc,0xcc,0xcc,0xcc,0xcc,0xcc,0xcc,0xcc,0xcc,0xcc,0xcc,0xcc,0xcc,0xcc,0xcc,
  0xcc,0xcc,0xcc,0xcc,0xcc,0xcc,0xcc,0xcc,0xcc,0xcc,0xcc,0xcc,0xcc,0xcc,0xdf,0xfa,0x76,0x44,0x46,0x66,
  0x66,0x76,0x66,0x66,0x66,0x66,0x67,0x63,0x54,0x43,0x25,0x47,0x75,0x66,0x46,0x84,0x48,0x78,0x78,0x84,
  0x67,0x68,0xf6,0x67,0x86,0x66,0x66,0x66,0x77,0x67,0x87,0x68,0x76,0x44,0x44,0x67,0xfd,0xff,0xcc,0xcc,
  0xcc,0xcc,0xcc,0xcc,0xcc,0xcc,0xcc,0xcc,0xcc,0xcc,0xcc,0xcc,0xcc,0xcc,0xcc,0xcc,0xcc,0xcc,0xcc,0xcc,
  0xcc,0xcc,0xcc,0xcc,0xcc,0xcc,0xcc,0xcc,0xcc,0xcc,0xcc,0xcc,0xcc,0xcc,0xcc,0xcc,0xcc,0xcc,0xcc,0xcc,
  0xcc,0xcc,0xcc,0xcc,0xcc,0xcc,0xcc,0xcc,0xcc,0xcd,0xdf,0x87,0x43,0x44,0x66,0x66,0x64,0x66,0x44,0x66,
  0x66,0x45,0x77,0x65,0x53,0x22,0x25,0x56,0x66,0x64,0x67,0x75,0x46,0x67,0x67,0x87,0x46,0x47,0x86,0x67,
  0x87,0x77,0x66,0x66,0x76,0x66,0x77,0x78,0xf7,0x76,0x54,0x46,0x78,0xff,0xfc,0xcc,0xcc,0xcc,0xcc,0xcc,
  0xcc,0xcc,0xcc,0xcc,0xcc,0xcc,0xcc,0xcc,0xcc,0xcc,0xcc,0xcc,0xcc,0xcc,0xcc,0xcc,0xcc,0xcc,0xcc,0xcc,
  0xcc,0xcc,0xcc,0xcc,0xcc,0xcc,0xcc,0xcc,0xcc,0xcc,0xcc,0xcc,0xcc,0xcc,0xcc,0xcc,0xcc,0xcc,0xcc,0xcc,
  0xcc,0xcc,0xcc,0xcc,0xbb,0xaf,0xb7,0x43,0x44,0x66,0x67,0x66,0x64,0x35,0x54,0x74,0x47,0x46,0x76,0x86,
  0x62,0x22,0x15,0x44,0x66,0x64,0x77,0x76,0x53,0x46,0x78,0x7f,0x74,0x36,0x77,0x87,0x87,0x67,0x66,0x65,
  0x66,0x66,0x76,0x88,0x77,0x88,0x76,0x44,0x44,0x7f,0xda,0xaa,0xaa,0xcc,0xcc,0xcc,0xcc,0xcc,0xcc,0xcc,
  0xcc,0xcc,0xcc,0xcc,0xcc,0xcc,0xcc,0xcc,0xcc,0xcc,0xcc,0xcc,0xcc,0xcc,0xcc,0xcc,0xcc,0xcc,0xcc,0xcc,
  0xcc,0xcc,0xcc,0xcc,0xcc,0xcc,0xcc,0xcc,0xcc,0xcc,0xcc,0xcc,0xcc,0xcc,0xcc,0xcc,0xcc,0xcc,0xcc,0xcb,
  0xbf,0x88,0x64,0x34,0x66,0x66,0x67,0x66,0x67,0x32,0x54,0x53,0x36,0x34,0x64,0x76,0x63,0x52,0x02,0x24,
  0x74,0x46,0x75,0x66,0x32,0x46,0x87,0x66,0x65,0x46,0x78,0xa8,0x76,0x66,0x44,0x66,0x46,0x56,0x77,0xf7,
  0x6f,0x88,0x8f,0x86,0x44,0x46,0x8f,0xaa,0xaa,0xcc,0xcc,0xcc,0xcc,0xcc,0xcc,0xcc,0xcc,0xcc,0xcc,0xcc,
  0xcc,0xcc,0xcc,0xcc,0xcc,0xcc,0xcc,0xcc,0xcc,0xcc,0xcc,0xcc,0xcc,0xcc,0xcc,0xcc,0xcc,0xcc,0xcc,0xcc,
  0xcc,0xcc,0xcc,0xcc,0xcc,0xcc,0xcc,0xcc,0xcc,0xcc,0xcc,0xcc,0xcc,0xcc,0xcc,0xba,0xf8,0x74,0x34,0x46,
  0x76,0x67,0x67,0x76,0x66,0x52,0x34,0x45,0x35,0x32,0x54,0x56,0x54,0x52,0x01,0x15,0x74,0x27,0x55,0x53,
  0x34,0x56,0x86,0x64,0x45,0x55,0x7f,0x77,0x76,0x66,0x54,0x53,0x46,0x56,0x77,0x88,0x88,0x78,0x87,0xf8,
  0x66,0x44,0x67,0xfa,0xaa,0xaa,0xcc,0xcc,0xcc,0xcc,0xcc,0xcc,0xcc,0xcc,0xcc,0xcc,0xcc,0xcc,0xcc,0xcc,
  0xcc,0xcc,0xcc,0xcc,0xcc,0xcc,0xcc,0xcc,0xcc,0xcc,0xcc,0xcc,0xcc,0xcc,0xcc,0xcc,0xcc,0xcc,0xcc,0xcc,
  0xcc,0xcc,0xcc,0xcc,0xcc,0xcc,0xcc,0xcc,0xcc,0xcc,0xcb,0xbd,0x86,0x44,0x46,0x67,0x77,0x67,0x66,0x77,
  0x64,0x32,0x13,0x55,0x53,0x23,0x64,0x56,0x76,0x32,0x11,0x24,0x73,0x25,0x55,0x32,0x67,0x66,0x76,0x66,
  0x33,0x46,0x77,0x64,0x65,0x65,0x55,0x32,0x35,0x55,0x66,0x67,0xf8,0x66,0x76,0x8f,0x77,0x64,0x44,0x7f,
  0xda,0xaa,0xcc,0xcc,0xcc,0xcc,0xcc,0xcc,0xcc,0xcc,0xcc,0xcc,0xcc,0xcc,0xcc,0xcc,0xcc,0xcc,0xcc,0xcc,
  0xcc,0xcc,0xcc,0xcc,0xcc,0xcc,0xcc,0xcc,0xcc,0xcc,0xcc,0xcc,0xcc,0xcc,0xcc,0xcc,0xcc,0xcc,0xcc,0xcc,
  0xcc,0xcc,0xcc,0xcc,0xcc,0xcc,0xcc,0xb8,0x64,0x34,0x66,0x66,0x77,0x76,0x66,0x66,0x66,0x43,0x01,0x43,
  0x42,0x25,0x65,0x55,0x76,0x32,0x20,0x03,0x52,0x22,0x35,0x23,0x67,0x66,0x76,0x55,0x32,0x37,0x66,0x76,
  0x65,0x54,0x43,0x21,0x23,0x34,0x76,0x66,0x88,0x76,0x67,0x88,0x78,0x76,0x44,0x46,0x8d,0xca,0xcc,0xcc,
  0xcc,0xcc,0xcc,0xcc,0xcc,0xcc,0xcc,0xcc,0xcc,0xcc,0xcc,0xcc,0xcc,0xcc,0xcc,0xcc,0xcc,0xcc,0xcc,0xcc,
  0xcc,0xcc,0xcc,0xcc,0xcc,0xcc,0xcc,0xcc,0xcc,0xcc,0xcc,0xcc,0xcc,0xcc,0xcc,0xcc,0xcc,0xcc,0xcc,0xcc,
  0xca,0xaa,0xd8,0x74,0x34,0x66,0x76,0x67,0x77,0x77,0x64,0x46,0x44,0x54,0x31,0x11,0x14,0x33,0x35,0x45,
  0x66,0x33,0x21,0x11,0x43,0x10,0x22,0x55,0x67,0x66,0x76,0x56,0x43,0x34,0x46,0x77,0x54,0x54,0x22,0x11,
  0x12,0x44,0x46,0x66,0x77,0x65,0x67,0x86,0x7f,0x88,0x76,0x44,0x47,0xdf,0xff,0xff,0xaa,0xcc,0xcc,0xcc,
  0xcc,0xcc,0xcc,0xcc,0xcc,0xcc,0xcc,0xcc,0xcc,0xcc,0xcc,0xcc,0xcc,0xcc,0xcc,0xcc,0xcc,0xcc,0xcc,0xcc,
  0xcc,0xcc,0xcc,0xcc,0xcc,0xcc,0xcc,0xcc,0xcc,0xcc,0xcc,0xcc,0xcc,0xcc,0xcc,0xcc,0xcc,0xdf,0x87,0x33,
  0x46,0x77,0x66,0x76,0x77,0x77,0x73,0x48,0x63,0x33,0x31,0x01,0x12,0x34,0x23,0x43,0x77,0x43,0x10,0x22,
  0x35,0x11,0x33,0x33,0x66,0x66,0x34,0x55,0x32,0x23,0x35,0x54,0x45,0x55,0x22,0x11,0x23,0x34,0x44,0x56,
  0x65,0x45,0x67,0x77,0x88,0x78,0x88,0x63,0x34,0x78,0xff,0xff,0xaa,0xcc,0xcc,0xcc,0xcc,0xcc,0xcc,0xcc,
  0xcc,0xcc,0xcc,0xcc,0xcc,0xcc,0xcc,0xcc,0xcc,0xcc,0xcc,0xcc,0xcc,0xcc,0xcc,0xcc,0xcc,0xcc,0xcc,0xcc,
  0xcc,0xcc,0xcc,0xcc,0xcc,0xcc,0xcc,0xcc,0xcc,0xcc,0xcc,0xcc,0xcf,0xf8,0x64,0x34,0x66,0x77,0x44,0x76,
  0x77,0x77,0x66,0x36,0xd4,0x42,0x21,0x00,0x20,0x13,0x32,0x44,0x68,0x62,0x00,0x23,0x22,0x11,0x25,0x32,
  0x47,0x76,0x43,0x42,0x22,0x23,0x44,0x33,0x54,0x63,0x22,0x01,0x33,0x35,0x54,0x44,0x55,0x44,0x67,0x67,
  0xe8,0x68,0x88,0x87,0x44,0x46,0xaf,0xff,0xaa,0xcc,0xcc,0xcc,0xcc,0xcc,0xcc,0xcc,0xcc,0xcc,0xcc,0xcc,
  0xcc,0xcc,0xcc,0xcc,0xcc,0xcc,0xcc,0xcc,0xcc,0xcc,0xcc,0xcc,0xcc,0xcc,0xcc,0xcc,0xcc,0xcc,0xcc,0xcc,
  0xcc,0xcc,0xcc,0xcc,0xcc,0xcc,0xcc,0xee,0xaa,0x86,0x34,0x66,0x66,0x77,0x54,0x77,0x76,0x77,0x67,0x42,
  0x8f,0x73,0x22,0x10,0x10,0x02,0x21,0x57,0x76,0x62,0x00,0x02,0x20,0x22,0x25,0x33,0x65,0x66,0x65,0x31,
  0x21,0x13,0x33,0x34,0x54,0x42,0x11,0x01,0x33,0x55,0x55,0x44,0x55,0x23,0x56,0x66,0x97,0x78,0x77,0x7f,
  0x86,0x44,0x6f,0xdf,0xbb,0xcc,0xcc,0xcc,0xcc,0xcc,0xcc,0xcc,0xcc,0xcc,0xcc,0xcc,0xcc,0xcc,0xcc,0xcc,
  0xcc,0xcc,0xcc,0xcc,0xcc,0xcc,0xcc,0xcc,0xcc,0xcc,0xcc,0xcc,0xcc,0xcc,0xcc,0xcc,0xcc,0xcc,0xcc,0xcc,
  0xcc,0xcc,0xce,0xee,0xd7,0x44,0x46,0x66,0x78,0x66,0x66,0x46,0x64,0x56,0x67,0x84,0x36,0x76,0x32,0x21,
  0x00,0x01,0x11,0x37,0x94,0x52,0x01,0x00,0x30,0x01,0x25,0x23,0x76,0x55,0x65,0x21,0x10,0x11,0x14,0x35,
  0x45,0x32,0x10,0x13,0x23,0x74,0x53,0x55,0x32,0x35,0x54,0x68,0x87,0x67,0x87,0x78,0x88,0x64,0x46,0x88,
  0xbb,0xcc,0xcc,0xcc,0xcc,0xcc,0xcc,0xcc,0xcc,0xcc,0xcc,0xcc,0xcc,0xcc,0xcc,0xcc,0xcc,0xcc,0xcc,0xcc,
  0xcc,0xcc,0xcc,0xcc,0xcc,0xcc,0xcc,0xcc,0xcc,0xcc,0xcc,0xcc,0xcc,0xcc,0xcc,0xcc,0xcc,0xcc,0xcc,0x9c,
  0x83,0x34,0x66,0x66,0x8f,0x66,0x46,0x33,0x55,0x55,0x66,0x78,0x32,0x47,0x62,0x11,0x10,0x00,0x02,0x25,
  0x74,0x53,0x01,0x00,0x20,0x01,0x23,0x13,0x77,0x56,0x75,0x21,0x00,0x01,0x35,0x45,0x35,0x21,0x00,0x15,
  0x56,0x65,0x52,0x32,0x11,0x32,0x57,0x67,0x76,0x68,0x87,0x77,0x78,0x86,0x64,0x68,0xff,0xff,0xcc,0xcc,
  0xcc,0xcc,0xcc,0xcc,0xcc,0xcc,0xcc,0xcc,0xcc,0xcc,0xcc,0xcc,0xcc,0xcc,0xcc,0xcc,0xcc,0xcc,0xcc,0xcc,
  0xcc,0xcc,0xcc,0xcc,0xcc,0xcc,0xcc,0xcc,0xcc,0xcc,0xcc,0xcc,0xcc,0xce,0xcc,0xf7,0x33,0x47,0x78,0x77,
  0x88,0x76,0x46,0x53,0x56,0x54,0x56,0x66,0x53,0x32,0x55,0x21,0x10,0x00,0x01,0x23,0x52,0x47,0x10,0x00,
  0x10,0x00,0x23,0x12,0x77,0x34,0x65,0x21,0x00,0x01,0x22,0x42,0x22,0x10,0x01,0x35,0x55,0x55,0x52,0x12,
  0x21,0x22,0x34,0x45,0x63,0x48,0x87,0x77,0x87,0xf8,0x76,0x46,0x8f,0xff,0xcc,0xcc,0xcc,0xcc,0xcc,0xcc,
  0xcc,0xcc,0xcc,0xcc,0xcc,0xcc,0xcc,0xcc,0xcc,0xcc,0xcc,0xcc,0xcc,0xcc,0xcc,0xcc,0xcc,0xcc,0xcc,0xcc,
  0xcc,0xcc,0xcc,0xcc,0xcc,0xcc,0xcc,0xcc,0xcc,0xee,0xbb,0x73,0x36,0x67,0x78,0x87,0x77,0x87,0x64,0x51,
  0x15,0x53,0x35,0x65,0x67,0x73,0x23,0x41,0x10,0x00,0x00,0x22,0x52,0x38,0x10,0x00,0x10,0x00,0x12,0x02,
  0x54,0x43,0x55,0x21,0x00,0x11,0x11,0x42,0x11,0x00,0x01,0x35,0x53,0x53,0x32,0x12,0x21,0x35,0x53,0x35,
  0x64,0x46,0x44,0x78,0xf8,0x78,0x87,0x64,0x68,0xff,0xff,0xff,0xfc,0xcc,0xcc,0xcc,0xcc,0xcc,0xcc,0xcc,
  0xcc,0xcc,0xcc,0xcc,0xcc,0xcc,0xcc,0xcc,0xcc,0xcc,0xcc,0xcc,0xcc,0xcc,0xcc,0xcc,0xcc,0xcc,0xcc,0xcc,
  0xcc,0xcc,0xcc,0xcc,0xcc,0xee,0xe8,0x33,0x46,0x77,0x78,0x87,0x66,0x68,0x73,0x42,0x01,0x43,0x23,0x33,
  0x47,0x64,0x43,0x22,0x10,0x00,0x00,0x11,0x33,0x35,0x21,0x01,0x00,0x00,0x00,0x02,0x42,0x42,0x33,0x10,
  0x00,0x01,0x12,0x31,0x11,0x11,0x01,0x34,0x64,0x32,0x12,0x21,0x11,0x54,0x53,0x23,0x33,0x36,0x66,0x78,
  0x77,0x77,0x88,0x76,0x46,0xff,0xff,0xff,0xfc,0xcc,0xcc,0xcc,0xcc,0xcc,0xcc,0xcc,0xcc,0xcc,0xcc,0xcc,
  0xcc,0xcc,0xcc,0xcc,0xcc,0xcc,0xcc,0xcc,0xcc,0xcc,0xcc,0xcc,0xcc,0xcc,0xcc,0xcc,0xcc,0xcc,0xcc,0xcc,
  0xcc,0xdd,0x83,0x34,0x66,0x76,0x77,0x88,0x88,0x76,0x76,0x64,0x21,0x02,0x12,0x22,0x25,0x53,0x48,0x31,
  0x20,0x00,0x00,0x00,0x13,0x33,0x30,0x01,0x10,0x00,0x00,0x01,0x22,0x32,0x21,0x10,0x00,0x01,0x23,0x11,
  0x11,0x10,0x12,0x55,0x64,0x21,0x12,0x10,0x12,0x32,0x31,0x12,0x13,0x47,0x76,0x87,0x68,0xff,0xa8,0x76,
  0x44,0x7f,0xff,0xff,0xfc,0xcc,0xcc,0xcc,0xcc,0xcc,0xcc,0xcc,0xcc,0xcc,0xcc,0xcc,0xcc,0xcc,0xcc,0xcc,
  0xcc,0xcc,0xcc,0xcc,0xcc,0xcc,0xcc,0xcc,0xcc,0xcc,0xcc,0xcc,0xcc,0xcc,0xcc,0x9e,0xec,0xcf,0x32,0x46,
  0x67,0x76,0x67,0x77,0xff,0xd6,0x57,0x76,0x42,0x11,0x11,0x12,0x22,0x34,0x36,0x63,0x11,0x00,0x00,0x11,
  0x02,0x52,0x20,0x01,0x10,0x00,0x00,0x00,0x02,0x24,0x21,0x10,0x00,0x12,0x21,0x12,0x12,0x11,0x12,0x56,
  0x43,0x21,0x11,0x00,0x11,0x11,0x21,0x12,0x25,0x55,0x66,0x66,0x88,0x88,0xa8,0x87,0x64,0x47,0x9b,0xff,
  0xfc,0xcc,0xcc,0xcc,0xcc,0xcc,0xcc,0xcc,0xcc,0xcc,0xcc,0xcc,0xcc,0xcc,0xcc,0xcc,0xcc,0xcc,0xcc,0xcc,
  0xcc,0xcc,0xcc,0xcc,0xcc,0xcc,0xcc,0xcc,0xcc,0xcc,0xcc,0xee,0x9a,0xf4,0x34,0x66,0x77,0x66,0x67,0x66,
  0x8f,0x87,0x67,0x66,0x63,0x25,0x20,0x01,0x21,0x13,0x32,0x55,0x11,0x00,0x01,0x11,0x01,0x21,0x10,0x02,
  0x00,0x01,0x20,0x11,0x01,0x12,0x11,0x00,0x00,0x13,0x21,0x22,0x22,0x11,0x23,0x55,0x32,0x21,0x00,0x00,
  0x11,0x00,0x10,0x00,0x13,0x44,0x46,0x64,0x7f,0x87,0x77,0x88,0x76,0x44,0x7f,0xbf,0xfa,0xcc,0xcc,0xcc,
  0xcc,0xcc,0xcc,0xcc,0xcc,0xcc,0xcc,0xcc,0xcc,0xcc,0xcc,0xcc,0xcc,0xcc,0xcc,0xcc,0xcc,0xcc,0xcc,0xcc,
  0xcc,0xcc,0xcc,0xcc,0xcc,0xcc,0xcc,0xee,0xd8,0x42,0x46,0x67,0x66,0x78,0x65,0x76,0x68,0x86,0x67,0x64,
  0x45,0x22,0x51,0x01,0x11,0x21,0x32,0x35,0x31,0x00,0x00,0x01,0x01,0x21,0x10,0x01,0x00,0x11,0x20,0x11,
  0x10,0x21,0x01,0x00,0x00,0x13,0x21,0x12,0x11,0x12,0x34,0x53,0x21,0x10,0x00,0x01,0x11,0x00,0x00,0x00,
  0x12,0x35,0x54,0x37,0x77,0x88,0x88,0xf6,0x88,0x44,0x68,0xff,0xfa,0xcc,0xcc,0xcc,0xcc,0xcc,0xcc,0xcc,
  0xcc,0xcc,0xcc,0xcc,0xcc,0xcc,0xcc,0xcc,0xcc,0xcc,0xcc,0xcc,0xcc,0xcc,0xcc,0xcc,0xcc,0xcc,0xcc,0xcc,
  0xcc,0xcc,0xcc,0xba,0xd6,0x23,0x67,0x77,0x87,0x77,0x63,0x46,0x57,0x76,0x46,0x76,0x33,0x31,0x23,0x11,
  0x20,0x11,0x11,0x25,0x51,0x00,0x00,0x11,0x00,0x12,0x10,0x00,0x00,0x22,0x21,0x21,0x10,0x11,0x10,0x00,
  0x00,0x12,0x10,0x12,0x11,0x12,0x23,0x33,0x21,0x10,0x00,0x00,0x00,0x00,0x00,0x00,0x11,0x23,0x33,0x34,
  0x66,0x68,0x88,0xf7,0x88,0x76,0x46,0x8f,0xfc,0xcc,0xcc,0xcc,0xcc,0xcc,0xcc,0xcc,0xcc,0xcc,0xcc,0xcc,
  0xcc,0xcc,0xcc,0xcc,0xcc,0xcc,0xcc,0xcc,0xcc,0xcc,0xcc,0xcc,0xcc,0xcc,0xcc,0xcc,0xcc,0xcc,0xcc,0xbb,
  0x73,0x36,0x77,0x87,0x68,0x66,0x76,0x34,0x54,0x56,0x56,0x76,0x55,0x32,0x13,0x11,0x22,0x01,0x11,0x23,
  0x31,0x00,0x00,0x01,0x00,0x12,0x10,0x00,0x00,0x12,0x21,0x11,0x10,0x00,0x10,0x00,0x00,0x02,0x10,0x13,
  0x11,0x11,0x35,0x23,0x20,0x00,0x00,0x00,0x00,0x00,0x00,0x00,0x01,0x22,0x35,0x43,0x66,0x67,0x68,0x78,
  0xf8,0x86,0x46,0x7f,0xbb,0xcc,0xcc,0xcc,0xcc,0xcc,0xcc,0xcc,0xcc,0xcc,0xcc,0xcc,0xcc,0xcc,0xcc,0xcc,
  0xcc,0xcc,0xcc,0xcc,0xcc,0xcc,0xcc,0xcc,0xcc,0xcc,0xcc,0xcc,0xcc,0xcc,0xcc,0xc8,0x33,0x46,0x66,0x8a,
  0x76,0x86,0x57,0x63,0x36,0x44,0x55,0x67,0x66,0x52,0x12,0x11,0x23,0x11,0x11,0x12,0x22,0x10,0x00,0x00,
  0x10,0x00,0x10,0x00,0x00,0x11,0x32,0x01,0x20,0x00,0x00,0x00,0x10,0x01,0x00,0x23,0x11,0x13,0x45,0x12,
  0x11,0x00,0x00,0x00,0x00,0x00,0x00,0x00,0x02,0x53,0x66,0x66,0x66,0x77,0x77,0x47,0xf7,0x77,0x74,0x68,
  0xbb,0xfc,0xcc,0xcc,0xcc,0xcc,0xcc,0xcc,0xcc,0xcc,0xcc,0xcc,0xcc,0xcc,0xcc,0xcc,0xcc,0xcc,0xcc,0xcc,
  0xcc,0xcc,0xcc,0xcc,0xcc,0xcc,0xcc,0xcc,0xcc,0xcc,0xca,0xd4,0x35,0x46,0x66,0x8b,0x76,0x88,0x44,0x75,
  0x23,0x33,0x54,0x66,0x64,0x64,0x32,0x01,0x22,0x11,0x11,0x11,0x22,0x10,0x00,0x00,0x10,0x00,0x00,0x00,
  0x00,0x00,0x33,0x11,0x11,0x10,0x00,0x00,0x01,0x11,0x01,0x22,0x13,0x13,0x33,0x11,0x00,0x00,0x00,0x10,
  0x00,0x00,0x00,0x00,0x12,0x35,0x65,0x56,0x66,0x66,0x66,0x67,0x76,0x77,0x86,0x46,0xff,0xfc,0xcc,0xcc,
  0xcc,0xcc,0xcc,0xcc,0xcc,0xcc,0xcc,0xcc,0xcc,0xcc,0xcc,0xcc,0xcc,0xcc,0xcc,0xcc,0xcc,0xcc,0xcc,0xcc,
  0xcc,0xcc,0xcc,0xcc,0xcc,0xcc,0xac,0x73,0x46,0x67,0x77,0x8b,0x87,0x77,0x63,0x36,0x31,0x52,0x35,0x45,
  0x57,0x76,0x42,0x11,0x12,0x23,0x11,0x10,0x12,0x21,0x00,0x00,0x00,0x01,0x00,0x00,0x00,0x00,0x45,0x11,
  0x12,0x10,0x00,0x00,0x12,0x21,0x01,0x11,0x23,0x13,0x32,0x10,0x00,0x01,0x11,0x00,0x00,0x00,0x00,0x00,
  0x13,0x35,0x55,0x56,0x77,0x64,0x66,0x46,0x77,0x78,0x86,0x44,0x7f,0xfa,0xcc,0xcc,0xcc,0xcc,0xcc,0xcc,
  0xcc,0xcc,0xcc,0xcc,0xcc,0xcc,0xcc,0xcc,0xcc,0xcc,0xcc,0xcc,0xcc,0xcc,0xcc,0xcc,0xcc,0xcc,0xcc,0xcc,
  0xcc,0xcc,0xd8,0x33,0x46,0x66,0x66,0x88,0x88,0x66,0x76,0x46,0x31,0x32,0x15,0x33,0x76,0x46,0x53,0x10,
  0x12,0x25,0x21,0x11,0x02,0x22,0x10,0x00,0x00,0x01,0x00,0x00,0x10,0x01,0x22,0x11,0x12,0x11,0x00,0x00,
  0x12,0x10,0x01,0x11,0x22,0x13,0x11,0x00,0x00,0x11,0x11,0x01,0x10,0x00,0x00,0x00,0x35,0x24,0x54,0x46,
  0x75,0x55,0x33,0x47,0x87,0x78,0x77,0x64,0x48,0xff,0xcc,0xcc,0xcc,0xcc,0xcc,0xcc,0xcc,0xcc,0xcc,0xcc,
  0xcc,0xcc,0xcc,0xcc,0xcc,0xcc,0xcc,0xcc,0xcc,0xcc,0xcc,0xcc,0xcc,0xcc,0xcc,0xcc,0xcc,0xca,0xf4,0x36,
  0x66,0x67,0x76,0x67,0x77,0x77,0x77,0x46,0x63,0x21,0x01,0x22,0x54,0x36,0x64,0x20,0x02,0x22,0x31,0x22,
  0x11,0x11,0x10,0x00,0x00,0x00,0x00,0x00,0x00,0x00,0x12,0x11,0x12,0x11,0x00,0x00,0x11,0x11,0x01,0x22,
  0x12,0x12,0x11,0x00,0x01,0x10,0x11,0x11,0x00,0x00,0x00,0x11,0x33,0x45,0x54,0x56,0x43,0x32,0x35,0x77,
  0x86,0x88,0x87,0x86,0x46,0x8f,0xeb,0xcc,0xcc,0xcc,0xcc,0xcc,0xcc,0xcc,0xcc,0xcc,0xcc,0xcc,0xcc,0xcc,
  0xcc,0xcc,0xcc,0xcc,0xcc,0xcc,0xcc,0xcc,0xcc,0xcc,0xcc,0xcc,0xcc,0xac,0x72,0x44,0x66,0x68,0xf7,0x67,
  0x76,0x87,0x6f,0x74,0x66,0x42,0x10,0x12,0x32,0x57,0x75,0x21,0x01,0x12,0x32,0x32,0x11,0x01,0x10,0x00,
  0x00,0x00,0x00,0x00,0x00,0x00,0x11,0x11,0x33,0x10,0x00,0x00,0x11,0x22,0x01,0x11,0x12,0x01,0x10,0x00,
  0x11,0x00,0x32,0x11,0x11,0x00,0x10,0x12,0x33,0x75,0x45,0x43,0x45,0x32,0x56,0x67,0x87,0xf7,0x77,0x77,
  0x66,0x7d,0xac,0xcc,0xcc,0xcc,0xcc,0xcc,0xcc,0xcc,0xcc,0xcc,0xcc,0xcc,0xcc,0xcc,0xcc,0xcc,0xcc,0xcc,
  0xcc,0xcc,0xcc,0xcc,0xcc,0xcc,0xcc,0xcc,0xcf,0xaf,0x33,0x56,0x77,0x67,0x8f,0x86,0x66,0x88,0x66,0x66,
  0x46,0x64,0x30,0x00,0x22,0x53,0x33,0x21,0x00,0x02,0x32,0x32,0x12,0x01,0x10,0x00,0x00,0x00,0x00,0x00,
  0x00,0x00,0x00,0x12,0x67,0x20,0x00,0x00,0x11,0x22,0x00,0x11,0x22,0x01,0x00,0x00,0x10,0x14,0x50,0x02,
  0x10,0x01,0x11,0x23,0x36,0x53,0x56,0x54,0x55,0x23,0x56,0x78,0xf8,0xfa,0x88,0x88,0x64,0x68,0xfa,0xcc,
  0xcc,0xcc,0xcc,0xcc,0xcc,0xcc,0xcc,0xcc,0xcc,0xcc,0xcc,0xcc,0xcc,0xcc,0xcc,0xcc,0xcc,0xcc,0xcc,0xcc,
  0xcc,0xcc,0xcc,0xbc,0xcf,0xd4,0x36,0x56,0x78,0x76,0x77,0x74,0x67,0x78,0x86,0x46,0x76,0x44,0x43,0x00,
  0x11,0x22,0x22,0x21,0x00,0x01,0x22,0x32,0x22,0x10,0x10,0x01,0x00,0x00,0x00,0x01,0x00,0x00,0x00,0x13,
  0x64,0x30,0x00,0x00,0x12,0x22,0x10,0x11,0x21,0x00,0x00,0x00,0x00,0x25,0x30,0x12,0x10,0x12,0x21,0x23,
  0x44,0x55,0x64,0x45,0x33,0x34,0x46,0x68,0x88,0xf8,0x8f,0x87,0x76,0x47,0xfa,0xcc,0xcc,0xcc,0xcc,0xcc,
  0xcc,0xcc,0xcc,0xcc,0xcc,0xcc,0xcc,0xcc,0xcc,0xcc,0xcc,0xcc,0xcc,0xcc,0xcc,0xcc,0xcc,0xcc,0xcc,0xee,
  0xcf,0x83,0x36,0x67,0x78,0xf8,0x66,0x77,0x68,0x78,0x87,0x67,0x89,0x75,0x35,0x20,0x01,0x11,0x11,0x22,
  0x10,0x01,0x11,0x25,0x32,0x11,0x10,0x01,0x10,0x00,0x01,0x01,0x01,0x00,0x00,0x15,0x63,0x31,0x00,0x01,
  0x11,0x13,0x20,0x12,0x10,0x01,0x10,0x10,0x01,0x33,0x21,0x11,0x01,0x23,0x20,0x23,0x22,0x55,0x33,0x42,
  0x22,0x34,0x46,0x78,0x78,0x88,0x78,0x87,0x77,0x66,0x8f,0xaa,0xac,0xcc,0xcc,0xcc,0xcc,0xcc,0xcc,0xcc,
  0xcc,0xcc,0xcc,0xcc,0xcc,0xcc,0xcc,0xcc,0xcc,0xcc,0xcc,0xcc,0xcc,0xcc,0xcc,0xee,0x9d,0x43,0x66,0x67,
  0x77,0x78,0x88,0x74,0x44,0x77,0x76,0x66,0x77,0x78,0x43,0x30,0x01,0x22,0x31,0x10,0x11,0x00,0x01,0x13,
  0x43,0x21,0x00,0x00,0x00,0x00,0x01,0x01,0x10,0x00,0x00,0x16,0x63,0x31,0x00,0x01,0x11,0x22,0x10,0x11,
  0x00,0x12,0x01,0x10,0x02,0x32,0x11,0x10,0x02,0x21,0x11,0x33,0x25,0x32,0x33,0x21,0x21,0x25,0x56,0x78,
  0x77,0xf8,0x88,0x88,0x87,0x66,0x7f,0xaa,0xac,0xcc,0xcc,0xcc,0xcc,0xcc,0xcc,0xcc,0xcc,0xcc,0xcc,0xcc,
  0xcc,0xcc,0xcc,0xcc,0xcc,0xcc,0xcc,0xcc,0xcc,0xcc,0xcc,0xe9,0xc8,0x24,0x66,0x68,0x87,0x67,0x67,0x76,
  0x34,0x66,0x65,0x44,0x78,0x67,0x85,0x31,0x00,0x22,0x32,0x11,0x10,0x00,0x00,0x02,0x53,0x31,0x00,0x01,
  0x00,0x00,0x01,0x01,0x10,0x00,0x00,0x27,0x52,0x32,0x00,0x00,0x12,0x31,0x11,0x00,0x00,0x21,0x02,0x00,
  0x13,0x11,0x10,0x00,0x12,0x12,0x22,0x11,0x23,0x11,0x11,0x11,0x22,0x55,0x66,0x67,0x68,0xf7,0x78,0x87,
  0x87,0x66,0x68,0xaa,0xcc,0xcc,0xcc,0xcc,0xcc,0xcc,0xcc,0xcc,0xcc,0xcc,0xcc,0xcc,0xcc,0xcc,0xcc,0xcc,
  0xcc,0xcc,0xcc,0xcc,0xcc,0xcc,0xcc,0xe9,0xf4,0x24,0x66,0x68,0x76,0x67,0x76,0x46,0x54,0x45,0x66,0x54,
  0x68,0x76,0x78,0x32,0x00,0x11,0x33,0x22,0x21,0x00,0x00,0x01,0x33,0x32,0x00,0x00,0x01,0x00,0x00,0x00,
  0x10,0x00,0x00,0x15,0x41,0x32,0x00,0x00,0x12,0x51,0x11,0x00,0x01,0x31,0x02,0x00,0x22,0x11,0x00,0x11,
  0x23,0x35,0x22,0x01,0x21,0x11,0x01,0x11,0x13,0x44,0x66,0x46,0x67,0x88,0x66,0x88,0x76,0x76,0x67,0xff,
  0xfc,0xcc,0xcc,0xcc,0xcc,0xcc,0xcc,0xcc,0xcc,0xcc,0xcc,0xcc,0xcc,0xcc,0xcc,0xcc,0xcc,0xcc,0xcc,0xcc,
  0xcc,0xcc,0xcc,0xcd,0x72,0x46,0x66,0x77,0x78,0x78,0xf8,0x65,0x44,0x45,0x54,0x46,0x66,0x87,0x47,0x42,
  0x10,0x01,0x12,0x35,0x31,0x10,0x00,0x00,0x13,0x33,0x01,0x00,0x00,0x00,0x00,0x00,0x00,0x00,0x12,0x03,
  0x42,0x51,0x02,0x00,0x12,0x21,0x10,0x00,0x01,0x31,0x11,0x00,0x11,0x10,0x11,0x12,0x55,0x53,0x21,0x13,
  0x10,0x00,0x00,0x10,0x12,0x34,0x66,0x45,0x56,0x74,0x66,0x88,0x77,0x87,0x66,0x8a,0xfc,0xcc,0xcc,0xcc,
  0xcc,0xcc,0xcc,0xcc,0xcc,0xcc,0xcc,0xcc,0xcc,0xcc,0xcc,0xcc,0xcc,0xcc,0xcc,0xcc,0xcc,0xcc,0xcf,0xad,
  0x43,0x56,0x67,0x87,0x7f,0x77,0x88,0x76,0x45,0x33,0x34,0x33,0x54,0x68,0x66,0x52,0x10,0x01,0x12,0x25,
  0x52,0x21,0x00,0x00,0x01,0x33,0x10,0x00,0x10,0x02,0x30,0x00,0x00,0x01,0x37,0x11,0x52,0x20,0x37,0x00,
  0x11,0x11,0x11,0x00,0x11,0x21,0x00,0x01,0x10,0x00,0x11,0x23,0x56,0x52,0x21,0x10,0x00,0x00,0x00,0x01,
  0x22,0x55,0x54,0x56,0x56,0x43,0x87,0x88,0x87,0x78,0x66,0x7a,0xff,0xfc,0xcc,0xcc,0xcc,0xcc,0xcc,0xcc,
  0xcc,0xcc,0xcc,0xcc,0xcc,0xcc,0xcc,0xcc,0xcc,0xcc,0xcc,0xcc,0xcc,0xcc,0xcf,0xd7,0x34,0x66,0x67,0x86,
  0x6f,0x87,0x77,0x87,0x64,0x46,0x22,0x43,0x34,0x34,0x55,0x52,0x20,0x00,0x02,0x22,0x31,0x12,0x10,0x00,
  0x00,0x22,0x10,0x10,0x10,0x04,0x84,0x10,0x00,0x02,0x37,0x20,0x22,0x01,0x77,0x10,0x01,0x00,0x03,0x10,
  0x10,0x21,0x00,0x11,0x00,0x00,0x02,0x32,0x56,0x21,0x21,0x00,0x10,0x00,0x00,0x01,0x12,0x55,0x33,0x55,
  0x56,0x64,0x55,0x67,0x88,0x76,0x66,0x6f,0xff,0xfc,0xcc,0xcc,0xcc,0xcc,0xcc,0xcc,0xcc,0xcc,0xcc,0xcc,
  0xcc,0xcc,0xcc,0xcc,0xcc,0xcc,0xcc,0xcc,0xcc,0xcc,0xfa,0xd6,0x35,0x66,0x67,0x66,0x68,0xf8,0x66,0x78,
  0x76,0x46,0x52,0x22,0x25,0x54,0x33,0x32,0x10,0x01,0x00,0x01,0x21,0x11,0x11,0x00,0x00,0x11,0x10,0x00,
  0x11,0x04,0x66,0x41,0x01,0x25,0x34,0x71,0x00,0x03,0x85,0x00,0x00,0x01,0x37,0x20,0x00,0x20,0x01,0x10,
  0x00,0x11,0x15,0x23,0x52,0x11,0x10,0x01,0x20,0x00,0x00,0x01,0x13,0x33,0x35,0x33,0x75,0x32,0x48,0x76,
  0x78,0x87,0x76,0x68,0xaf,0xff,0xff,0xff,0xfc,0xcc,0xcc,0xcc,0xcc,0xcc,0xcc,0xcc,0xcc,0xcc,0xcc,0xcc,
  0xcc,0xcc,0xcc,0xcc,0xcc,0xaa,0xff,0x83,0x36,0x66,0x77,0x67,0x76,0x88,0x77,0x88,0x88,0x65,0x53,0x32,
  0x21,0x34,0x31,0x32,0x10,0x00,0x00,0x00,0x11,0x12,0x11,0x00,0x00,0x00,0x01,0x10,0x01,0x12,0x46,0x43,
  0x22,0x34,0x23,0x63,0x00,0x13,0x82,0x01,0x00,0x26,0x66,0x10,0x00,0x20,0x11,0x00,0x00,0x21,0x23,0x25,
  0x11,0x11,0x11,0x11,0x11,0x00,0x00,0x11,0x22,0x22,0x12,0x55,0x42,0x13,0x68,0x77,0x87,0x88,0x87,0x46,
  0x8f,0xff,0xff,0xff,0xfc,0xcc,0xcc,0xcc,0xcc,0xcc,0xcc,0xcc,0xcc,0xcc,0xcc,0xcc,0xcc,0xcc,0xcc,0xcc,
  0xcc,0xca,0xbf,0x43,0x46,0x76,0x67,0x76,0x68,0x86,0x78,0x88,0x76,0x65,0x53,0x45,0x32,0x12,0x32,0x13,
  0x21,0x00,0x00,0x00,0x00,0x01,0x21,0x10,0x00,0x00,0x01,0x10,0x01,0x33,0x35,0x32,0x23,0x23,0x23,0x34,
  0x10,0x13,0x60,0x02,0x12,0x54,0x44,0x30,0x00,0x10,0x00,0x00,0x01,0x11,0x23,0x21,0x01,0x10,0x11,0x11,
  0x11,0x22,0x10,0x11,0x11,0x11,0x02,0x21,0x22,0x14,0x54,0x78,0x87,0x88,0x88,0x66,0x88,0xff,0xff,0xfc,
  0xcc,0xcc,0xcc,0xcc,0xcc,0xcc,0xcc,0xcc,0xcc,0xcc,0xcc,0xcc,0xcc,0xcc,0xcc,0xcc,0xcc,0xcf,0xbf,0x32,
  0x66,0x66,0x46,0x74,0x48,0x76,0x66,0x77,0x77,0x76,0x54,0x24,0x33,0x31,0x26,0x32,0x31,0x01,0x11,0x00,
  0x00,0x01,0x33,0x11,0x01,0x31,0x00,0x01,0x00,0x56,0x22,0x22,0x14,0x31,0x23,0x33,0x11,0x12,0x20,0x23,
  0x13,0x52,0x33,0x30,0x00,0x00,0x01,0x00,0x01,0x11,0x22,0x01,0x11,0x12,0x32,0x12,0x22,0x21,0x12,0x21,
  0x00,0x02,0x11,0x11,0x31,0x26,0x74,0x68,0x88,0x8f,0x88,0x76,0x78,0xff,0xff,0xfc,0xcc,0xcc,0xcc,0xcc,
  0xcc,0xcc,0xcc,0xcc,0xcc,0xcc,0xcc,0xcc,0xcc,0xcc,0xcc,0xcc,0xcc,0xcf,0xc6,0x23,0x66,0x66,0x53,0x45,
  0x66,0x77,0x44,0x78,0xf7,0x88,0x66,0x42,0x32,0x53,0x12,0x33,0x22,0x02,0x11,0x20,0x00,0x01,0x13,0x21,
  0x00,0x38,0x31,0x01,0x11,0x27,0x21,0x23,0x14,0x51,0x12,0x35,0x21,0x12,0x00,0x55,0x11,0x22,0x32,0x00,
  0x00,0x00,0x26,0x40,0x13,0x10,0x11,0x11,0x11,0x23,0x32,0x21,0x32,0x13,0x21,0x21,0x11,0x22,0x11,0x36,
  0x21,0x35,0x67,0x67,0x88,0xaa,0xf8,0x76,0x68,0xdc,0xcc,0xcc,0xcc,0xcc,0xcc,0xcc,0xcc,0xcc,0xcc,0xcc,
  0xcc,0xcc,0xcc,0xcc,0xcc,0xcc,0xcc,0xcc,0xcc,0xcf,0xd4,0x24,0x66,0x77,0x65,0x66,0x35,0x67,0x43,0x66,
  0x77,0x67,0x74,0x63,0x33,0x37,0x21,0x12,0x11,0x10,0x10,0x21,0x00,0x00,0x12,0x21,0x00,0x27,0x54,0x52,
  0x21,0x13,0x62,0x12,0x13,0x41,0x12,0x36,0x11,0x01,0x12,0x63,0x11,0x12,0x50,0x02,0x00,0x24,0x7d,0x21,
  0x5d,0x30,0x01,0x00,0x13,0x44,0x45,0x31,0x21,0x12,0x22,0x21,0x00,0x10,0x01,0x35,0x13,0x64,0x78,0x77,
  0xfa,0xaa,0xa8,0x77,0x67,0xac,0xcc,0xcc,0xcc,0xcc,0xcc,0xcc,0xcc,0xcc,0xcc,0xcc,0xcc,0xcc,0xcc,0xcc,
  0xcc,0xcc,0xcc,0xcc,0xcc,0xca,0x83,0x36,0x66,0x76,0x77,0x67,0x63,0x24,0x63,0x35,0x46,0x65,0x63,0x36,
  0x55,0x22,0x53,0x21,0x21,0x00,0x21,0x02,0x10,0x00,0x00,0x11,0x00,0x33,0x33,0x72,0x32,0x11,0x53,0x11,
  0x13,0x61,0x12,0x37,0x11,0x02,0x23,0x72,0x11,0x12,0x10,0x36,0x11,0x66,0x84,0x13,0xf8,0x20,0x00,0x01,
  0x25,0x66,0x64,0x21,0x22,0x11,0x22,0x10,0x00,0x00,0x00,0x22,0x13,0x55,0x67,0x8a,0xfa,0xaa,0xa7,0x87,
  0x66,0x8a,0x99,0x99,0x9c,0xcc,0xcc,0xcc,0xcc,0xcc,0xcc,0xcc,0xcc,0xcc,0xcc,0xcc,0xcc,0xcc,0xcc,0xcc,
  0xcc,0xad,0x63,0x46,0x68,0x77,0x88,0x78,0x86,0x31,0x23,0x24,0x53,0x55,0x45,0x22,0x53,0x21,0x25,0x53,
  0x22,0x11,0x12,0x11,0x22,0x11,0x10,0x01,0x10,0x14,0x32,0x53,0x24,0x11,0x25,0x11,0x12,0x82,0x12,0x26,
  0x21,0x12,0x35,0x62,0x12,0x11,0x12,0x74,0x13,0x45,0x72,0x16,0xd3,0x10,0x00,0x02,0x56,0x68,0x33,0x31,
  0x10,0x12,0x10,0x00,0x00,0x01,0x10,0x00,0x34,0x46,0x78,0xff,0xfa,0xaa,0x98,0x88,0x66,0x8a,0x99,0x99,
  0x9c,0xcc,0xcc,0xcc,0xcc,0xcc,0xcc,0xcc,0xcc,0xcc,0xcc,0xcc,0xcc,0xcc,0xcc,0xcc,0xcc,0xcf,0x43,0x66,
  0x68,0x89,0x99,0xaf,0x86,0x63,0x21,0x11,0x22,0x33,0x34,0x52,0x33,0x21,0x23,0x34,0x32,0x22,0x11,0x11,
  0x25,0x20,0x12,0x10,0x10,0x03,0x32,0x25,0x33,0x31,0x14,0x21,0x11,0x63,0x11,0x26,0x32,0x12,0x35,0x41,
  0x23,0x11,0x25,0x42,0x26,0x36,0x31,0x37,0x32,0x50,0x00,0x03,0x66,0x84,0x33,0x11,0x01,0x21,0x00,0x01,
  0x12,0x11,0x22,0x00,0x34,0x56,0x88,0x8f,0xff,0xfa,0xaf,0x87,0x76,0x7f,0x99,0x99,0x9c,0xcc,0xcc,0xcc,
  0xcc,0xcc,0xcc,0xcc,0xcc,0xcc,0xcc,0xcc,0xcc,0xcc,0xcc,0xcc,0xcc,0xd7,0x34,0x66,0x66,0x8f,0xaf,0x86,
  0x46,0x66,0x53,0x10,0x10,0x01,0x12,0x52,0x01,0x21,0x22,0x43,0x32,0x35,0x21,0x01,0x25,0x30,0x17,0x41,
  0x11,0x22,0x12,0x14,0x53,0x22,0x13,0x31,0x21,0x44,0x21,0x37,0x22,0x22,0x25,0x31,0x52,0x12,0x33,0x11,
  0x55,0x35,0x12,0x72,0x13,0x50,0x00,0x16,0x66,0x43,0x52,0x10,0x01,0x00,0x00,0x01,0x35,0x22,0x32,0x11,
  0x34,0x68,0x88,0x8a,0xff,0xfa,0xa8,0xf8,0x76,0x7f,0x99,0x99,0x9c,0xcc,0xcc,0xcc,0xcc,0xcc,0xcc,0xcc,
  0xcc,0xcc,0xcc,0xcc,0xcc,0xcc,0xcc,0xcc,0xcc,0xd7,0x34,0x66,0x66,0x78,0x76,0x64,0x47,0x76,0x35,0x52,
  0x23,0x10,0x00,0x01,0x00,0x22,0x12,0x35,0x55,0x23,0x52,0x10,0x02,0x51,0x06,0x86,0x32,0x53,0x11,0x12,
  0x64,0x12,0x12,0x62,0x31,0x27,0x32,0x46,0x22,0x23,0x35,0x22,0x51,0x33,0x31,0x13,0x73,0x22,0x24,0x22,
  0x55,0x10,0x00,0x13,0x55,0x54,0x21,0x00,0x00,0x01,0x11,0x35,0x32,0x35,0x32,0x22,0x26,0x68,0x87,0x88,
  0xad,0x89,0x98,0xff,0x76,0x6f,0xa9,0x99,0x9c,0xcc,0xcc,0xcc,0xcc,0xcc,0xcc,0xcc,0xcc,0xcc,0xcc,0xcc,
  0xcc,0xcc,0xcc,0xcd,0xca,0xd4,0x24,0x66,0x7f,0x76,0x66,0x78,0x88,0x87,0x64,0x54,0x23,0x43,0x21,0x10,
  0x00,0x22,0x11,0x13,0x47,0x63,0x54,0x21,0x00,0x21,0x04,0x65,0x53,0x25,0x21,0x11,0x37,0x21,0x22,0x73,
  0x23,0x24,0x42,0x46,0x33,0x32,0x54,0x25,0x22,0x55,0x21,0x27,0x41,0x12,0x32,0x26,0x32,0x00,0x01,0x00,
  0x11,0x11,0x00,0x00,0x00,0x02,0x25,0x64,0x35,0x56,0x32,0x11,0x26,0x67,0x77,0x7a,0x89,0x88,0x88,0x88,
  0x76,0x67,0x99,0x99,0x9c,0xcc,0xcc,0xcc,0xcc,0xcc,0xcc,0xcc,0xcc,0xcc,0xcc,0xcc,0xcc,0xcc,0xcc,0xca,
  0xfb,0x83,0x36,0x67,0x88,0x77,0xf8,0x8d,0xf8,0x76,0x75,0x55,0x44,0x55,0x33,0x21,0x00,0x01,0x11,0x12,
  0x34,0x84,0x35,0x31,0x11,0x11,0x02,0x52,0x35,0x12,0x52,0x11,0x15,0x52,0x22,0x35,0x35,0x33,0x64,0x78,
  0x66,0x54,0x42,0x34,0x24,0x53,0x12,0x65,0x21,0x13,0x21,0x33,0x13,0x00,0x00,0x00,0x00,0x00,0x00,0x01,
  0x10,0x11,0x24,0x66,0x77,0x44,0x31,0x15,0x23,0x54,0x36,0x7f,0x7a,0xf8,0x77,0x87,0x88,0x66,0x89,0xac,
  0xcc,0xcc,0xcc,0xcc,0xcc,0xcc,0xcc,0xcc,0xcc,0xcc,0xcc,0xcc,0xcc,0xcc,0xcc,0xca,0xaf,0x73,0x47,0x77,
  0x86,0x77,0x7f,0xf8,0x8f,0xa7,0x77,0x54,0x65,0x45,0x44,0x33,0x21,0x00,0x11,0x11,0x12,0x36,0x45,0x71,
  0x12,0x10,0x00,0x52,0x15,0x21,0x36,0x21,0x12,0x73,0x32,0x24,0x67,0x8a,0xdd,0xcd,0xff,0xf8,0x76,0x64,
  0x44,0x42,0x24,0x83,0x32,0x33,0x12,0x52,0x22,0x12,0x10,0x11,0x00,0x01,0x10,0x22,0x10,0x12,0x36,0x68,
  0xf7,0x44,0x21,0x35,0x43,0x54,0x46,0x77,0x78,0x66,0x78,0xf8,0x88,0x76,0x88,0xff,0xfc,0xcc,0xcc,0xcc,
  0xcc,0xcc,0xcc,0xcc,0xcc,0xcc,0xcc,0xcc,0xcc,0xcc,0xcc,0xcb,0xbc,0x63,0x57,0x66,0x76,0x77,0x8f,0x88,
  0x77,0xd8,0x77,0x74,0x44,0x44,0x43,0x32,0x11,0x00,0x00,0x01,0x11,0x11,0x23,0x21,0x12,0x10,0x00,0x23,
  0x22,0x41,0x13,0x63,0x21,0x34,0x34,0x68,0xde,0xee,0x99,0x99,0x99,0xaa,0xad,0xa8,0x74,0x33,0x36,0x33,
  0x33,0x52,0x23,0x21,0x11,0x36,0x66,0x84,0x12,0x11,0x21,0x10,0x00,0x33,0x54,0x78,0x76,0x53,0x13,0x55,
  0x31,0x44,0x56,0x66,0x65,0x47,0x88,0x8f,0xf8,0x76,0x78,0xff,0xfc,0xcc,0xcc,0xcc,0xcc,0xcc,0xcc,0xcc,
  0xcc,0xcc,0xcc,0xcc,0xcc,0xcc,0xcc,0xcb,0xbd,0x42,0x46,0x68,0x77,0x9f,0xdf,0xfb,0x76,0x8f,0xf8,0x76,
  0x44,0x55,0x55,0x53,0x21,0x00,0x00,0x01,0x21,0x10,0x00,0x02,0xf8,0x53,0x22,0x11,0x22,0x53,0x11,0x36,
  0x32,0x15,0x68,0xfd,0xcf,0xfa,0xaa,0x9a,0x99,0x99,0x99,0x99,0xe9,0x74,0x44,0x25,0x35,0x23,0x22,0x21,
  0x12,0x43,0x68,0x83,0x37,0x21,0x10,0x10,0x02,0x32,0x33,0x76,0x46,0x52,0x13,0x32,0x11,0x21,0x23,0x34,
  0x33,0x67,0xaf,0x89,0xf8,0x77,0x78,0xff,0xfc,0xcc,0xcc,0xcc,0xcc,0xcc,0xcc,0xcc,0xcc,0xcc,0xcc,0xcc,
  0xcc,0xcc,0xcc,0xcb,0xb8,0x33,0x66,0x77,0x79,0x9f,0x88,0xfb,0x97,0x67,0x76,0x76,0x54,0x44,0x53,0x22,
  0x35,0x10,0x00,0x11,0x13,0x31,0x11,0x03,0x88,0x75,0x32,0x21,0x12,0x37,0x31,0x13,0x56,0x37,0xfa,0xcc,
  0xcc,0xcc,0xff,0xcc,0xcc,0xcc,0xbb,0xbc,0xca,0xd7,0x43,0x43,0x42,0x33,0x25,0x11,0x22,0x35,0x88,0x23,
  0x51,0x12,0x00,0x00,0x12,0x22,0x55,0x44,0x53,0x11,0x23,0x22,0x23,0x20,0x11,0x23,0x24,0x67,0xfb,0xbb,
  0xb8,0x87,0x7f,0xaa,0xac,0xcc,0xcc,0xcc,0xcc,0xcc,0xcc,0xcc,0xcc,0xcc,0xcc,0xcc,0xcc,0xcc,0xcc,0xca,
  0xe8,0x33,0x66,0x78,0xad,0xdf,0xa8,0x8f,0xff,0x87,0x74,0x55,0x53,0x22,0x57,0x42,0x22,0x21,0x10,0x00,
  0x00,0x01,0x22,0x12,0x56,0x75,0x54,0x22,0x11,0x13,0xf3,0x23,0x47,0xcf,0xff,0xcc,0xcc,0xcc,0xcc,0xcc,
  0xcc,0xcc,0xbb,0xbc,0xca,0xad,0x86,0x33,0x33,0x32,0x32,0x12,0x12,0x57,0x52,0x25,0x11,0x35,0x00,0x01,
  0x22,0x12,0x35,0x43,0x21,0x12,0x33,0x32,0x22,0x12,0x23,0x45,0x54,0x66,0x8f,0xf9,0x88,0x77,0x7a,0xaa,
  0xac,0xcc,0xcc,0xcc,0xcc,0xcc,0xcc,0xcc,0xcc,0xcc,0xcc,0xcc,0xcc,0xcc,0xcc,0xca,0xd7,0x34,0x67,0x79,
  0xd8,0x8a,0xad,0xff,0xfb,0xf7,0x88,0x65,0x55,0x52,0x24,0x43,0x32,0x11,0x11,0x00,0x01,0x01,0x01,0x10,
  0x33,0x45,0x33,0x22,0x22,0x11,0x47,0x33,0x79,0xbe,0xdc,0xcc,0xcc,0xcc,0xcc,0xcc,0xcc,0xcc,0xbb,0xbc,
  0xca,0xcc,0xcf,0x43,0x23,0x23,0x22,0x22,0x36,0x75,0x23,0x32,0x34,0x83,0x00,0x10,0x11,0x01,0x11,0x11,
  0x11,0x22,0x21,0x10,0x01,0x24,0x55,0x76,0x67,0x77,0x67,0xf7,0x8f,0x76,0x68,0xaa,0xaa,0xac,0xcc,0xcc,
  0xcc,0xcc,0xcc,0xcc,0xcc,0xcc,0xcc,0xcc,0xcc,0xcc,0xcc,0xca,0xd6,0x34,0x67,0x79,0xa8,0x77,0x78,0x88,
  0x88,0x88,0x67,0x86,0x65,0x65,0x22,0x35,0x53,0x21,0x00,0x00,0x12,0x23,0x21,0x21,0x12,0x23,0x65,0x52,
  0x23,0x22,0x24,0x54,0xdd,0xdd,0xde,0xcc,0xcc,0xcc,0xcc,0xcc,0xcc,0xcc,0xcb,0xbc,0xca,0xee,0xea,0x84,
  0x43,0x33,0x24,0x34,0x64,0x42,0x22,0x12,0x33,0x31,0x00,0x10,0x00,0x00,0x00,0x01,0x22,0x12,0x11,0x01,
  0x13,0x54,0x47,0x76,0x78,0x7f,0x87,0x78,0xfa,0x77,0x67,0xaa,0xaa,0xac,0xcc,0xcc,0xcc,0xcc,0xcc,0xcc,
  0xcc,0xcc,0xcc,0xcc,0xcc,0xcc,0xcc,0xca,0xf6,0x35,0x66,0x77,0x88,0x88,0x78,0x77,0x87,0x77,0x66,0x67,
  0x76,0x68,0x31,0x25,0x55,0x32,0x21,0x00,0x00,0x12,0x45,0x67,0x31,0x12,0x34,0x56,0x32,0x32,0x23,0x6d,
  0x9a,0xff,0xac,0xcc,0xee,0xcc,0xcc,0xcc,0xcc,0xee,0xcc,0xcc,0xcc,0xce,0xeb,0x98,0x64,0x32,0x35,0x65,
  0x53,0x11,0x11,0x33,0x46,0x10,0x01,0x22,0x11,0x10,0x00,0x00,0x00,0x00,0x00,0x11,0x13,0x32,0x68,0x66,
  0xff,0x77,0x8f,0x8f,0xf8,0x77,0x67,0x8f,0xcc,0xcc,0xcc,0xcc,0xcc,0xcc,0xcc,0xcc,0xcc,0xcc,0xcc,0xcc,
  0xcc,0xcc,0xcc,0xcd,0x84,0x25,0x66,0x77,0x77,0x78,0xff,0x86,0x77,0x66,0x78,0x55,0x78,0x87,0x63,0x22,
  0x33,0x42,0x11,0x11,0x00,0x27,0xf8,0x76,0x42,0x21,0x22,0x35,0x64,0x23,0x24,0x89,0x9f,0xff,0xac,0xcc,
  0xee,0xcc,0xcc,0xcc,0xcc,0xee,0xaa,0xcc,0xcc,0xbb,0xbb,0xbf,0x83,0x23,0x56,0x53,0x21,0x11,0x23,0x56,
  0x87,0x00,0x00,0x12,0x22,0x22,0x10,0x00,0x00,0x00,0x00,0x01,0x12,0x34,0x76,0x47,0x8f,0x76,0x87,0xff,
  0xaf,0x87,0x67,0x8a,0xfc,0xcc,0xcc,0xcc,0xcc,0xcc,0xcc,0xcc,0xcc,0xcc,0xcc,0xcc,0xcc,0xcc,0xcc,0xce,
  0x84,0x36,0x66,0x67,0x66,0x66,0x77,0x66,0x66,0x76,0x67,0x74,0x34,0x43,0x45,0x53,0x21,0x22,0x11,0x11,
  0x11,0x56,0x47,0x88,0x42,0x22,0x21,0x22,0x46,0x53,0x56,0xb9,0x9a,0xaa,0xaa,0xcc,0xee,0xcc,0xcc,0xcc,
  0xcc,0xee,0xaa,0xcc,0xcb,0xbb,0xbb,0x99,0xd7,0x47,0x54,0x32,0x22,0x22,0x36,0x65,0x51,0x13,0x32,0x00,
  0x00,0x10,0x00,0x10,0x01,0x11,0x12,0x11,0x23,0x44,0x44,0x67,0x78,0xf8,0x78,0xff,0xf8,0x87,0x76,0x88,
  0xfc,0xcc,0xcc,0xcc,0xcc,0xcc,0xcc,0xcc,0xcc,0xcc,0xcc,0xcc,0xcc,0xcc,0xcc,0xce,0x83,0x36,0x67,0x66,
  0x66,0x66,0x65,0x55,0x44,0x46,0x65,0x55,0x44,0x32,0x22,0x32,0x11,0x11,0x11,0x22,0x10,0x25,0x33,0x36,
  0x73,0x32,0x11,0x11,0x22,0x55,0x4d,0xbe,0xdf,0xff,0xac,0xcc,0xcc,0xcc,0xcc,0xcc,0xcc,0xcc,0xcc,0xcc,
  0xcc,0xbb,0xbb,0x99,0x9d,0x66,0x42,0x23,0x32,0x35,0x75,0x32,0x11,0x36,0x78,0x20,0x01,0x00,0x12,0x11,
  0x22,0x32,0x23,0x21,0x11,0x22,0x24,0x66,0x67,0x66,0x7f,0x8f,0x87,0x87,0x76,0x89,0xaf,0xfc,0xcc,0xcc,
  0xcc,0xcc,0xcc,0xcc,0xcc,0xcc,0xcc,0xcc,0xcc,0xcc,0xcc,0xcc,0x73,0x46,0x77,0x76,0x77,0x44,0x43,0x23,
  0x54,0x23,0x33,0x22,0x33,0x32,0x11,0x21,0x01,0x32,0x22,0x12,0x21,0x15,0x53,0x22,0x46,0x74,0x22,0x12,
  0x22,0x25,0x8e,0xce,0xdf,0xff,0xcc,0xcc,0xcc,0xcc,0xcc,0xcc,0xcc,0xcc,0xcc,0xcc,0xcc,0xcc,0xcc,0xcd,
  0xaa,0x74,0x33,0x43,0x34,0x65,0x32,0x11,0x23,0x56,0x64,0x71,0x01,0x00,0x00,0x01,0x12,0x33,0x32,0x32,
  0x10,0x12,0x35,0x43,0x54,0x37,0xbf,0x88,0x68,0xf7,0x76,0x8a,0xaf,0xfc,0xcc,0xcc,0xcc,0xcc,0xcc,0xcc,
  0xcc,0xcc,0xcc,0xcc,0xcc,0xcc,0xcc,0xcd,0x73,0x57,0x67,0x77,0x77,0x75,0x44,0x21,0x11,0x11,0x11,0x11,
  0x11,0x00,0x12,0x22,0x25,0x53,0x21,0x13,0x53,0x01,0x67,0x32,0x22,0x25,0x75,0x23,0x23,0x34,0xfc,0xcc,
  0xac,0xfc,0xcc,0xcc,0xcc,0xcc,0xcc,0xcc,0xcc,0xcc,0xcc,0xcc,0xcc,0xcc,0xcc,0xaa,0xaa,0xa4,0x45,0x34,
  0x74,0x33,0x21,0x11,0x36,0x43,0x33,0x52,0x00,0x11,0x12,0x32,0x33,0x57,0x44,0x74,0x33,0x23,0x32,0x34,
  0x54,0x57,0xf7,0x88,0x88,0x87,0x76,0x78,0xff,0xfc,0xcc,0xcc,0xcc,0xcc,0xcc,0xcc,0xcc,0xcc,0xcc,0xcc,
  0xcc,0xcc,0xcc,0xcd,0x73,0x57,0x77,0x88,0x86,0x44,0x54,0x53,0x12,0x21,0x10,0x00,0x01,0x21,0x11,0x12,
  0x21,0x23,0x11,0x25,0x55,0x20,0x13,0x63,0x21,0x01,0x23,0x45,0x43,0x47,0x8a,0xce,0xcc,0xfc,0xcc,0xcc,
  0xcc,0xcc,0xcc,0xcc,0xcc,0xcc,0xcc,0xcc,0xcc,0xcc,0xcc,0xaa,0xaa,0xd6,0x43,0x45,0x32,0x21,0x11,0x22,
  0x33,0x33,0x22,0x20,0x01,0x10,0x23,0x33,0x33,0x22,0x35,0x32,0x33,0x33,0x32,0x12,0x32,0x47,0x66,0x77,
  0xf8,0x76,0x86,0x78,0xff,0xfc,0xcc,0xcc,0xcc,0xcc,0xcc,0xcc,0xcc,0xcc,0xcc,0xcc,0xcc,0xcc,0xcc,0xc9,
  0x63,0x66,0x78,0x8f,0x86,0x66,0x44,0x66,0x35,0x65,0x33,0x32,0x00,0x33,0x22,0x32,0x11,0x11,0x22,0x12,
  0x57,0x42,0x12,0x33,0x32,0x11,0x12,0x22,0x23,0x38,0xda,0xcc,0xcc,0xcc,0xcc,0xcc,0xcc,0xcc,0xcc,0xcc,
  0xcc,0xcc,0xcc,0xcc,0xcc,0xcc,0xcc,0xcc,0xaa,0xd8,0x54,0x32,0x22,0x11,0x11,0x22,0x22,0x23,0x43,0x10,
  0x01,0x13,0x33,0x54,0x23,0x53,0x12,0x23,0x23,0x53,0x33,0x53,0x35,0x44,0x47,0x77,0x87,0x77,0x86,0x78,
  0xff,0xfc,0xcc,0xcc,0xcc,0xcc,0xcc,0xcc,0xcc,0xcc,0xcc,0xcc,0xcc,0xcc,0xcc,0xc9,0x63,0x66,0x68,0x88,
  0x87,0x77,0x77,0x66,0x44,0x66,0x43,0x32,0x21,0x01,0x33,0x33,0x11,0x11,0x12,0x21,0x13,0x57,0x65,0x32,
  0x22,0x21,0x11,0x12,0x22,0x6f,0xaf,0xfc,0xcc,0xcc,0xcc,0xcc,0xcc,0xcc,0xcc,0xcc,0xcc,0xcc,0xcc,0xcc,
  0xcc,0xcc,0xcc,0xcc,0xaa,0xaf,0x44,0x32,0x22,0x22,0x22,0x35,0x76,0x45,0x45,0x00,0x11,0x34,0x57,0x53,
  0x34,0x32,0x11,0x11,0x12,0x33,0x11,0x27,0x77,0x64,0x43,0x68,0x88,0x78,0x76,0x67,0xff,0xfc,0xcc,0xcc,
  0xcc,0xcc,0xcc,0xcc,0xcc,0xcc,0xcc,0xcc,0xcc,0xcc,0xcc,0xcc,0x43,0x66,0x87,0x68,0x88,0x68,0x77,0x66,
  0x66,0x35,0x33,0x55,0x21,0x10,0x00,0x11,0x11,0x11,0x21,0x11,0x10,0x17,0xdd,0x84,0x23,0x77,0x32,0x12,
  0x33,0x6d,0xaf,0xfc,0xcc,0xce,0xcc,0xcc,0xcc,0xcc,0xcc,0xcc,0xcc,0xcc,0xcc,0xcc,0xcc,0xcc,0xcc,0xcc,
  0xcc,0x9d,0x43,0x43,0x32,0x11,0x24,0x57,0x55,0x77,0x71,0x01,0x12,0x32,0x34,0x45,0x42,0x12,0x31,0x00,
  0x00,0x00,0x11,0x23,0x33,0x46,0x73,0x36,0x66,0x78,0x77,0x77,0x8f,0xac,0xcc,0xcc,0xcc,0xcc,0xcc,0xcc,
  0xcc,0xcc,0xcc,0xcc,0xcc,0xcc,0xcc,0xcd,0x43,0x66,0x87,0x78,0xf8,0x88,0x76,0x88,0x65,0x35,0x55,0x44,
  0x33,0x31,0x00,0x00,0x11,0x11,0x11,0x12,0x22,0x12,0x37,0x77,0x76,0x78,0x87,0x33,0x33,0x7f,0xaf,0xfc,
  0xcc,0xce,0xcc,0xcc,0xcc,0xcc,0xcc,0xcc,0xcc,0xcc,0xcc,0xcc,0xcc,0xcc,0xcc,0xcc,0xcc,0x9f,0x64,0x55,
  0x22,0x33,0x32,0x22,0x23,0x43,0x20,0x01,0x12,0x34,0x21,0x33,0x32,0x12,0x21,0x01,0x12,0x21,0x33,0x53,
  0x23,0x46,0x77,0x43,0x48,0x88,0x76,0x77,0x8f,0xfc,0xcc,0xcc,0xcc,0xcc,0xcc,0xcc,0xcc,0xcc,0xcc,0xcc,
  0xcc,0xcc,0xcc,0xcc,0x43,0x67,0x67,0x88,0x86,0x8f,0x87,0x67,0x45,0x65,0x45,0x54,0x43,0x45,0x32,0x11,
  0x10,0x01,0x23,0x53,0x48,0x73,0x11,0x23,0x45,0x22,0x21,0x23,0x33,0x7d,0xac,0xcc,0xcc,0xcc,0xcc,0xcc,
  0xcc,0xcc,0xcc,0xcc,0xcc,0xcc,0xcc,0xcc,0xcc,0xcc,0xcc,0xcc,0xcc,0xaf,0x74,0x54,0x23,0x78,0x77,0x53,
  0x22,0x21,0x00,0x00,0x01,0x12,0x21,0x12,0x10,0x01,0x11,0x13,0x53,0x25,0x44,0x43,0x46,0x76,0x78,0x77,
  0x68,0xbf,0x87,0x68,0x8c,0xcc,0xcc,0xcc,0xcc,0xcc,0xcc,0xcc,0xcc,0xcc,0xcc,0xcc,0xcc,0xcc,0xcc,0xce,
  0x43,0x66,0x78,0x87,0x77,0x67,0x87,0x66,0x46,0x66,0x55,0x55,0x54,0x45,0x32,0x21,0x11,0x00,0x33,0x23,
  0x9e,0xc8,0x41,0x11,0x12,0x22,0x22,0x22,0x23,0x7d,0xac,0xcc,0xcc,0xcc,0xcc,0xcc,0xcc,0xcc,0xcc,0xcc,
  0xcc,0xcc,0xcc,0xcc,0xcc,0xcc,0xcc,0xcc,0xcc,0xcf,0x74,0x53,0x44,0x44,0x32,0x45,0x22,0x20,0x00,0x10,
  0x01,0x11,0x11,0x01,0x00,0x01,0x21,0x23,0x22,0x22,0x36,0x67,0x76,0x47,0x87,0x8f,0x78,0xf9,0x87,0x68,
  0x8c,0xcc,0xcc,0xcc,0xcc,0xcc,0xcc,0xcc,0xcc,0xcc,0xcc,0xcc,0xcc,0xcc,0xcc,0xcb,0x43,0x76,0x77,0x77,
  0x67,0x66,0x66,0x44,0x67,0x66,0x66,0x55,0x56,0x55,0x44,0x43,0x11,0x20,0x00,0x17,0x77,0x65,0x65,0x21,
  0x12,0x56,0x65,0x53,0x23,0x8d,0xac,0xcc,0xcc,0xcc,0xcc,0xcc,0xcc,0xcc,0xcc,0xcc,0xcc,0xcc,0xcc,0xcc,
  0xcc,0xcc,0xcc,0xcc,0xcc,0xcb,0x83,0x43,0x34,0x32,0x22,0x22,0x11,0x10,0x01,0x34,0x20,0x00,0x11,0x21,
  0x00,0x00,0x02,0x32,0x22,0x25,0x56,0x46,0x77,0x67,0x88,0xff,0xf8,0xb9,0x97,0x78,0x8c,0xcc,0xcc,0xcc,
  0xcc,0xcc,0xcc,0xcc,0xcc,0xcc,0xcc,0xcc,0xcc,0xcc,0xcc,0xca,0x43,0x66,0x77,0x87,0x78,0x86,0x44,0x65,
  0x67,0x87,0x66,0x87,0x66,0x55,0x56,0x54,0x21,0x22,0x11,0x11,0x11,0x12,0x33,0x42,0x12,0x22,0x23,0x33,
  0x33,0x8d,0xac,0xcc,0xcc,0xcc,0xcc,0xcc,0xcc,0xcc,0xcc,0xcc,0xcc,0xcc,0xcc,0xcc,0xcc,0xcc,0xcc,0xcc,
  0xcc,0xcb,0x83,0x33,0x33,0x54,0x52,0x11,0x12,0x32,0x00,0x25,0x53,0x10,0x00,0x10,0x00,0x00,0x02,0x31,
  0x23,0x57,0x77,0x67,0x77,0x77,0xf7,0x6d,0xb7,0x89,0xf7,0x68,0x8c,0xcc,0xcc,0xcc,0xcc,0xcc,0xcc,0xcc,
  0xcc,0xcc,0xcc,0xcc,0xcc,0xcc,0xcc,0xca,0x42,0x56,0x77,0x76,0x8f,0x8f,0x67,0x67,0x76,0x66,0x66,0x78,
  0x88,0x87,0x64,0x34,0x53,0x11,0x11,0x21,0x12,0x32,0x34,0x55,0x43,0x21,0x23,0x43,0x23,0x8d,0xcc,0xcc,
  0xcc,0xcc,0xcc,0xcc,0xcc,0xcc,0xcc,0xcc,0xcc,0xcc,0xcc,0xcc,0xcc,0xcc,0xcc,0xcc,0xcc,0xad,0x72,0x22,
  0x22,0x21,0x11,0x22,0x36,0x54,0x31,0x01,0x12,0x10,0x00,0x01,0x00,0x00,0x12,0x22,0x35,0x56,0x64,0x66,
  0x67,0x8d,0x66,0xaa,0xf8,0x88,0x97,0x69,0x9c,0xcc,0xcc,0xcc,0xcc,0xcc,0xcc,0xcc,0xcc,0xcc,0xcc,0xcc,
  0xcc,0xcc,0xcc,0xc9,0x42,0x46,0x66,0x77,0x78,0xff,0x8f,0x77,0x76,0x66,0x77,0x67,0x8f,0xff,0x87,0x33,
  0x32,0x11,0x11,0x36,0x77,0x67,0xfd,0x74,0x31,0x12,0x76,0x42,0x23,0x8f,0xac,0xcc,0xcc,0xcc,0xcc,0xcc,
  0xcc,0xcc,0xcc,0xcc,0xcc,0xcc,0xcc,0xcc,0xcc,0xcc,0xcc,0xcc,0xcc,0xad,0x62,0x32,0x21,0x11,0x13,0x33,
  0x35,0x67,0x85,0x10,0x11,0x12,0x32,0x00,0x00,0x11,0x01,0x12,0x22,0x45,0x56,0x67,0x88,0x88,0x47,0xaa,
  0xff,0xff,0xf7,0x79,0xbc,0xcc,0xcc,0xcc,0xcc,0xcc,0xcc,0xcc,0xcc,0xcc,0xcc,0xcc,0xcc,0xcc,0xcc,0xc9,
  0x43,0x66,0x68,0xf8,0x78,0xf9,0xbb,0x87,0x66,0x78,0x66,0x77,0x88,0x88,0x66,0x63,0x22,0x10,0x11,0x15,
  0x87,0x87,0x63,0x21,0x22,0x22,0x11,0x34,0x55,0x7d,0xac,0xcc,0xcc,0xcc,0xcc,0xcc,0xcc,0xcc,0xcc,0xcc,
  0xcc,0xcc,0xcc,0xcc,0xcc,0xcc,0xcc,0xcc,0xcc,0x9d,0x62,0x33,0x22,0x22,0x33,0x36,0x55,0x54,0x45,0x50,
  0x02,0x23,0x31,0x11,0x11,0x11,0x00,0x02,0x23,0x55,0x68,0xf8,0x77,0x77,0xdf,0x8f,0xff,0xff,0xf7,0x69,
  0x9d,0xcc,0xcc,0xcc,0xcc,0xcc,0xcc,0xcc,0xcc,0xcc,0xcc,0xcc,0xcc,0xcc,0xcc,0xcc,0x62,0x56,0x77,0x7f,
  0x88,0x7b,0xbb,0xb8,0x77,0x78,0x77,0x77,0x88,0x77,0x66,0x53,0x21,0x01,0x12,0x11,0x58,0x74,0x32,0x23,
  0x32,0x21,0x12,0x34,0x33,0x4d,0xac,0xcc,0xcc,0xcc,0xcc,0xcc,0xcc,0xcc,0xcc,0xcc,0xcc,0xcc,0xcc,0xcc,
  0xcc,0xcc,0xcc,0xcc,0xcc,0x9c,0x32,0x22,0x22,0x23,0x33,0x34,0x66,0x54,0x46,0xf3,0x01,0x22,0x11,0x32,
  0x33,0x22,0x11,0x12,0x57,0x56,0x78,0x8b,0xb8,0x77,0x9a,0x8f,0xff,0xf9,0x87,0x79,0x9c,0xcc,0xcc,0xcc,
  0xcc,0xcc,0xcc,0xcc,0xcc,0xcc,0xcc,0xcc,0xcc,0xcc,0xcc,0xcb,0x62,0x46,0x76,0x7f,0xf8,0x7b,0xee,0x97,
  0x77,0x44,0x55,0x67,0x7b,0x77,0x43,0x22,0x11,0x11,0x11,0x11,0x12,0x35,0x45,0x62,0x11,0x13,0x53,0x32,
  0x12,0x48,0xa9,0x99,0x99,0x99,0xcc,0xcc,0xcc,0xcc,0xcc,0xcc,0xcc,0xcc,0xcc,0xcc,0xcc,0xcc,0xcc,0xcc,
  0xcc,0xab,0x33,0x22,0x22,0x32,0x22,0x22,0x25,0x56,0x77,0x52,0x10,0x11,0x23,0x34,0x34,0x53,0x22,0x11,
  0x11,0x34,0x76,0x7b,0xb8,0x88,0x88,0xfa,0xca,0xf8,0x88,0x78,0xac,0xcc,0xcc,0xcc,0xcc,0xcc,0xcc,0xcc,
  0xcc,0xcc,0xcc,0xcc,0xcc,0xcc,0xcc,0xcc,0x73,0x47,0x67,0x8f,0xfa,0xaa,0xaf,0xf8,0x87,0x73,0x23,0x44,
  0x46,0x63,0x32,0x10,0x11,0x11,0x11,0x01,0x10,0x12,0x32,0x11,0x12,0x55,0x54,0x24,0x53,0x37,0x89,0x99,
  0x99,0x99,0xcc,0xcc,0xcc,0xcc,0xcc,0xcc,0xcc,0xcc,0xcc,0xcc,0xcc,0xcc,0xcc,0xcc,0xcc,0xd7,0x33,0x34,
  0x55,0x53,0x21,0x11,0x12,0x55,0x44,0x22,0x50,0x01,0x22,0x11,0x22,0x33,0x33,0x22,0x21,0x23,0x54,0x67,
  0x88,0x8a,0xaa,0xda,0xb9,0xaf,0x87,0x78,0xfc,0xcc,0xcc,0xcc,0xcc,0xcc,0xcc,0xcc,0xcc,0xcc,0xcc,0xcc,
  0xcc,0xcc,0xcc,0xac,0x73,0x57,0x77,0x8f,0xaa,0x8f,0x76,0x77,0x76,0x66,0x53,0x32,0x33,0x21,0x10,0x01,
  0x11,0x12,0x32,0x11,0x11,0x00,0x00,0x11,0x22,0x11,0x12,0x33,0x22,0x37,0xaa,0xc9,0x99,0x99,0xcc,0xcc,
  0xcc,0xcc,0xcc,0xcc,0xcc,0xcc,0xcc,0xcc,0xcc,0xcc,0xcc,0xcc,0xc9,0xd4,0x33,0x23,0x32,0x34,0x32,0x11,
  0x22,0x33,0x33,0x21,0x10,0x01,0x11,0x23,0x32,0x13,0x32,0x22,0x31,0x14,0x75,0x78,0x78,0xff,0xff,0x89,
  0xbb,0xad,0x77,0x89,0x9c,0xcc,0xcc,0xcc,0xcc,0xcc,0xcc,0xcc,0xcc,0xcc,0xcc,0xcc,0xcc,0xcc,0xcc,0xad,
  0x73,0x46,0x77,0x88,0x78,0xf8,0x76,0x66,0x47,0x76,0x65,0x31,0x00,0x00,0x01,0x11,0x11,0x21,0x12,0x21,
  0x11,0x12,0x11,0x33,0x32,0x23,0x55,0x31,0x15,0x53,0x8b,0xa9,0x99,0x99,0xcc,0xcc,0xcc,0xcc,0xcc,0xcc,
  0xcc,0xcc,0xcc,0xcc,0xcc,0xcc,0xcc,0xce,0xda,0xf2,0x35,0x31,0x33,0x23,0x57,0x63,0x22,0x22,0x33,0x64,
  0x10,0x00,0x01,0x23,0x21,0x12,0x32,0x31,0x11,0x01,0x33,0x67,0x67,0x8f,0xf8,0x78,0xaa,0xaf,0x87,0x8a,
  0x9c,0xcc,0xcc,0xcc,0xcc,0xcc,0xcc,0xcc,0xcc,0xcc,0xcc,0xcc,0xcc,0xcc,0xcc,0xcd,0x83,0x34,0x68,0x77,
  0x87,0x76,0x66,0x43,0x46,0x65,0x32,0x21,0x11,0x11,0x23,0x23,0x55,0x32,0x33,0x22,0x10,0x12,0x11,0x33,
  0x46,0x76,0x31,0x12,0x54,0x22,0x6f,0x99,0x9a,0xa9,0xcc,0xcc,0xcc,0xcc,0xcc,0xcc,0xcc,0xcc,0xcc,0xcc,
  0xcc,0xcc,0xcc,0xec,0xad,0x62,0x32,0x22,0x12,0x31,0x24,0x68,0x62,0x24,0x42,0x27,0x30,0x00,0x13,0x22,
  0x33,0x22,0x22,0x21,0x22,0x11,0x12,0x33,0x66,0x88,0x87,0x8f,0x88,0xdf,0xf7,0x8f,0xbc,0xcc,0xcc,0xcc,
  0xcc,0xcc,0xcc,0xcc,0xcc,0xcc,0xcc,0xcc,0xcc,0xcc,0xcc,0xcd,0x83,0x25,0x67,0x86,0x77,0x76,0x62,0x47,
  0x77,0x31,0x34,0x32,0x23,0x21,0x33,0x55,0x32,0x23,0x33,0x21,0x11,0x11,0x14,0x66,0x65,0x31,0x11,0x45,
  0x21,0x13,0x48,0xfb,0xaa,0xa9,0xcc,0xcc,0xcc,0xcc,0xcc,0xcc,0xcc,0xcc,0xcc,0xcc,0xcc,0xcc,0xcc,0xca,
  0xf8,0x33,0x33,0x22,0x21,0x22,0x13,0x33,0x67,0x32,0x25,0x20,0x01,0x10,0x00,0x11,0x22,0x67,0x64,0x54,
  0x32,0x36,0x31,0x12,0x56,0x77,0x68,0xf8,0x88,0xf8,0x98,0x9f,0xbc,0xcc,0xcc,0xcc,0xcc,0xcc,0xcc,0xcc,
  0xcc,0xcc,0xcc,0xcc,0xcc,0xcc,0xcc,0xcc,0xa4,0x35,0x66,0x76,0x7f,0x77,0x63,0x68,0x77,0x43,0x56,0x54,
  0x54,0x23,0x32,0x34,0x32,0x25,0x52,0x11,0x11,0x21,0x2d,0xd7,0x31,0x01,0x22,0x31,0x11,0x23,0x56,0xfb,
  0xfa,0xa9,0xcc,0xcc,0xcc,0xcc,0xcc,0xcc,0xcc,0xcc,0xcc,0xcc,0xcc,0xcc,0xcc,0xcb,0xd4,0x33,0x33,0x32,
  0x11,0x22,0x11,0x33,0x24,0x75,0x32,0x00,0x00,0x00,0x00,0x00,0x23,0x25,0x64,0x45,0x53,0x33,0x33,0x32,
  0x24,0x48,0x47,0x88,0x8a,0xf8,0x88,0xab,0xbb,0xcc,0xcc,0xcc,0xcc,0xcc,0xcc,0xcc,0xcc,0xcc,0xcc,0xcc,
  0xcc,0xcc,0xcc,0xce,0xf4,0x35,0x66,0x7f,0x76,0x64,0x68,0x77,0x76,0x7a,0x83,0x36,0x43,0x55,0x53,0x22,
  0x33,0x23,0x11,0x11,0x00,0x11,0x35,0x21,0x11,0x23,0x53,0x11,0x22,0x37,0x32,0x7b,0xaa,0xa9,0xac,0xcc,
  0xcc,0xcc,0xcc,0xcc,0xcc,0xcc,0xcc,0xcc,0xcc,0xc9,0xed,0xfb,0x62,0x33,0x24,0x32,0x11,0x11,0x21,0x12,
  0x22,0x33,0x10,0x00,0x00,0x00,0x00,0x00,0x12,0x22,0x37,0x66,0x56,0x54,0x33,0x55,0x34,0x46,0x76,0x88,
  0xf9,0x9d,0x87,0x9b,0xbb,0xcc,0xcc,0xcc,0xcc,0xcc,0xcc,0xcc,0xcc,0xcc,0xcc,0xcc,0xcc,0xcc,0xcc,0xcb,
  0xf6,0x34,0x67,0x78,0x88,0x86,0x8a,0x89,0xf7,0x78,0xf4,0x45,0x46,0x76,0x57,0x41,0x22,0x21,0x01,0x10,
  0x01,0x10,0x00,0x00,0x35,0x55,0x42,0x11,0x23,0x73,0x11,0x38,0xa8,0xaa,0xac,0xcc,0xcc,0xcc,0xcc,0xcc,
  0xcc,0xcc,0xcc,0xcc,0xcc,0xce,0xe9,0xf7,0x22,0x32,0x21,0x55,0x21,0x21,0x11,0x21,0x11,0x10,0x00,0x12,
  0x12,0x11,0x10,0x00,0x00,0x23,0x33,0x23,0x43,0x35,0x74,0x35,0x66,0x44,0x7f,0x88,0xf8,0x9d,0x77,0xdb,
  0xec,0xcc,0xcc,0xcc,0xcc,0xcc,0xcc,0xcc,0xcc,0xcc,0xcc,0xcc,0xcc,0xcc,0xcc,0xcb,0xf7,0x34,0x67,0x88,
  0x8d,0x87,0xfa,0x88,0x78,0xf8,0x77,0x34,0x54,0x64,0x43,0x22,0x32,0x10,0x10,0x00,0x12,0x32,0x01,0x56,
  0x66,0x55,0x31,0x12,0x46,0x31,0x22,0x35,0xfd,0xff,0xcc,0xcc,0xcc,0xcc,0xcc,0xcc,0xcc,0xcc,0xcc,0xcc,
  0xcc,0xbb,0xbf,0x83,0x22,0x11,0x22,0x13,0x62,0x12,0x21,0x12,0x21,0x00,0x01,0x22,0x23,0x43,0x21,0x10,
  0x00,0x02,0x22,0x23,0x54,0x43,0x33,0x26,0x76,0x76,0x77,0x8f,0xfa,0xaf,0x77,0xfb,0xee,0xcc,0xcc,0xcc,
  0xcc,0xcc,0xcc,0xcc,0xcc,0xcc,0xcc,0xcc,0xcc,0xcc,0xcc,0xcb,0xb7,0x33,0x68,0x88,0x8f,0x87,0xff,0x87,
  0x7c,0x97,0x46,0x45,0x65,0x44,0x32,0x22,0x10,0x10,0x00,0x01,0x11,0x21,0x13,0xdf,0x85,0x33,0x11,0x26,
  0x75,0x11,0x22,0x33,0x39,0xdf,0xcc,0xcc,0xcc,0xcc,0xcc,0xcc,0xcc,0xcc,0xcc,0xcc,0xcc,0xcb,0xf8,0x32,
  0x33,0x11,0x12,0x11,0x25,0x32,0x25,0x12,0x32,0x00,0x12,0x23,0x78,0x77,0x53,0x21,0x00,0x11,0x12,0x35,
  0x55,0x43,0x35,0x46,0x86,0x77,0x77,0x7a,0xad,0xda,0x78,0xbb,0xee,0xcc,0xcc,0xcc,0xcc,0xcc,0xcc,0xcc,
  0xcc,0xcc,0xcc,0xcc,0xcc,0xcc,0xcc,0xcb,0xb8,0x43,0x57,0x78,0x77,0x77,0xf8,0x77,0xf9,0x87,0x66,0x63,
  0x44,0x35,0x32,0x33,0x11,0x00,0x00,0x11,0x11,0x13,0x10,0x24,0x43,0x42,0x13,0x87,0x32,0x11,0x23,0x31,
  0x24,0x7f,0x99,0x99,0x99,0x99,0xcc,0xcc,0xcc,0xcc,0xcc,0xed,0xe9,0x9b,0x62,0x32,0x23,0x52,0x01,0x12,
  0x12,0x35,0x33,0x42,0x25,0x10,0x12,0x25,0x86,0x78,0x64,0x31,0x00,0x10,0x12,0x24,0x54,0x54,0x45,0x66,
  0x77,0x66,0xf8,0x76,0x7a,0x88,0x78,0xdf,0xdc,0xcc,0xcc,0xcc,0xcc,0xcc,0xcc,0xcc,0xcc,0xcc,0xcc,0xcc,
  0xcc,0xcc,0xcc,0xcc,0xaf,0x42,0x46,0x78,0x78,0x78,0xf7,0x67,0x77,0x87,0x56,0x43,0x32,0x22,0x12,0x21,
  0x00,0x00,0x01,0x10,0x21,0x22,0x11,0x11,0x01,0x11,0x26,0x64,0x21,0x13,0x55,0x22,0x63,0x27,0xda,0x99,
  0xb9,0x99,0xcc,0xcc,0xcc,0xcc,0xcc,0xca,0xad,0xd4,0x22,0x25,0x21,0x35,0x11,0x11,0x11,0x23,0x52,0x54,
  0x23,0x20,0x11,0x13,0x77,0x67,0x86,0x31,0x10,0x10,0x01,0x22,0x34,0x55,0x33,0x54,0x37,0x77,0x7f,0x88,
  0x88,0x78,0x7f,0xff,0xfc,0xcc,0xcc,0xcc,0xcc,0xcc,0xcc,0xcc,0xcc,0xcc,0xcc,0xcc,0xcc,0xcc,0xcc,0xca,
  0xaf,0x62,0x46,0x76,0x77,0x78,0x87,0x66,0x74,0x44,0x64,0x45,0x53,0x33,0x22,0x10,0x00,0x00,0x11,0x01,
  0x31,0x23,0x21,0x12,0x11,0x00,0x13,0x65,0x11,0x33,0x22,0x23,0x22,0x33,0x47,0xff,0xb9,0x99,0xcc,0xcc,
  0xcc,0xcc,0x99,0xcd,0xf7,0x33,0x21,0x12,0x71,0x12,0x51,0x00,0x00,0x12,0x32,0x25,0x35,0x50,0x11,0x22,
  0x48,0x86,0x48,0x52,0x21,0x11,0x10,0x11,0x24,0x55,0x53,0x66,0x34,0x8f,0x78,0xff,0x88,0xf7,0x78,0xff,
  0xfc,0xcc,0xcc,0xcc,0xcc,0xcc,0xcc,0xcc,0xcc,0xcc,0xcc,0xcc,0xcc,0xcc,0xcc,0xca,0xad,0x73,0x36,0x77,
  0x66,0x76,0x66,0x76,0x74,0x56,0x76,0x55,0x44,0x32,0x20,0x00,0x00,0x00,0x00,0x03,0x21,0x53,0x13,0x64,
  0x22,0x11,0x37,0x31,0x12,0x20,0x13,0x31,0x22,0x23,0x33,0x47,0xfd,0xda,0xcc,0x9c,0xbb,0xbc,0xdd,0xa7,
  0x32,0x23,0x31,0x11,0x35,0x20,0x35,0x11,0x00,0x11,0x23,0x23,0x75,0x30,0x11,0x12,0x36,0x78,0x88,0x63,
  0x31,0x13,0x31,0x13,0x21,0x25,0x44,0x67,0x66,0x67,0xf7,0xaf,0x86,0x86,0x78,0xff,0xfc,0xcc,0xcc,0xcc,
  0xcc,0xcc,0xcc,0xcc,0xcc,0xcc,0xcc,0xcc,0xcc,0xcc,0xcc,0xca,0xad,0x84,0x36,0x77,0x87,0x77,0x67,0x33,
  0x43,0x22,0x32,0x13,0x20,0x00,0x10,0x01,0x10,0x00,0x00,0x11,0x15,0x22,0x6d,0x82,0x12,0x11,0x43,0x22,
  0x22,0x12,0x53,0x02,0x32,0x23,0x23,0x24,0x34,0x68,0xfc,0xfd,0xbb,0xb8,0x64,0x33,0x32,0x31,0x31,0x11,
  0x12,0x51,0x01,0x21,0x00,0x00,0x01,0x11,0x53,0x10,0x11,0x01,0x23,0x45,0x54,0x33,0x42,0x12,0x55,0x11,
  0x34,0x34,0x66,0x78,0x77,0x76,0x77,0x8f,0xf8,0x76,0x78,0xff,0xfc,0xcc,0xcc,0xcc,0xcc,0xcc,0xcc,0xcc,
  0xcc,0xcc,0xcc,0xcc,0xcc,0xcc,0xcc,0xcc,0xca,0xd6,0x35,0x67,0x87,0x78,0x86,0x45,0x76,0x33,0x31,0x10,
  0x00,0x13,0x11,0x22,0x21,0x11,0x11,0x12,0x32,0x38,0x73,0x21,0x11,0x10,0x00,0x22,0x23,0x55,0x30,0x12,
  0x22,0x31,0x22,0x23,0x23,0x24,0x34,0x34,0x33,0x33,0x22,0x22,0x52,0x32,0x11,0x11,0x11,0x25,0x10,0x12,
  0x21,0x00,0x00,0x00,0x00,0x01,0x11,0x11,0x12,0x23,0x33,0x33,0x34,0x32,0x23,0x53,0x23,0x55,0x78,0x8f,
  0xf8,0xf8,0x78,0x8f,0xf7,0x76,0x8f,0xff,0xfc,0xcc,0xcc,0xcc,0xcc,0xcc,0xcc,0xcc,0xcc,0xcc,0xcc,0xcc,
  0xcc,0xcc,0xcc,0xcc,0xcc,0xf6,0x33,0x67,0x76,0x88,0x87,0x87,0x86,0x64,0x45,0x61,0x15,0x65,0x12,0x43,
  0x44,0x32,0x21,0x11,0x23,0x64,0x21,0x12,0x11,0x11,0x00,0x33,0x46,0x52,0x00,0x11,0x33,0x11,0x31,0x31,
  0x23,0x32,0x25,0x22,0x33,0x22,0x23,0x21,0x34,0x15,0x21,0x00,0x11,0x14,0x62,0x11,0x13,0x20,0x00,0x10,
  0x11,0x33,0x32,0x22,0x12,0x22,0x55,0x43,0x33,0x55,0x34,0x34,0x42,0x35,0x67,0x78,0xfd,0x8f,0xdf,0xff,
  0xf8,0x77,0x8f,0xff,0xfc,0xcc,0xcc,0xcc,0xcc,0xcc,0xcc,0xcc,0xcc,0xcc,0xcc,0xcc,0xcc,0xcc,0xcc,0xcc,
  0xcc,0xc8,0x33,0x66,0x77,0x87,0x7f,0xb7,0x88,0x76,0x56,0x31,0x56,0x52,0x24,0x44,0x77,0x55,0x21,0x12,
  0x33,0x22,0x23,0x43,0x31,0x11,0x01,0x54,0x67,0x21,0x01,0x25,0x31,0x15,0x11,0x21,0x23,0x32,0x13,0x13,
  0x32,0x32,0x23,0x10,0x17,0x11,0x31,0x00,0x01,0x12,0x56,0x22,0x23,0x30,0x00,0x21,0x12,0x22,0x35,0x32,
  0x21,0x22,0x22,0x22,0x32,0x35,0x55,0x43,0x43,0x55,0x67,0x77,0x88,0x8a,0xff,0xff,0xf8,0x67,0xff,0xff,
  0xfc,0xcc,0xcc,0xcc,0xcc,0xcc,0xcc,0xcc,0xcc,0xcc,0xcc,0xcc,0xcc,0xcc,0xcc,0xcc,0xcc,0xcf,0x43,0x46,
  0x78,0x86,0x7f,0x88,0x86,0x66,0x63,0x13,0x55,0x22,0x54,0x67,0x84,0x55,0x21,0x12,0x22,0x12,0x33,0x23,
  0x21,0x00,0x02,0x56,0x73,0x11,0x13,0x33,0x11,0x22,0x02,0x13,0x22,0x21,0x23,0x13,0x32,0x32,0x13,0x21,
  0x03,0x30,0x12,0x10,0x01,0x12,0x25,0x32,0x12,0x32,0x00,0x11,0x01,0x23,0x45,0x32,0x32,0x12,0x11,0x12,
  0x35,0x32,0x46,0x66,0x54,0x34,0x45,0x77,0x67,0x8d,0xaf,0xff,0xf8,0x79,0x9f,0xff,0xfc,0xcc,0xcc,0xcc,
  0xcc,0xcc,0xcc,0xcc,0xcc,0xcc,0xcc,0xcc,0xcc,0xcc,0xcc,0xcc,0xcc,0xcd,0x63,0x37,0x88,0x76,0x78,0x88,
  0x75,0x55,0x62,0x25,0x34,0x32,0x54,0x88,0x33,0x73,0x21,0x12,0x21,0x35,0x23,0x43,0x10,0x00,0x02,0x65,
  0x31,0x11,0x24,0x32,0x21,0x10,0x01,0x16,0x12,0x20,0x33,0x13,0x22,0x22,0x13,0x51,0x00,0x20,0x02,0x20,
  0x00,0x11,0x23,0x31,0x12,0x35,0x20,0x01,0x11,0x22,0x35,0x53,0x32,0x22,0x21,0x21,0x13,0x53,0x36,0x55,
  0x54,0x24,0x54,0x77,0x6f,0xda,0xaf,0xfa,0xa7,0x7a,0x9f,0xff,0xfc,0xcc,0xcc,0xcc,0xcc,0xcc,0xcc,0xcc,
  0xcc,0xcc,0xcc,0xcc,0xcc,0xcc,0xcc,0xcc,0xcc,0xcf,0x84,0x37,0x66,0x88,0x77,0x87,0x77,0x65,0x32,0x65,
  0x55,0x33,0x47,0x76,0x45,0x43,0x10,0x12,0x22,0x32,0x37,0x32,0x10,0x00,0x03,0x53,0x12,0x11,0x52,0x32,
  0x21,0x00,0x10,0x25,0x12,0x30,0x22,0x11,0x31,0x11,0x12,0x42,0x10,0x11,0x00,0x31,0x10,0x00,0x13,0x51,
  0x21,0x45,0x20,0x00,0x00,0x12,0x12,0x53,0x25,0x42,0x32,0x22,0x11,0x23,0x75,0x66,0x44,0x33,0x66,0x67,
  0x7a,0xad,0xdf,0xfa,0x87,0x7d,0xcc,0xff,0xfc,0xcc,0xcc,0xcc,0xcc,0xcc,0xcc,0xcc,0xcc,0xcc,0xcc,0xcc,
  0xcc,0xcc,0xcc,0xcc,0xcc,0xcf,0x84,0x34,0x77,0x78,0x86,0x76,0x47,0x33,0x34,0x46,0x74,0x34,0x66,0x66,
  0x65,0x42,0x12,0x11,0x21,0x23,0x72,0x12,0x10,0x00,0x03,0x52,0x22,0x12,0x52,0x32,0x00,0x12,0x10,0x32,
  0x13,0x30,0x02,0x12,0x42,0x11,0x11,0x24,0x11,0x01,0x00,0x21,0x11,0x00,0x01,0x33,0x22,0x35,0x30,0x02,
  0x00,0x12,0x11,0x22,0x23,0x75,0x35,0x32,0x21,0x22,0x33,0x45,0x45,0x64,0x46,0x68,0x87,0x9d,0xdf,0xff,
  0xa7,0x7a,0xcc,0xff,0xfc,0xcc,0xcc,0xcc,0xcc,0xcc,0xcc,0xcc,0xcc,0xcc,0xcc,0xcc,0xcc,0xcc,0xcc,0xcc,
  0xcc,0xca,0xf7,0x33,0x68,0x87,0x78,0x86,0x47,0x66,0x67,0x64,0x45,0x55,0x55,0x56,0x65,0x20,0x13,0x32,
  0x12,0x47,0x31,0x10,0x01,0x00,0x02,0x53,0x11,0x05,0x51,0x10,0x11,0x35,0x00,0x21,0x26,0x10,0x01,0x12,
  0x52,0x11,0x11,0x25,0x21,0x00,0x00,0x12,0x13,0x10,0x00,0x01,0x15,0x33,0x60,0x00,0x11,0x01,0x22,0x12,
  0x53,0x38,0x76,0x53,0x33,0x23,0x33,0x34,0x55,0x78,0x77,0x77,0x77,0x8f,0xda,0x8f,0x87,0x8f,0xaf,0xff,
  0xfc,0xcc,0xcc,0xcc,0xcc,0xcc,0xcc,0xcc,0xcc,0xcc,0xcc,0xcc,0xcc,0xcc,0xcc,0xcc,0xcc,0xca,0xf8,0x43,
  0x68,0x87,0xf7,0x67,0xd6,0x68,0xf8,0x88,0x73,0x34,0x33,0x34,0x32,0x11,0x35,0x21,0x24,0x54,0x12,0x10,
  0x10,0x00,0x10,0x11,0x00,0x01,0x00,0x01,0x23,0x51,0x00,0x11,0x52,0x10,0x10,0x12,0x62,0x11,0x01,0x35,
  0x33,0x00,0x00,0x13,0x12,0x10,0x11,0x00,0x00,0x11,0x10,0x00,0x02,0x10,0x01,0x11,0x46,0x33,0x65,0x46,
  0x43,0x31,0x22,0x35,0x55,0x67,0x8a,0xff,0x87,0x8d,0xff,0x9f,0x77,0xaf,0xaf,0xff,0xfc,0xcc,0xcc,0xcc,
  0xcc,0xcc,0xcc,0xcc,0xcc,0xcc,0xcc,0xcc,0xcc,0xcc,0xcc,0xcc,0xcc,0xca,0xff,0x63,0x47,0x68,0x87,0x67,
  0xb7,0x7f,0xa9,0x77,0x75,0x53,0x22,0x22,0x23,0x33,0x32,0x12,0x54,0x22,0x10,0x01,0x00,0x11,0x10,0x00,
  0x11,0x00,0x00,0x02,0x35,0x21,0x10,0x02,0x51,0x10,0x01,0x23,0x63,0x11,0x11,0x35,0x34,0x10,0x00,0x12,
  0x21,0x10,0x12,0x21,0x00,0x00,0x00,0x11,0x00,0x11,0x00,0x11,0x14,0x53,0x44,0x68,0x65,0x32,0x23,0x35,
  0x56,0x66,0x89,0x99,0x9a,0xaf,0xfb,0xf7,0x7a,0xff,0xff,0xfc,0xcc,0xcc,0xcc,0xcc,0xcc,0xcc,0xcc,0xcc,
  0xcc,0xcc,0xcc,0xcc,0xcc,0xcc,0xcc,0xcc,0xcc,0xca,0xfb,0x84,0x36,0x56,0x78,0x77,0xb8,0x8d,0x9d,0x76,
  0x66,0x34,0x43,0x34,0x46,0x53,0x21,0x13,0x32,0x11,0x10,0x10,0x00,0x01,0x11,0x11,0x12,0x00,0x20,0x02,
  0x53,0x03,0x10,0x05,0x31,0x20,0x02,0x26,0x42,0x12,0x11,0x34,0x35,0x21,0x00,0x00,0x22,0x00,0x12,0x52,
  0x11,0x10,0x00,0x01,0x10,0x00,0x00,0x01,0x11,0x23,0x56,0x66,0x75,0x33,0x23,0x33,0x44,0x78,0xf9,0x99,
  0xaa,0xaf,0xfb,0xf7,0x7d,0xff,0xff,0xfc,0xcc,0xcc,0xcc,0xcc,0xcc,0xcc,0xcc,0xcc,0xcc,0xcc,0xcc,0xcc,
  0xcc,0xcc,0xcc,0xcc,0xcc,0xcc,0xcf,0xf6,0x46,0x66,0x78,0x88,0x8f,0x8f,0xf8,0x76,0x76,0x46,0x56,0x66,
  0x44,0x42,0x23,0x33,0x22,0x31,0x10,0x00,0x01,0x12,0x12,0x22,0x42,0x01,0x30,0x03,0x52,0x15,0x00,0x03,
  0x31,0x10,0x01,0x27,0x51,0x22,0x11,0x33,0x37,0x31,0x00,0x00,0x01,0x00,0x12,0x24,0x32,0x22,0x21,0x00,
  0x11,0x00,0x00,0x01,0x11,0x22,0x34,0x76,0x64,0x54,0x25,0x54,0x44,0x58,0xbb,0xdb,0xad,0xda,0xad,0x87,
  0x7f,0xfc,0xcc,0xcc,0xcc,0xcc,0xcc,0xcc,0xcc,0xcc,0xcc,0xcc,0xcc,0xcc,0xcc,0xcc,0xcc,0xcc,0xcc,0xcc,
  0xcc,0xcc,0xcf,0xd7,0x44,0x66,0x88,0x78,0x77,0x88,0x86,0x66,0x77,0x66,0x46,0x76,0x34,0x65,0x22,0x33,
  0x23,0x10,0x00,0x00,0x11,0x12,0x33,0x14,0x82,0x01,0x30,0x02,0x35,0x33,0x00,0x01,0x52,0x00,0x01,0x36,
  0x33,0x22,0x31,0x13,0x56,0x31,0x00,0x20,0x00,0x01,0x21,0x27,0x75,0x43,0x33,0x20,0x00,0x21,0x00,0x00,
  0x00,0x23,0x34,0x45,0x64,0x57,0x34,0x66,0x65,0x56,0x78,0x99,0x98,0x88,0xa8,0x76,0x8f,0xfc,0xcc,0xcc,
  0xcc,0xcc,0xcc,0xcc,0xcc,0xcc,0xcc,0xcc,0xcc,0xcc,0xcc,0xcc,0xcc,0xcc,0xcc,0xcc,0xcc,0xcc,0xff,0xfa,
  0x64,0x67,0x88,0x8f,0x76,0x77,0x77,0x65,0x55,0x56,0x78,0x74,0x35,0x63,0x23,0x21,0x11,0x00,0x00,0x01,
  0x12,0x32,0x32,0x18,0x71,0x02,0x20,0x01,0x53,0x21,0x00,0x00,0x41,0x00,0x00,0x56,0x37,0x22,0x52,0x02,
  0x56,0x51,0x00,0x11,0x11,0x02,0x31,0x27,0x85,0x76,0x43,0x31,0x00,0x11,0x11,0x00,0x00,0x01,0x12,0x33,
  0x56,0x45,0x76,0x78,0x77,0x87,0x67,0x98,0x9a,0x88,0xf8,0x67,0xda,0xfc,0xcc,0xce,0xec,0xcc,0xcc,0xcc,
  0xcc,0xcc,0xcc,0xcc,0xcc,0xcc,0xcc,0xcc,0xcc,0xcc,0xcc,0xcc,0xcc,0xcc,0xff,0xfd,0x74,0x67,0x77,0x8a,
  0x88,0xf7,0x64,0x22,0x54,0x46,0x76,0x55,0x46,0x44,0x55,0x11,0x21,0x10,0x01,0x11,0x12,0x23,0x51,0x27,
  0x20,0x02,0x10,0x01,0x82,0x00,0x12,0x10,0x00,0x02,0x00,0x47,0x67,0x22,0x44,0x20,0x17,0x80,0x01,0x12,
  0x11,0x12,0x22,0x37,0x83,0x68,0x74,0x23,0x10,0x01,0x22,0x01,0x00,0x01,0x10,0x12,0x35,0x43,0x67,0x78,
  0x77,0x88,0x77,0xad,0xda,0xaf,0x87,0x78,0x9a,0xfb,0xcc,0xcc,0xcc,0xcc,0xcc,0xcc,0xcc,0xcc,0xcc,0xcc,
  0xcc,0xcc,0xcc,0xcc,0xcc,0xcc,0xcc,0xcc,0xcc,0xcc,0xcc,0xcd,0x86,0x46,0x77,0x77,0x8a,0x88,0x77,0x44,
  0x77,0x78,0x44,0x54,0x58,0x87,0x52,0x13,0x20,0x00,0x01,0x12,0x32,0x28,0x31,0x23,0x00,0x11,0x10,0x01,
  0x10,0x02,0x11,0x10,0x02,0x13,0x00,0x25,0x64,0x23,0x53,0x30,0x01,0x20,0x12,0x22,0x10,0x11,0x21,0x34,
  0x83,0x47,0x7d,0x32,0x42,0x00,0x02,0x11,0x10,0x11,0x11,0x23,0x23,0x74,0x66,0x7a,0x88,0x8f,0x77,0x9a,
  0xa9,0xa8,0x74,0x8a,0x9b,0xbb,0xcc,0xaa,0xac,0xcc,0xcc,0xcc,0xcc,0xcc,0xcc,0xcc,0xcc,0xcc,0xcc,0xcc,
  0xcc,0xcc,0xcc,0xcc,0xcc,0xcc,0xcc,0xca,0xf7,0x44,0x68,0x88,0x88,0x88,0x88,0x78,0xd7,0x66,0x44,0x56,
  0x67,0x42,0x21,0x22,0x10,0x00,0x11,0x25,0x44,0x55,0x21,0x20,0x00,0x11,0x20,0x10,0x01,0x53,0x13,0x30,
  0x01,0x22,0x00,0x13,0x83,0x23,0x54,0x21,0x31,0x00,0x33,0x31,0x20,0x01,0x21,0x33,0x76,0x48,0x77,0x72,
  0x34,0x10,0x01,0x11,0x11,0x23,0x20,0x13,0x21,0x33,0x67,0x7f,0xff,0xff,0x88,0x9a,0x99,0xa8,0x66,0x8a,
  0x9b,0xbb,0xcc,0xaa,0xac,0xcc,0xcc,0xcc,0xcc,0xcc,0xcc,0xcc,0xcc,0xcc,0xcc,0xcc,0xcc,0xcc,0xcc,0xcc,
  0xcc,0xcc,0xcc,0xca,0xf8,0x64,0x47,0x88,0x88,0x88,0x88,0x77,0x76,0x64,0x67,0x77,0x43,0x23,0x43,0x11,
  0x10,0x01,0x23,0x53,0x24,0x32,0x11,0x10,0x01,0x01,0x00,0x11,0x13,0x31,0x37,0x31,0x00,0x22,0x00,0x01,
  0x73,0x42,0x38,0x11,0x52,0x02,0x53,0x52,0x21,0x11,0x11,0x33,0x48,0x67,0x86,0x84,0x34,0x21,0x00,0x11,
  0x11,0x12,0x21,0x13,0x52,0x23,0x57,0x77,0x8d,0xff,0xaa,0xaa,0xaa,0xa7,0x67,0x89,0x9b,0xbb,0xcc,0xaa,
  0xac,0xcc,0xcc,0xcc,0xcc,0xcc,0xcc,0xcc,0xcc,0xcc,0xcc,0xcc,0xcc,0xcc,0xcc,0xcc,0xcc,0xcc,0xcc,0xca,
  0xaf,0x84,0x46,0x77,0x8f,0x88,0xff,0x87,0x78,0x66,0x66,0x85,0x44,0x56,0x42,0x22,0x10,0x02,0x35,0x32,
  0x53,0x21,0x10,0x00,0x01,0x01,0x11,0x01,0x12,0x22,0x64,0x32,0x01,0x12,0x01,0x00,0x12,0x63,0x18,0x11,
  0x52,0x13,0x52,0x44,0x22,0x10,0x11,0x25,0x47,0x86,0x77,0x77,0x34,0x33,0x21,0x00,0x00,0x02,0x23,0x12,
  0x55,0x32,0x44,0x64,0x78,0xfa,0xa8,0xfa,0xad,0x86,0x78,0xfc,0xcc,0xbb,0xcc,0xaa,0xac,0xcc,0xcc,0xcc,
  0xcc,0xcc,0xcc,0xcc,0xcc,0xcc,0xcc,0xcc,0xcc,0xcc,0xcc,0xcc,0xcc,0xcc,0xcc,0xca,0xaf,0xd7,0x46,0x68,
  0xf8,0x88,0x8f,0x86,0x68,0x77,0x76,0x64,0x45,0x53,0x32,0x11,0x00,0x12,0x32,0x25,0x72,0x21,0x10,0x01,
  0x00,0x13,0x21,0x01,0x13,0x25,0x63,0x63,0x00,0x12,0x01,0x11,0x02,0x75,0x23,0x11,0x21,0x22,0x53,0x38,
  0x32,0x20,0x01,0x13,0x53,0x66,0x46,0x66,0x44,0x25,0x32,0x10,0x00,0x01,0x23,0x32,0x34,0x43,0x34,0x44,
  0x78,0x77,0xf8,0xad,0x88,0x67,0x8d,0xdc,0xcc,0xbb,0xcc,0xaa,0xac,0xcc,0xcc,0xcc,0xcc,0xcc,0xcc,0xcc,
  0xcc,0xcc,0xcc,0xcc,0xcc,0xcc,0xcc,0xcc,0xcc,0xcc,0xcc,0xca,0xaa,0xd8,0x66,0x67,0x76,0x7f,0x87,0x88,
  0x88,0x77,0x86,0x64,0x46,0x32,0x62,0x11,0x00,0x13,0x33,0x65,0x52,0x21,0x00,0x11,0x12,0x32,0x11,0x00,
  0x23,0x36,0x43,0x62,0x10,0x11,0x10,0x11,0x10,0x27,0x30,0x01,0x01,0x23,0x56,0x33,0x53,0x22,0x00,0x12,
  0x33,0x23,0x67,0x54,0x65,0x13,0x31,0x21,0x21,0x11,0x11,0x20,0x12,0x35,0x47,0x77,0x88,0x88,0xa8,0xfd,
  0x98,0x67,0xfd,0xdc,0xcc,0xcb,0xcc,0xaa,0xac,0xcc,0xcc,0xcc,0xcc,0xcc,0xcc,0xcc,0xcc,0xcc,0xcc,0xcc,
  0xcc,0xcc,0xcc,0xcc,0xcc,0xcc,0xcc,0xca,0xaa,0xff,0x74,0x66,0x66,0x67,0x87,0x87,0x8d,0x76,0x76,0x54,
  0x54,0x24,0x41,0x00,0x00,0x25,0x37,0x86,0x32,0x31,0x00,0x12,0x23,0x52,0x11,0x01,0x23,0x25,0x33,0x62,
  0x20,0x01,0x10,0x01,0x20,0x02,0x20,0x30,0x03,0x23,0x55,0x62,0x44,0x22,0x30,0x11,0x23,0x32,0x35,0x65,
  0x56,0x35,0x32,0x33,0x53,0x22,0x33,0x21,0x01,0x56,0x46,0x88,0xbb,0xf8,0xfa,0xff,0x87,0x68,0xbc,0xdc,
  0xcc,0xcb,0xcc,0xaa,0xac,0xcc,0xcc,0xcc,0xcc,0xcc,0xcc,0xcc,0xcc,0xcc,0xcc,0xcc,0xcc,0xcc,0xcc,0xcc,
  0xcc,0xcc,0xcc,0xcc,0xcc,0xbb,0x86,0x46,0x67,0x88,0x87,0x76,0x78,0x87,0x43,0x45,0x55,0x55,0x21,0x00,
  0x21,0x43,0x38,0x73,0x22,0x21,0x00,0x22,0x26,0x32,0x22,0x01,0x24,0x23,0x44,0x32,0x20,0x01,0x21,0x10,
  0x21,0x10,0x10,0x30,0x02,0x23,0x65,0x44,0x34,0x32,0x31,0x11,0x12,0x56,0x22,0x34,0x44,0x34,0x53,0x35,
  0x53,0x44,0x34,0x53,0x32,0x36,0x64,0x77,0x79,0xaa,0x9a,0x88,0x76,0x7f,0xcc,0xcc,0xcc,0xcc,0xcc,0xcc,
  0xcc,0xcc,0xcc,0xcc,0xcc,0xcc,0xcc,0xcc,0xcc,0xcc,0xcc,0xcc,0xcc,0xcc,0xcc,0xcc,0xcc,0xcc,0xcc,0xcc,
  0xcc,0xbb,0xf8,0x66,0x67,0x88,0x87,0x76,0x67,0x76,0x66,0x66,0x63,0x32,0x01,0x02,0x32,0x34,0x66,0x53,
  0x21,0x10,0x02,0x32,0x67,0x34,0x21,0x00,0x23,0x25,0x64,0x22,0x20,0x02,0x11,0x10,0x12,0x20,0x21,0x10,
  0x11,0x23,0x56,0x44,0x74,0x33,0x22,0x10,0x11,0x34,0x41,0x33,0x22,0x33,0x33,0x35,0x54,0x44,0x66,0x64,
  0x63,0x14,0x76,0x87,0x78,0x8a,0x9a,0x88,0x67,0xca,0xac,0xcc,0xcc,0xcc,0xcc,0xcc,0xcc,0xcc,0xcc,0xcc,
  0xcc,0xcc,0xcc,0xcc,0xcc,0xcc,0xcc,0xcc,0xcc,0xcc,0xcc,0xcc,0xcc,0xcc,0xcc,0xcc,0xcc,0xca,0xff,0x74,
  0x46,0x76,0x88,0x77,0x67,0x66,0x67,0x66,0x62,0x23,0x21,0x25,0x33,0x47,0x87,0x44,0x51,0x00,0x25,0x23,
  0xd6,0x35,0x11,0x10,0x23,0x36,0x43,0x22,0x00,0x02,0x12,0x01,0x12,0x31,0x12,0x00,0x21,0x12,0x56,0x72,
  0x46,0x23,0x12,0x30,0x23,0x12,0x33,0x43,0x33,0x23,0x53,0x25,0x87,0x64,0x76,0x76,0x64,0x32,0x26,0x67,
  0x86,0x7f,0xda,0x86,0x68,0xda,0xac,0xcc,0xcc,0xcc,0xcc,0xcc,0xcc,0xcc,0xcc,0xcc,0xcc,0xcc,0xcc,0xcc,
  0xcc,0xcc,0xcc,0xcc,0xcc,0xcc,0xcc,0xcc,0xcc,0xcc,0xcc,0xcc,0xcc,0xaa,0xa8,0xf7,0x46,0x67,0x78,0x88,
  0x77,0x87,0x66,0x33,0x54,0x55,0x52,0x35,0x45,0x6f,0xd8,0x33,0x41,0x02,0x23,0x26,0x84,0x43,0x22,0x20,
  0x23,0x25,0x53,0x41,0x00,0x11,0x12,0x11,0x01,0x22,0x13,0x21,0x11,0x02,0x55,0x63,0x47,0x57,0x23,0x30,
  0x02,0x22,0x25,0x44,0x45,0x22,0x55,0x35,0x88,0x66,0x88,0x74,0x66,0x62,0x27,0x44,0x77,0x8f,0xf8,0x76,
  0x7f,0xaa,0xac,0xcc,0xcc,0xcc,0xcc,0xcc,0xcc,0xcc,0xcc,0xcc,0xcc,0xcc,0xcc,0xcc,0xcc,0xcc,0xcc,0xcc,
  0xcc,0xcc,0xcc,0xcc,0xcc,0xcc,0xcc,0xcc,0xcc,0xc9,0xaa,0xa8,0x64,0x47,0x88,0xf8,0x88,0x87,0x66,0x44,
  0x67,0x66,0x54,0x55,0x66,0x68,0x76,0x43,0x20,0x12,0x13,0x35,0x66,0x43,0x21,0x20,0x23,0x25,0x33,0x51,
  0x01,0x10,0x22,0x31,0x00,0x22,0x23,0x31,0x11,0x13,0x35,0x43,0x78,0x66,0x24,0x32,0x00,0x12,0x23,0x36,
  0x66,0x54,0x44,0x44,0x46,0xf4,0x48,0xf6,0x77,0x63,0x46,0x87,0x7d,0x88,0x78,0x66,0xa9,0xcc,0xcc,0xcc,
  0xcc,0xcc,0xcc,0xcc,0xcc,0xcc,0xcc,0xcc,0xcc,0xcc,0xcc,0xcc,0xcc,0xcc,0xcc,0xcc,0xcc,0xcc,0xcc,0xcc,
  0xcc,0xcc,0xcc,0xcc,0xcc,0xc9,0x9a,0xaf,0x74,0x47,0x87,0x88,0x88,0x88,0x84,0x67,0x77,0x75,0x43,0x46,
  0x66,0x68,0x66,0x32,0x21,0x12,0x35,0x33,0x66,0x22,0x11,0x30,0x13,0x35,0x24,0x41,0x10,0x00,0x22,0x20,
  0x01,0x22,0x24,0x22,0x02,0x12,0x23,0x44,0x77,0x75,0x24,0x43,0x32,0x10,0x12,0x37,0x76,0x67,0x74,0x44,
  0x45,0x77,0x46,0x87,0x88,0x74,0x77,0x88,0x8f,0x88,0x86,0x68,0xd9,0xcc,0xcc,0xcc,0xcc,0xcc,0xcc,0xcc,
  0xcc,0xcc,0xcc,0xcc,0xcc,0xcc,0xcc,0xcc,0xcc,0xcc,0xcc,0xcc,0xcc,0xcc,0xcc,0xcc,0xcc,0xcc,0xcc,0xcc,
  0xcc,0xc9,0x9a,0xa9,0xf7,0x64,0x67,0x8f,0xff,0xff,0x86,0x67,0x86,0x76,0x33,0x67,0x67,0x86,0x46,0x32,
  0x20,0x23,0x58,0x32,0x63,0x23,0x23,0x50,0x13,0x23,0x27,0x42,0x10,0x00,0x24,0x20,0x01,0x11,0x35,0x32,
  0x01,0x11,0x33,0x35,0x75,0x78,0x33,0x32,0x55,0x51,0x01,0x36,0x77,0x78,0x77,0x76,0x46,0x67,0x74,0x78,
  0x87,0x86,0x68,0x88,0xff,0x77,0x76,0x8a,0x9e,0xcc,0xcc,0xcc,0xcc,0xcc,0xcc,0xcc,0xcc,0xcc,0xcc,0xcc,
  0xcc,0xcc,0xcc,0xcc,0xcc,0xcc,0xcc,0xcc,0xcc,0xcc,0xcc,0xcc,0xcc,0xcc,0xcc,0xcc,0xcc,0xc9,0x9a,0xbb,
  0xaf,0x74,0x67,0x77,0x77,0x8f,0x76,0x76,0x86,0x77,0x66,0x88,0x78,0x86,0x45,0x23,0x10,0x25,0x6f,0x41,
  0x52,0x25,0x24,0x51,0x12,0x22,0x47,0x42,0x00,0x11,0x34,0x10,0x00,0x01,0x56,0x42,0x20,0x02,0x24,0x24,
  0x76,0x77,0x53,0x32,0x36,0x32,0x11,0x22,0x38,0x77,0x89,0x74,0x44,0x67,0x87,0x68,0x87,0x78,0x87,0x88,
  0x8f,0x86,0x47,0x89,0x9e,0xcc,0xcc,0xcc,0xcc,0xcc,0xcc,0xcc,0xcc,0xcc,0xcc,0xcc,0xcc,0xcc,0xcc,0xcc,
  0xcc,0xcc,0xcc,0xcc,0xcc,0xcc,0xcc,0xcc,0xcc,0xcc,0xcc,0xcc,0xcc,0xcc,0xcc,0xbb,0x9a,0xa7,0x66,0x87,
  0x78,0xa8,0x67,0x87,0x66,0x64,0x67,0x77,0x7f,0x86,0x55,0x21,0x22,0x23,0x67,0x43,0x52,0x33,0x25,0x31,
  0x11,0x33,0x67,0x33,0x10,0x12,0x32,0x11,0x00,0x02,0x55,0x23,0x31,0x02,0x22,0x23,0x76,0x56,0x54,0x65,
  0x33,0x33,0x12,0x22,0x46,0x67,0xff,0x87,0x66,0x46,0x8a,0x78,0x67,0x8f,0x87,0x87,0x7f,0x74,0x7f,0xa9,
  0x9c,0xcc,0xcc,0xcc,0xcc,0xcc,0xcc,0xcc,0xcc,0xcc,0xcc,0xcc,0xcc,0xcc,0xcc,0xcc,0xcc,0xcc,0xcc,0xcc,
  0xcc,0xcc,0xcc,0xcc,0xcc,0xcc,0xcc,0xcc,0xcc,0xcc,0xcc,0xc9,0x9a,0xa8,0x64,0x67,0x78,0xff,0x88,0x88,
  0x67,0x76,0x67,0x77,0x8f,0x76,0x54,0x11,0x43,0x53,0x36,0x53,0x22,0x43,0x37,0x31,0x12,0x36,0x75,0x25,
  0x10,0x22,0x24,0x20,0x00,0x02,0x34,0x25,0x32,0x10,0x22,0x12,0x66,0x56,0x56,0x33,0x53,0x54,0x32,0x23,
  0x55,0x68,0xf8,0x88,0x88,0x76,0x6f,0xf8,0x88,0x8f,0x78,0xa7,0x77,0x46,0xff,0x99,0x9c,0xcc,0xcc,0xcc,
  0xcc,0xcc,0xcc,0xcc,0xcc,0xcc,0xcc,0xcc,0xcc,0xcc,0xcc,0xcc,0xcc,0xcc,0xcc,0xcc,0xcc,0xcc,0xcc,0xcc,
  0xcc,0xcc,0xcc,0xcc,0xcc,0xcc,0xcc,0xc9,0x99,0x9a,0x84,0x46,0x77,0x67,0x8f,0x76,0x77,0x78,0x88,0x88,
  0x87,0x64,0x52,0x23,0x34,0x62,0x47,0x53,0x13,0x52,0x55,0x10,0x11,0x35,0x65,0x33,0x10,0x22,0x37,0x20,
  0x11,0x02,0x22,0x37,0x53,0x30,0x02,0x22,0x55,0x56,0x68,0x42,0x46,0x56,0x41,0x23,0x44,0x46,0x78,0x77,
  0x7f,0x88,0x77,0x87,0x7f,0xfa,0x88,0x88,0x64,0x68,0xaa,0xa9,0x9c,0xcc,0xcc,0xcc,0xcc,0xcc,0xcc,0xcc,
  0xcc,0xcc,0xcc,0xcc,0xcc,0xcc,0xcc,0xcc,0xcc,0xcc,0xcc,0xcc,0xcc,0xcc,0xcc,0xcc,0xcc,0xcc,0xcc,0xcc,
  0xcc,0xcc,0xcc,0xc9,0x99,0x9a,0xf7,0x44,0x67,0x77,0x88,0x77,0x86,0x78,0x88,0x88,0x76,0x76,0x32,0x35,
  0x34,0x54,0x84,0x43,0x15,0x32,0x31,0x01,0x12,0x34,0x68,0x52,0x10,0x22,0x33,0x22,0x21,0x21,0x11,0x45,
  0x65,0x32,0x01,0x22,0x34,0x46,0x67,0x86,0x46,0x77,0x32,0x11,0x46,0x67,0x66,0x77,0x88,0x9f,0x87,0x88,
  0x8f,0xf8,0xf8,0xb8,0x44,0x8c,0xaa,0xa9,0x9c,0xcc,0xcc,0xcc,0xcc,0xcc,0xcc,0xcc,0xcc,0xcc,0xcc,0xcc,
  0xcc,0xcc,0xcc,0xcc,0xcc,0xcc,0xcc,0xcc,0xcc,0xcc,0xcc,0xcc,0xcc,0xcc,0xcc,0xcc,0xcc,0xcc,0xcc,0xc9,
  0x99,0x99,0xaf,0x84,0x46,0x78,0x87,0x88,0x88,0x8f,0x87,0x87,0x76,0x63,0x24,0x56,0x34,0x57,0x84,0x22,
  0x12,0x23,0x43,0x32,0x13,0x36,0x77,0x53,0x10,0x22,0x32,0x33,0x22,0x21,0x01,0x65,0x66,0x32,0x20,0x12,
  0x34,0x65,0x76,0x78,0x44,0x76,0x46,0x30,0x25,0x46,0x77,0x87,0x88,0x88,0xfd,0x78,0x88,0xf8,0x86,0x74,
  0x48,0xa9,0x99,0x99,0x9c,0xcc,0xcc,0xcc,0xcc,0xcc,0xcc,0xcc,0xcc,0xcc,0xcc,0xcc,0xcc,0xcc,0xcc,0xcc,
  0xcc,0xcc,0xcc,0xcc,0xcc,0xcc,0xcc,0xcc,0xcc,0xcc,0xcc,0xcc,0xcc,0xcc,0xcc,0xc9,0x99,0x99,0xaa,0xd8,
  0x64,0x67,0x87,0x68,0x88,0x8f,0x87,0x87,0x64,0x33,0x35,0x55,0x44,0x67,0x44,0x22,0x34,0x36,0x54,0x33,
  0x12,0x38,0x76,0x42,0x00,0x11,0x44,0x53,0x23,0x53,0x22,0x23,0x77,0x52,0x31,0x02,0x36,0x54,0x88,0x78,
  0x76,0x44,0x76,0x72,0x34,0x54,0x46,0x74,0x7f,0x8f,0xfa,0x78,0x88,0x88,0xf6,0x46,0x8b,0xa9,0x99,0x99,
  0x9c,0xcc,0xcc,0xcc,0xcc,0xcc,0xcc,0xcc,0xcc,0xcc,0xcc,0xcc,0xcc,0xcc,0xcc,0xcc,0xcc,0xcc,0xcc,0xcc,
  0xcc,0xcc,0xcc,0xcc,0xcc,0xcc,0xcc,0xcc,0xcc,0xcc,0xcc,0xc9,0x99,0x99,0xaa,0xad,0x86,0x46,0x67,0x87,
  0x88,0x8f,0xf8,0x77,0x66,0x64,0x57,0x34,0x76,0x45,0x33,0x23,0x66,0x43,0x63,0x32,0x23,0x46,0x46,0x31,
  0x00,0x22,0x34,0x45,0x34,0x63,0x25,0x33,0x56,0x62,0x32,0x05,0x33,0x55,0x68,0x87,0x76,0x64,0x86,0x53,
  0x57,0x68,0x66,0x64,0x79,0x88,0xfa,0xdf,0x87,0x88,0x76,0x68,0xbb,0xfa,0x99,0x99,0x9c,0xcc,0xcc,0xcc,
  0xcc,0xcc,0xcc,0xcc,0xcc,0xcc,0xcc,0xcc,0xcc,0xcc,0xcc,0xcc,0xcc,0xcc,0xcc,0xcc,0xcc,0xcc,0xcc,0xcc,
  0xcc,0xcc,0xcc,0xcc,0xcc,0xcc,0xcc,0xc9,0x99,0x99,0xaa,0xaa,0xc8,0x64,0x46,0x88,0x87,0x88,0x88,0x77,
  0x44,0x66,0x7f,0x56,0x78,0x44,0x54,0x35,0x55,0x73,0x33,0x21,0x33,0x33,0x45,0x30,0x02,0x23,0x44,0x66,
  0x44,0x64,0x24,0x45,0x45,0x63,0x23,0x14,0x53,0x63,0x47,0x87,0x77,0x86,0x77,0x43,0x66,0x68,0x8f,0xf7,
  0x78,0x77,0x7f,0xff,0x87,0x87,0x46,0x88,0xbb,0xfa,0x99,0x99,0x9c,0xcc,0xcc,0xcc,0xcc,0xcc,0xcc,0xcc,
  0xcc,0xcc,0xcc,0xcc,0xcc,0xcc,0xcc,0xcc,0xcc,0xcc,0xcc,0xcc,0xcc,0xcc,0xcc,0xcc,0xcc,0xcc,0xcc,0xcc,
  0xcc,0xcc,0xcc,0xcc,0xcc,0xcc,0xcc,0xff,0xfd,0x87,0x66,0x67,0x77,0x88,0x77,0x66,0x46,0x76,0x77,0x68,
  0xf8,0x75,0x55,0x55,0x56,0x76,0x32,0x23,0x23,0x23,0x52,0x10,0x11,0x12,0x47,0xf7,0x34,0x64,0x24,0x44,
  0x45,0x64,0x13,0x23,0x65,0x73,0x47,0x66,0x77,0xf8,0x74,0x54,0x47,0x77,0xb8,0x87,0x88,0x88,0x87,0xf8,
  0x87,0x74,0x68,0x8f,0xff,0xcc,0xcc,0xcc,0xcc,0xcc,0xcc,0xcc,0xcc,0xcc,0xcc,0xcc,0xcc,0xcc,0xcc,0xcc,
  0xcc,0xcc,0xcc,0xcc,0xcc,0xcc,0xcc,0xcc,0xcc,0xcc,0xcc,0xcc,0xcc,0xcc,0xcc,0xcc,0xcc,0xcc,0xcc,0xcc,
  0xcc,0xcc,0xcc,0xff,0xfc,0xb9,0x64,0x46,0x78,0x88,0x66,0x67,0x77,0x78,0x87,0x78,0x87,0x74,0x56,0x44,
  0x78,0x76,0x63,0x35,0x56,0x32,0x21,0x11,0x31,0x33,0x37,0x86,0x48,0x74,0x45,0x77,0x34,0x63,0x24,0x46,
  0x64,0x67,0x36,0x46,0x87,0x8f,0x84,0x66,0x36,0x77,0xba,0x88,0xf8,0x8a,0x87,0x88,0x86,0x46,0xff,0xff,
  0xaa,0xcc,0xcc,0xcc,0xcc,0xcc,0xcc,0xcc,0xcc,0xcc,0xcc,0xcc,0xcc,0xcc,0xcc,0xcc,0xcc,0xcc,0xcc,0xcc,
  0xcc,0xcc,0xcc,0xcc,0xcc,0xcc,0xcc,0xcc,0xcc,0xcc,0xcc,0xcc,0xcc,0xcc,0xcc,0xcc,0xcc,0xcc,0xcc,0xcc,
  0xcc,0xee,0x96,0x46,0x67,0x87,0x78,0x76,0x67,0x88,0xff,0x78,0x77,0x74,0x48,0x87,0x8d,0x76,0x63,0x36,
  0x77,0x32,0x21,0x13,0x31,0x45,0x47,0x64,0x48,0x74,0x76,0x68,0x64,0x45,0x44,0x46,0x66,0x66,0x64,0x64,
  0x88,0x8f,0x86,0x76,0x47,0x8f,0xba,0xff,0xf8,0x88,0xff,0x87,0x66,0x7a,0xaa,0xaa,0x99,0xcc,0xcc,0xcc,
  0xcc,0xcc,0xcc,0xcc,0xcc,0xcc,0xcc,0xcc,0xcc,0xcc,0xcc,0xcc,0xcc,0xcc,0xcc,0xcc,0xcc,0xcc,0xcc,0xcc,
  0xcc,0xcc,0xcc,0xcc,0xcc,0xcc,0xcc,0xcc,0xcc,0xcc,0xcc,0xcc,0xcc,0xcc,0xcc,0xcc,0xcc,0xe9,0xdf,0x74,
  0x46,0x77,0x77,0x77,0x88,0x8f,0xff,0x67,0x78,0x77,0x47,0xff,0xff,0x66,0x63,0x47,0x86,0x43,0x30,0x13,
  0x43,0x34,0x76,0x67,0x47,0x74,0x63,0x68,0x74,0x48,0x74,0x44,0x66,0x87,0x66,0x64,0x88,0x78,0xf8,0x74,
  0x4f,0x68,0x87,0x8f,0xff,0x88,0x87,0x76,0x67,0xbf,0xaa,0xaa,0x99,0xcc,0xcc,0xcc,0xcc,0xcc,0xcc,0xcc,
  0xcc,0xcc,0xcc,0xcc,0xcc,0xcc,0xcc,0xcc,0xcc,0xcc,0xcc,0xcc,0xcc,0xcc,0xcc,0xcc,0xcc,0xcc,0xcc,0xcc,
  0xcc,0xcc,0xcc,0xcc,0xcc,0xcc,0xcc,0xcc,0xcc,0xcc,0xcc,0xcc,0xcc,0xcc,0xff,0xd7,0x64,0x66,0x77,0x78,
  0x88,0x88,0x67,0x7f,0x77,0x86,0x47,0x88,0xf7,0x67,0x64,0x7b,0xb6,0x35,0x20,0x24,0x55,0x63,0x64,0x78,
  0x64,0x65,0x45,0x67,0x67,0x67,0x64,0x74,0x67,0x87,0x67,0x86,0x68,0x87,0x88,0xd4,0x37,0x67,0x8a,0xf8,
  0x88,0x8f,0x86,0x46,0x8f,0xff,0xaa,0xaa,0x99,0xcc,0xcc,0xcc,0xcc,0xcc,0xcc,0xcc,0xcc,0xcc,0xcc,0xcc,
  0xcc,0xcc,0xcc,0xcc,0xcc,0xcc,0xcc,0xcc,0xcc,0xcc,0xcc,0xcc,0xcc,0xcc,0xcc,0xcc,0xcc,0xcc,0xcc,0xcc,
  0xcc,0xcc,0xcc,0xcc,0xcc,0xcc,0xcc,0xcc,0xcc,0xcc,0xfb,0xad,0x87,0x44,0x67,0x78,0x77,0x88,0x78,0x88,
  0x88,0x76,0x47,0x88,0x77,0x77,0x34,0x78,0x87,0x43,0x22,0x37,0x66,0x44,0x64,0x67,0x76,0x65,0x46,0x66,
  0x78,0x77,0x33,0x76,0x78,0x78,0x88,0x77,0x67,0xa8,0x77,0x74,0x38,0x88,0x8f,0xf8,0x78,0x87,0x43,0x68,
  0xcf,0x9a,0x99,0x99,0x99,0xcc,0xcc,0xcc,0xcc,0xcc,0xcc,0xcc,0xcc,0xcc,0xcc,0xcc,0xcc,0xcc,0xcc,0xcc,
  0xcc,0xcc,0xcc,0xcc,0xcc,0xcc,0xcc,0xcc,0xcc,0xcc,0xcc,0xcc,0xcc,0xcc,0xcc,0xcc,0xcc,0xcc,0xcc,0xcc,
  0xcc,0xcc,0xcc,0xcc,0xcc,0xcc,0xfb,0xbb,0xf8,0x76,0x46,0x77,0x77,0x78,0xd8,0x8a,0xa6,0x67,0x77,0x88,
  0x67,0x75,0x6f,0x76,0x76,0x43,0x44,0x27,0x66,0x43,0x88,0x46,0x78,0x44,0x86,0x67,0x88,0xf7,0x64,0x67,
  0x78,0x88,0x87,0x77,0x77,0x88,0x88,0x46,0x74,0x78,0x88,0x8f,0x87,0x64,0x47,0xfd,0xbb,0xba,0x99,0x99,
  0x99,0xcc,0xcc,0xcc,0xcc,0xcc,0xcc,0xcc,0xcc,0xcc,0xcc,0xcc,0xcc,0xcc,0xcc,0xcc,0xcc,0xcc,0xcc,0xcc,
  0xcc,0xcc,0xcc,0xcc,0xcc,0xcc,0xcc,0xcc,0xcc,0xcc,0xcc,0xcc,0xcc,0xcc,0xcc,0xcc,0xcc,0xcc,0xcc,0xcc,
  0xcc,0xcc,0xcb,0xbb,0xff,0xf8,0x64,0x46,0x67,0x78,0x98,0x88,0x88,0x88,0x77,0x78,0x86,0x44,0x78,0x44,
  0x74,0x46,0x75,0x36,0x86,0x77,0x87,0x57,0x78,0x66,0x87,0x48,0xb8,0x87,0x66,0x76,0x68,0xf8,0x88,0x74,
  0x8d,0x88,0x88,0x76,0x87,0x78,0x88,0x88,0x76,0x47,0x8f,0xff,0xbb,0xaa,0xcc,0xcc,0xcc,0xcc,0xcc,0xcc,
  0xcc,0xcc,0xcc,0xcc,0xcc,0xcc,0xcc,0xcc,0xcc,0xcc,0xcc,0xcc,0xcc,0xcc,0xcc,0xcc,0xcc,0xcc,0xcc,0xcc,
  0xcc,0xcc,0xcc,0xcc,0xcc,0xcc,0xcc,0xcc,0xcc,0xcc,0xcc,0xcc,0xcc,0xcc,0xcc,0xcc,0xcc,0xcc,0xcc,0xcc,
  0xff,0xff,0xf8,0x64,0x46,0x77,0x8f,0xf8,0xf8,0x77,0x77,0x87,0x66,0x77,0x66,0x66,0x67,0x66,0x76,0x64,
  0x68,0x88,0x77,0x66,0x68,0x77,0xf6,0x68,0xbb,0x64,0x77,0x76,0x78,0xf8,0x7d,0x87,0x8a,0xff,0x87,0x78,
  0x88,0x78,0x78,0x86,0x46,0x7f,0xff,0xff,0xff,0xcc,0xcc,0xcc,0xcc,0xcc,0xcc,0xcc,0xcc,0xcc,0xcc,0xcc,
  0xcc,0xcc,0xcc,0xcc,0xcc,0xcc,0xcc,0xcc,0xcc,0xcc,0xcc,0xcc,0xcc,0xcc,0xcc,0xcc,0xcc,0xcc,0xcc,0xcc,
  0xcc,0xcc,0xcc,0xcc,0xcc,0xcc,0xcc,0xcc,0xcc,0xcc,0xcc,0xcc,0xcc,0xcc,0xcc,0xcc,0xcc,0xcf,0xff,0x87,
  0x64,0x46,0x77,0x88,0x78,0x88,0x88,0x87,0x77,0x87,0x46,0x87,0x86,0x47,0x87,0x66,0x68,0x88,0x78,0x64,
  0x68,0x87,0xf7,0x88,0x7f,0x77,0x74,0x68,0x88,0xff,0xf8,0x9d,0xfa,0xfa,0x78,0x88,0xf8,0x76,0x76,0x44,
  0x78,0xdf,0xff,0xff,0xcc,0xcc,0xcc,0xcc,0xcc,0xcc,0xcc,0xcc,0xcc,0xcc,0xcc,0xcc,0xcc,0xcc,0xcc,0xcc,
  0xcc,0xcc,0xcc,0xcc,0xcc,0xcc,0xcc,0xcc,0xcc,0xcc,0xcc,0xcc,0xcc,0xcc,0xcc,0xcc,0xcc,0xcc,0xcc,0xcc,
  0xcc,0xcc,0xcc,0xcc,0xcc,0xcc,0xcc,0xcc,0xcc,0xcc,0xcc,0xcc,0xcc,0xcc,0xff,0xff,0x87,0x64,0x46,0x67,
  0x78,0xff,0x87,0x7f,0xf8,0xf8,0x78,0x76,0x87,0x77,0x78,0x66,0x88,0x77,0x77,0x78,0x67,0x87,0x77,0x88,
  0x8d,0xf8,0x64,0x88,0x88,0xfa,0xf8,0x8b,0xff,0x88,0xaa,0x8f,0x88,0x64,0x44,0x68,0xfb,0xaf,0xff,0xff,
  0xcc,0xcc,0xcc,0xcc,0xcc,0xcc,0xcc,0xcc,0xcc,0xcc,0xcc,0xcc,0xcc,0xcc,0xcc,0xcc,0xcc,0xcc,0xcc,0xcc,
  0xcc,0xcc,0xcc,0xcc,0xcc,0xcc,0xcc,0xcc,0xcc,0xcc,0xcc,0xcc,0xcc,0xcc,0xcc,0xcc,0xcc,0xcc,0xcc,0xcc,
  0xcc,0xcc,0xcc,0xcc,0xcc,0xcc,0xcc,0xcc,0xcc,0xcc,0xcc,0xff,0xf8,0x76,0x64,0x46,0x78,0x78,0x78,0x88,
  0x87,0x77,0x88,0x43,0x68,0xf8,0x87,0x67,0x78,0x88,0xf8,0x7f,0x88,0x88,0x87,0x66,0x88,0x88,0x87,0x78,
  0x8a,0x88,0xfa,0xff,0xf8,0x77,0xff,0xf8,0x77,0x64,0x68,0xff,0xfa,0xff,0xcc,0xcc,0xcc,0xcc,0xcc,0xcc,
  0xcc,0xcc,0xcc,0xcc,0xcc,0xcc,0xcc,0xcc,0xcc,0xcc,0xcc,0xcc,0xcc,0xcc,0xcc,0xcc,0xcc,0xcc,0xcc,0xcc,
  0xcc,0xcc,0xcc,0xcc,0xcc,0xcc,0xcc,0xcc,0xcc,0xcc,0xcc,0xcc,0xcc,0xcc,0xcc,0xcc,0xcc,0xcc,0xcc,0xcc,
  0xcc,0xcc,0xcc,0xcc,0xcc,0xcc,0xcc,0xff,0xff,0xf8,0x76,0x44,0x66,0x77,0x88,0x88,0x87,0x66,0x78,0x87,
  0x68,0xa7,0x77,0xf7,0x48,0xf8,0x77,0x77,0x7f,0x78,0xf8,0x74,0x67,0x8a,0xdf,0xf7,0x7f,0x88,0xfa,0xf8,
  0x8a,0x88,0xa7,0x76,0x64,0x68,0x8b,0xff,0xff,0xff,0xcc,0xcc,0xcc,0xcc,0xcc,0xcc,0xcc,0xcc,0xcc,0xcc,
  0xcc,0xcc,0xcc,0xcc,0xcc,0xcc,0xcc,0xcc,0xcc,0xcc,0xcc,0xcc,0xcc,0xcc,0xcc,0xcc,0xcc,0xcc,0xcc,0xcc,
  0xcc,0xcc,0xcc,0xcc,0xcc,0xcc,0xcc,0xcc,0xcc,0xcc,0xcc,0xcc,0xcc,0xcc,0xcc,0xcc,0xcc,0xcc,0xcc,0xcc,
  0xcc,0xcc,0xcc,0xff,0xaa,0xaa,0xff,0x86,0x44,0x66,0x66,0x88,0x77,0x77,0x78,0x88,0x8f,0x88,0x88,0xf8,
  0x88,0x7f,0x7f,0x87,0x78,0x79,0x86,0x77,0x77,0x88,0x88,0xa8,0x88,0xaa,0x88,0xf8,0x8f,0x87,0x74,0x46,
  0x67,0x8a,0xcc,0xaa,0xaa,0xaa,0xcc,0xcc,0xcc,0xcc,0xcc,0xcc,0xcc,0xcc,0xcc,0xcc,0xcc,0xcc,0xcc,0xcc,
  0xcc,0xcc,0xcc,0xcc,0xcc,0xcc,0xcc,0xcc,0xcc,0xcc,0xcc,0xcc,0xcc,0xcc,0xcc,0xcc,0xcc,0xcc,0xcc,0xcc,
  0xcc,0xcc,0xcc,0xcc,0xcc,0xcc,0xcc,0xcc,0xcc,0xcc,0xcc,0xcc,0xcc,0xcc,0xcc,0xcc,0xcc,0xcc,0xcc,0xff,
  0xbb,0xbb,0xbb,0xff,0x76,0x66,0x46,0x66,0x76,0x67,0x78,0xa8,0x88,0x88,0x88,0x87,0x77,0x79,0xff,0xf8,
  0xa8,0x8a,0x77,0x88,0x87,0x78,0xfa,0xaa,0x87,0x88,0x8a,0x87,0x76,0x64,0x46,0x78,0x9b,0xbb,0xbe,0xda,
  0xaa,0xaa,0xcc,0xcc,0xcc,0xcc,0xcc,0xcc,0xcc,0xcc,0xcc,0xcc,0xcc,0xcc,0xcc,0xcc,0xcc,0xcc,0xcc,0xcc,
  0xcc,0xcc,0xcc,0xcc,0xcc,0xcc,0xcc,0xcc,0xcc,0xcc,0xcc,0xcc,0xcc,0xcc,0xcc,0xcc,0xcc,0xcc,0xcc,0xcc,
  0xcc,0xcc,0xcc,0xcc,0xcc,0xcc,0xcc,0xcc,0xcc,0xcc,0xcc,0xcc,0xcc,0xcc,0xcc,0xcc,0xcc,0xcc,0xff,0xff,
  0xdf,0x87,0x76,0x44,0x66,0x47,0x87,0x88,0x87,0x88,0x78,0x8f,0x88,0x88,0x8f,0x88,0x8d,0xa8,0x78,0xf8,
  0xff,0xff,0xff,0xff,0x88,0x77,0x88,0x76,0x64,0x66,0x78,0xff,0xfb,0xbb,0xcc,0xaa,0xcc,0xcc,0xcc,0xcc,
  0xcc,0xcc,0xcc,0xcc,0xcc,0xcc,0xcc,0xcc,0xcc,0xcc,0xcc,0xcc,0xcc,0xcc,0xcc,0xcc,0xcc,0xcc,0xcc,0xcc,
  0xcc,0xcc,0xcc,0xcc,0xcc,0xcc,0xcc,0xcc,0xcc,0xcc,0xcc,0xcc,0xcc,0xcc,0xcc,0xcc,0xcc,0xcc,0xcc,0xcc,
  0xcc,0xcc,0xcc,0xcc,0xcc,0xcc,0xcc,0xcc,0xcc,0xcc,0xcc,0xcc,0xcc,0xcc,0xff,0xff,0xff,0xff,0x87,0x76,
  0x66,0x66,0x66,0x67,0x88,0x88,0x77,0x88,0x8a,0x88,0x88,0x8f,0x8d,0xd8,0x88,0x88,0x8f,0x88,0x87,0x8d,
  0x78,0x76,0x66,0x66,0x67,0x7a,0xdd,0xfa,0xff,0xcc,0xcc,0xca,0xcc,0xcc,0xcc,0xcc,0xcc,0xcc,0xcc,0xcc,
  0xcc,0xcc,0xcc,0xcc,0xcc,0xcc,0xcc,0xcc,0xcc,0xcc,0xcc,0xcc,0xcc,0xcc,0xcc,0xcc,0xcc,0xcc,0xcc,0xcc,
  0xcc,0xcc,0xcc,0xcc,0xcc,0xcc,0xcc,0xcc,0xcc,0xcc,0xcc,0xcc,0xcc,0xcc,0xcc,0xcc,0xcc,0xcc,0xcc,0xcc,
  0xcc,0xcc,0xcc,0xcc,0xcc,0xcc,0xcc,0xcc,0xcc,0xcc,0xcc,0xcf,0xff,0xff,0xff,0xf8,0x87,0x76,0x44,0x66,
  0x67,0x77,0x78,0x87,0x8a,0xff,0x88,0xff,0xff,0x87,0x87,0x87,0x77,0x87,0x77,0x66,0x44,0x46,0x66,0x88,
  0x8f,0xff,0xff,0xfc,0xcc,0xcc,0xcc,0xcc,0xcc,0xcc,0xcc,0xcc,0xcc,0xcc,0xcc,0xcc,0xcc,0xcc,0xcc,0xcc,
  0xcc,0xcc,0xcc,0xcc,0xcc,0xcc,0xcc,0xcc,0xcc,0xcc,0xcc,0xcc,0xcc,0xcc,0xcc,0xcc,0xcc,0xcc,0xcc,0xcc,
  0xcc,0xcc,0xcc,0xcc,0xcc,0xcc,0xcc,0xcc,0xcc,0xcc,0xcc,0xcc,0xcc,0xcc,0xcc,0xcc,0xcc,0xcc,0xcc,0xcc,
  0xcc,0xcc,0xcc,0xcc,0xcc,0xcc,0xcc,0xcc,0xcb,0xbc,0xcf,0xfa,0xdf,0xf8,0x77,0x76,0x64,0x44,0x66,0x66,
  0x67,0x77,0x77,0x77,0x77,0x77,0x76,0x66,0x66,0x66,0x66,0x44,0x67,0x77,0x8f,0xff,0xaa,0xaf,0xfb,0xfc,
  0xcc,0xcc,0xcc,0xcc,0xcc,0xcc,0xcc,0xcc,0xcc,0xcc,0xcc,0xcc,0xcc,0xcc,0xcc,0xcc,0xcc,0xcc,0xcc,0xcc,
  0xcc,0xcc,0xcc,0xcc,0xcc,0xcc,0xcc,0xcc,0xcc,0xcc,0xcc,0xcc,0xcc,0xcc,0xcc,0xcc,0xcc,0xcc,0xcc,0xcc,
  0xcc,0xcc,0xcc,0xcc,0xcc,0xcc,0xcc,0xcc,0xcc,0xcc,0xcc,0xcc,0xcc,0xcc,0xcc,0xcc,0xcc,0xcc,0xcc,0xcc,
  0xcc,0xcc,0xcc,0xcc,0xcc,0xcc,0xcc,0xcc,0xfc,0xc9,0x9a,0xf9,0x87,0x76,0x66,0x66,0x66,0x64,0x46,0x64,
  0x66,0x46,0x44,0x46,0x66,0x66,0x76,0x78,0xaf,0xfa,0xaf,0xf9,0x99,0x9c,0xcc,0xcc,0xcc,0xcc,0xcc,0xcc,
  0xcc,0xcc,0xcc,0xcc,0xcc,0xcc,0xcc,0xcc,0xcc,0xcc,0xcc,0xcc,0xcc,0xcc,0xcc,0xcc,0xcc,0xcc,0xcc,0xcc,
  0xcc,0xcc,0xcc,0xcc,0xcc,0xcc,0xcc,0xcc,0xcc,0xcc,0xcc,0xcc,0xcc,0xcc,0xcc,0xcc,0xcc,0xcc,0xcc,0xcc,
  0xcc,0xcc,0xcc,0xcc,0xcc,0xcc,0xcc,0xcc,0xcc,0xcc,0xcc,0xcc,0xcc,0xcc,0xcc,0xcc,0xcc,0xcc,0xcc,0xcc,
  0xcc,0xcc,0xcc,0xcc,0xfc,0xc9,0x9a,0xfd,0xff,0xf8,0x88,0x88,0x77,0x77,0x76,0x66,0x66,0x77,0x77,0x77,
  0x78,0x88,0x8f,0xfd,0xdd,0xac,0xaa,0xa9,0x99,0x9c,0xcc,0xcc,0xcc,0xcc,0xcc,0xcc,0xcc,0xcc,0xcc,0xcc,
  0xcc,0xcc,0xcc,0xcc,0xcc,0xcc,0xcc,0xcc,0xcc,0xcc,0xcc,0xcc,0xcc,0xcc,0xcc,0xcc,0xcc,0xcc,0xcc,0xcc,
  0xcc,0xcc,0xcc,0xcc,0xcc,0xcc,0xcc,0xcc,0xcc,0xcc,0xcc,0xcc,0xcc,0xcc,0xcc,0xcc,0xcc,0xcc,0xcc,0xcc,
  0xcc,0xcc,0xcc,0xcc,0xcc,0xcc,0xcc,0xcc,0xcc,0xcc,0xcc,0xcc,0xcc,0xcc,0xcc,0xcc,0xcc,0xcc,0xcc,0xcc,
  0xcc,0xc9,0x99,0x9c,0xff,0xff,0xfa,0xaa,0xfd,0xdd,0xaa,0x88,0x99,0xa9,0xdd,0xed,0xcf,0xdf,0xaf,0xfc,
  0xcc,0xc9,0x99,0x99,0x99,0x9c,0xcc,0xcc,0xcc,0xcc,0xcc,0xcc,0xcc,0xcc,0xcc,0xcc,0xcc,0xcc,0xcc,0xcc,
  0xcc,0xcc,0xcc,0xcc,0xcc,0xcc,0xcc,0xcc,0xcc,0xcc,0xcc,0xcc,0xcc,0xcc,0xcc,0xcc,0xcc,0xcc,0xcc,0xcc,
  0xcc,0xcc,0xcc,0xcc,0xcc,0xcc,0xcc,0xcc,0xcc,0xcc,0xcc,0xcc,0xcc,0xcc,0xcc,0xcc,0xcc,0xcc,0xcc,0xcc,
  0xcc,0xcc,0xcc,0xcc,0xcc,0xcc,0xcc,0xcc,0xcc,0xcc,0xcc,0xcc,0xcc,0xcc,0xcc,0xcc,0xcc,0xc9,0x99,0x9c,
  0xff,0xff,0xa9,0x99,0xcc,0xc9,0xc9,0xa9,0xa9,0xdd,0xaa,0xad,0xe9,0xcc,0xca,0xdc,0xcc,0xc9,0x99,0x99,
  0x99,0x9c,0xcc,0xcc,0xcc,0xcc,0xcc,0xcc,0xcc,0xcc,0xcc,0xcc,0xcc,0xcc,0xcc,0xcc,0xcc,0xcc,0xcc,0xcc,
  0xcc,0xcc,0xcc,0xcc,0xcc,0xcc,0xcc,0xcc,0xcc,0xcc,0xcc,0xcc,0xcc,0xcc,0xcc,0xcc,0xcc,0xcc,0xcc,0xcc,
  0xcc,0xcc,0xcc,0xcc,0xcc,0xcc,0xcc,0xcc,0xcc,0xcc,0xcc,0xcc,0xcc,0xcc,0xcc,0xcc,0xcc,0xcc,0xcc,0xcc,
  0xcc,0xcc,0xcc,0xcc,0xcc,0xcc,0xcc,0xcc,0xcc,0xcc,0xcc,0xcc,0xcc,0xcc,0xcc,0xcc,0xcc,0xfc,0xcc,0xcc,
  0xcc,0xcc,0xcc,0xcc,0xcc,0xcc,0xcc,0xcc,0xcc,0xcc,0xcc,0xcc,0xcc,0xcc,0xcc,0xcc,0xcc,0xcc,0xcc,0xcc,
  0xcc,0xcc,0xcc,0xcc,0xcc,0xcc,0xcc,0xcc,0xcc,0xcc,0xcc,0xcc,0xcc,0xcc,0xcc,0xcc,0xcc,0xcc,0xcc,0xcc,
  0xcc,0xcc,0xcc,0xcc,0xcc,0xcc,0xcc,0xcc,0xcc,0xcc,0xcc,0xcc,0xcc,0xcc,0xcc,0xcc,0xcc,0xcc,0xcc,0xcc,
  0xcc,0xcc,0xcc,0xcc,0xcc,0xcc,0xcc,0xcc,0xcc,0xcc,0xcc,0xcc,0xcc,0xcc,0xcc,0xcc,0xcc,0xcc,0xcc,0xcc,
  0xcc,0xcc,0xcc,0xcc,0xcc,0xcc,0xcc,0xcc,0xcc,0xcc,0xcc,0xcc,0xcc,0xfc,0xcc,0xcc,0xcc,0xcc,0xcc,0xcc,
  0xcc,0xcc,0xcc,0xcc,0xcc,0xcc,0xcc,0xcc,0xcc,0xcc,0xcc,0xcc,0xcc,0xcc,0xcc,0xcc,0xcc,0xcc,0xcc,0xcc,
  0xcc,0xcc,0xcc,0xcc,0xcc,0xcc,0xcc,0xcc,0xcc,0xcc,0xcc,0xcc,0xcc,0xcc,0xcc,0xcc,0xcc,0xcc,0xcc,0xcc,
  0xcc,0xcc,0xcc,0xcc,0xcc,0xcc,0xcc,0xcc,0xcc,0xcc,0xcc,0xcc,0xcc,0xcc,0xcc,0xcc,0xcc,0xcc,0xcc,0xcc,
  0xcc,0xcc,0xcc,0xcc,0xcc,0xcc,0xcc,0xcc,0xcc,0xcc,0xcc,0xcc,0xcc,0xcc,0xcc,0xcc,0xcc,0xcc,0xcc,0xcc,
  0xcc,0xcc,0xcc,0xcc,0xcc,0xcc,0xcc,0xcc,0xcc,0xcc,0xcc,0xcc,0xcc,0xcc,0xcc,0xcc,0xcc,0xcc,0xcc,0xcc,
  0xcc,0xcc,0xcc,0xcc,0xcc,0xcc,0xcc,0xcc,0xcc,0xcc,0xcc,0xcc,0xcc,0xcc,0xcc,0xcc,0xcc,0xcc,0xcc,0xcc,
  0xcc,0xcc,0xcc,0xcc,0xcc,0xcc,0xcc,0xcc,0xcc,0xcc,0xcc,0xcc,0xcc,0xcc,0xcc,0xcc,0xcc,0xcc,0xcc,0xcc,
  0xcc,0xcc,0xcc,0xcc,0xcc,0xcc,0xcc,0xcc,0xcc,0xcc,0xcc,0xcc,0xcc,0xcc,0xcc,0xcc,0xcc,0xcc,0xcc,0xcc,
  0xcc,0xcc,0xcc,0xcc,0xcc,0xcc,0xcc,0xcc,0xcc,0xcc,0xcc,0xcc,0xcc,0xcc,0xcc,0xcc,0xcc,0xcc,0xcc,0xcc,
  0xcc,0xcc,0xcc,0xcc,0xcc,0xcc,0xcc,0xcc,0xcc,0xcc,0xcc,0xcc,0xcc,0xcc,0xcc,0xcc,0xcc,0xcc,0xcc,0xcc,
  0xcc,0xcc,0xcc,0xcc,0xcc,0xcc,0xcc,0xcc,0xcc,0xcc,0xcc,0xcc,0xcc,0xcc,0xcc,0xcc,0xcc,0xcc,0xcc,0xcc,
  0xcc,0xcc,0xcc,0xcc,0xcc,0xcc,0xcc,0xcc,0xcc,0xcc,0xcc,0xcc,0xcc,0xcc,0xcc,0xcc,0xcc,0xcc,0xcc,0xcc,
  0xcc,0xcc,0xcc,0xcc,0xcc,0xcc,0xcc,0xcc,0xcc,0xcc,0xcc,0xcc,0xcc,0xcc,0xcc,0xcc,0xcc,0xcc,0xcc,0xcc,
  0xcc,0xcc,0xcc,0xcc,0xcc,0xcc,0xcc,0xcc,0xcc,0xcc,0xcc,0xcc,0xcc,0xcc,0xcc,0xcc,0xcc,0xcc,0xcc,0xcc,
  0xcc,0xcc,0xcc,0xcc,0xcc,0xcc,0xcc,0xcc,0xcc,0xcc,0xcc,0xcc,0xcc,0xcc,0xcc,0xcc,0xcc,0xcc,0xcc,0xcc,
  0xcc,0xcc,0xcc,0xcc,0xcc,0xcc,0xcc,0xcc,0xcc,0xcc,0xcc,0xcc,0xcc,0xcc,0xcc,0xcc,0xcc,0xcc,0xcc,0xcc,
  0xcc,0xcc,0xcc,0xcc,0xcc,0xcc,0xcc,0xcc,0xcc,0xcc,0xcc,0xcc,0xcc,0xcc,0xcc,0xcc,0xcc,0xcc,0xcc,0xcc,
  0xcc,0xcc,0xcc,0xcc,0xcc,0xcc,0xcc,0xcc,0xcc,0xcc,0xcc,0xcc,0xcc,0xcc,0xcc,0xcc,0xcc,0xcc,0xcc,0xcc,
  0xcc,0xcc,0xcc,0xcc,0xcc,0xcc,0xcc,0xcc,0xcc,0xcc,0xcc,0xcc,0xcc,0xcc,0xcc,0xcc,0xcc,0xcc,0xcc,0xcc,
  0xcc,0xcc,0xcc,0xcc,0xcc,0xcc,0xcc,0xcc,0xcc,0xcc,0xcc,0xcc,0xcc,0xcc,0xcc,0xcc,0xcc,0xcc,0xcc,0xcc,
  0xcc,0xcc,0xcc,0xcc,0xcc,0xcc,0xcc,0xcc,0xcc,0xcc,0xcc,0xcc,0xcc,0xcc,0xcc,0xcc,0xcc,0xcc,0xcc,0xcc,
  0xcc,0xcc,0xcc,0xcc,0xcc,0xcc,0xcc,0xcc,0xcc,0xcc,0xcc,0xcc,0xcc,0xcc,0xcc,0xcc,0xcc,0xcc,0xcc,0xcc,
  0xcc,0xcc,0xcc,0xcc,0xcc,0xcc,0xcc,0xcc,0xcc,0xcc,0xcc,0xcc,0xcc,0xcc,0xcc,0xcc,0xcc,0xcc,0xcc,0xcc,
  0xcc,0xcc,0xcc,0xcc,0xcc,0xcc,0xcc,0xcc,0xcc,0xcc,0xcc,0xcc,0xcc,0xcc,0xcc,0xcc,0xcc,0xcc,0xcc,0xcc,
  0xcc,0xcc,0xcc,0xcc,0xcc,0xcc,0xcc,0xcc,0xcc,0xcc,0xcc,0xcc,0xcc,0xcc,0xcc,0xcc,0xcc,0xcc,0xcc,0xcc,
  0xcc,0xcc,0xcc,0xcc,0xcc,0xcc,0xcc,0xcc,0xcc,0xcc,0xcc,0xcc,0xcc,0xcc,0xcc,0xcc,0xcc,0xcc,0xcc,0xcc,
  0xcc,0xcc,0xcc,0xcc,0xcc,0xcc,0xcc,0xcc,0xcc,0xcc,0xcc,0xcc,0xcc,0xcc,0xcc,0xcc,0xcc,0xcc,0xcc,0xcc,
  0xcc,0xcc,0xcc,0xcc,0xcc,0xcc,0xcc,0xcc,0xcc,0xcc,0xcc,0xcc,0xcc,0xcc,0xcc,0xcc,0xcc,0xcc,0xcc,0xcc,
  0xcc,0xcc,0xcc,0xcc,0xcc,0xcc,0xcc,0xcc,0xcc,0xcc,0xcc,0xcc,0xcc,0xcc,0xcc,0xcc,0xcc,0xcc,0xcc,0xcc,
  0xcc,0xcc,0xcc,0xcc,0xcc,0xcc,0xcc,0xcc,0xcc,0xcc,0xcc,0xcc,0xcc,0xcc,0xcc,0xcc,0xcc,0xcc,0xcc,0xcc,
  0xcc,0xcc,0xcc,0xcc,0xcc,0xcc,0xcc,0xcc,0xcc,0xcc,0xcc,0xcc,0xcc,0xcc,0xcc,0xcc,0xcc,0xcc,0xcc,0xcc,
  0xcc,0xcc,0xcc,0xcc,0xcc,0xcc,0xcc,0xcc,0xcc,0xcc,0xcc,0xcc,0xcc,0xcc,0xcc,0xcc,0xcc,0xcc,0xcc,0xcc,
  0xcc,0xcc,0xcc,0xcc,0xcc,0xcc,0xcc,0xcc,0xcc,0xcc,0xcc,0xcc,0xcc,0xcc,0xcc,0xcc,0xcc,0xcc,0xcc,0xcc,
  0xcc,0xcc,0xcc,0xcc,0xcc,0xcc,0xcc,0xcc,0xcc,0xcc,0xcc,0xcc,0xcc,0xcc,0xcc,0xcc,0xcc,0xcc,0xcc,0xcc,
  0xcc,0xcc,0xcc,0xcc,0xcc,0xcc,0xcc,0xcc,0xcc,0xcc,0xcc,0xcc,0xcc,0xcc,0xcc,0xcc,0xcc,0xcc,0xcc,0xcc,
  0xcc,0xcc,0xcc,0xcc,0xcc,0xcc,0xcc,0xcc,0xcc,0xcc,0xcc,0xcc,0xcc,0xcc,0xcc,0xcc,0xcc,0xcc,0xcc,0xcc,
  0xcc,0xcc,0xcc,0xcc,0xcc,0xcc,0xcc,0xcc,0xcc,0xcc,0xcc,0xcc,0xcc,0xcc,0xcc,0xcc,0xcc,0xcc,0xcc,0xcc,
  0xcc,0xcc,0xcc,0xcc,0xcc,0xcc,0xcc,0xcc,0xcc,0xcc,0xcc,0xcc,0xcc,0xcc,0xcc,0xcc,0xcc,0xcc,0xcc,0xcc,
  0xcc,0xcc,0xcc,0xcc,0xcc,0xcc,0xcc,0xcc,0xcc,0xcc,0xcc,0xcc,0xcc,0xcc,0xcc,0xcc,0xcc,0xcc,0xcc,0xcc,
  0xcc,0xcc,0xcc,0xcc,0xcc,0xcc,0xcc,0xcc,0xcc,0xcc,0xcc,0xcc,0xcc,0xcc,0xcc,0xcc,0xcc,0xcc,0xcc,0xcc,
  0xcc,0xcc,0xcc,0xcc,0xcc,0xcc,0xcc,0xcc,0xcc,0xcc,0xcc,0xcc,0xcc,0xcc,0xcc,0xcc,0xcc,0xcc,0xcc,0xcc,
  0xcc,0xcc,0xcc,0xcc,0xcc,0xcc,0xcc,0xcc,0xcc,0xcc,0xcc,0xcc,0xcc,0xcc,0xcc,0xcc,0xcc,0xcc,0xcc,0xcc,
  0xcc,0xcc,0xcc,0xcc,0xcc,0xcc,0xcc,0xcc,0xcc,0xcc,0xcc,0xcc,0xcc,0xcc,0xcc,0xcc,0xcc,0xcc,0xcc,0xcc,
  0xcc,0xcc,0xcc,0xcc,0xcc,0xcc,0xcc,0xcc,0xcc,0xcc,0xcc,0xcc,0xcc,0xcc,0xcc,0xcc,0xcc,0xcc,0xcc,0xcc,
  0xcc,0xcc,0xcc,0xcc,0xcc,0xcc,0xcc,0xcc,0xcc,0xcc,0xcc,0xcc,0xcc,0xcc,0xcc,0xcc,0xcc,0xcc,0xcc,0xcc,
  0xcc,0xcc,0xcc,0xcc,0xcc,0xcc,0xcc,0xcc,0xcc,0xcc,0xcc,0xcc,0xcc,0xcc,0xcc,0xcc,0xcc,0xcc,0xcc,0xcc,
  0xcc,0xcc,0xcc,0xcc,0xcc,0xcc,0xcc,0xcc,0xcc,0xcc,0xcc,0xcc,0xcc,0xcc,0xcc,0xcc,0xcc,0xcc,0xcc,0xcc,
  0xcc,0xcc,0xcc,0xcc,0xcc,0xcc,0xcc,0xcc,0xcc,0xcc,0xcc,0xcc,0xcc,0xcc,0xcc,0xcc,0xcc,0xcc,0xcc,0xcc,
  0xcc,0xcc,0xcc,0xcc,0xcc,0xcc,0xcc,0xcc,0xcc,0xcc,0xcc,0xcc,0xcc,0xcc,0xcc,0xcc,0xcc,0xcc,0xcc,0xcc,
  0xcc,0xcc,0xcc,0xcc,0xcc,0xcc,0xcc,0xcc,0xcc,0xcc,0xcc,0xcc,0xcc,0xcc,0xcc,0xcc,0xcc,0xcc,0xcc,0xcc,
  0xcc,0xcc,0xcc,0xcc,0xcc,0xcc,0xcc,0xcc,0xcc,0xcc,0xcc,0xcc,0xcc,0xcc,0xcc,0xcc,0xcc,0xcc,0xcc,0xcc,
  0xcc,0xcc,0xcc,0xcc,0xcc,0xcc,0xcc,0xcc,0xcc,0xcc,0xcc,0xcc,0xcc,0xcc,0xcc,0xcc,0xcc,0xcc,0xcc,0xcc,
  0xcc,0xcc,0xcc,0xcc,0xcc,0xcc,0xcc,0xcc,0xcc,0xcc,0xcc,0xcc,0xcc,0xcc,0xcc,0xcc,0xcc,0xcc,0xcc,0xcc,
  0xcc,0xcc,0xcc,0xcc,0xcc,0xcc,0xcc,0xcc,0xcc,0xcc,0xcc,0xcc,0xcc,0xcc,0xcc,0xcc,0xcc,0xcc,0xcc,0xcc,
  0xcc,0xcc,0xcc,0xcc,0xcc,0xcc,0xcc,0xcc,0xcc,0xcc,0xcc,0xcc,0xcc,0xcc,0xcc,0xcc,0xcc,0xcc,0xcc,0xcc,
  0xcc,0xcc,0xcc,0xcc,0xcc,0xcc,0xcc,0xcc,0xcc,0xcc,0xcc,0xcc,0xcc,0xcc,0xcc,0xcc,0xcc,0xcc,0xcc,0xcc,
  0xcc,0xcc,0xcc,0xcc,0xcc,0xcc,0xcc,0xcc,0xcc,0xcc,0xcc,0xcc,0xcc,0xcc,0xcc,0xcc,0xcc,0xcc,0xcc,0xcc,
  0xcc,0xcc,0xcc,0xcc,0xcc,0xcc,0xcc,0xcc,0xcc,0xcc,0xcc,0xcc,0xcc,0xcc,0xcc,0xcc,0xcc,0xcc,0xcc,0xcc,
  0xcc,0xcc,0xcc,0xcc,0xcc,0xcc,0xcc,0xcc,0xcc,0xcc,0xcc,0xcc,0xcc,0xcc,0xcc,0xcc,0xcc,0xcc,0xcc,0xcc,
  0xcc,0xcc,0xcc,0xcc,0xcc,0xcc,0xcc,0xcc,0xcc,0xcc,0xcc,0xcc,0xcc,0xcc,0xcc,0xcc,0xcc,0xcc,0xcc,0xcc,
  0xcc,0xcc,0xcc,0xcc,0xcc,0xcc,0xcc,0xcc,0xcc,0xcc,0xcc,0xcc,0xcc,0xcc,0xcc,0xcc,0xcc,0xcc,0xcc,0xcc,
  0xcc,0xcc,0xcc,0xcc,0xcc,0xcc,0xcc,0xcc,0xcc,0xcc,0xcc,0xcc,0xcc,0xcc,0xcc,0xcc,0xcc,0xcc,0xcc,0xcc,
  0xcc,0xcc,0xcc,0xcc,0xcc,0xcc,0xcc,0xcc,0xcc,0xcc,0xcc,0xcc,0xcc,0xcc,0xcc,0xcc,0xcc,0xcc,0xcc,0xcc,
  0xcc,0xcc,0xcc,0xcc,0xcc,0xcc,0xcc,0xcc,0xcc,0xcc,0xcc,0xcc,0xcc,0xcc,0xcc,0xcc,0xcc,0xcc,0xcc,0xcc,
  0xcc,0xcc,0xcc,0xcc,0xcc,0xcc,0xcc,0xcc,0xcc,0xcc,0xcc,0xcc,0xcc,0xcc,0xcc,0xcc,
};
constexpr std::uint8_t cover_cartoon[] = {
  0xf9,0xfd,0xfe,0xff,0xf4,0xf8,0xfc,0xff,0xf3,0xf8,0xfb,0xff,0xf2,0xf8,0xfb,0xff,0xf1,0xf8,0xfb,0xff,
  0xe0,0xfa,0xf1,0xff,0xf0,0xf5,0xf8,0xff,0xed,0xf0,0xf4,0xff,0xe9,0xed,0xf0,0xff,0xdf,0xe6,0xe7,0xff,
  0xd6,0xdc,0xdf,0xff,0xd9,0xd0,0x83,0xff,0xbf,0x90,0x3b,0xff,0xf1,0x98,0x02,0xff,0x62,0x4f,0x30,0xff,
  0x17,0x12,0x0a,0xff,0x33,0x33,0x33,0x33,0x33,0x33,0x33,0x33,0x33,0x33,0x33,0x33,0x33,0x33,0x33,0x33,
  0x33,0x33,0x33,0x33,0x33,0x33,0x33,0x33,0x33,0x33,0x33,0x33,0x33,0x33,0x33,0x33,0x33,0x33,0x33,0x33,
  0x33,0x33,0x33,0x33,0x33,0x33,0x33,0x33,0x33,0x33,0x33,0x33,0x33,0x33,0x33,0x33,0x33,0x33,0x33,0x33,
  0x33,0x33,0x33,0x33,0x33,0x33,0x33,0x33,0x33,0x33,0x33,0x33,0x33,0x33,0x33,0x33,0x33,0x33,0x33,0x33,
  0x33,0x33,0x33,0x33,0x33,0x33,0x33,0x33,0x33,0x33,0x33,0x33,0x33,0x33,0x33,0x33,0x33,0x33,0x33,0x33,
  0x33,0x33,0x33,0x33,0x33,0x33,0x33,0x33,0x33,0x33,0x33,0x33,0x33,0x33,0x33,0x33,0x33,0x33,0x33,0x33,
  0x33,0x33,0x33,0x33,0x33,0x33,0x33,0x33,0x33,0x33,0x33,0x33,0x33,0x33,0x33,0x33,0x33,0x33,0x33,0x33,
  0x33,0x33,0x33,0x33,0x33,0x33,0x33,0x33,0x33,0x33,0x33,0x33,0x33,0x33,0x33,0x33,0x33,0x33,0x33,0x33,
  0x33,0x33,0x33,0x33,0x33,0x33,0x33,0x33,0x33,0x33,0x33,0x33,0x33,0x33,0x33,0x33,0x33,0x33,0x33,0x33,
  0x33,0x33,0x33,0x33,0x33,0x33,0x33,0x33,0x33,0x33,0x33,0x33,0x33,0x33,0x33,0x33,0x33,0x33,0x33,0x33,
  0x33,0x33,0x33,0x33,0x33,0x33,0x33,0x33,0x33,0x33,0x33,0x33,0x33,0x33,0x33,0x33,0x33,0x33,0x33,0x33,
  0x33,0x33,0x33,0x33,0x33,0x33,0x33,0x33,0x33,0x33,0x33,0x33,0x33,0x33,0x33,0x33,0x33,0x33,0x33,0x33,
  0x33,0x33,0x33,0x33,0x33,0x33,0x33,0x33,0x33,0x33,0x33,0x33,0x33,0x33,0x33,0x33,0x33,0x33,0x33,0x33,
  0x33,0x33,0x33,0x33,0x33,0x33,0x33,0x33,0x33,0x33,0x33,0x33,0x33,0x33,0x33,0x33,0x33,0x33,0x33,0x33,
  0x33,0x33,0x33,0x33,0x33,0x33,0x33,0x33,0x33,0x33,0x33,0x33,0x33,0x33,0x33,0x33,0x33,0x33,0x33,0x33,
  0x33,0x33,0x33,0x33,0x33,0x33,0x33,0x33,0x33,0x33,0x33,0x33,0x33,0x33,0x33,0x33,0x33,0x33,0x33,0x33,
  0x33,0x33,0x33,0x33,0x33,0x33,0x33,0x33,0x33,0x33,0x33,0x33,0x33,0x33,0x33,0x33,0x33,0x33,0x33,0x33,
  0x33,0x33,0x33,0x33,0x33,0x33,0x33,0x33,0x33,0x33,0x33,0x33,0x33,0x33,0x33,0x33,0x33,0x33,0x33,0x33,
  0x33,0x33,0x33,0x33,0x33,0x33,0x33,0x33,0x33,0x33,0x33,0x33,0x33,0x33,0x33,0x33,0x33,0x33,0x33,0x33,
  0x33,0x33,0x33,0x33,0x33,0x33,0x33,0x33,0x33,0x33,0x33,0x33,0x33,0x33,0x33,0x33,0x33,0x33,0x33,0x33,
  0x33,0x33,0x33,0x33,0x33,0x33,0x33,0x33,0x33,0x33,0x33,0x33,0x33,0x33,0x33,0x33,0x33,0x33,0x33,0x33,
  0x33,0x33,0x33,0x33,0x33,0x33,0x33,0x33,0x33,0x33,0x33,0x33,0x33,0x33,0x33,0x33,0x33,0x33,0x33,0x33,
  0x33,0x33,0x33,0x33,0x33,0x33,0x33,0x33,0x33,0x33,0x33,0x33,0x33,0x33,0x33,0x33,0x33,0x33,0x33,0x33,
  0x33,0x33,0x33,0x33,0x33,0x33,0x33,0x33,0x33,0x33,0x33,0x33,0x33,0x33,0x33,0x33,0x33,0x33,0x33,0x33,
  0x33,0x33,0x33,0x33,0x33,0x33,0x33,0x33,0x33,0x33,0x33,0x33,0x33,0x33,0x33,0x33,0x33,0x33,0x33,0x33,
  0x33,0x33,0x33,0x33,0x33,0x33,0x33,0x33,0x33,0x33,0x33,0x33,0x33,0x33,0x33,0x33,0x33,0x33,0x33,0x33,
  0x33,0x33,0x33,0x33,0x33,0x33,0x33,0x33,0x33,0x33,0x33,0x33,0x33,0x33,0x33,0x33,0x33,0x33,0x33,0x33,
  0x33,0x33,0x33,0x33,0x33,0x33,0x33,0x33,0x33,0x33,0x33,0x33,0x33,0x33,0x33,0x33,0x33,0x33,0x33,0x33,
  0x33,0x33,0x33,0x33,0x33,0x33,0x33,0x33,0x33,0x33,0x33,0x33,0x33,0x33,0x33,0x33,0x33,0x33,0x33,0x33,
  0x33,0x33,0x33,0x33,0x33,0x33,0x33,0x33,0x33,0x33,0x33,0x33,0x33,0x33,0x33,0x33,0x33,0x33,0x33,0x33,
  0x33,0x33,0x33,0x33,0x33,0x33,0x33,0x33,0x33,0x33,0x33,0x33,0x33,0x33,0x33,0x33,0x33,0x33,0x33,0x33,
  0x33,0x33,0x33,0x33,0x33,0x33,0x33,0x33,0x33,0x33,0x33,0x33,0x33,0x33,0x33,0x33,0x33,0x33,0x33,0x33,
  0x33,0x33,0x33,0x33,0x33,0x33,0x33,0x33,0x33,0x33,0x33,0x33,0x33,0x33,0x33,0x33,0x33,0x33,0x33,0x33,
  0x33,0x33,0x33,0x33,0x33,0x33,0x33,0x33,0x33,0x33,0x33,0x33,0x33,0x33,0x33,0x33,0x33,0x33,0x33,0x33,
  0x33,0x33,0x33,0x33,0x33,0x33,0x33,0x33,0x33,0x33,0x33,0x33,0x33,0x33,0x33,0x33,0x33,0x33,0x33,0x33,
  0x33,0x33,0x33,0x33,0x33,0x33,0x33,0x33,0x33,0x33,0x33,0x33,0x33,0x33,0x33,0x33,0x33,0x33,0x33,0x33,
  0x33,0x33,0x33,0x33,0x33,0x33,0x33,0x33,0x33,0x33,0x33,0x33,0x33,0x33,0x33,0x33,0x33,0x33,0x33,0x33,
  0x33,0x33,0x33,0x33,0x33,0x33,0x33,0x33,0x33,0x33,0x33,0x33,0x33,0x33,0x33,0x33,0x33,0x33,0x33,0x33,
  0x33,0x33,0x33,0x33,0x33,0x33,0x33,0x33,0x33,0x33,0x33,0x33,0x33,0x33,0x33,0x33,0x33,0x33,0x33,0x33,
  0x33,0x33,0x33,0x33,0x33,0x33,0x33,0x33,0x33,0x33,0x33,0x33,0x33,0x33,0x33,0x33,0x33,0x33,0x33,0x33,
  0x33,0x33,0x33,0x33,0x33,0x33,0x33,0x33,0x33,0x33,0x33,0x33,0x33,0x33,0x33,0x33,0x33,0x33,0x33,0x33,
  0x33,0x33,0x33,0x33,0x33,0x33,0x33,0x33,0x33,0x33,0x33,0x33,0x33,0x33,0x33,0x33,0x33,0x33,0x33,0x33,
  0x33,0x33,0x33,0x33,0x33,0x33,0x33,0x33,0x33,0x33,0x33,0x33,0x33,0x33,0x33,0x33,0x33,0x33,0x33,0x33,
  0x33,0x33,0x33,0x33,0x33,0x33,0x33,0x33,0x33,0x33,0x33,0x33,0x33,0x33,0x33,0x33,0x33,0x33,0x33,0x33,
  0x33,0x33,0x33,0x33,0x33,0x33,0x33,0x33,0x33,0x33,0x33,0x33,0x33,0x33,0x33,0x33,0x33,0x33,0x33,0x33,
  0x33,0x33,0x33,0x33,0x33,0x33,0x33,0x33,0x33,0x33,0x33,0x33,0x33,0x33,0x33,0x33,0x33,0x33,0x33,0x33,
  0x33,0x33,0x33,0x33,0x33,0x33,0x33,0x33,0x33,0x33,0x33,0x33,0x33,0x33,0x33,0x33,0x33,0x33,0x33,0x33,
  0x33,0x33,0x33,0x33,0x33,0x33,0x33,0x33,0x33,0x33,0x33,0x33,0x33,0x33,0x33,0x33,0x33,0x33,0x33,0x33,
  0x33,0x33,0x33,0x33,0x33,0x33,0x33,0x33,0x33,0x33,0x33,0x33,0x33,0x33,0x33,0x33,0x33,0x33,0x33,0x33,
  0x33,0x33,0x33,0x33,0x33,0x33,0x33,0x33,0x33,0x33,0x33,0x33,0x33,0x33,0x33,0x33,0x33,0x33,0x33,0x33,
  0x33,0x33,0x33,0x33,0x33,0x33,0x33,0x33,0x33,0x33,0x33,0x33,0x33,0x33,0x33,0x33,0x33,0x33,0x33,0x33,
  0x33,0x33,0x33,0x33,0x33,0x33,0x33,0x33,0x33,0x33,0x33,0x33,0x33,0x33,0x33,0x33,0x33,0x33,0x33,0x33,
  0x33,0x33,0x33,0x33,0x33,0x33,0x33,0x33,0x33,0x33,0x33,0x33,0x33,0x33,0x33,0x33,0x33,0x33,0x33,0x33,
  0x33,0x33,0x33,0x33,0x33,0x33,0x33,0x33,0x33,0x33,0x33,0x33,0x33,0x33,0x33,0x33,0x33,0x33,0x33,0x33,
  0x33,0x33,0x33,0x33,0x33,0x33,0x33,0x33,0x33,0x33,0x33,0x33,0x33,0x33,0x33,0x33,0x33,0x33,0x33,0x33,
  0x33,0x33,0x33,0x33,0x33,0x33,0x33,0x33,0x33,0x33,0x33,0x33,0x33,0x33,0x33,0x33,0x33,0x33,0x33,0x33,
  0x33,0x33,0x33,0x33,0x33,0x33,0x33,0x33,0x33,0x33,0x33,0x33,0x33,0x33,0x33,0x33,0x33,0x33,0x33,0x33,
  0x33,0x33,0x33,0x33,0x33,0x33,0x33,0x33,0x33,0x33,0x33,0x33,0x33,0x33,0x33,0x33,0x33,0x33,0x33,0x33,
  0x33,0x33,0x33,0x33,0x33,0x33,0x33,0x33,0x33,0x33,0x33,0x33,0x33,0x33,0x33,0x33,0x33,0x33,0x33,0x33,
  0x33,0x33,0x33,0x33,0x33,0x33,0x33,0x33,0x33,0x33,0x33,0x33,0x33,0x33,0x33,0x33,0x33,0x33,0x33,0x33,
  0x33,0x33,0x33,0x33,0x33,0x33,0x33,0x33,0x33,0x33,0x33,0x33,0x33,0x33,0x33,0x33,0x33,0x33,0x33,0x33,
  0x33,0x33,0x33,0x33,0x33,0x33,0x33,0x33,0x33,0x33,0x33,0x33,0x33,0x33,0x33,0x33,0x33,0x33,0x33,0x33,
  0x33,0x33,0x33,0x33,0x33,0x33,0x33,0x33,0x33,0x33,0x33,0x33,0x33,0x33,0x33,0x33,0x33,0x33,0x33,0x33,
  0x33,0x33,0x33,0x33,0x33,0x33,0x33,0x33,0x33,0x33,0x33,0x33,0x33,0x33,0x33,0x33,0x33,0x33,0x33,0x33,
  0x33,0x33,0x33,0x33,0x33,0x33,0x33,0x33,0x33,0x33,0x33,0x33,0x33,0x33,0x33,0x33,0x33,0x33,0x33,0x33,
  0x33,0x33,0x33,0x33,0x33,0x33,0x33,0x33,0x33,0x33,0x33,0x33,0x33,0x33,0x33,0x33,0x33,0x33,0x33,0x33,
  0x33,0x33,0x33,0x33,0x33,0x33,0x33,0x33,0x33,0x33,0x33,0x33,0x33,0x33,0x33,0x33,0x33,0x33,0x33,0x33,
  0x33,0x33,0x33,0x33,0x33,0x33,0x33,0x33,0x33,0x33,0x33,0x33,0x33,0x33,0x33,0x33,0x33,0x33,0x33,0x33,
  0x33,0x33,0x33,0x33,0x33,0x33,0x33,0x33,0x33,0x33,0x33,0x33,0x33,0x33,0x33,0x33,0x33,0x33,0x33,0x33,
  0x33,0x33,0x33,0x33,0x33,0x33,0x33,0x33,0x33,0x33,0x33,0x33,0x33,0x33,0x33,0x33,0x33,0x33,0x33,0x33,
  0x33,0x33,0x33,0x33,0x33,0x33,0x33,0x33,0x33,0x33,0x33,0x33,0x33,0x33,0x33,0x33,0x33,0x33,0x33,0x33,
  0x33,0x33,0x33,0x33,0x33,0x33,0x33,0x33,0x33,0x33,0x33,0x33,0x33,0x33,0x33,0x33,0x33,0x33,0x33,0x33,
  0x33,0x33,0x33,0x33,0x33,0x33,0x33,0x33,0x33,0x33,0x33,0x33,0x33,0x33,0x33,0x33,0x33,0x33,0x33,0x33,
  0x33,0x33,0x33,0x33,0x33,0x33,0x33,0x33,0x33,0x33,0x33,0x33,0x33,0x33,0x33,0x33,0x33,0x33,0x33,0x33,
  0x33,0x33,0x33,0x33,0x33,0x33,0x33,0x33,0x33,0x33,0x33,0x33,0x33,0x33,0x33,0x33,0x33,0x33,0x33,0x33,
  0x33,0x33,0x33,0x33,0x33,0x33,0x33,0x33,0x33,0x33,0x33,0x33,0x33,0x33,0x33,0x33,0x33,0x33,0x33,0x33,
  0x33,0x33,0x33,0x33,0x33,0x33,0x33,0x33,0x33,0x33,0x33,0x33,0x33,0x33,0x33,0x33,0x33,0x33,0x33,0x33,
  0x33,0x33,0x33,0x33,0x33,0x33,0x33,0x33,0x33,0x33,0x33,0x33,0x33,0x33,0x33,0x33,0x33,0x33,0x33,0x33,
  0x33,0x33,0x33,0x33,0x33,0x33,0x33,0x33,0x33,0x33,0x33,0x33,0x33,0x33,0x33,0x33,0x33,0x33,0x33,0x33,
  0x33,0x33,0x33,0x33,0x33,0x33,0x33,0x33,0x33,0x33,0x33,0x33,0x33,0x33,0x33,0x33,0x33,0x33,0x33,0x33,
  0x33,0x33,0x33,0x33,0x33,0x33,0x33,0x33,0x33,0x33,0x33,0x33,0x33,0x33,0x33,0x33,0x33,0x33,0x33,0x33,
  0x33,0x33,0x33,0x33,0x33,0x33,0x33,0x33,0x33,0x33,0x33,0x33,0x33,0x33,0x33,0x33,0x33,0x33,0x33,0x33,
  0x33,0x33,0x33,0x33,0x33,0x33,0x33,0x33,0x33,0x33,0x33,0x33,0x33,0x33,0x33,0x33,0x33,0x33,0x33,0x33,
  0x33,0x33,0x33,0x33,0x33,0x33,0x33,0x33,0x33,0x33,0x33,0x33,0x33,0x33,0x33,0x33,0x33,0x33,0x33,0x33,
  0x33,0x33,0x33,0x33,0x33,0x33,0x33,0x33,0x33,0x33,0x33,0x33,0x33,0x33,0x33,0x33,0x33,0x33,0x33,0x33,
  0x33,0x33,0x33,0x33,0x33,0x33,0x33,0x33,0x33,0x33,0x33,0x33,0x33,0x33,0x33,0x33,0x33,0x33,0x33,0x33,
  0x33,0x33,0x33,0x33,0x33,0x33,0x33,0x33,0x33,0x33,0x33,0x33,0x33,0x33,0x33,0x33,0x33,0x33,0x33,0x33,
  0x33,0x33,0x33,0x33,0x33,0x33,0x33,0x33,0x33,0x33,0x33,0x33,0x33,0x33,0x33,0x33,0x33,0x33,0x33,0x33,
  0x33,0x33,0x33,0x33,0x33,0x33,0x33,0x33,0x33,0x33,0x33,0x33,0x33,0x33,0x33,0x33,0x33,0x33,0x33,0x33,
  0x33,0x33,0x33,0x33,0x33,0x33,0x33,0x33,0x33,0x33,0x33,0x33,0x33,0x33,0x33,0x33,0x33,0x33,0x33,0x33,
  0x33,0x33,0x33,0x33,0x33,0x33,0x33,0x33,0x33,0x33,0x33,0x33,0x33,0x33,0x33,0x33,0x33,0x33,0x33,0x33,
  0x33,0x33,0x33,0x33,0x33,0x33,0x33,0x33,0x33,0x33,0x33,0x33,0x33,0x33,0x33,0x33,0x33,0x33,0x33,0x33,
  0x33,0x33,0x33,0x33,0x33,0x33,0x33,0x33,0x33,0x33,0x33,0x33,0x33,0x33,0x33,0x33,0x33,0x33,0x33,0x33,
  0x33,0x33,0x33,0x33,0x33,0x33,0x33,0x33,0x33,0x33,0x33,0x33,0x33,0x33,0x33,0x33,0x33,0x33,0x33,0x33,
  0x33,0x33,0x33,0x33,0x33,0x33,0x33,0x33,0x33,0x33,0x33,0x33,0x33,0x33,0x33,0x33,0x33,0x33,0x33,0x33,
  0x33,0x33,0x33,0x33,0x33,0x33,0x33,0x33,0x33,0x33,0x33,0x33,0x33,0x33,0x33,0x33,0x33,0x33,0x33,0x33,
  0x33,0x33,0x33,0x33,0x33,0x33,0x33,0x33,0x33,0x33,0x33,0x33,0x33,0x33,0x33,0x33,0x33,0x33,0x33,0x33,
  0x33,0x33,0x33,0x33,0x33,0x33,0x33,0x33,0x33,0x33,0x33,0x33,0x33,0x33,0x33,0x33,0x33,0x33,0x33,0x33,
  0x33,0x33,0x33,0x33,0x33,0x33,0x33,0x33,0x33,0x33,0x33,0x33,0x33,0x33,0x33,0x33,0x33,0x33,0x33,0x33,
  0x33,0x33,0x33,0x33,0x33,0x33,0x33,0x33,0x33,0x33,0x33,0x33,0x33,0x33,0x33,0x33,0x33,0x33,0x33,0x33,
  0x33,0x33,0x33,0x33,0x33,0x33,0x33,0x33,0x33,0x33,0x33,0x33,0x33,0x33,0x33,0x33,0x33,0x33,0x33,0x33,
  0x33,0x33,0x33,0x33,0x33,0x33,0x33,0x33,0x33,0x33,0x33,0x33,0x33,0x33,0x33,0x33,0x33,0x33,0x33,0x33,
  0x33,0x33,0x33,0x33,0x33,0x33,0x33,0x33,0x33,0x33,0x33,0x33,0x33,0x33,0x33,0x33,0x33,0x33,0x33,0x33,
  0x33,0x33,0x33,0x33,0x33,0x33,0x33,0x33,0x33,0x33,0x33,0x33,0x33,0x33,0x33,0x33,0x33,0x33,0x33,0x33,
  0x33,0x33,0x33,0x33,0x33,0x33,0x33,0x33,0x33,0x33,0x33,0x33,0x33,0x33,0x33,0x33,0x33,0x33,0x33,0x33,
  0x33,0x33,0x33,0x33,0x33,0x33,0x33,0x33,0x33,0x33,0x33,0x33,0x33,0x33,0x33,0x33,0x33,0x33,0x33,0x33,
  0x33,0x33,0x33,0x33,0x33,0x33,0x33,0x33,0x33,0x33,0x33,0x33,0x33,0x33,0x33,0x33,0x33,0x33,0x33,0x33,
  0x33,0x33,0x33,0x33,0x33,0x33,0x33,0x33,0x33,0x33,0x33,0x33,0x33,0x33,0x33,0x33,0x33,0x33,0x33,0x33,
  0x33,0x33,0x33,0x33,0x33,0x33,0x33,0x33,0x33,0x33,0x33,0x33,0x33,0x33,0x33,0x33,0x33,0x33,0x33,0x33,
  0x33,0x33,0x33,0x33,0x33,0x33,0x33,0x33,0x33,0x33,0x33,0x33,0x33,0x33,0x33,0x33,0x33,0x33,0x33,0x33,
  0x33,0x33,0x33,0x33,0x33,0x33,0x33,0x33,0x33,0x33,0x33,0x33,0x33,0x33,0x33,0x33,0x33,0x33,0x33,0x33,
  0x33,0x33,0x33,0x33,0x33,0x33,0x33,0x33,0x33,0x33,0x33,0x33,0x33,0x33,0x33,0x33,0x33,0x33,0x33,0x33,
  0x33,0x33,0x33,0x33,0x33,0x33,0x33,0x33,0x33,0x33,0x33,0x33,0x33,0x33,0x33,0x33,0x33,0x33,0x33,0x33,
  0x33,0x33,0x33,0x33,0x33,0x33,0x33,0x33,0x33,0x33,0x33,0x33,0x33,0x33,0x33,0x33,0x33,0x33,0x33,0x33,
  0x33,0x33,0x33,0x33,0x33,0x33,0x33,0x33,0x33,0x33,0x33,0x33,0x33,0x33,0x33,0x33,0x33,0x33,0x33,0x33,
  0x33,0x33,0x33,0x33,0x33,0x33,0x33,0x33,0x33,0x33,0x33,0x33,0x33,0x33,0x33,0x33,0x33,0x33,0x33,0x33,
  0x33,0x33,0x33,0x33,0x33,0x33,0x33,0x33,0x33,0x33,0x33,0x33,0x33,0x33,0x33,0x33,0x33,0x33,0x33,0x33,
  0x33,0x33,0x33,0x33,0x33,0x33,0x33,0x33,0x33,0x33,0x33,0x33,0x33,0x33,0x33,0x33,0x33,0x33,0x33,0x33,
  0x33,0x33,0x33,0x33,0x33,0x33,0x33,0x33,0x33,0x33,0x33,0x33,0x33,0x33,0x33,0x33,0x33,0x33,0x33,0x33,
  0x33,0x33,0x33,0x33,0x33,0x33,0x33,0x33,0x33,0x33,0x33,0x33,0x33,0x33,0x33,0x33,0x33,0x33,0x33,0x33,
  0x33,0x33,0x33,0x33,0x33,0x33,0x33,0x33,0x33,0x33,0x33,0x33,0x33,0x33,0x33,0x33,0x33,0x33,0x33,0x33,
  0x33,0x33,0x33,0x33,0x33,0x33,0x33,0x33,0x33,0x33,0x33,0x33,0x33,0x33,0x33,0x33,0x33,0x33,0x33,0x33,
  0x33,0x33,0x33,0x33,0x33,0x33,0x33,0x33,0x33,0x33,0x33,0x33,0x33,0x33,0x33,0x33,0x33,0x33,0x33,0x33,
  0x33,0x33,0x33,0x33,0x33,0x33,0x33,0x33,0x33,0x33,0x33,0x33,0x33,0x33,0x33,0x33,0x33,0x33,0x33,0x33,
  0x33,0x33,0x33,0x33,0x33,0x33,0x33,0x33,0x33,0x33,0x33,0x33,0x33,0x33,0x33,0x33,0x33,0x33,0x33,0x33,
  0x33,0x33,0x33,0x33,0x33,0x33,0x33,0x33,0x33,0x33,0x33,0x33,0x33,0x33,0x33,0x33,0x33,0x33,0x33,0x33,
  0x33,0x33,0x33,0x33,0x33,0x33,0x33,0x33,0x33,0x33,0x33,0x33,0x33,0x33,0x33,0x33,0x33,0x33,0x33,0x33,
  0x33,0x33,0x33,0x33,0x33,0x33,0x33,0x33,0x33,0x33,0x33,0x33,0x33,0x33,0x33,0x33,0x33,0x33,0x33,0x33,
  0x33,0x33,0x33,0x33,0x33,0x33,0x33,0x33,0x33,0x33,0x33,0x33,0x33,0x33,0x33,0x33,0x33,0x33,0x33,0x33,
  0x33,0x33,0x33,0x33,0x33,0x33,0x33,0x33,0x33,0x33,0x33,0x33,0x33,0x33,0x33,0x33,0x33,0x33,0x33,0x33,
  0x33,0x33,0x33,0x33,0x33,0x33,0x33,0x33,0x33,0x33,0x33,0x33,0x33,0x33,0x33,0x33,0x33,0x33,0x33,0x33,
  0x33,0x33,0x33,0x33,0x33,0x33,0x33,0x33,0x33,0x33,0x33,0x33,0x33,0x33,0x33,0x33,0x33,0x33,0x33,0x33,
  0x33,0x33,0x33,0x33,0x33,0x33,0x33,0x33,0x33,0x33,0x33,0x33,0x33,0x33,0x33,0x33,0x33,0x33,0x33,0x33,
  0x33,0x33,0x33,0x33,0x33,0x33,0x33,0x33,0x33,0x33,0x33,0x33,0x33,0x33,0x33,0x33,0x33,0x33,0x33,0x33,
  0x33,0x33,0x33,0x33,0x33,0x33,0x33,0x33,0x33,0x33,0x33,0x33,0x33,0x33,0x33,0x33,0x33,0x33,0x33,0x33,
  0x33,0x33,0x33,0x33,0x33,0x33,0x33,0x33,0x33,0x33,0x33,0x33,0x33,0x33,0x33,0x33,0x33,0x33,0x33,0x33,
  0x33,0x33,0x33,0x33,0x33,0x33,0x33,0x33,0x33,0x33,0x33,0x33,0x33,0x33,0x33,0x33,0x33,0x33,0x33,0x33,
  0x33,0x33,0x33,0x33,0x33,0x33,0x33,0x33,0x33,0x33,0x33,0x33,0x33,0x33,0x33,0x33,0x33,0x33,0x33,0x33,
  0x33,0x33,0x33,0x33,0x33,0x33,0x33,0x33,0x33,0x33,0x33,0x33,0x33,0x33,0x33,0x33,0x33,0x33,0x33,0x33,
  0x33,0x33,0x33,0x33,0x33,0x33,0x33,0x33,0x33,0x33,0x33,0x33,0x33,0x33,0x33,0x33,0x33,0x33,0x33,0x33,
  0x33,0x33,0x33,0x33,0x33,0x33,0x33,0x33,0x33,0x33,0x33,0x33,0x33,0x33,0x33,0x33,0x33,0x33,0x33,0x33,
  0x33,0x33,0x33,0x33,0x33,0x33,0x33,0x33,0x33,0x33,0x33,0x33,0x33,0x33,0x33,0x33,0x33,0x33,0x33,0x33,
  0x33,0x33,0x33,0x33,0x33,0x33,0x33,0x33,0x33,0x33,0x33,0x33,0x33,0x33,0x33,0x33,0x33,0x33,0x33,0x33,
  0x33,0x33,0x33,0x33,0x33,0x33,0x33,0x33,0x33,0x33,0x33,0x33,0x33,0x33,0x33,0x33,0x33,0x33,0x33,0x33,
  0x33,0x33,0x33,0x33,0x33,0x33,0x33,0x33,0x33,0x33,0x33,0x33,0x33,0x33,0x33,0x33,0x33,0x33,0x33,0x33,
  0x33,0x33,0x33,0x33,0x33,0x33,0x33,0x33,0x33,0x33,0x33,0x33,0x33,0x33,0x33,0x33,0x33,0x33,0x33,0x33,
  0x33,0x33,0x33,0x33,0x33,0x33,0x33,0x33,0x33,0x33,0x33,0x33,0x33,0x33,0x33,0x33,0x33,0x33,0x33,0x33,
  0x33,0x33,0x33,0x33,0x33,0x33,0x33,0x33,0x33,0x33,0x33,0x33,0x33,0x33,0x33,0x33,0x33,0x33,0x33,0x33,
  0x33,0x33,0x33,0x33,0x33,0x33,0x33,0x33,0x33,0x33,0x33,0x33,0x33,0x33,0x33,0x33,0x33,0x33,0x33,0x33,
  0x33,0x33,0x33,0x33,0x33,0x33,0x33,0x33,0x33,0x33,0x33,0x33,0x33,0x33,0x33,0x33,0x33,0x33,0x33,0x33,
  0x33,0x33,0x33,0x33,0x33,0x33,0x33,0x33,0x33,0x33,0x33,0x33,0x33,0x33,0x33,0x33,0x33,0x33,0x33,0x33,
  0x33,0x33,0x33,0x33,0x33,0x33,0x33,0x33,0x33,0x33,0x33,0x33,0x33,0x33,0x33,0x33,0x33,0x33,0x33,0x33,
  0x33,0x33,0x33,0x33,0x33,0x33,0x33,0x33,0x33,0x13,0x33,0x33,0x33,0x33,0x33,0x33,0x33,0x33,0x33,0x33,
  0x33,0x33,0x33,0x33,0x33,0x33,0x33,0x33,0x33,0x33,0x33,0x33,0x33,0x33,0x33,0x33,0x33,0x33,0x33,0x33,
  0x33,0x33,0x33,0x33,0x33,0x33,0x33,0x33,0x33,0x33,0x33,0x33,0x33,0x33,0x33,0x33,0x33,0x33,0x33,0x33,
  0x33,0x33,0x33,0x33,0x33,0x33,0x33,0x33,0x33,0x33,0x33,0x33,0x33,0x33,0x33,0x33,0x33,0x33,0x33,0x33,
  0x33,0x33,0x33,0x33,0x33,0x33,0x33,0x33,0x33,0x33,0x33,0x33,0x33,0x33,0x33,0x33,0x33,0x33,0x33,0x33,
  0x33,0x33,0x33,0x33,0x36,0x66,0x66,0x66,0x66,0x66,0x43,0x33,0x33,0x33,0x33,0x33,0x33,0x33,0x33,0x33,
  0x33,0x33,0x33,0x33,0x33,0x33,0x33,0x33,0x33,0x33,0x33,0x33,0x33,0x33,0x33,0x33,0x33,0x33,0x33,0x33,
  0x33,0x33,0x33,0x33,0x33,0x33,0x33,0x33,0x33,0x33,0x33,0x33,0x33,0x33,0x33,0x33,0x33,0x33,0x33,0x33,
  0x33,0x33,0x33,0x33,0x33,0x33,0x33,0x33,0x33,0x33,0x33,0x33,0x33,0x33,0x33,0x33,0x33,0x33,0x33,0x33,
  0x33,0x33,0x33,0x33,0x33,0x33,0x33,0x33,0x33,0x33,0x33,0x33,0x33,0x33,0x33,0x33,0x33,0x33,0x34,0x67,
  0x67,0x77,0x77,0x77,0x77,0x77,0x77,0x63,0x32,0x13,0x33,0x33,0x33,0x33,0x33,0x33,0x33,0x33,0x33,0x33,
  0x33,0x33,0x33,0x33,0x33,0x33,0x33,0x33,0x33,0x33,0x33,0x33,0x33,0x33,0x33,0x33,0x33,0x33,0x33,0x33,
  0x33,0x33,0x33,0x33,0x33,0x33,0x33,0x33,0x33,0x33,0x33,0x33,0x33,0x33,0x33,0x33,0x33,0x33,0x33,0x33,
  0x33,0x33,0x33,0x33,0x33,0x33,0x33,0x33,0x33,0x33,0x33,0x33,0x33,0x33,0x33,0x33,0x33,0x33,0x33,0x33,
  0x33,0x33,0x33,0x33,0x33,0x33,0x33,0x33,0x33,0x33,0x33,0x33,0x33,0x36,0x77,0x77,0x77,0x77,0x77,0x88,
  0x77,0x77,0x77,0x77,0x76,0x63,0x13,0x33,0x33,0x33,0x33,0x33,0x33,0x33,0x33,0x33,0x33,0x33,0x33,0x33,
  0x33,0x33,0x33,0x33,0x33,0x33,0x33,0x33,0x33,0x33,0x33,0x33,0x33,0x33,0x33,0x33,0x33,0x33,0x33,0x33,
  0x33,0x33,0x33,0x33,0x33,0x33,0x33,0x33,0x33,0x33,0x33,0x33,0x33,0x33,0x33,0x33,0x33,0x33,0x33,0x33,
  0x33,0x33,0x33,0x33,0x33,0x33,0x33,0x33,0x33,0x33,0x33,0x33,0x33,0x33,0x33,0x33,0x33,0x33,0x33,0x33,
  0x33,0x33,0x33,0x33,0x33,0x33,0x33,0x33,0x36,0x77,0x77,0x77,0x88,0x88,0x88,0x88,0x88,0x88,0x88,0x77,
  0x77,0x77,0x41,0x33,0x33,0x33,0x33,0x33,0x33,0x33,0x33,0x33,0x33,0x33,0x33,0x33,0x33,0x33,0x33,0x33,
  0x33,0x33,0x33,0x33,0x33,0x33,0x33,0x33,0x33,0x33,0x33,0x33,0x33,0x33,0x33,0x33,0x33,0x33,0x33,0x33,
  0x33,0x33,0x33,0x33,0x33,0x33,0x33,0x33,0x33,0x33,0x33,0x33,0x33,0x33,0x33,0x33,0x33,0x33,0x33,0x33,
  0x33,0x33,0x33,0x33,0x33,0x33,0x33,0x33,0x33,0x33,0x33,0x33,0x33,0x33,0x33,0x33,0x33,0x33,0x33,0x33,
  0x33,0x33,0x33,0x36,0x77,0x77,0x78,0x88,0x88,0x88,0x88,0x88,0x88,0x88,0x88,0x88,0x77,0x77,0x76,0x33,
  0x33,0x33,0x33,0x33,0x33,0x33,0x33,0x33,0x33,0x33,0x33,0x33,0x33,0x33,0x33,0x33,0x33,0x33,0x33,0x33,
  0x33,0x33,0x33,0x33,0x33,0x33,0x33,0x33,0x33,0x33,0x33,0x33,0x33,0x33,0x33,0x33,0x33,0x33,0x33,0x33,
  0x33,0x33,0x33,0x33,0x33,0x33,0x33,0x33,0x33,0x33,0x33,0x33,0x33,0x33,0x33,0x33,0x33,0x33,0x33,0x33,
  0x33,0x33,0x33,0x33,0x33,0x33,0x33,0x33,0x33,0x33,0x33,0x33,0x33,0x33,0x33,0x33,0x33,0x33,0x33,0x77,
  0x77,0x78,0x88,0x88,0x88,0x98,0x88,0x76,0x67,0x78,0x89,0x98,0x88,0x87,0x77,0x76,0x33,0x33,0x33,0x33,
  0x33,0x33,0x33,0x33,0x33,0x33,0x33,0x33,0x33,0x33,0x33,0x33,0x33,0x33,0x33,0x33,0x33,0x33,0x33,0x33,
  0x33,0x33,0x33,0x33,0x33,0x33,0x33,0x33,0x33,0x33,0x33,0x33,0x33,0x33,0x33,0x33,0x33,0x33,0x33,0x33,
  0x33,0x33,0x33,0x33,0x33,0x33,0x33,0x33,0x33,0x33,0x33,0x33,0x33,0x33,0x33,0x33,0x33,0x33,0x33,0x33,
  0x33,0x33,0x33,0x33,0x33,0x33,0x33,0x33,0x33,0x33,0x33,0x33,0x33,0x33,0x67,0x77,0x78,0x88,0x88,0x89,
  0x86,0x16,0x9a,0xaa,0xaa,0xa9,0x71,0x68,0x99,0x88,0x87,0x77,0x63,0x33,0x33,0x33,0x33,0x33,0x33,0x33,
  0x33,0x33,0x33,0x33,0x33,0x33,0x33,0x33,0x33,0x33,0x33,0x33,0x33,0x33,0x33,0x33,0x33,0x33,0x33,0x33,
  0x33,0x33,0x33,0x33,0x33,0x33,0x33,0x33,0x33,0x33,0x33,0x33,0x33,0x33,0x33,0x33,0x33,0x33,0x33,0x33,
  0x33,0x33,0x33,0x33,0x33,0x33,0x33,0x33,0x33,0x33,0x33,0x33,0x33,0x33,0x33,0x33,0x33,0x33,0x33,0x33,
  0x33,0x33,0x33,0x33,0x33,0x33,0x33,0x33,0x33,0x16,0x77,0x77,0x88,0x88,0x99,0x71,0x9a,0xce,0xee,0xff,
  0xff,0xee,0xec,0xb9,0x17,0x98,0x88,0x77,0x76,0x22,0x23,0x33,0x33,0x33,0x33,0x33,0x33,0x33,0x33,0x33,
  0x33,0x33,0x33,0x33,0x33,0x33,0x33,0x33,0x33,0x33,0x33,0x33,0x33,0x33,0x33,0x33,0x33,0x33,0x33,0x33,
  0x33,0x33,0x33,0x33,0x33,0x33,0x33,0x33,0x33,0x33,0x33,0x33,0x33,0x33,0x33,0x33,0x33,0x33,0x33,0x33,
  0x33,0x33,0x33,0x33,0x33,0x33,0x33,0x33,0x33,0x33,0x33,0x33,0x33,0x33,0x33,0x33,0x33,0x33,0x33,0x33,
  0x33,0x33,0x33,0x33,0x32,0x27,0x77,0x88,0x88,0x89,0x66,0xac,0xef,0xff,0xff,0xff,0xff,0xff,0xff,0xfe,
  0xca,0x18,0x98,0x87,0x77,0x62,0x23,0x33,0x33,0x33,0x33,0x33,0x33,0x33,0x33,0x33,0x33,0x33,0x33,0x33,
  0x33,0x33,0x33,0x33,0x33,0x33,0x33,0x33,0x33,0x33,0x33,0x33,0x33,0x33,0x33,0x33,0x33,0x33,0x33,0x33,
  0x33,0x33,0x33,0x33,0x33,0x33,0x33,0x33,0x33,0x33,0x33,0x33,0x33,0x33,0x33,0x33,0x33,0x33,0x33,0x33,
  0x33,0x33,0x33,0x33,0x33,0x33,0x33,0x33,0x33,0x33,0x33,0x33,0x33,0x33,0x33,0x33,0x33,0x33,0x33,0x33,
  0x34,0x77,0x78,0x88,0x89,0x83,0xae,0xff,0xff,0xee,0xcb,0xaa,0xaa,0xbb,0xee,0xff,0xff,0xea,0x29,0x88,
  0x77,0x76,0x23,0x33,0x33,0x33,0x33,0x33,0x33,0x33,0x33,0x33,0x33,0x33,0x33,0x33,0x33,0x33,0x33,0x33,
  0x33,0x33,0x33,0x33,0x33,0x33,0x33,0x33,0x33,0x33,0x33,0x33,0x33,0x33,0x33,0x33,0x33,0x33,0x33,0x33,
  0x33,0x33,0x33,0x33,0x33,0x33,0x33,0x33,0x33,0x33,0x33,0x33,0x33,0x33,0x33,0x33,0x33,0x33,0x33,0x33,
  0x33,0x33,0x33,0x33,0x33,0x33,0x33,0x33,0x33,0x33,0x33,0x33,0x33,0x33,0x33,0x33,0x47,0x77,0x88,0x88,
  0x97,0x8c,0xff,0xfe,0xca,0xa5,0x55,0x55,0x55,0x55,0x5a,0xac,0xef,0xfe,0xb6,0x88,0x87,0x77,0x63,0x33,
  0x33,0x33,0x33,0x33,0x33,0x33,0x33,0x33,0x33,0x33,0x33,0x33,0x33,0x33,0x33,0x33,0x33,0x33,0x33,0x33,
  0x33,0x33,0x33,0x33,0x33,0x33,0x33,0x33,0x33,0x33,0x33,0x33,0x33,0x33,0x33,0x33,0x33,0x33,0x33,0x33,
  0x33,0x33,0x33,0x33,0x33,0x33,0x33,0x33,0x33,0x33,0x33,0x33,0x33,0x33,0x33,0x33,0x33,0x33,0x33,0x33,
  0x33,0x33,0x33,0x33,0x33,0x33,0x33,0x33,0x33,0x33,0x33,0x33,0x77,0x78,0x88,0x89,0x7a,0xef,0xfe,0xba,
  0x55,0xaa,0xaa,0xaa,0xaa,0xaa,0xaa,0xa5,0xac,0xff,0xfc,0x68,0x88,0x77,0x74,0x33,0x33,0x33,0x33,0x33,
  0x33,0x33,0x33,0x33,0x33,0x33,0x33,0x33,0x33,0x33,0x33,0x33,0x33,0x33,0x33,0x33,0x33,0x33,0x33,0x33,
  0x33,0x33,0x33,0x33,0x33,0x33,0x33,0x33,0x33,0x33,0x33,0x33,0x33,0x33,0x33,0x33,0x33,0x33,0x33,0x33,
  0x33,0x33,0x33,0x33,0x33,0x33,0x33,0x33,0x33,0x33,0x33,0x33,0x33,0x33,0x33,0x33,0x33,0x33,0x33,0x34,
  0x66,0x64,0x33,0x33,0x33,0x33,0x33,0x36,0x77,0x88,0x88,0x96,0xae,0xee,0xca,0x5a,0xaa,0xaa,0xaa,0xaa,
  0xaa,0xaa,0xaa,0xaa,0xa5,0xae,0xff,0xc6,0x98,0x87,0x77,0x33,0x33,0x33,0x33,0x33,0x33,0x33,0x33,0x33,
  0x33,0x33,0x33,0x33,0x33,0x33,0x33,0x33,0x33,0x33,0x33,0x33,0x33,0x33,0x33,0x33,0x33,0x33,0x33,0x33,
  0x33,0x33,0x33,0x33,0x33,0x33,0x33,0x33,0x33,0x33,0x33,0x33,0x33,0x33,0x33,0x33,0x33,0x33,0x33,0x33,
  0x33,0x33,0x33,0x33,0x33,0x33,0x33,0x33,0x33,0x33,0x33,0x33,0x33,0x33,0x46,0x60,0x00,0x01,0x66,0x44,
  0x33,0x33,0x33,0x36,0x77,0x88,0x89,0x7a,0xee,0xea,0x59,0x99,0x5a,0xaa,0xaa,0xaa,0xaa,0xaa,0xaa,0xaa,
  0xaa,0x5a,0xef,0xfb,0x19,0x88,0x77,0x63,0x33,0x33,0x33,0x33,0x33,0x33,0x33,0x33,0x33,0x33,0x33,0x33,
  0x33,0x33,0x33,0x33,0x33,0x33,0x33,0x33,0x33,0x33,0x33,0x33,0x33,0x33,0x33,0x33,0x33,0x33,0x33,0x33,
  0x33,0x33,0x33,0x33,0x33,0x33,0x33,0x33,0x33,0x33,0x33,0x33,0x33,0x33,0x33,0x33,0x33,0x33,0x33,0x33,
  0x33,0x33,0x33,0x33,0x33,0x33,0x33,0x33,0x33,0x36,0x10,0x09,0xaa,0xa8,0x00,0x64,0x43,0x33,0x33,0x67,
  0x78,0x88,0x98,0xae,0xee,0xa5,0x98,0x88,0x9a,0xaa,0xaa,0xaa,0xaa,0xaa,0xa5,0xaa,0xaa,0xaa,0xae,0xff,
  0xa6,0x88,0x77,0x76,0x33,0x33,0x33,0x33,0x33,0x33,0x33,0x33,0x33,0x33,0x33,0x33,0x33,0x33,0x33,0x33,
  0x33,0x33,0x33,0x33,0x33,0x33,0x33,0x33,0x33,0x33,0x33,0x33,0x33,0x33,0x33,0x33,0x33,0x33,0x33,0x33,
  0x33,0x33,0x33,0x33,0x33,0x33,0x33,0x33,0x33,0x33,0x33,0x33,0x33,0x33,0x33,0x33,0x33,0x33,0x33,0x33,
  0x33,0x33,0x33,0x33,0x36,0x60,0x8b,0xef,0xff,0xff,0xea,0x06,0x43,0x33,0x33,0x67,0x78,0x88,0x88,0xce,
  0xea,0x59,0x88,0x89,0xaa,0xaa,0xaa,0xaa,0x55,0x5a,0xab,0xaa,0xaa,0xaa,0x5a,0xef,0xe6,0x88,0x87,0x77,
  0x33,0x33,0x33,0x33,0x33,0x33,0x33,0x33,0x33,0x33,0x33,0x33,0x33,0x33,0x33,0x33,0x33,0x33,0x33,0x33,
  0x33,0x33,0x33,0x33,0x33,0x33,0x33,0x33,0x33,0x33,0x33,0x33,0x33,0x33,0x33,0x33,0x33,0x33,0x33,0x33,
  0x33,0x33,0x33,0x33,0x33,0x33,0x33,0x33,0x33,0x33,0x33,0x33,0x33,0x33,0x33,0x33,0x33,0x33,0x33,0x33,
  0x60,0x0b,0xff,0xff,0xff,0xff,0xff,0xb0,0x63,0x33,0x36,0x77,0x88,0x89,0x4b,0xee,0xa5,0x98,0x88,0x9a,
  0xaa,0xaa,0xaa,0xaa,0xce,0xee,0xff,0xfb,0x5a,0xaa,0xa5,0xbf,0xfb,0x69,0x87,0x77,0x33,0x33,0x33,0x33,
  0x33,0x33,0x33,0x33,0x33,0x33,0x33,0x33,0x33,0x33,0x33,0x33,0x33,0x33,0x33,0x33,0x33,0x33,0x33,0x33,
  0x33,0x33,0x33,0x33,0x33,0x33,0x33,0x33,0x33,0x33,0x33,0x33,0x33,0x33,0x33,0x33,0x33,0x33,0x33,0x33,
  0x33,0x33,0x33,0x33,0x33,0x33,0x33,0x33,0x33,0x33,0x33,0x33,0x33,0x33,0x33,0x36,0x08,0xef,0xff,0xee,
  0xee,0xee,0xff,0xfa,0x06,0x33,0x36,0x77,0x88,0x87,0xae,0xeb,0x59,0x88,0x89,0xaa,0xaa,0xaa,0xaa,0xae,
  0xff,0xff,0xff,0xfe,0xaa,0xaa,0xaa,0xae,0xfe,0x69,0x88,0x77,0x33,0x33,0x33,0x33,0x33,0x33,0x33,0x33,
  0x33,0x33,0x33,0x33,0x33,0x33,0x33,0x33,0x33,0x33,0x33,0x33,0x33,0x33,0x33,0x33,0x33,0x33,0x33,0x33,
  0x33,0x33,0x33,0x33,0x33,0x33,0x33,0x33,0x33,0x33,0x33,0x33,0x33,0x33,0x33,0x33,0x33,0x33,0x33,0x33,
  0x33,0x33,0x33,0x33,0x33,0x33,0x33,0x33,0x33,0x33,0x33,0x41,0x7e,0xff,0xee,0xee,0xee,0xee,0xef,0xfe,
  0x06,0x33,0x37,0x78,0x88,0x86,0xbe,0xe9,0xa9,0x89,0x9a,0xaa,0xaa,0x55,0xaa,0xaf,0xff,0xff,0xff,0xfe,
  0xaa,0xaa,0xaa,0x5c,0xfe,0xa7,0x88,0x77,0x33,0x33,0x33,0x33,0x33,0x33,0x33,0x33,0x33,0x33,0x33,0x33,
  0x33,0x33,0x33,0x33,0x33,0x33,0x33,0x33,0x33,0x33,0x33,0x33,0x33,0x33,0x33,0x33,0x33,0x33,0x33,0x33,
  0x33,0x33,0x33,0x33,0x33,0x33,0x33,0x33,0x33,0x33,0x33,0x33,0x33,0x33,0x33,0x33,0x33,0x33,0x33,0x33,
  0x33,0x33,0x33,0x33,0x33,0x33,0x33,0x20,0xef,0xfe,0xbc,0xee,0xee,0xee,0xef,0xfe,0x06,0x33,0x37,0x78,
  0x88,0x89,0xee,0xb5,0xaa,0xaa,0xa5,0x55,0xaa,0xab,0xaa,0xab,0xec,0xbe,0xff,0xfa,0xaa,0xaa,0xaa,0x5b,
  0xff,0xb2,0x88,0x87,0x43,0x33,0x33,0x33,0x33,0x33,0x33,0x33,0x33,0x33,0x33,0x33,0x33,0x33,0x33,0x33,
  0x33,0x33,0x33,0x33,0x33,0x33,0x33,0x33,0x33,0x33,0x33,0x33,0x33,0x33,0x33,0x33,0x33,0x33,0x33,0x33,
  0x33,0x33,0x33,0x33,0x33,0x33,0x33,0x33,0x33,0x33,0x33,0x33,0x33,0x33,0x33,0x33,0x33,0x33,0x33,0x33,
  0x33,0x33,0x36,0x0b,0xff,0xeb,0xac,0xee,0xee,0xee,0xff,0xfa,0x06,0x33,0x47,0x78,0x89,0x6a,0xee,0xaa,
  0xaa,0xaa,0xab,0xce,0xee,0xff,0xea,0xaa,0x55,0xaf,0xff,0xc5,0xaa,0xaa,0xaa,0xaa,0xef,0xb1,0x98,0x87,
  0x43,0x33,0x33,0x33,0x33,0x33,0x33,0x33,0x33,0x33,0x33,0x33,0x33,0x33,0x33,0x33,0x33,0x33,0x33,0x33,
  0x33,0x33,0x33,0x33,0x33,0x33,0x33,0x33,0x33,0x33,0x33,0x33,0x33,0x33,0x33,0x33,0x33,0x33,0x33,0x33,
  0x33,0x33,0x33,0x33,0x33,0x33,0x33,0x33,0x33,0x33,0x33,0x33,0x33,0x33,0x33,0x33,0x33,0x33,0x40,0x9f,
  0xfe,0xba,0xbe,0xee,0xee,0xff,0xff,0xe0,0x43,0x33,0x67,0x78,0x89,0x1b,0xee,0xaa,0xaa,0xa5,0xef,0xff,
  0xff,0xff,0xfb,0x5a,0xaa,0xef,0xfe,0xaa,0xaa,0xaa,0xaa,0xaa,0xef,0xc1,0x98,0x87,0x43,0x33,0x33,0x33,
  0x33,0x33,0x33,0x33,0x33,0x33,0x33,0x33,0x33,0x33,0x33,0x33,0x33,0x33,0x33,0x33,0x33,0x33,0x33,0x33,
  0x33,0x33,0x33,0x33,0x33,0x33,0x33,0x33,0x33,0x33,0x33,0x33,0x33,0x33,0x33,0x33,0x33,0x33,0x33,0x33,
  0x33,0x33,0x33,0x33,0x33,0x33,0x33,0x33,0x33,0x33,0x33,0x33,0x33,0x33,0x60,0xcf,0xfc,0xbb,0xee,0xee,
  0xef,0xff,0xea,0x04,0x43,0x33,0x77,0x78,0x89,0x1c,0xec,0x5a,0xaa,0xa5,0xef,0xff,0xff,0xff,0xfa,0x5a,
  0x5c,0xff,0xfb,0xaa,0xaa,0xaa,0xaa,0xaa,0xef,0xe1,0x98,0x86,0x43,0x33,0x33,0x33,0x33,0x33,0x33,0x33,
  0x33,0x33,0x33,0x33,0x33,0x33,0x33,0x33,0x33,0x33,0x33,0x33,0x33,0x33,0x33,0x33,0x33,0x33,0x33,0x33,
  0x33,0x33,0x33,0x33,0x33,0x33,0x33,0x33,0x33,0x33,0x33,0x33,0x33,0x33,0x33,0x33,0x33,0x33,0x33,0x33,
  0x33,0x33,0x33,0x33,0x33,0x33,0x33,0x33,0x46,0x66,0x67,0xff,0xee,0xee,0xee,0xee,0xff,0xfb,0x00,0x64,
  0x43,0x33,0x77,0x78,0x89,0x6e,0xeb,0x5a,0xaa,0xaa,0xae,0xec,0xbf,0xff,0xe5,0xaa,0xaf,0xff,0xc5,0x55,
  0x5a,0xaa,0xaa,0xaa,0xef,0xc1,0x98,0x88,0x43,0x33,0x33,0x33,0x33,0x33,0x33,0x33,0x33,0x33,0x33,0x33,
  0x33,0x33,0x33,0x33,0x33,0x33,0x33,0x33,0x33,0x33,0x33,0x33,0x33,0x33,0x33,0x33,0x33,0x33,0x33,0x33,
  0x33,0x33,0x33,0x33,0x33,0x33,0x33,0x33,0x33,0x33,0x33,0x33,0x33,0x33,0x33,0x33,0x33,0x33,0x33,0x33,
  0x33,0x34,0x66,0x64,0x10,0x00,0x0a,0xff,0xee,0xee,0xee,0xee,0xff,0xb0,0x66,0x44,0x33,0x32,0x77,0x78,
  0x88,0x6e,0xeb,0x5a,0xaa,0xaa,0xa5,0x55,0xef,0xfe,0xaa,0xaa,0xef,0xfe,0xbb,0xee,0xba,0xaa,0xaa,0xaa,
  0xef,0xc1,0x88,0x87,0x43,0x33,0x33,0x33,0x33,0x33,0x33,0x33,0x33,0x33,0x33,0x33,0x33,0x33,0x33,0x33,
  0x33,0x33,0x33,0x33,0x33,0x33,0x33,0x33,0x33,0x33,0x33,0x33,0x33,0x33,0x33,0x33,0x33,0x33,0x33,0x33,
  0x33,0x33,0x33,0x33,0x33,0x33,0x33,0x33,0x33,0x33,0x33,0x33,0x33,0x33,0x33,0x33,0x46,0x64,0x00,0x00,
  0x8a,0xaa,0xbe,0xff,0xee,0xee,0xee,0xef,0xfe,0x06,0x66,0x64,0x33,0x32,0x77,0x78,0x89,0x2e,0xec,0x5a,
  0xaa,0xaa,0xaa,0x5b,0xff,0xfb,0x5a,0x5b,0xff,0xff,0xff,0xff,0xea,0xaa,0xaa,0xaa,0xff,0xb1,0x88,0x87,
  0x43,0x33,0x33,0x33,0x33,0x33,0x33,0x33,0x33,0x33,0x33,0x33,0x33,0x33,0x33,0x33,0x33,0x33,0x33,0x33,
  0x33,0x33,0x33,0x33,0x33,0x33,0x33,0x33,0x33,0x33,0x33,0x33,0x33,0x33,0x33,0x33,0x33,0x33,0x33,0x33,
  0x33,0x33,0x33,0x33,0x33,0x33,0x33,0x33,0x33,0x33,0x34,0x66,0x00,0x07,0xab,0xee,0xff,0xff,0xff,0xfe,
  0xee,0xee,0xee,0xef,0xfb,0xa8,0x00,0x00,0x46,0x62,0x67,0x78,0x89,0x0c,0xee,0xaa,0xaa,0xaa,0xaa,0xaf,
  0xff,0xe5,0xaa,0x5e,0xff,0xff,0xff,0xff,0xea,0xaa,0xaa,0x5b,0xff,0xa7,0x98,0x87,0x43,0x33,0x33,0x33,
  0x33,0x33,0x33,0x33,0x33,0x33,0x33,0x33,0x33,0x33,0x33,0x33,0x33,0x33,0x33,0x33,0x33,0x33,0x33,0x33,
  0x33,0x33,0x33,0x33,0x33,0x33,0x33,0x33,0x33,0x33,0x33,0x33,0x33,0x33,0x33,0x33,0x33,0x33,0x33,0x33,
  0x33,0x33,0x33,0x33,0x33,0x34,0x63,0x00,0x8b,0xef,0xff,0xff,0xff,0xff,0xef,0xfe,0xee,0xee,0xee,0xff,
  0xff,0xff,0xec,0xb9,0x00,0x01,0x68,0x78,0x88,0x1b,0xee,0xaa,0xaa,0xaa,0xa5,0xef,0xfe,0xa5,0x55,0x5b,
  0xff,0xff,0xee,0xeb,0xaa,0xaa,0xaa,0xae,0xfe,0x88,0x88,0x87,0x43,0x33,0x33,0x33,0x33,0x33,0x33,0x33,
  0x33,0x33,0x33,0x33,0x33,0x33,0x33,0x33,0x33,0x33,0x33,0x33,0x33,0x33,0x33,0x33,0x33,0x33,0x33,0x33,
  0x33,0x33,0x33,0x33,0x33,0x33,0x33,0x33,0x33,0x33,0x33,0x33,0x33,0x33,0x33,0x33,0x33,0x33,0x33,0x33,
  0x34,0x60,0x06,0xae,0xff,0xff,0xfe,0xcb,0xbb,0xbb,0xbf,0xfe,0xee,0xee,0xee,0xff,0xff,0xff,0xff,0xff,
  0xec,0xa8,0x00,0x78,0x88,0x7a,0xee,0xb5,0xaa,0xaa,0x5b,0xff,0xfb,0xbb,0xee,0xa5,0xab,0xba,0xa5,0x55,
  0xaa,0xaa,0xa5,0xbf,0xfb,0x19,0x88,0x77,0x33,0x33,0x33,0x33,0x33,0x33,0x33,0x33,0x33,0x33,0x33,0x33,
  0x33,0x33,0x33,0x33,0x33,0x33,0x33,0x33,0x33,0x33,0x33,0x33,0x33,0x33,0x33,0x33,0x33,0x33,0x33,0x33,
  0x33,0x33,0x33,0x33,0x33,0x33,0x33,0x33,0x33,0x33,0x33,0x33,0x33,0x33,0x33,0x33,0x60,0x09,0xbf,0xff,
  0xff,0xeb,0x97,0x9b,0xbb,0xbc,0xcf,0xfe,0xee,0xee,0xee,0xff,0xeb,0xcc,0xee,0xff,0xff,0xff,0xea,0x80,
  0x79,0x86,0xce,0xca,0xaa,0xaa,0xae,0xff,0xff,0xff,0xff,0xc5,0xa5,0x5a,0xaa,0xaa,0xaa,0xaa,0xaa,0xef,
  0xe9,0x88,0x88,0x77,0x43,0x33,0x33,0x33,0x33,0x33,0x33,0x33,0x33,0x33,0x33,0x33,0x33,0x33,0x33,0x33,
  0x33,0x33,0x33,0x33,0x33,0x33,0x33,0x33,0x33,0x33,0x33,0x33,0x33,0x33,0x33,0x33,0x33,0x33,0x33,0x33,
  0x33,0x33,0x33,0x33,0x33,0x33,0x33,0x33,0x33,0x33,0x32,0x64,0x09,0xef,0xff,0xfe,0xa7,0x08,0xbb,0xcb,
  0xbb,0xce,0xff,0xfe,0xee,0xee,0xee,0xff,0xec,0xbb,0xbb,0xcc,0xce,0xff,0xff,0xfc,0x90,0x88,0xae,0xeb,
  0x5a,0xa5,0xbf,0xff,0xff,0xff,0xff,0xb5,0xaa,0xaa,0xaa,0xaa,0xaa,0xaa,0x5e,0xff,0xb3,0x98,0x87,0x77,
  0x43,0x33,0x33,0x33,0x33,0x33,0x33,0x33,0x33,0x33,0x33,0x33,0x33,0x33,0x33,0x33,0x33,0x33,0x33,0x33,
  0x33,0x33,0x33,0x33,0x33,0x33,0x33,0x33,0x33,0x33,0x33,0x33,0x33,0x33,0x33,0x33,0x33,0x33,0x33,0x33,
  0x33,0x33,0x33,0x33,0x33,0x33,0x36,0x00,0xcf,0xff,0xfc,0xa0,0x0b,0xbb,0xbb,0xbb,0xbb,0xef,0xff,0xfe,
  0xee,0xee,0xee,0xff,0xff,0xec,0xbb,0xbb,0xbb,0xcc,0xef,0xff,0xfc,0x87,0x7c,0xee,0xa5,0xaa,0xae,0xff,
  0xfe,0xee,0xcb,0x5a,0xaa,0xaa,0xaa,0xaa,0xaa,0xa5,0xcf,0xfe,0x68,0x88,0x87,0x76,0x33,0x33,0x33,0x33,
  0x33,0x33,0x33,0x33,0x33,0x33,0x33,0x33,0x33,0x33,0x33,0x33,0x33,0x33,0x33,0x33,0x33,0x33,0x33,0x33,
  0x33,0x33,0x33,0x33,0x33,0x33,0x33,0x33,0x33,0x33,0x33,0x33,0x33,0x33,0x33,0x33,0x33,0x33,0x33,0x33,
  0x33,0x32,0x60,0x9e,0xff,0xfb,0x70,0x0b,0xbb,0xbb,0xbb,0xbb,0xbb,0xbe,0xff,0xff,0xfe,0xee,0xff,0xff,
  0xff,0xfc,0xbb,0xbb,0xbb,0xbb,0xbc,0xcf,0xff,0xea,0x08,0xce,0xea,0x5a,0xaa,0xcb,0xba,0xa5,0x55,0xaa,
  0xaa,0xaa,0xaa,0xaa,0xaa,0x5c,0xff,0xe9,0x88,0x88,0x77,0x72,0x33,0x33,0x33,0x33,0x33,0x33,0x33,0x33,
  0x33,0x33,0x33,0x33,0x33,0x33,0x33,0x33,0x33,0x33,0x33,0x33,0x33,0x33,0x33,0x33,0x33,0x33,0x33,0x33,
  0x33,0x33,0x33,0x33,0x33,0x33,0x33,0x33,0x33,0x33,0x33,0x33,0x33,0x33,0x33,0x33,0x33,0x36,0x0a,0xff,
  0xfc,0x60,0x16,0x2b,0xbb,0xbb,0xbb,0xbb,0xbb,0xbb,0xbc,0xce,0xee,0xef,0xff,0xfe,0xee,0xcb,0xbb,0xbb,
  0xbb,0xbb,0xbb,0xbb,0xcf,0xff,0xa0,0x9e,0xee,0xb5,0xaa,0x55,0x5a,0xaa,0xaa,0xaa,0xaa,0xaa,0xaa,0xaa,
  0x5a,0xef,0xfe,0xa7,0x98,0x88,0x77,0x62,0x33,0x33,0x33,0x33,0x33,0x33,0x33,0x33,0x33,0x33,0x33,0x33,
  0x33,0x33,0x33,0x33,0x33,0x33,0x33,0x33,0x33,0x33,0x33,0x33,0x33,0x33,0x33,0x33,0x33,0x33,0x33,0x33,
  0x33,0x33,0x33,0x33,0x33,0x33,0x33,0x33,0x33,0x33,0x33,0x33,0x33,0x60,0xaf,0xff,0xa0,0x16,0x44,0x40,
  0x79,0xab,0xbb,0xbb,0xbb,0xbc,0xbb,0xbb,0xbb,0xbb,0xbb,0xbb,0xbb,0xbb,0xbb,0xbb,0xbb,0xbb,0xbb,0xbb,
  0x9b,0xff,0xfa,0x1a,0xce,0xee,0xaa,0xaa,0xaa,0xaa,0xaa,0xaa,0xaa,0xaa,0xaa,0x5a,0xbe,0xff,0xea,0x69,
  0x88,0x87,0x77,0x43,0x33,0x33,0x33,0x33,0x33,0x33,0x33,0x33,0x33,0x33,0x33,0x33,0x33,0x33,0x33,0x33,
  0x33,0x33,0x33,0x33,0x33,0x33,0x33,0x33,0x33,0x33,0x33,0x33,0x33,0x33,0x33,0x33,0x33,0x33,0x33,0x33,
  0x33,0x33,0x33,0x33,0x33,0x33,0x33,0x33,0x34,0x12,0xef,0xfa,0x07,0x23,0x34,0x43,0x10,0x00,0x00,0x38,
  0x89,0xab,0xbb,0xbb,0xbb,0xbb,0xbb,0xbb,0xbb,0xbb,0xbb,0xbb,0xbb,0xbb,0xa6,0x0a,0xbb,0xbf,0xfe,0x77,
  0x8b,0xee,0xa5,0xaa,0x55,0xaa,0xaa,0xaa,0xaa,0xa5,0x5a,0xbe,0xff,0xfe,0x97,0x88,0x88,0x77,0x74,0x33,
  0x33,0x33,0x33,0x33,0x33,0x33,0x33,0x33,0x33,0x33,0x33,0x33,0x33,0x33,0x33,0x33,0x33,0x33,0x33,0x33,
  0x33,0x33,0x33,0x33,0x33,0x33,0x33,0x33,0x33,0x33,0x33,0x33,0x33,0x33,0x33,0x33,0x33,0x33,0x33,0x33,
  0x33,0x33,0x33,0x33,0x36,0x0b,0xff,0xa0,0x72,0x23,0x64,0x22,0x22,0x22,0x14,0x31,0x41,0x00,0x01,0x26,
  0x79,0x9a,0xbb,0xbb,0xbb,0xbb,0xbb,0xbb,0xbb,0x80,0x07,0xab,0xbb,0xbc,0xff,0xb1,0x7a,0xee,0xaa,0xa5,
  0xbb,0xaa,0xa5,0x55,0xaa,0xab,0xee,0xff,0xfe,0xb1,0x89,0x88,0x87,0x77,0x63,0x33,0x33,0x33,0x33,0x33,
  0x33,0x33,0x33,0x33,0x33,0x33,0x33,0x33,0x33,0x33,0x33,0x33,0x33,0x33,0x33,0x33,0x33,0x33,0x33,0x33,
  0x33,0x33,0x33,0x33,0x33,0x33,0x33,0x33,0x33,0x33,0x33,0x33,0x33,0x33,0x33,0x33,0x33,0x33,0x33,0x33,
  0x31,0x7f,0xfe,0x07,0x26,0x77,0x77,0x77,0x77,0x66,0x66,0x26,0x61,0x22,0x22,0x33,0x11,0x11,0x11,0x02,
  0x89,0xab,0xcc,0xbb,0xa0,0x09,0xbb,0xbb,0xbc,0xcc,0xef,0xe7,0x6b,0xee,0xaa,0x5e,0xff,0xfe,0xee,0xee,
  0xee,0xff,0xff,0xfe,0xb8,0x69,0x88,0x88,0x87,0x77,0x23,0x33,0x33,0x33,0x33,0x33,0x33,0x33,0x33,0x33,
  0x33,0x33,0x33,0x33,0x33,0x33,0x33,0x33,0x33,0x33,0x33,0x33,0x33,0x33,0x33,0x33,0x33,0x33,0x33,0x33,
  0x33,0x33,0x33,0x33,0x33,0x33,0x33,0x33,0x33,0x33,0x33,0x33,0x33,0x33,0x33,0x33,0x60,0xbf,0xf9,0x06,
  0x67,0x77,0x76,0x77,0x77,0x66,0x66,0x66,0x66,0x66,0x66,0x44,0x32,0x23,0x33,0x11,0x11,0x00,0x9c,0xcb,
  0xbb,0xbb,0xbb,0xbc,0xcc,0xcc,0xcf,0xfa,0x7e,0xeb,0x5a,0xef,0xff,0xff,0xff,0xff,0xff,0xff,0xee,0xa7,
  0x18,0x98,0x88,0x88,0x77,0x72,0x23,0x33,0x33,0x33,0x33,0x33,0x33,0x33,0x33,0x33,0x33,0x33,0x33,0x33,
  0x33,0x33,0x33,0x33,0x33,0x33,0x33,0x33,0x33,0x33,0x33,0x33,0x33,0x33,0x33,0x33,0x33,0x33,0x33,0x33,
  0x33,0x33,0x33,0x33,0x33,0x33,0x33,0x33,0x33,0x33,0x33,0x33,0x60,0xef,0xe0,0x66,0x77,0x77,0x66,0x66,
  0x66,0x22,0x22,0x22,0x26,0x66,0x67,0x77,0x66,0x66,0x66,0x22,0x22,0x23,0x00,0xbd,0xcb,0xbb,0xcc,0xcc,
  0xcc,0xcc,0xcf,0xfa,0xae,0xea,0xef,0xff,0xca,0xbb,0xce,0xee,0xec,0xba,0x86,0x68,0x98,0x88,0x88,0x77,
  0x77,0x21,0x13,0x33,0x33,0x33,0x33,0x33,0x33,0x33,0x33,0x33,0x33,0x33,0x33,0x33,0x33,0x33,0x33,0x33,
  0x33,0x33,0x33,0x33,0x33,0x33,0x33,0x33,0x33,0x33,0x33,0x33,0x33,0x33,0x33,0x33,0x33,0x33,0x33,0x33,
  0x33,0x33,0x33,0x33,0x33,0x33,0x33,0x44,0x08,0xff,0xb0,0x77,0x77,0x77,0x77,0x76,0x66,0x66,0x77,0x66,
  0x77,0x77,0x77,0x77,0x77,0x77,0x77,0x77,0x66,0x61,0x24,0x0c,0xdb,0xcc,0xcc,0xcc,0xcc,0xcc,0xce,0xfb,
  0xbe,0xef,0xff,0xeb,0x67,0x42,0x42,0x22,0x11,0x37,0x89,0x98,0x88,0x88,0x87,0x77,0x73,0x22,0x23,0x33,
  0x33,0x33,0x33,0x33,0x33,0x33,0x33,0x33,0x33,0x33,0x33,0x33,0x33,0x33,0x33,0x33,0x33,0x33,0x33,0x33,
  0x33,0x33,0x33,0x33,0x33,0x33,0x33,0x33,0x33,0x33,0x33,0x33,0x33,0x33,0x33,0x33,0x33,0x33,0x33,0x33,
  0x33,0x33,0x33,0x46,0x0a,0xff,0x90,0x67,0x77,0x77,0x77,0x77,0x77,0x77,0x77,0x77,0x77,0x77,0x77,0x77,
  0x77,0x77,0x77,0x77,0x77,0x76,0x26,0x1a,0xcd,0xcc,0xcc,0xcc,0xbc,0xcc,0xce,0xfb,0xae,0xef,0xeb,0x82,
  0x98,0x99,0x99,0x99,0x99,0x98,0x88,0x88,0x88,0x88,0x77,0x77,0x43,0x33,0x33,0x33,0x33,0x33,0x33,0x33,
  0x33,0x33,0x33,0x33,0x33,0x33,0x33,0x33,0x33,0x33,0x33,0x33,0x33,0x33,0x33,0x33,0x33,0x33,0x33,0x33,
  0x33,0x33,0x33,0x33,0x33,0x33,0x33,0x33,0x33,0x33,0x33,0x33,0x33,0x33,0x33,0x33,0x33,0x33,0x33,0x46,
  0x0b,0xfe,0x03,0x77,0x77,0x77,0x77,0x77,0x77,0x77,0x77,0x77,0x77,0x77,0x77,0x77,0x77,0x77,0x77,0x77,
  0x77,0x77,0x72,0x66,0xcd,0xcc,0xcc,0xcc,0xcc,0xcc,0xce,0xfc,0x0a,0xaa,0x71,0x89,0x88,0x88,0x88,0x88,
  0x88,0x88,0x88,0x88,0x87,0x77,0x77,0x63,0x33,0x33,0x33,0x33,0x33,0x33,0x33,0x33,0x33,0x33,0x33,0x33,
  0x33,0x33,0x33,0x33,0x33,0x33,0x33,0x33,0x33,0x33,0x33,0x33,0x33,0x33,0x33,0x33,0x33,0x33,0x33,0x33,
  0x33,0x33,0x33,0x33,0x33,0x33,0x33,0x33,0x33,0x33,0x33,0x33,0x33,0x33,0x34,0x46,0x0e,0xfe,0x06,0x77,
  0x77,0x77,0x77,0x77,0x77,0x77,0x77,0x77,0x77,0x77,0x77,0x77,0x77,0x77,0x77,0x77,0x77,0x77,0x77,0x60,
  0xcc,0xcc,0xcc,0xcc,0xcc,0xcc,0xce,0xfc,0x01,0x06,0x78,0x88,0x88,0x88,0x88,0x88,0x88,0x88,0x87,0x77,
  0x77,0x77,0x62,0x23,0x33,0x33,0x33,0x33,0x33,0x33,0x33,0x33,0x33,0x33,0x33,0x33,0x33,0x33,0x33,0x33,
  0x33,0x33,0x33,0x33,0x33,0x33,0x33,0x33,0x33,0x33,0x33,0x33,0x33,0x33,0x33,0x33,0x33,0x33,0x33,0x33,
  0x33,0x33,0x33,0x33,0x33,0x33,0x33,0x33,0x33,0x33,0x33,0x34,0x0e,0xfb,0x07,0x77,0x77,0x77,0x77,0x77,
  0x77,0x77,0x77,0x77,0x77,0x77,0x77,0x77,0x77,0x77,0x77,0x77,0x77,0x77,0x77,0x70,0xcc,0xdc,0xcc,0xcc,
  0xcc,0xcc,0xce,0xfb,0x06,0x67,0x77,0x77,0x77,0x77,0x77,0x77,0x77,0x77,0x77,0x77,0x77,0x43,0x33,0x33,
  0x33,0x33,0x33,0x33,0x33,0x33,0x33,0x33,0x33,0x33,0x33,0x33,0x33,0x33,0x33,0x33,0x33,0x33,0x33,0x33,
  0x33,0x33,0x33,0x33,0x33,0x33,0x33,0x33,0x33,0x33,0x33,0x33,0x33,0x33,0x33,0x33,0x33,0x33,0x33,0x33,
  0x33,0x33,0x33,0x33,0x33,0x33,0x33,0x40,0x9f,0xfa,0x07,0x77,0x77,0x77,0x77,0x77,0x77,0x77,0x77,0x77,
  0x77,0x77,0x77,0x77,0x77,0x77,0x77,0x77,0x77,0x77,0x77,0x70,0xcc,0xcc,0xcc,0xcc,0xcc,0xcc,0xcf,0xfb,
  0x06,0x14,0x26,0x77,0x77,0x77,0x77,0x77,0x77,0x77,0x77,0x76,0x43,0x33,0x33,0x33,0x33,0x33,0x33,0x33,
  0x33,0x33,0x33,0x33,0x33,0x33,0x33,0x33,0x33,0x33,0x33,0x33,0x33,0x33,0x33,0x33,0x33,0x33,0x33,0x33,
  0x33,0x33,0x33,0x33,0x33,0x33,0x33,0x33,0x33,0x33,0x33,0x33,0x33,0x33,0x33,0x33,0x33,0x33,0x33,0x33,
  0x33,0x33,0x33,0x60,0xaf,0xfa,0x07,0x77,0x77,0x77,0x77,0x77,0x77,0x77,0x77,0x77,0x77,0x77,0x77,0x77,
  0x77,0x77,0x77,0x77,0x77,0x77,0x77,0x76,0xcd,0xcc,0xcc,0xcc,0xcc,0xcc,0xcf,0xfb,0x06,0x44,0x22,0x22,
  0x66,0x77,0x77,0x77,0x77,0x66,0x66,0x22,0x33,0x33,0x33,0x33,0x33,0x33,0x33,0x33,0x33,0x33,0x33,0x33,
  0x33,0x33,0x33,0x33,0x33,0x33,0x33,0x33,0x33,0x33,0x33,0x33,0x33,0x33,0x33,0x33,0x33,0x33,0x33,0x33,
  0x33,0x33,0x33,0x33,0x33,0x33,0x33,0x33,0x33,0x33,0x33,0x33,0x33,0x33,0x33,0x33,0x33,0x33,0x33,0x60,
  0xbf,0xf7,0x17,0x77,0x77,0x77,0x77,0x77,0x77,0x77,0x77,0x77,0x77,0x77,0x77,0x77,0x77,0x77,0x77,0x77,
  0x77,0x77,0x77,0x77,0xcd,0xcc,0xcc,0xcc,0xcc,0xcc,0xcf,0xfa,0x06,0x64,0x11,0x11,0x23,0x32,0x22,0x22,
  0x23,0x32,0x22,0x33,0x33,0x33,0x33,0x33,0x33,0x33,0x33,0x33,0x33,0x33,0x33,0x33,0x33,0x33,0x33,0x33,
  0x33,0x33,0x33,0x33,0x33,0x33,0x33,0x33,0x33,0x33,0x33,0x33,0x33,0x33,0x33,0x33,0x33,0x33,0x33,0x33,
  0x33,0x33,0x33,0x33,0x33,0x33,0x33,0x33,0x33,0x33,0x33,0x33,0x33,0x33,0x33,0x60,0xcf,0xe0,0x67,0x77,
  0x77,0x77,0x77,0x77,0x77,0x77,0x77,0x77,0x77,0x77,0x77,0x77,0x77,0x77,0x77,0x77,0x77,0x77,0x77,0x79,
  0xcd,0xcc,0xcc,0xcc,0xcc,0xcc,0xcf,0xfe,0xa0,0x01,0x61,0x11,0x23,0x33,0x33,0x33,0x33,0x33,0x33,0x33,
  0x33,0x33,0x33,0x33,0x33,0x33,0x33,0x33,0x33,0x33,0x33,0x33,0x33,0x33,0x33,0x33,0x33,0x33,0x33,0x33,
  0x33,0x33,0x33,0x33,0x33,0x33,0x33,0x33,0x33,0x33,0x33,0x33,0x33,0x33,0x33,0x33,0x33,0x33,0x33,0x33,
  0x33,0x33,0x33,0x33,0x33,0x33,0x33,0x33,0x33,0x33,0x66,0x60,0xef,0xe0,0x77,0x77,0x77,0x26,0x77,0x77,
  0x78,0x77,0x77,0x77,0x77,0x77,0x77,0x77,0x77,0x77,0x77,0x77,0x77,0x77,0x77,0x6a,0xcd,0xcc,0xcc,0xcc,
  0xcc,0xcc,0xcf,0xff,0xfe,0xb6,0x02,0x61,0x22,0x33,0x33,0x33,0x33,0x33,0x33,0x33,0x33,0x33,0x33,0x33,
  0x33,0x33,0x33,0x33,0x33,0x33,0x33,0x33,0x33,0x33,0x33,0x33,0x33,0x33,0x33,0x33,0x33,0x33,0x33,0x33,
  0x33,0x33,0x33,0x33,0x33,0x33,0x33,0x33,0x33,0x33,0x33,0x33,0x33,0x33,0x33,0x33,0x33,0x33,0x33,0x33,
  0x33,0x33,0x33,0x33,0x33,0x36,0x00,0x8a,0xff,0xc0,0x77,0x77,0x73,0xaa,0x27,0x77,0x70,0x67,0x77,0x77,
  0x77,0x77,0x77,0x77,0x77,0x77,0x77,0x77,0x77,0x77,0x78,0x1b,0xcd,0xcc,0xcc,0xce,0xec,0xcc,0xcf,0xfe,
  0xff,0xfe,0xb0,0x06,0x22,0x33,0x33,0x33,0x33,0x33,0x33,0x33,0x33,0x33,0x33,0x33,0x33,0x33,0x33,0x33,
  0x33,0x33,0x33,0x33,0x33,0x33,0x33,0x33,0x33,0x33,0x33,0x33,0x33,0x33,0x33,0x33,0x33,0x33,0x33,0x33,
  0x33,0x33,0x33,0x33,0x33,0x33,0x33,0x33,0x33,0x33,0x33,0x33,0x33,0x33,0x33,0x33,0x33,0x33,0x33,0x33,
  0x33,0x60,0xae,0xff,0xff,0xb0,0x87,0x78,0x3a,0xff,0x97,0x77,0x8a,0x96,0x77,0x77,0x77,0x77,0x78,0x77,
  0x77,0x77,0x77,0x77,0x77,0x77,0x77,0x0b,0xcd,0xcc,0xcc,0xef,0xff,0xcc,0xef,0xfd,0xde,0xff,0xfe,0xa0,
  0x64,0x33,0x33,0x33,0x33,0x33,0x33,0x33,0x33,0x33,0x33,0x33,0x33,0x33,0x33,0x33,0x33,0x33,0x33,0x33,
  0x33,0x33,0x33,0x33,0x33,0x33,0x33,0x33,0x33,0x33,0x33,0x33,0x33,0x33,0x33,0x33,0x33,0x33,0x33,0x33,
  0x33,0x33,0x33,0x33,0x33,0x33,0x33,0x33,0x33,0x33,0x33,0x33,0x33,0x33,0x33,0x33,0x36,0x0b,0xff,0xff,
  0xff,0xa0,0x77,0x78,0x0b,0xff,0xa6,0x90,0xef,0xe0,0x87,0x77,0x77,0x76,0x21,0x77,0x77,0x77,0x77,0x77,
  0x77,0x77,0x78,0x1b,0xcc,0xcc,0xcc,0xff,0xff,0xcc,0xef,0xed,0xdd,0xde,0xff,0xfc,0x01,0x63,0x33,0x33,
  0x33,0x33,0x33,0x33,0x33,0x33,0x33,0x33,0x33,0x33,0x33,0x33,0x33,0x33,0x33,0x33,0x33,0x33,0x33,0x33,
  0x33,0x33,0x33,0x33,0x33,0x33,0x33,0x33,0x33,0x33,0x33,0x33,0x33,0x33,0x33,0x33,0x33,0x33,0x33,0x33,
  0x33,0x33,0x33,0x33,0x33,0x33,0x33,0x33,0x33,0x33,0x33,0x33,0x60,0xbf,0xfe,0xaa,0xff,0x90,0x77,0x78,
  0x0a,0xff,0xb0,0x0a,0xff,0xe0,0x87,0x77,0x77,0x6a,0xec,0x27,0x77,0x61,0x06,0x76,0x77,0x77,0x78,0x3c,
  0xdc,0xcc,0xce,0xfe,0xef,0xec,0xef,0xed,0xdd,0xdd,0xcf,0xff,0xe6,0x06,0x33,0x33,0x33,0x33,0x33,0x33,
  0x33,0x33,0x33,0x33,0x33,0x33,0x33,0x33,0x33,0x33,0x33,0x33,0x33,0x33,0x33,0x33,0x33,0x33,0x33,0x33,
  0x33,0x33,0x33,0x33,0x33,0x33,0x33,0x33,0x33,0x33,0x33,0x33,0x33,0x33,0x33,0x33,0x33,0x33,0x33,0x33,
  0x33,0x33,0x33,0x33,0x33,0x33,0x33,0x36,0x09,0xff,0xe0,0x0b,0xff,0x66,0x77,0x78,0x88,0xff,0xfe,0xef,
  0xff,0xa2,0x87,0x77,0x78,0x0c,0xff,0x97,0x77,0x8e,0xe9,0xaa,0x77,0x77,0x77,0x6c,0xdc,0xcc,0xcf,0xfe,
  0xef,0xec,0xef,0xed,0xdd,0xdd,0xdd,0xef,0xfe,0xa0,0x73,0x33,0x33,0x33,0x33,0x33,0x33,0x33,0x33,0x33,
  0x33,0x33,0x33,0x33,0x33,0x33,0x33,0x33,0x33,0x33,0x33,0x33,0x33,0x33,0x33,0x33,0x33,0x33,0x33,0x33,
  0x33,0x33,0x33,0x33,0x33,0x33,0x33,0x33,0x33,0x33,0x33,0x33,0x33,0x33,0x33,0x33,0x33,0x33,0x33,0x33,
  0x33,0x33,0x33,0x36,0x0c,0xfe,0x16,0x0b,0xfe,0x06,0x77,0x66,0x70,0xbf,0xff,0xff,0xfb,0x08,0x77,0x77,
  0x78,0x0b,0xff,0xa0,0x80,0xbf,0xfb,0x6a,0x87,0x77,0x76,0x8c,0xdc,0xcc,0xcf,0xfe,0xef,0xec,0xff,0xcd,
  0xdd,0xdd,0xdd,0xdc,0xff,0xfa,0x06,0x32,0x23,0x33,0x33,0x33,0x33,0x33,0x33,0x33,0x33,0x33,0x33,0x33,
  0x33,0x33,0x33,0x33,0x33,0x33,0x33,0x33,0x33,0x33,0x33,0x33,0x33,0x33,0x33,0x33,0x33,0x33,0x33,0x33,
  0x33,0x33,0x33,0x33,0x33,0x33,0x33,0x33,0x33,0x33,0x33,0x33,0x33,0x33,0x33,0x33,0x33,0x33,0x33,0x43,
  0x7f,0xfa,0x02,0x0e,0xfe,0x07,0x77,0xaa,0xa9,0x0a,0xee,0xee,0xa0,0x87,0x77,0x77,0x78,0x1a,0xff,0xea,
  0x9b,0xff,0xfa,0x9a,0x87,0x77,0x72,0x9c,0xdc,0xcc,0xef,0xee,0xef,0xff,0xff,0xfc,0xdd,0xdd,0xdd,0xdd,
  0xcf,0xff,0xa0,0x62,0x23,0x33,0x33,0x33,0x33,0x33,0x33,0x33,0x33,0x33,0x33,0x33,0x33,0x33,0x33,0x33,
  0x33,0x33,0x33,0x33,0x33,0x33,0x33,0x33,0x33,0x33,0x33,0x33,0x33,0x33,0x33,0x33,0x33,0x33,0x33,0x33,
  0x33,0x33,0x33,0x33,0x33,0x33,0x33,0x33,0x33,0x33,0x33,0x33,0x33,0x33,0x33,0x60,0x9f,0xfe,0xeb,0x7e,
  0xfc,0x08,0x7a,0xba,0xab,0xa1,0x08,0x70,0x08,0x96,0x77,0x77,0x61,0x80,0xef,0xff,0xff,0xff,0xa2,0x98,
  0x87,0x77,0x74,0xac,0xdc,0xcc,0xef,0xef,0xff,0xff,0xff,0xff,0xec,0xdd,0xdd,0xdd,0xdc,0xff,0xf8,0x06,
  0x23,0x33,0x33,0x33,0x33,0x33,0x33,0x33,0x33,0x33,0x33,0x33,0x33,0x33,0x33,0x33,0x33,0x33,0x33,0x33,
  0x33,0x33,0x33,0x33,0x33,0x33,0x33,0x33,0x33,0x33,0x33,0x33,0x33,0x33,0x33,0x33,0x33,0x33,0x33,0x33,
  0x33,0x33,0x33,0x33,0x33,0x33,0x33,0x33,0x33,0x33,0x44,0x20,0xef,0xff,0xff,0xef,0xfb,0x07,0x8a,0xab,
  0xbb,0xb9,0x87,0x78,0x1e,0xf9,0x68,0x86,0xaa,0x27,0x1e,0xff,0xff,0xfb,0x19,0x88,0x87,0x77,0x74,0xbc,
  0xcc,0xcc,0xef,0xef,0xfc,0xa2,0x19,0xbf,0xff,0xdd,0xdd,0xdd,0xdd,0xcf,0xfe,0x06,0x22,0x33,0x33,0x33,
  0x33,0x33,0x33,0x33,0x33,0x33,0x33,0x33,0x33,0x33,0x33,0x33,0x33,0x33,0x33,0x33,0x33,0x33,0x33,0x33,
  0x33,0x33,0x33,0x33,0x33,0x33,0x33,0x33,0x33,0x33,0x33,0x33,0x33,0x33,0x33,0x33,0x33,0x33,0x33,0x33,
  0x33,0x33,0x33,0x33,0x33,0x33,0x46,0x0e,0xff,0xec,0xee,0xff,0xfa,0x08,0x6a,0xba,0xbb,0xa7,0x77,0x87,
  0x2f,0xfb,0x06,0x06,0xef,0xa1,0x70,0xab,0xcb,0x72,0x87,0x88,0x87,0x77,0x81,0xbc,0xcc,0xcc,0xef,0xff,
  0xb0,0x03,0x20,0x08,0xef,0xed,0xdd,0xdd,0xdd,0xdc,0xff,0xc0,0x62,0x23,0x33,0x33,0x33,0x33,0x33,0x33,
  0x33,0x33,0x33,0x33,0x33,0x33,0x33,0x33,0x33,0x33,0x33,0x33,0x33,0x33,0x33,0x33,0x33,0x33,0x33,0x33,
  0x33,0x33,0x33,0x33,0x33,0x33,0x33,0x33,0x33,0x33,0x33,0x33,0x33,0x33,0x33,0x33,0x33,0x33,0x33,0x33,
  0x33,0x33,0x60,0xbf,0xfb,0xbe,0xee,0xef,0xfa,0x08,0x78,0xaa,0xaa,0x97,0x77,0x78,0x0c,0xff,0xba,0xae,
  0xff,0xa6,0x88,0x20,0x01,0xaa,0xaa,0x77,0x77,0x77,0x80,0xcd,0xcc,0xcc,0xef,0xfe,0xaa,0x74,0x46,0x70,
  0x9f,0xfc,0xdd,0xdd,0xdd,0xdd,0xef,0xfa,0x06,0x33,0x33,0x33,0x33,0x33,0x33,0x33,0x33,0x33,0x33,0x33,
  0x33,0x33,0x33,0x33,0x33,0x33,0x33,0x33,0x33,0x33,0x33,0x33,0x33,0x33,0x33,0x33,0x33,0x33,0x33,0x33,
  0x33,0x33,0x33,0x33,0x33,0x33,0x33,0x33,0x33,0x33,0x33,0x33,0x33,0x33,0x33,0x33,0x33,0x33,0x37,0xef,
  0xca,0xec,0xee,0xef,0xf9,0x07,0x77,0x68,0x77,0x77,0x77,0x77,0x77,0xef,0xff,0xff,0xfb,0x07,0x16,0x88,
  0x7a,0xbb,0xbb,0xa8,0x77,0x78,0x76,0xcd,0xcc,0xcc,0xef,0xff,0xfc,0x63,0x33,0x36,0x0b,0xff,0xdd,0xdd,
  0xdd,0xdd,0xde,0xff,0x71,0x43,0x33,0x33,0x33,0x33,0x33,0x33,0x33,0x33,0x33,0x33,0x33,0x33,0x33,0x33,
  0x33,0x33,0x33,0x33,0x33,0x33,0x33,0x33,0x33,0x33,0x33,0x33,0x33,0x33,0x33,0x33,0x33,0x33,0x33,0x33,
  0x33,0x33,0x33,0x33,0x33,0x33,0x33,0x33,0x33,0x33,0x33,0x33,0x33,0x36,0x0a,0xff,0xac,0xcc,0xee,0xef,
  0xf7,0x37,0x77,0x77,0x77,0x77,0x77,0x77,0x76,0x8c,0xff,0xfe,0xa1,0x7a,0xb9,0x77,0x7a,0xab,0xbb,0xb9,
  0x78,0x88,0x78,0xcd,0xcc,0xcc,0xcf,0xfe,0x80,0x23,0x33,0x31,0x6a,0xff,0xdd,0xdd,0xdd,0xdd,0xdc,0xff,
  0xc0,0x63,0x33,0x33,0x33,0x33,0x33,0x33,0x33,0x33,0x33,0x33,0x33,0x33,0x33,0x33,0x33,0x33,0x33,0x33,
  0x33,0x33,0x33,0x33,0x33,0x33,0x33,0x33,0x33,0x33,0x33,0x33,0x33,0x33,0x33,0x33,0x33,0x33,0x33,0x33,
  0x33,0x33,0x33,0x33,0x33,0x33,0x33,0x33,0x33,0x36,0x0c,0xfe,0xac,0xcc,0xee,0xff,0xe0,0x77,0x77,0x77,
  0x77,0x77,0x77,0x77,0x77,0x70,0x7a,0x80,0x28,0x7b,0xab,0x68,0x7a,0xab,0xbb,0xa8,0x88,0x88,0x79,0xcd,
  0xcc,0xcc,0xef,0xe0,0x06,0x44,0x44,0x43,0x79,0xef,0xcd,0xdd,0xdd,0xdd,0xdd,0xef,0xfa,0x06,0x33,0x33,
  0x33,0x33,0x33,0x33,0x33,0x33,0x33,0x33,0x33,0x33,0x33,0x33,0x33,0x33,0x33,0x33,0x33,0x33,0x33,0x33,
  0x33,0x33,0x33,0x33,0x33,0x33,0x33,0x33,0x33,0x33,0x33,0x33,0x33,0x33,0x33,0x33,0x33,0x33,0x33,0x33,
  0x33,0x33,0x33,0x33,0x33,0x36,0x0e,0xfc,0xbc,0xce,0xee,0xff,0xe0,0x87,0x77,0x77,0x77,0x77,0x77,0x77,
  0x77,0x88,0x76,0x78,0x87,0x7a,0xba,0x68,0x76,0xaa,0xaa,0x97,0x87,0x78,0x6a,0xcd,0xcc,0xcc,0xff,0xa0,
  0x63,0x44,0x44,0x44,0x89,0xef,0xee,0xdd,0xdd,0xdd,0xdd,0xdf,0xfe,0x06,0x43,0x33,0x33,0x33,0x33,0x33,
  0x33,0x33,0x33,0x33,0x33,0x33,0x33,0x33,0x33,0x33,0x33,0x33,0x33,0x33,0x33,0x33,0x33,0x33,0x33,0x33,
  0x33,0x33,0x33,0x33,0x33,0x33,0x33,0x33,0x33,0x33,0x33,0x33,0x33,0x33,0x33,0x33,0x33,0x33,0x33,0x33,
  0x33,0x36,0x0e,0xfb,0xbc,0xce,0xee,0xff,0xe0,0x87,0x77,0x77,0x77,0x77,0x77,0x77,0x77,0x77,0x77,0x77,
  0x77,0x77,0x97,0x77,0x78,0x76,0x76,0x78,0x77,0x78,0x6b,0xcc,0xcc,0xcc,0xff,0xa7,0x66,0x64,0x44,0x41,
  0x89,0xef,0xfc,0xdd,0xdd,0xdd,0xdd,0xde,0xff,0xa0,0x63,0x33,0x33,0x33,0x33,0x33,0x33,0x33,0x33,0x33,
  0x33,0x33,0x33,0x33,0x33,0x33,0x33,0x33,0x33,0x33,0x33,0x33,0x33,0x33,0x33,0x33,0x33,0x33,0x33,0x33,
  0x33,0x33,0x33,0x33,0x33,0x33,0x33,0x33,0x33,0x33,0x33,0x33,0x33,0x33,0x33,0x33,0x33,0x34,0x0e,0xfc,
  0xbc,0xce,0xee,0xef,0xf7,0x87,0x77,0x77,0x77,0x77,0x77,0x77,0x77,0x77,0x77,0x77,0x77,0x77,0x68,0x77,
  0x78,0x88,0x78,0x88,0x88,0x88,0x7b,0xdc,0xcc,0xcc,0xff,0xa0,0x66,0x46,0x44,0x44,0x9a,0xff,0xcd,0xdd,
  0xdd,0xdd,0xdd,0xdd,0xff,0xe0,0x63,0x33,0x33,0x33,0x33,0x33,0x33,0x33,0x33,0x33,0x33,0x33,0x33,0x33,
  0x33,0x33,0x33,0x33,0x33,0x33,0x33,0x33,0x33,0x33,0x33,0x33,0x33,0x33,0x33,0x33,0x33,0x33,0x33,0x33,
  0x33,0x33,0x33,0x33,0x33,0x33,0x33,0x33,0x33,0x33,0x33,0x33,0x33,0x36,0x0e,0xfe,0xbe,0xce,0xee,0xef,
  0xfa,0x88,0x77,0x77,0x77,0x77,0x77,0x77,0x77,0x77,0x77,0x77,0x77,0x77,0x77,0x78,0x78,0x88,0x87,0x77,
  0x88,0x88,0x8c,0xdc,0xcc,0xcc,0xef,0xeb,0xee,0xb9,0x74,0x19,0x9b,0xff,0xdd,0xdd,0xdd,0xdd,0xdd,0xdd,
  0xef,0xf8,0x04,0x33,0x33,0x33,0x33,0x33,0x33,0x33,0x33,0x33,0x33,0x33,0x33,0x33,0x33,0x33,0x33,0x33,
  0x33,0x33,0x33,0x33,0x33,0x33,0x33,0x33,0x33,0x33,0x33,0x33,0x33,0x33,0x33,0x33,0x33,0x33,0x33,0x33,
  0x33,0x33,0x33,0x33,0x33,0x33,0x33,0x33,0x33,0x36,0x0b,0xfe,0xae,0xce,0xee,0xef,0xfe,0x99,0x98,0x77,
  0x77,0x77,0x77,0x77,0x77,0x78,0x77,0x77,0x77,0x77,0x77,0x88,0x78,0x88,0x87,0x88,0x88,0x78,0x9c,0xcc,
  0xcc,0xcc,0xcf,0xff,0xff,0xfe,0xa8,0x9a,0x8e,0xfe,0xdd,0xdd,0xdd,0xdd,0xdd,0xdd,0xcf,0xfb,0x06,0x33,
  0x33,0x33,0x33,0x33,0x33,0x33,0x33,0x33,0x33,0x33,0x33,0x33,0x33,0x33,0x33,0x33,0x33,0x33,0x33,0x33,
  0x33,0x33,0x33,0x33,0x33,0x33,0x33,0x33,0x33,0x33,0x33,0x33,0x33,0x33,0x33,0x33,0x33,0x33,0x33,0x33,
  0x33,0x33,0x33,0x33,0x33,0x36,0x0b,0xff,0xbe,0xee,0xee,0xee,0xff,0xea,0x89,0x99,0x98,0x87,0x77,0x77,
  0x77,0x88,0x88,0x77,0x78,0x87,0x88,0x88,0x88,0x88,0x88,0x88,0x88,0x7a,0x9c,0xdc,0xcc,0xcc,0xef,0xfe,
  0xee,0xff,0xfa,0xa8,0xbf,0xfd,0xdd,0xdd,0xdd,0xdd,0xdd,0xdd,0xde,0xfe,0x06,0x33,0x33,0x33,0x33,0x33,
  0x33,0x33,0x33,0x33,0x33,0x33,0x33,0x33,0x33,0x33,0x33,0x33,0x33,0x33,0x33,0x33,0x33,0x33,0x33,0x33,
  0x33,0x33,0x33,0x33,0x33,0x33,0x33,0x33,0x33,0x33,0x33,0x33,0x33,0x33,0x33,0x33,0x33,0x33,0x33,0x33,
  0x44,0x60,0x9f,0xff,0xee,0xee,0xee,0xee,0xef,0xff,0xea,0xa8,0x89,0x9a,0x99,0x88,0x77,0x78,0x88,0x88,
  0x88,0x88,0x88,0x88,0x88,0x88,0x88,0x88,0x87,0x8a,0xac,0xdc,0xcc,0xce,0xff,0xee,0xee,0xef,0xfe,0x0b,
  0xff,0xcd,0xdd,0xdd,0xdd,0xdd,0xdd,0xdd,0xdc,0xff,0x90,0x43,0x33,0x33,0x33,0x33,0x33,0x33,0x33,0x33,
  0x33,0x33,0x33,0x33,0x33,0x33,0x33,0x33,0x33,0x33,0x33,0x33,0x33,0x33,0x33,0x33,0x33,0x33,0x33,0x33,
  0x33,0x33,0x33,0x33,0x33,0x33,0x33,0x33,0x33,0x33,0x33,0x33,0x33,0x33,0x33,0x33,0x44,0x20,0xef,0xff,
  0xfe,0xee,0xee,0xee,0xee,0xff,0xff,0xfe,0xcb,0xa9,0x88,0x99,0xa9,0x99,0x88,0x77,0x77,0x88,0x88,0x88,
  0x88,0x88,0x88,0x88,0x88,0xa9,0xbc,0xcc,0xdc,0xef,0xfe,0xee,0xee,0xee,0xff,0xef,0xfe,0xdd,0xdd,0xdd,
  0xdd,0xdd,0xdd,0xdd,0xdd,0xff,0xb0,0x63,0x33,0x33,0x33,0x33,0x33,0x33,0x33,0x33,0x33,0x33,0x33,0x33,
  0x33,0x33,0x33,0x33,0x33,0x33,0x33,0x33,0x33,0x33,0x33,0x33,0x33,0x33,0x33,0x33,0x33,0x33,0x33,0x33,
  0x33,0x33,0x33,0x33,0x33,0x33,0x33,0x33,0x33,0x33,0x33,0x33,0x46,0x0b,0xff,0xce,0xff,0xee,0xee,0xee,
  0xee,0xee,0xff,0xff,0xff,0xfe,0xec,0xba,0xa9,0x89,0x9a,0xa9,0x99,0x88,0x88,0x77,0x78,0x88,0x88,0x77,
  0x8a,0xa9,0xcc,0xdc,0xef,0xff,0xeb,0xbe,0xee,0xee,0xff,0xff,0xed,0xdd,0xdd,0xdd,0xdd,0xdd,0xdd,0xdd,
  0xdd,0xef,0xe0,0x63,0x33,0x33,0x33,0x33,0x33,0x33,0x33,0x33,0x33,0x33,0x33,0x33,0x33,0x33,0x33,0x33,
  0x33,0x33,0x33,0x33,0x33,0x33,0x33,0x33,0x33,0x33,0x33,0x33,0x33,0x33,0x33,0x33,0x33,0x33,0x33,0x33,
  0x33,0x33,0x33,0x33,0x33,0x33,0x33,0x33,0x43,0x8f,0xfe,0xbd,0xef,0xfe,0xee,0xee,0xee,0xee,0xef,0xff,
  0xff,0xff,0xff,0xff,0xfe,0xcb,0xaa,0x98,0x99,0x9a,0xa9,0x99,0x99,0x88,0x88,0x89,0xaa,0x9c,0xdc,0xcf,
  0xff,0xfe,0xbb,0xee,0xee,0xee,0xff,0xec,0xdd,0xdd,0xdd,0xdd,0xdd,0xdd,0xdd,0xdd,0xdd,0xef,0xf6,0x14,
  0x43,0x33,0x33,0x33,0x33,0x33,0x33,0x33,0x33,0x33,0x33,0x33,0x33,0x33,0x33,0x33,0x33,0x33,0x33,0x33,
  0x33,0x33,0x33,0x33,0x33,0x33,0x33,0x33,0x33,0x33,0x33,0x33,0x33,0x33,0x33,0x33,0x33,0x33,0x33,0x33,
  0x33,0x33,0x33,0x33,0x60,0xbf,0xfb,0xdd,0xdf,0xff,0xee,0xee,0xee,0xee,0xff,0xfe,0xcc,0xef,0xff,0xff,
  0xff,0xff,0xff,0xee,0xcb,0xaa,0xa9,0x89,0x99,0x9a,0xaa,0xaa,0x99,0xbc,0xee,0xff,0xfe,0xeb,0xbe,0xee,
  0xee,0xee,0xff,0xdd,0xdd,0xdd,0xdd,0xdd,0xdd,0xdd,0xdd,0xdd,0xdd,0xcf,0xfa,0x06,0x43,0x33,0x33,0x33,
  0x33,0x33,0x33,0x33,0x33,0x33,0x33,0x33,0x33,0x33,0x33,0x33,0x33,0x33,0x33,0x33,0x33,0x33,0x33,0x33,
  0x33,0x33,0x33,0x33,0x33,0x33,0x33,0x33,0x33,0x33,0x33,0x33,0x33,0x33,0x33,0x33,0x33,0x33,0x33,0x33,
  0x40,0xef,0xcd,0xdd,0xdd,0xef,0xff,0xee,0xee,0xef,0xff,0xcc,0xcc,0xff,0xfe,0xef,0xfe,0xff,0xff,0xff,
  0xff,0xff,0xfe,0xec,0xba,0xaa,0x99,0x9a,0xbe,0xff,0xff,0xfe,0xee,0xec,0xee,0xee,0xee,0xef,0xfe,0xdd,
  0xdd,0xdd,0xdd,0xdd,0xdd,0xdd,0xdd,0xdd,0xdd,0xcf,0xfb,0x06,0x43,0x33,0x33,0x33,0x33,0x33,0x33,0x33,
  0x33,0x33,0x33,0x33,0x33,0x33,0x33,0x33,0x33,0x33,0x33,0x33,0x33,0x33,0x33,0x33,0x33,0x33,0x33,0x33,
  0x33,0x33,0x33,0x33,0x33,0x33,0x33,0x33,0x33,0x33,0x33,0x33,0x33,0x33,0x33,0x36,0x0a,0xff,0xbd,0xdd,
  0xdd,0xdc,0xff,0xff,0xff,0xff,0xec,0xcc,0xcf,0xff,0xee,0xff,0xee,0xee,0xee,0xff,0xff,0xff,0xff,0xff,
  0xff,0xff,0xee,0xef,0xff,0xff,0xfe,0xee,0xee,0xee,0xee,0xee,0xee,0xff,0xfd,0xdd,0xdd,0xdd,0xdd,0xdd,
  0xdd,0xdd,0xdd,0xdd,0xdd,0xde,0xfc,0x06,0x43,0x33,0x33,0x33,0x33,0x33,0x33,0x33,0x33,0x33,0x33,0x33,
  0x33,0x33,0x33,0x33,0x33,0x33,0x33,0x33,0x33,0x33,0x33,0x33,0x33,0x33,0x33,0x33,0x33,0x33,0x33,0x33,
  0x33,0x33,0x33,0x33,0x33,0x33,0x33,0x33,0x33,0x33,0x33,0x37,0x0a,0xff,0xcc,0xcc,0xcd,0xdd,0xdc,0xef,
  0xff,0xfe,0xcc,0xcc,0xce,0xfe,0xee,0xff,0xee,0xee,0xee,0xee,0xff,0xee,0xef,0xff,0xff,0xff,0xff,0xff,
  0xff,0xee,0xee,0xee,0xee,0xee,0xee,0xee,0xef,0xff,0xcd,0xdd,0xdd,0xdd,0xdd,0xdd,0xdd,0xdd,0xdd,0xdd,
  0xdd,0xde,0xfe,0x06,0x43,0x33,0x33,0x33,0x33,0x33,0x33,0x33,0x33,0x33,0x33,0x33,0x33,0x33,0x33,0x33,
  0x33,0x33,0x33,0x33,0x33,0x33,0x33,0x33,0x33,0x33,0x33,0x33,0x33,0x33,0x33,0x33,0x33,0x33,0x33,0x33,
  0x33,0x33,0x33,0x33,0x33,0x33,0x33,0x60,0xae,0xff,0xfe,0xee,0xcd,0xdd,0xdd,0xde,0xff,0xec,0xcc,0xcc,
  0xcc,0xce,0xee,0xee,0xee,0xee,0xee,0xef,0xfe,0xee,0xef,0xfe,0xee,0xef,0xff,0xee,0xee,0xee,0xee,0xee,
  0xee,0xee,0xee,0xee,0xff,0xfc,0xdd,0xdd,0xdd,0xdd,0xdd,0xdd,0xdd,0xdd,0xdd,0xdd,0xdd,0xde,0xfe,0x04,
  0x43,0x33,0x33,0x33,0x33,0x33,0x33,0x33,0x33,0x33,0x33,0x33,0x33,0x33,0x33,0x33,0x33,0x33,0x33,0x33,
  0x33,0x33,0x33,0x33,0x33,0x33,0x33,0x33,0x33,0x33,0x33,0x33,0x33,0x33,0x33,0x33,0x33,0x33,0x33,0x33,
  0x33,0x34,0x46,0x0b,0xff,0xfc,0xbb,0xdd,0xdd,0xdd,0xdd,0xcf,0xfe,0xcc,0xcc,0xcc,0xcc,0xee,0xee,0xcc,
  0xcc,0xee,0xef,0xff,0xee,0xee,0xff,0xee,0xee,0xef,0xfe,0xee,0xee,0xee,0xee,0xee,0xee,0xee,0xee,0xef,
  0xff,0xcd,0xdd,0xdd,0xdd,0xdd,0xdd,0xdd,0xdd,0xdd,0xdd,0xdd,0xdd,0xde,0xfe,0x34,0x43,0x33,0x33,0x33,
  0x33,0x33,0x33,0x33,0x33,0x33,0x33,0x33,0x33,0x33,0x33,0x33,0x33,0x33,0x33,0x33,0x33,0x33,0x33,0x33,
  0x33,0x33,0x33,0x33,0x33,0x33,0x33,0x33,0x33,0x33,0x33,0x33,0x33,0x33,0x33,0x33,0x33,0x36,0x70,0xcf,
  0xfe,0xbb,0xdd,0xdd,0xdd,0xdd,0xdd,0xff,0xec,0xcc,0xcc,0xcc,0xcc,0xee,0xee,0xcc,0xcc,0xcc,0xcc,0xee,
  0xee,0xff,0xfe,0xee,0xee,0xff,0xee,0xee,0xee,0xee,0xee,0xee,0xee,0xee,0xef,0xff,0xec,0xdd,0xdd,0xdd,
  0xdd,0xdd,0xdd,0xdd,0xdd,0xdd,0xdd,0xdd,0xdd,0xdc,0xff,0x72,0x43,0x33,0x33,0x33,0x33,0x33,0x33,0x33,
  0x33,0x33,0x33,0x33,0x33,0x33,0x33,0x33,0x33,0x33,0x33,0x33,0x33,0x33,0x33,0x33,0x33,0x33,0x33,0x33,
  0x33,0x33,0x33,0x33,0x33,0x33,0x33,0x33,0x33,0x33,0x33,0x33,0x24,0x60,0x0b,0xff,0xbb,0xbd,0xdd,0xdd,
  0xdd,0xdd,0xde,0xfe,0xcc,0xcc,0xcc,0xcc,0xcc,0xce,0xee,0xcc,0xcc,0xcc,0xce,0xee,0xec,0xef,0xee,0xee,
  0xee,0xff,0xee,0xee,0xee,0xee,0xee,0xee,0xee,0xef,0xff,0xfe,0xdd,0xdd,0xdd,0xdd,0xdd,0xdd,0xdd,0xdd,
  0xdd,0xdd,0xdd,0xdd,0xdd,0xdc,0xff,0x90,0x43,0x33,0x33,0x33,0x33,0x33,0x33,0x33,0x33,0x33,0x33,0x33,
  0x33,0x33,0x33,0x33,0x33,0x33,0x33,0x33,0x33,0x33,0x33,0x33,0x33,0x33,0x33,0x33,0x33,0x33,0x33,0x33,
  0x33,0x33,0x33,0x33,0x33,0x33,0x33,0x32,0x60,0x0a,0xcf,0xff,0xcc,0xdd,0xdd,0xdd,0xdd,0xdd,0xef,0xfc,
  0xcc,0xcc,0xcc,0xcc,0xcc,0xcc,0xcc,0xcc,0xcc,0xcc,0xce,0xee,0xec,0xcc,0xee,0xee,0xee,0xff,0xee,0xee,
  0xee,0xee,0xee,0xee,0xff,0xff,0xfe,0xdd,0xdd,0xdd,0xdd,0xdd,0xdd,0xdd,0xdd,0xdd,0xdd,0xdd,0xdd,0xdd,
  0xdd,0xdc,0xff,0x90,0x43,0x33,0x33,0x33,0x33,0x33,0x33,0x33,0x33,0x33,0x33,0x33,0x33,0x33,0x33,0x33,
  0x33,0x33,0x33,0x33,0x33,0x33,0x33,0x33,0x33,0x33,0x33,0x33,0x33,0x33,0x33,0x33,0x33,0x33,0x33,0x33,
  0x33,0x33,0x33,0x26,0x08,0xef,0xff,0xff,0xff,0xec,0xdd,0xdd,0xdd,0xdc,0xff,0xcc,0xcc,0xcc,0xcc,0xcc,
  0xcc,0xcc,0xcc,0xcc,0xcc,0xcc,0xce,0xff,0xcc,0xcc,0xce,0xee,0xee,0xff,0xee,0xee,0xee,0xee,0xef,0xff,
  0xff,0xff,0xee,0xee,0xee,0xcd,0xdd,0xdd,0xdd,0xdd,0xdd,0xdd,0xdd,0xdd,0xdd,0xdd,0xdd,0xdc,0xff,0xa0,
  0x63,0x33,0x33,0x33,0x33,0x33,0x33,0x33,0x33,0x33,0x33,0x33,0x33,0x33,0x33,0x33,0x33,0x33,0x33,0x33,
  0x33,0x33,0x33,0x33,0x33,0x33,0x33,0x33,0x33,0x33,0x33,0x33,0x33,0x33,0x33,0x33,0x33,0x33,0x33,0x60,
  0xaf,0xff,0xee,0xee,0xef,0xff,0xcd,0xdd,0xce,0xef,0xff,0xcc,0xcc,0xcc,0xcc,0xcc,0xcc,0xcc,0xcc,0xcc,
  0xcc,0xcc,0xcc,0xcc,0xcc,0xcc,0xcc,0xee,0xee,0xef,0xff,0xef,0xff,0xff,0xff,0xff,0xee,0xec,0xcc,0xcc,
  0xcc,0xcc,0xcc,0xdd,0xdd,0xdd,0xdd,0xdd,0xdd,0xdd,0xdd,0xdd,0xdd,0xdc,0xff,0x90,0x43,0x33,0x33,0x33,
  0x33,0x33,0x33,0x33,0x33,0x33,0x33,0x33,0x33,0x33,0x33,0x33,0x33,0x33,0x33,0x33,0x33,0x33,0x33,0x33,
  0x33,0x33,0x33,0x33,0x33,0x33,0x33,0x33,0x33,0x33,0x33,0x33,0x33,0x33,0x34,0x27,0xef,0xeb,0xbb,0xbb,
  0xee,0xff,0xfe,0xef,0xff,0xff,0xff,0xff,0xec,0xcc,0xcc,0xcc,0xcc,0xcc,0xcc,0xcc,0xcc,0xcc,0xcc,0xcc,
  0xcc,0xcc,0xcc,0xce,0xfe,0xef,0xff,0xff,0xff,0xff,0xee,0xdd,0xdd,0xdd,0xdd,0xdd,0xdd,0xdd,0xdd,0xdd,
  0xdd,0xdd,0xdd,0xdd,0xdd,0xdd,0xdd,0xdd,0xdd,0xde,0xff,0x90,0x63,0x33,0x33,0x33,0x33,0x33,0x33,0x33,
  0x33,0x33,0x33,0x33,0x33,0x33,0x33,0x33,0x33,0x33,0x33,0x33,0x33,0x33,0x33,0x33,0x33,0x33,0x33,0x33,
  0x33,0x33,0x33,0x33,0x33,0x33,0x33,0x33,0x33,0x33,0x46,0x0e,0xff,0xbe,0xee,0xeb,0xbe,0xef,0xff,0xff,
  0xee,0xcc,0xcc,0xef,0xfe,0xcc,0xcc,0xee,0xcc,0xcc,0xcc,0xcc,0xcc,0xcc,0xcc,0xcc,0xcc,0xcc,0xce,0xee,
  0xee,0xee,0xff,0xff,0xfe,0xcd,0xdd,0xdd,0xdd,0xdd,0xdd,0xdd,0xdd,0xdd,0xdd,0xdd,0xdd,0xdd,0xdd,0xdd,
  0xdd,0xdd,0xdd,0xdd,0xdd,0xde,0xff,0x80,0x63,0x33,0x33,0x33,0x33,0x33,0x33,0x33,0x33,0x33,0x33,0x33,
  0x33,0x33,0x33,0x33,0x33,0x33,0x33,0x33,0x33,0x33,0x33,0x33,0x33,0x33,0x33,0x33,0x33,0x33,0x33,0x33,
  0x33,0x33,0x33,0x33,0x33,0x34,0x60,0xaf,0xfc,0xee,0xee,0xee,0xee,0xee,0xff,0xec,0xcc,0xcc,0xcc,0xcc,
  0xef,0xfe,0xff,0xff,0xff,0xee,0xcc,0xcc,0xee,0xee,0xee,0xcc,0xcc,0xcc,0xee,0xee,0xef,0xef,0xff,0xfe,
  0xcd,0xdd,0xdd,0xdd,0xdd,0xdd,0xdd,0xdd,0xdd,0xdd,0xdd,0xdd,0xdd,0xdd,0xdd,0xdd,0xdd,0xdd,0xdd,0xdd,
  0xdd,0xde,0xff,0x61,0x43,0x33,0x33,0x33,0x33,0x33,0x33,0x33,0x33,0x33,0x33,0x33,0x33,0x33,0x33,0x33,
  0x33,0x33,0x33,0x33,0x33,0x33,0x33,0x33,0x33,0x33,0x33,0x33,0x33,0x33,0x33,0x33,0x33,0x33,0x33,0x33,
  0x33,0x34,0x60,0xcf,0xee,0xee,0xee,0xee,0xee,0xee,0xef,0xec,0xcc,0xcc,0xcc,0xcc,0xee,0xff,0xff,0xff,
  0xff,0xff,0xee,0xef,0xff,0xff,0xff,0xfe,0xcc,0xce,0xee,0xee,0xee,0xff,0xff,0xcd,0xdd,0xdd,0xdd,0xdd,
  0xdd,0xdd,0xdd,0xdd,0xdd,0xdd,0xdd,0xdd,0xdd,0xdd,0xdd,0xdd,0xdd,0xdd,0xdd,0xdd,0xdd,0xde,0xfe,0x04,
  0x33,0x33,0x33,0x33,0x33,0x33,0x33,0x33,0x33,0x33,0x33,0x33,0x33,0x33,0x33,0x33,0x33,0x33,0x33,0x33,
  0x33,0x33,0x33,0x33,0x33,0x33,0x33,0x33,0x33,0x33,0x33,0x33,0x33,0x33,0x33,0x33,0x33,0x34,0x41,0xef,
  0xee,0xee,0xee,0xee,0xee,0xee,0xef,0xfe,0xcc,0xcc,0xcc,0xcc,0xef,0xff,0xec,0xcc,0xce,0xef,0xff,0xff,
  0xee,0xcc,0xcc,0xef,0xfe,0xee,0xee,0xee,0xef,0xff,0xed,0xdd,0xdd,0xdd,0xcc,0xdd,0xdd,0xdd,0xdd,0xdd,
  0xdd,0xdd,0xdd,0xdd,0xdd,0xdd,0xdd,0xdd,0xdd,0xdd,0xdd,0xdd,0xdd,0xde,0xfe,0x06,0x33,0x33,0x33,0x33,
  0x33,0x33,0x33,0x33,0x33,0x33,0x33,0x33,0x33,0x33,0x33,0x33,0x33,0x33,0x33,0x33,0x33,0x33,0x33,0x33,
  0x33,0x33,0x33,0x33,0x33,0x33,0x33,0x33,0x33,0x33,0x33,0x33,0x33,0x34,0x08,0xff,0xee,0xee,0xee,0xee,
  0xee,0xee,0xef,0xfe,0xcc,0xcc,0xcc,0xcc,0xff,0xfb,0xcc,0xbb,0xce,0xce,0xff,0xec,0xcc,0xcc,0xcc,0xcc,
  0xff,0xee,0xee,0xee,0xff,0xfc,0xdd,0xdd,0xdd,0xbb,0xbb,0xbd,0xdd,0xdd,0xdd,0xdd,0xdd,0xdd,0xdd,0xdd,
  0xdd,0xdd,0xdd,0xdd,0xdd,0xdd,0xdd,0xdd,0xdd,0xce,0xfc,0x06,0x33,0x33,0x33,0x33,0x33,0x33,0x33,0x33,
  0x33,0x33,0x33,0x33,0x33,0x33,0x33,0x33,0x33,0x33,0x33,0x33,0x33,0x33,0x33,0x33,0x33,0x33,0x33,0x33,
  0x33,0x33,0x33,0x33,0x33,0x33,0x33,0x33,0x33,0x34,0x0a,0xff,0xee,0xee,0xee,0xee,0xee,0xee,0xef,0xfe,
  0xcc,0xcc,0xcc,0xce,0xff,0xbe,0xee,0xec,0xbb,0xee,0xef,0xfc,0xcc,0xcc,0xcc,0xcc,0xef,0xfe,0xee,0xef,
  0xff,0xcd,0xdd,0xdd,0xcb,0xbb,0xbb,0xbd,0xdd,0xdd,0xdd,0xdd,0xdd,0xdd,0xdd,0xdd,0xdd,0xdd,0xdd,0xdd,
  0xdd,0xdd,0xdd,0xdd,0xdd,0xcf,0xfb,0x06,0x33,0x33,0x33,0x33,0x33,0x33,0x33,0x33,0x33,0x33,0x33,0x33,
  0x33,0x33,0x33,0x33,0x33,0x33,0x33,0x33,0x33,0x33,0x33,0x33,0x33,0x33,0x33,0x33,0x33,0x33,0x33,0x33,
  0x33,0x33,0x33,0x33,0x33,0x36,0x0a,0xff,0xee,0xee,0xee,0xee,0xee,0xee,0xee,0xff,0xcc,0xcc,0xce,0xef,
  0xfe,0xee,0xee,0xee,0xee,0xee,0xef,0xfe,0xcc,0xcc,0xcc,0xcc,0xef,0xfe,0xee,0xff,0xed,0xdd,0xdd,0xdd,
  0xbb,0xbb,0xbb,0xdd,0xdd,0xdd,0xdd,0xdd,0xdd,0xdd,0xdd,0xdd,0xdd,0xdd,0xdd,0xdd,0xdd,0xdd,0xdd,0xdd,
  0xdd,0xef,0xfa,0x06,0x43,0x33,0x33,0x33,0x33,0x33,0x33,0x33,0x33,0x33,0x33,0x33,0x33,0x33,0x33,0x33,
  0x33,0x33,0x33,0x33,0x33,0x33,0x33,0x33,0x33,0x33,0x33,0x33,0x33,0x33,0x33,0x33,0x33,0x33,0x33,0x33,
  0x33,0x36,0x0a,0xff,0xee,0xee,0xee,0xee,0xee,0xee,0xee,0xff,0xcc,0xee,0xee,0xff,0xfe,0xee,0xee,0xee,
  0xee,0xee,0xee,0xff,0xcc,0xcc,0xcc,0xce,0xee,0xfe,0xef,0xfe,0xdd,0xdd,0xdd,0xdd,0xbb,0xbb,0xdd,0xdd,
  0xdd,0xdd,0xdd,0xdd,0xdd,0xdd,0xdd,0xdd,0xdd,0xdd,0xdd,0xdd,0xdd,0xdd,0xdd,0xdd,0xdd,0xef,0xf6,0x24,
  0x43,0x33,0x33,0x33,0x33,0x33,0x33,0x33,0x33,0x33,0x33,0x33,0x33,0x33,0x33,0x33,0x33,0x33,0x33,0x33,
  0x33,0x33,0x33,0x33,0x33,0x33,0x33,0x33,0x33,0x33,0x33,0x33,0x33,0x33,0x33,0x33,0x33,0x34,0x09,0xff,
  0xee,0xee,0xee,0xee,0xee,0xee,0xee,0xff,0xee,0xee,0xee,0xff,0xee,0xee,0xee,0xee,0xee,0xee,0xee,0xff,
  0xec,0xcc,0xce,0xee,0xee,0xff,0xff,0xcd,0xdd,0xdd,0xdd,0xdd,0xdd,0xdd,0xdd,0xdd,0xdd,0xdd,0xdd,0xdd,
  0xdd,0xdd,0xdd,0xdd,0xdd,0xdd,0xdd,0xdd,0xdd,0xdd,0xdd,0xdd,0xdc,0xef,0xe0,0x64,0x43,0x33,0x33,0x33,
  0x33,0x33,0x33,0x33,0x33,0x33,0x33,0x33,0x33,0x33,0x33,0x33,0x33,0x33,0x33,0x33,0x33,0x33,0x33,0x33,
  0x33,0x33,0x33,0x33,0x33,0x33,0x33,0x33,0x33,0x33,0x33,0x33,0x33,0x34,0x17,0xff,0xee,0xee,0xee,0xee,
  0xee,0xee,0xee,0xff,0xee,0xee,0xee,0xff,0xee,0xee,0xee,0xee,0xee,0xee,0xee,0xff,0xec,0xcc,0xee,0xee,
  0xee,0xff,0xfc,0xdd,0xdd,0xdd,0xdd,0xdd,0xdd,0xdd,0xdd,0xdd,0xdd,0xdd,0xdd,0xdd,0xdd,0xdd,0xdd,0xdd,
  0xdd,0xdd,0xdd,0xdd,0xdd,0xdd,0xdd,0xdd,0xdc,0xff,0xb0,0x64,0x43,0x33,0x33,0x33,0x33,0x33,0x33,0x33,
  0x33,0x33,0x33,0x33,0x33,0x33,0x33,0x33,0x33,0x33,0x33,0x33,0x33,0x33,0x33,0x33,0x33,0x33,0x33,0x33,
  0x33,0x33,0x33,0x33,0x33,0x33,0x33,0x33,0x33,0x33,0x60,0xef,0xee,0xee,0xee,0xee,0xee,0xee,0xee,0xff,
  0xee,0xee,0xef,0xff,0xee,0xee,0xee,0xee,0xee,0xee,0xee,0xff,0xec,0xee,0xee,0xee,0xef,0xff,0xdd,0xdd,
  0xdd,0xdd,0xdd,0xdd,0xdd,0xdd,0xdd,0xdd,0xdd,0xdd,0xdd,0xdd,0xdd,0xdd,0xdd,0xdd,0xdd,0xdd,0xdd,0xdd,
  0xdd,0xdd,0xdd,0xdd,0xde,0xff,0x90,0x44,0x43,0x33,0x33,0x33,0x33,0x33,0x33,0x33,0x33,0x33,0x33,0x33,
  0x33,0x33,0x33,0x33,0x33,0x33,0x33,0x33,0x33,0x33,0x33,0x33,0x33,0x33,0x33,0x33,0x33,0x33,0x33,0x33,
  0x33,0x33,0x33,0x33,0x33,0x34,0x60,0xbf,0xfe,0xee,0xee,0xee,0xee,0xee,0xef,0xff,0xee,0xff,0xff,0xff,
  0xee,0xee,0xee,0xee,0xee,0xee,0xee,0xef,0xfe,0xee,0xee,0xee,0xff,0xfd,0xdd,0xdd,0xdd,0xdd,0xdd,0xdd,
  0xdd,0xdd,0xdd,0xdd,0xdd,0xdd,0xdd,0xdd,0xdd,0xdd,0xdd,0xdd,0xdd,0xdd,0xdd,0xdd,0xdd,0xdd,0xdd,0xdd,
  0xcf,0xfe,0x06,0x44,0x33,0x33,0x33,0x33,0x33,0x33,0x33,0x33,0x33,0x33,0x33,0x33,0x33,0x33,0x33,0x33,
  0x33,0x33,0x33,0x33,0x33,0x33,0x33,0x33,0x33,0x33,0x33,0x33,0x33,0x33,0x33,0x33,0x33,0x33,0x33,0x33,
  0x33,0x34,0x40,0x9f,0xfe,0xee,0xee,0xee,0xee,0xee,0xef,0xff,0xff,0xff,0xee,0xff,0xee,0xee,0xee,0xee,
  0xee,0xee,0xee,0xef,0xfe,0xee,0xee,0xef,0xfe,0xdd,0xdd,0xdd,0xdd,0xdd,0xdd,0xdd,0xdd,0xdd,0xdd,0xdd,
  0xdd,0xdd,0xdd,0xdd,0xdd,0xdd,0xdd,0xdd,0xdd,0xdd,0xdd,0xdd,0xdd,0xdd,0xdd,0xdd,0xef,0xfa,0x06,0x33,
  0x33,0x33,0x33,0x33,0x33,0x33,0x33,0x33,0x33,0x33,0x33,0x33,0x33,0x33,0x33,0x33,0x33,0x33,0x33,0x33,
  0x33,0x33,0x33,0x33,0x33,0x33,0x33,0x33,0x33,0x33,0x33,0x33,0x33,0x33,0x33,0x33,0x33,0x34,0x60,0xaf,
  0xff,0xee,0xee,0xee,0xee,0xee,0xef,0xff,0xfe,0xed,0xdc,0xff,0xee,0xee,0xee,0xee,0xee,0xee,0xee,0xef,
  0xfe,0xee,0xee,0xff,0xfd,0xdd,0xdd,0xdd,0xdd,0xdd,0xdd,0xdd,0xdd,0xdd,0xdd,0xdd,0xdd,0xdd,0xdd,0xdd,
  0xdd,0xdd,0xdd,0xdd,0xdd,0xdd,0xdd,0xdd,0xdd,0xdd,0xdd,0xcc,0xef,0xe1,0x14,0x33,0x33,0x33,0x33,0x33,
  0x33,0x33,0x33,0x33,0x33,0x33,0x33,0x33,0x33,0x33,0x33,0x33,0x33,0x33,0x33,0x33,0x33,0x33,0x33,0x33,
  0x33,0x33,0x33,0x33,0x33,0x33,0x33,0x33,0x33,0x33,0x33,0x33,0x33,0x33,0x60,0xcf,0xff,0xfe,0xee,0xee,
  0xee,0xee,0xff,0xfe,0xcd,0xdd,0xdd,0xff,0xee,0xee,0xee,0xee,0xee,0xee,0xee,0xff,0xfe,0xee,0xef,0xff,
  0xdd,0xdd,0xdd,0xdd,0xdd,0xdd,0xdd,0xdd,0xdd,0xdd,0xdd,0xdd,0xdd,0xdd,0xdd,0xdd,0xdd,0xdd,0xdd,0xdd,
  0xdd,0xdd,0xdd,0xdd,0xdd,0xdd,0xdc,0xde,0xff,0xb0,0x64,0x44,0x33,0x33,0x33,0x33,0x33,0x33,0x33,0x33,
  0x33,0x33,0x33,0x33,0x33,0x33,0x33,0x33,0x33,0x33,0x33,0x33,0x33,0x33,0x33,0x33,0x33,0x33,0x33,0x33,
  0x33,0x33,0x33,0x33,0x33,0x33,0x33,0x33,0x33,0x33,0x60,0xef,0xff,0xff,0xee,0xee,0xee,0xff,0xfe,0xcd,
  0xdd,0xdd,0xdd,0xff,0xee,0xee,0xee,0xee,0xee,0xee,0xee,0xff,0xfe,0xee,0xff,0xfc,0xdd,0xdd,0xdd,0xdd,
  0xdd,0xdd,0xdd,0xdd,0xdd,0xdd,0xdd,0xdd,0xdd,0xdd,0xdd,0xdd,0xdd,0xdd,0xdd,0xdd,0xdd,0xdd,0xdd,0xdd,
  0xdd,0xdd,0xdc,0xce,0xff,0x61,0x44,0x43,0x33,0x33,0x33,0x33,0x33,0x33,0x33,0x33,0x33,0x33,0x33,0x33,
  0x33,0x33,0x33,0x33,0x33,0x33,0x33,0x33,0x33,0x33,0x33,0x33,0x33,0x33,0x33,0x33,0x33,0x33,0x33,0x33,
  0x33,0x33,0x33,0x33,0x33,0x33,0x60,0xef,0xec,0xff,0xff,0xee,0xff,0xff,0xed,0xdd,0xdd,0xdd,0xdd,0xef,
  0xee,0xee,0xee,0xee,0xee,0xee,0xee,0xff,0xef,0xff,0xff,0xcd,0xdd,0xdd,0xdd,0xdd,0xdd,0xdd,0xdd,0xdd,
  0xdd,0xdd,0xdd,0xdd,0xdd,0xdd,0xdd,0xdd,0xdd,0xdd,0xdd,0xdd,0xdd,0xdd,0xdd,0xdd,0xdd,0xdc,0xcd,0xef,
  0xfb,0x06,0x44,0x33,0x33,0x33,0x33,0x33,0x33,0x33,0x33,0x33,0x33,0x33,0x33,0x33,0x33,0x33,0x33,0x33,
  0x33,0x33,0x33,0x33,0x33,0x33,0x33,0x33,0x33,0x33,0x33,0x33,0x33,0x33,0x33,0x33,0x33,0x33,0x33,0x33,
  0x33,0x33,0x60,0xcf,0xed,0xcf,0xff,0xff,0xff,0xfc,0xdd,0xdd,0xdd,0xdd,0xdd,0xef,0xfe,0xee,0xee,0xee,
  0xee,0xee,0xef,0xff,0xff,0xff,0xee,0xdd,0xdd,0xdd,0xdd,0xdd,0xdd,0xdd,0xdd,0xdd,0xdd,0xdd,0xdd,0xdd,
  0xdd,0xdd,0xdd,0xdd,0xdd,0xdd,0xdd,0xdd,0xdd,0xdd,0xdd,0xdd,0xdd,0xdc,0xcc,0xff,0xe0,0x43,0x33,0x33,
  0x33,0x33,0x33,0x33,0x33,0x33,0x33,0x33,0x33,0x33,0x33,0x33,0x33,0x33,0x33,0x33,0x33,0x33,0x33,0x33,
  0x33,0x33,0x33,0x33,0x33,0x33,0x33,0x33,0x33,0x33,0x33,0x33,0x33,0x33,0x33,0x33,0x33,0x33,0x60,0xbf,
  0xfd,0xdd,0xce,0xff,0xec,0xdd,0xdd,0xdd,0xdd,0xdd,0xdd,0xcf,0xfe,0xee,0xee,0xee,0xee,0xee,0xef,0xff,
  0xec,0xdd,0xdd,0xdd,0xdd,0xdd,0xdd,0xdd,0xdd,0xdd,0xdd,0xdd,0xdd,0xdd,0xdd,0xdd,0xdd,0xdd,0xdd,0xdd,
  0xdd,0xdd,0xdd,0xdd,0xdd,0xdd,0xdd,0xdd,0xdd,0xcc,0xce,0xff,0xa0,0x63,0x33,0x33,0x33,0x33,0x33,0x33,
  0x33,0x33,0x33,0x33,0x33,0x33,0x33,0x33,0x33,0x33,0x33,0x33,0x33,0x33,0x33,0x33,0x33,0x33,0x33,0x33,
  0x33,0x33,0x33,0x33,0x33,0x33,0x33,0x33,0x33,0x33,0x33,0x33,0x33,0x33,0x60,0xaf,0xfc,0xdd,0xdd,0xdd,
  0xdd,0xdd,0xdd,0xdd,0xdd,0xdd,0xdd,0xde,0xff,0xee,0xee,0xee,0xee,0xee,0xff,0xec,0xdd,0xdd,0xdd,0xdd,
  0xdd,0xdd,0xdd,0xdd,0xdd,0xdd,0xdd,0xdd,0xdd,0xdd,0xdd,0xdd,0xdd,0xdd,0xdd,0xdd,0xdd,0xdd,0xdd,0xdd,
  0xdd,0xdd,0xdd,0xdd,0xdc,0xcc,0xef,0xfc,0x06,0x43,0x33,0x22,0x33,0x33,0x33,0x33,0x33,0x33,0x33,0x33,
  0x33,0x33,0x33,0x33,0x33,0x33,0x33,0x33,0x33,0x33,0x33,0x33,0x33,0x33,0x33,0x33,0x33,0x33,0x33,0x33,
  0x33,0x33,0x33,0x33,0x33,0x33,0x33,0x33,0x33,0x33,0x26,0x0e,0xfe,0xdd,0xdd,0xdd,0xdd,0xdd,0xdd,0xdd,
  0xdd,0xdd,0xdd,0xdd,0xff,0xfe,0xee,0xee,0xee,0xff,0xfe,0xdd,0xdd,0xdd,0xdd,0xdd,0xdd,0xdd,0xdd,0xdd,
  0xdd,0xdd,0xdd,0xdd,0xdd,0xdd,0xdd,0xdd,0xdd,0xdd,0xdd,0xdd,0xdd,0xdd,0xdd,0xdd,0xdd,0xdd,0xdd,0xdd,
  0xdd,0xce,0xff,0xe0,0x64,0x43,0x33,0x23,0x33,0x33,0x33,0x33,0x33,0x33,0x33,0x33,0x33,0x33,0x33,0x33,
  0x33,0x33,0x33,0x33,0x33,0x33,0x33,0x33,0x33,0x33,0x33,0x33,0x33,0x33,0x33,0x33,0x33,0x33,0x33,0x33,
  0x33,0x33,0x33,0x33,0x33,0x33,0x36,0x0a,0xff,0xed,0xdd,0xdd,0xdd,0xdd,0xdd,0xdd,0xdd,0xdd,0xdd,0xdd,
  0xcf,0xff,0xee,0xee,0xff,0xff,0xed,0xdd,0xdd,0xdd,0xdd,0xdd,0xdd,0xdd,0xdd,0xdd,0xdd,0xdd,0xdd,0xdd,
  0xdd,0xdd,0xdd,0xdd,0xdd,0xdd,0xdd,0xdd,0xdd,0xdd,0xdd,0xdd,0xdd,0xdd,0xdd,0xdc,0xdc,0xef,0xfe,0x61,
  0x23,0x33,0x33,0x33,0x33,0x33,0x33,0x33,0x33,0x33,0x33,0x33,0x33,0x33,0x33,0x33,0x33,0x33,0x33,0x33,
  0x33,0x33,0x33,0x33,0x33,0x33,0x33,0x33,0x33,0x33,0x33,0x33,0x33,0x33,0x33,0x33,0x33,0x33,0x33,0x33,
  0x33,0x33,0x33,0x60,0xcf,0xfc,0xdd,0xdd,0xdd,0xdd,0xdd,0xdd,0xdd,0xdd,0xdd,0xdd,0xdc,0xff,0xff,0xff,
  0xff,0xfc,0xdd,0xdd,0xdd,0xdd,0xdd,0xdd,0xdd,0xdd,0xdd,0xdd,0xdd,0xdd,0xdd,0xdd,0xdd,0xdd,0xdd,0xdd,
  0xdd,0xdd,0xdd,0xdd,0xdd,0xdd,0xdd,0xdd,0xdd,0xdd,0xdd,0xcc,0xce,0xff,0xe8,0x03,0x23,0x33,0x33,0x33,
  0x33,0x33,0x33,0x33,0x33,0x33,0x33,0x33,0x33,0x33,0x33,0x33,0x33,0x33,0x33,0x33,0x33,0x33,0x33,0x33,
  0x33,0x33,0x33,0x33,0x33,0x33,0x33,0x33,0x33,0x33,0x33,0x33,0x33,0x33,0x33,0x33,0x33,0x33,0x33,0x36,
  0x1e,0xff,0xcd,0xdd,0xdd,0xdd,0xdd,0xdd,0xdd,0xdd,0xdd,0xdd,0xdd,0xde,0xef,0xff,0xec,0xdd,0xdd,0xdd,
  0xdd,0xdd,0xdd,0xdd,0xdd,0xdd,0xdd,0xdd,0xdd,0xdd,0xdd,0xdd,0xdd,0xdd,0xdd,0xdd,0xdd,0xdd,0xdd,0xdd,
  0xdd,0xdd,0xdd,0xdd,0xdd,0xdd,0xcc,0xcc,0xef,0xfe,0x80,0x63,0x33,0x33,0x33,0x33,0x33,0x33,0x33,0x33,
  0x33,0x33,0x33,0x33,0x33,0x33,0x33,0x33,0x33,0x33,0x33,0x33,0x33,0x33,0x33,0x33,0x33,0x33,0x33,0x33,
  0x33,0x33,0x33,0x33,0x33,0x33,0x33,0x33,0x33,0x33,0x33,0x33,0x33,0x33,0x33,0x26,0x17,0xef,0xfe,0xdd,
  0xdd,0xdd,0xdd,0xdd,0xdd,0xdd,0xdd,0xdd,0xdd,0xdd,0xdd,0xdd,0xdd,0xdd,0xdd,0xdd,0xdd,0xdd,0xdd,0xdd,
  0xdd,0xdd,0xdd,0xdd,0xdd,0xdd,0xdd,0xdd,0xdd,0xdd,0xdd,0xdd,0xdd,0xdd,0xdd,0xdd,0xdd,0xdd,0xdd,0xdd,
  0xdd,0xcc,0xcc,0xef,0xff,0xe2,0x06,0x34,0x43,0x33,0x33,0x33,0x33,0x33,0x33,0x33,0x33,0x33,0x33,0x33,
  0x33,0x33,0x33,0x33,0x33,0x33,0x33,0x33,0x33,0x33,0x33,0x33,0x33,0x33,0x33,0x33,0x33,0x33,0x33,0x33,
  0x33,0x33,0x33,0x33,0x33,0x33,0x33,0x33,0x33,0x33,0x33,0x33,0x60,0x6e,0xff,0xec,0xdd,0xdd,0xdd,0xdd,
  0xdd,0xdd,0xdd,0xdd,0xdd,0xdd,0xdd,0xdd,0xdd,0xdd,0xdd,0xdd,0xdd,0xdd,0xdd,0xdd,0xdd,0xdd,0xdd,0xdd,
  0xdd,0xdd,0xdd,0xdd,0xdd,0xdd,0xdd,0xdd,0xdd,0xdd,0xdd,0xdd,0xdd,0xdd,0xdd,0xdd,0xcc,0xdc,0xce,0xff,
  0xfb,0x01,0x63,0x44,0x43,0x33,0x33,0x33,0x33,0x33,0x33,0x33,0x33,0x33,0x33,0x33,0x33,0x33,0x33,0x33,
  0x33,0x33,0x33,0x33,0x33,0x33,0x33,0x33,0x33,0x33,0x33,0x33,0x33,0x33,0x33,0x33,0x33,0x33,0x33,0x33,
  0x33,0x33,0x33,0x33,0x33,0x33,0x33,0x44,0x46,0x10,0xcf,0xff,0xed,0xdd,0xdd,0xdd,0xdd,0xdd,0xdd,0xdd,
  0xdd,0xdd,0xdd,0xdd,0xdd,0xdd,0xdd,0xdd,0xdd,0xdd,0xdd,0xdd,0xdd,0xdd,0xdd,0xdd,0xdd,0xdd,0xdd,0xdd,
  0xdd,0xdd,0xdd,0xdd,0xdd,0xdd,0xdd,0xdd,0xdd,0xdd,0xdd,0xcc,0xdc,0xce,0xff,0xfe,0xa0,0x62,0x23,0x44,
  0x43,0x33,0x33,0x33,0x33,0x33,0x33,0x33,0x33,0x33,0x33,0x33,0x33,0x33,0x33,0x33,0x33,0x33,0x33,0x33,
  0x33,0x33,0x33,0x33,0x33,0x33,0x33,0x33,0x33,0x33,0x33,0x33,0x33,0x33,0x33,0x33,0x33,0x33,0x33,0x33,
  0x33,0x33,0x33,0x33,0x34,0x63,0x0a,0xef,0xff,0xec,0xdd,0xdd,0xdd,0xdd,0xdd,0xdd,0xdd,0xdd,0xdd,0xdd,
  0xdd,0xdd,0xdd,0xdd,0xdd,0xdd,0xdd,0xdd,0xdd,0xdd,0xdd,0xdd,0xdd,0xdd,0xdd,0xdd,0xdd,0xdd,0xdd,0xdd,
  0xdd,0xdd,0xdd,0xdd,0xdd,0xdd,0xdd,0xdc,0xce,0xff,0xff,0xb1,0x06,0x43,0x33,0x33,0x33,0x33,0x33,0x33,
  0x33,0x33,0x33,0x33,0x33,0x33,0x33,0x33,0x33,0x33,0x33,0x33,0x33,0x33,0x33,0x33,0x33,0x33,0x33,0x33,
  0x33,0x33,0x33,0x33,0x33,0x33,0x33,0x33,0x33,0x33,0x33,0x33,0x33,0x33,0x33,0x33,0x33,0x33,0x33,0x33,
  0x33,0x34,0x60,0x2b,0xff,0xff,0xec,0xdd,0xdd,0xdd,0xdd,0xdd,0xdd,0xdd,0xdd,0xdd,0xdd,0xdd,0xdd,0xdd,
  0xdd,0xdd,0xdd,0xdd,0xdd,0xdd,0xdd,0xdd,0xdd,0xdd,0xdd,0xdd,0xdd,0xdd,0xdd,0xdd,0xdd,0xdd,0xdd,0xdd,
  0xdd,0xdd,0xdc,0xee,0xff,0xff,0xe9,0x04,0x64,0x43,0x33,0x33,0x33,0x33,0x33,0x33,0x33,0x33,0x33,0x33,
  0x33,0x33,0x33,0x33,0x33,0x33,0x33,0x33,0x33,0x33,0x33,0x33,0x33,0x33,0x33,0x33,0x33,0x33,0x33,0x33,
  0x33,0x33,0x33,0x33,0x33,0x33,0x33,0x33,0x33,0x33,0x33,0x33,0x33,0x33,0x33,0x33,0x33,0x33,0x36,0x30,
  0x8b,0xef,0xff,0xfe,0xcd,0xdd,0xdd,0xdd,0xdd,0xdd,0xdd,0xdd,0xdd,0xdd,0xdd,0xdd,0xdd,0xdd,0xdd,0xdd,
  0xdd,0xdd,0xdd,0xdd,0xdd,0xdd,0xdd,0xdd,0xdd,0xdd,0xdd,0xdd,0xdd,0xdd,0xdd,0xdd,0xdd,0xce,0xef,0xff,
  0xff,0xea,0x00,0x66,0x63,0x33,0x33,0x33,0x33,0x33,0x33,0x33,0x33,0x33,0x33,0x33,0x33,0x33,0x33,0x33,
  0x33,0x33,0x33,0x33,0x33,0x33,0x33,0x33,0x33,0x33,0x33,0x33,0x33,0x33,0x33,0x33,0x33,0x33,0x33,0x33,
  0x33,0x33,0x33,0x33,0x33,0x33,0x33,0x33,0x33,0x33,0x33,0x33,0x33,0x33,0x33,0x46,0x30,0x1b,0xef,0xff,
  0xff,0xee,0xcd,0xdd,0xdd,0xdd,0xdd,0xdd,0xdd,0xdd,0xdd,0xdd,0xdd,0xdd,0xdd,0xdd,0xdd,0xdd,0xdd,0xdd,
  0xdd,0xdd,0xdd,0xdd,0xdd,0xdd,0xdd,0xdd,0xdd,0xdd,0xdc,0xcc,0xee,0xff,0xff,0xfe,0xb9,0x00,0x66,0x23,
  0x43,0x33,0x33,0x33,0x33,0x33,0x33,0x33,0x33,0x33,0x33,0x33,0x33,0x33,0x33,0x33,0x33,0x33,0x33,0x33,
  0x33,0x33,0x33,0x33,0x33,0x33,0x33,0x33,0x33,0x33,0x33,0x33,0x33,0x33,0x33,0x33,0x33,0x33,0x33,0x33,
  0x33,0x33,0x33,0x33,0x33,0x33,0x33,0x33,0x33,0x33,0x33,0x33,0x46,0x30,0x0a,0xbe,0xff,0xff,0xff,0xee,
  0xcd,0xdd,0xdd,0xdd,0xdd,0xdd,0xdd,0xdd,0xdd,0xdd,0xdd,0xdd,0xdd,0xdd,0xdd,0xdd,0xdd,0xdd,0xdd,0xdd,
  0xdd,0xdd,0xdd,0xdd,0xdc,0xcc,0xee,0xef,0xff,0xff,0xfe,0xa0,0x01,0x66,0x44,0x33,0x33,0x33,0x33,0x33,
  0x33,0x33,0x33,0x33,0x33,0x33,0x33,0x33,0x33,0x33,0x33,0x33,0x33,0x33,0x33,0x33,0x33,0x33,0x33,0x33,
  0x33,0x33,0x33,0x33,0x33,0x33,0x33,0x33,0x33,0x33,0x33,0x33,0x33,0x33,0x33,0x33,0x33,0x33,0x33,0x33,
  0x33,0x33,0x33,0x33,0x33,0x33,0x33,0x33,0x33,0x47,0x60,0x00,0x9b,0xef,0xff,0xff,0xff,0xfe,0xee,0xcc,
  0xdd,0xdd,0xdd,0xdd,0xdd,0xdd,0xdd,0xdd,0xdd,0xdd,0xdd,0xdd,0xdd,0xdd,0xdd,0xdd,0xdd,0xdc,0xcc,0xce,
  0xee,0xff,0xff,0xff,0xfe,0xea,0x80,0x02,0x64,0x11,0x44,0x33,0x32,0x23,0x33,0x33,0x33,0x33,0x33,0x33,
  0x33,0x33,0x33,0x33,0x33,0x33,0x33,0x33,0x33,0x33,0x33,0x33,0x33,0x33,0x33,0x33,0x33,0x33,0x33,0x33,
  0x33,0x33,0x33,0x33,0x33,0x33,0x33,0x33,0x33,0x33,0x33,0x33,0x33,0x33,0x33,0x33,0x33,0x33,0x33,0x33,
  0x33,0x33,0x33,0x33,0x33,0x34,0x46,0x66,0x00,0x06,0xab,0xee,0xff,0xff,0xff,0xff,0xff,0xee,0xee,0xcc,
  0xcc,0xcc,0xcd,0xdd,0xdd,0xdd,0xdd,0xdd,0xcc,0xcc,0xcc,0xee,0xee,0xee,0xff,0xff,0xff,0xff,0xff,0xeb,
  0xa6,0x00,0x16,0x64,0x41,0x11,0x44,0x33,0x32,0x23,0x33,0x33,0x33,0x33,0x33,0x33,0x33,0x33,0x33,0x33,
  0x33,0x33,0x33,0x33,0x33,0x33,0x33,0x33,0x33,0x33,0x33,0x33,0x33,0x33,0x33,0x33,0x33,0x33,0x33,0x33,
  0x33,0x33,0x33,0x33,0x33,0x33,0x33,0x33,0x33,0x33,0x33,0x33,0x33,0x33,0x33,0x33,0x33,0x33,0x33,0x33,
  0x33,0x33,0x34,0x33,0x46,0x63,0x00,0x00,0x8a,0xbe,0xef,0xff,0xff,0xff,0xff,0xff,0xff,0xff,0xff,0xff,
  0xfe,0xee,0xee,0xef,0xff,0xff,0xff,0xff,0xff,0xff,0xff,0xff,0xfe,0xeb,0xa6,0x00,0x03,0x66,0x43,0x44,
  0x33,0x33,0x33,0x33,0x33,0x33,0x33,0x33,0x33,0x33,0x33,0x33,0x33,0x33,0x33,0x33,0x33,0x33,0x33,0x33,
  0x33,0x33,0x33,0x33,0x33,0x33,0x33,0x33,0x33,0x33,0x33,0x33,0x33,0x33,0x33,0x33,0x33,0x33,0x33,0x33,
  0x33,0x33,0x33,0x33,0x33,0x33,0x33,0x33,0x33,0x33,0x33,0x33,0x33,0x33,0x33,0x33,0x33,0x33,0x33,0x33,
  0x33,0x34,0x66,0x66,0x00,0x00,0x01,0x8a,0xab,0xce,0xee,0xff,0xff,0xff,0xff,0xff,0xff,0xff,0xff,0xff,
  0xff,0xff,0xff,0xff,0xfe,0xee,0xcb,0xaa,0x20,0x00,0x04,0x66,0x64,0x33,0x33,0x33,0x33,0x33,0x33,0x33,
  0x33,0x33,0x33,0x33,0x33,0x33,0x33,0x33,0x33,0x33,0x33,0x33,0x33,0x33,0x33,0x33,0x33,0x33,0x33,0x33,
  0x33,0x33,0x33,0x33,0x33,0x33,0x33,0x33,0x33,0x33,0x33,0x33,0x33,0x33,0x33,0x33,0x33,0x33,0x33,0x33,
  0x33,0x33,0x33,0x33,0x33,0x33,0x33,0x33,0x33,0x33,0x33,0x33,0x33,0x33,0x33,0x33,0x33,0x33,0x33,0x33,
  0x46,0x66,0x64,0x10,0x00,0x00,0x01,0x88,0xaa,0xab,0xbb,0xbb,0xcc,0xee,0xee,0xec,0xcb,0xbb,0xaa,0xa9,
  0x86,0x00,0x00,0x00,0x46,0x66,0x64,0x43,0x33,0x33,0x33,0x33,0x33,0x33,0x33,0x33,0x33,0x33,0x33,0x33,
  0x33,0x33,0x33,0x33,0x33,0x33,0x33,0x33,0x33,0x33,0x33,0x33,0x33,0x33,0x33,0x33,0x33,0x33,0x33,0x33,
  0x33,0x33,0x33,0x33,0x33,0x33,0x33,0x33,0x33,0x33,0x33,0x33,0x33,0x33,0x33,0x33,0x33,0x33,0x33,0x33,
  0x33,0x33,0x33,0x33,0x33,0x33,0x33,0x33,0x33,0x33,0x33,0x33,0x33,0x33,0x33,0x33,0x33,0x33,0x33,0x46,
  0x66,0x66,0x64,0x10,0x00,0x00,0x00,0x00,0x00,0x00,0x00,0x00,0x00,0x00,0x00,0x00,0x11,0x46,0x66,0x66,
  0x33,0x33,0x33,0x33,0x33,0x33,0x33,0x33,0x33,0x33,0x33,0x33,0x33,0x33,0x33,0x33,0x33,0x33,0x33,0x33,
  0x33,0x33,0x33,0x33,0x33,0x33,0x33,0x33,0x33,0x33,0x33,0x33,0x33,0x33,0x33,0x33,0x33,0x33,0x33,0x33,
  0x33,0x33,0x33,0x33,0x33,0x33,0x33,0x33,0x33,0x33,0x33,0x33,0x33,0x33,0x33,0x33,0x33,0x33,0x33,0x33,
  0x33,0x33,0x33,0x33,0x33,0x33,0x33,0x33,0x33,0x33,0x33,0x33,0x33,0x33,0x33,0x33,0x33,0x33,0x33,0x44,
  0x46,0x66,0x66,0x66,0x66,0x66,0x66,0x66,0x66,0x66,0x66,0x64,0x43,0x11,0x33,0x44,0x33,0x33,0x33,0x33,
  0x33,0x33,0x33,0x33,0x33,0x33,0x33,0x33,0x33,0x33,0x33,0x33,0x33,0x33,0x33,0x33,0x33,0x33,0x33,0x33,
  0x33,0x33,0x33,0x33,0x33,0x33,0x33,0x33,0x33,0x33,0x33,0x33,0x33,0x33,0x33,0x33,0x33,0x33,0x33,0x33,
  0x33,0x33,0x33,0x33,0x33,0x33,0x33,0x33,0x33,0x33,0x33,0x33,0x33,0x33,0x33,0x33,0x33,0x33,0x33,0x33,
  0x33,0x33,0x33,0x33,0x33,0x33,0x33,0x33,0x33,0x33,0x33,0x33,0x33,0x33,0x33,0x33,0x33,0x33,0x33,0x33,
  0x33,0x33,0x33,0x33,0x33,0x33,0x33,0x33,0x31,0x11,0x33,0x33,0x33,0x33,0x33,0x33,0x33,0x33,0x33,0x33,
  0x33,0x33,0x33,0x33,0x33,0x33,0x33,0x33,0x33,0x33,0x33,0x33,0x33,0x33,0x33,0x33,0x33,0x33,0x33,0x33,
  0x33,0x33,0x33,0x33,0x33,0x33,0x33,0x33,0x33,0x33,0x33,0x33,0x33,0x33,0x33,0x33,0x33,0x33,0x33,0x33,
  0x33,0x33,0x33,0x33,0x33,0x33,0x33,0x33,0x33,0x33,0x33,0x33,0x33,0x33,0x33,0x33,0x33,0x33,0x33,0x33,
  0x33,0x33,0x33,0x33,0x33,0x33,0x33,0x33,0x22,0x22,0x33,0x33,0x33,0x22,0x22,0x34,0x12,0x22,0x22,0x22,
  0x22,0x22,0x22,0x22,0x22,0x13,0x32,0x22,0x33,0x32,0x22,0x23,0x33,0x22,0x22,0x33,0x22,0x22,0x33,0x33,
  0x33,0x33,0x33,0x33,0x33,0x33,0x33,0x33,0x33,0x33,0x33,0x33,0x33,0x33,0x33,0x33,0x33,0x33,0x33,0x33,
  0x33,0x33,0x33,0x33,0x33,0x33,0x33,0x33,0x33,0x33,0x33,0x33,0x33,0x33,0x33,0x33,0x33,0x33,0x33,0x33,
  0x33,0x33,0x33,0x33,0x33,0x33,0x33,0x33,0x33,0x33,0x33,0x33,0x33,0x33,0x33,0x33,0x33,0x33,0x33,0x11,
  0x13,0x33,0x33,0x33,0x22,0x22,0x44,0x44,0x44,0x32,0x23,0x44,0x66,0x66,0x66,0x66,0x66,0x66,0x66,0x66,
  0x66,0x44,0x42,0x22,0x44,0x43,0x22,0x34,0x44,0x22,0x23,0x33,0x22,0x22,0x33,0x33,0x33,0x33,0x33,0x33,
  0x33,0x33,0x33,0x33,0x33,0x33,0x33,0x33,0x33,0x33,0x33,0x33,0x33,0x33,0x33,0x33,0x33,0x33,0x33,0x33,
  0x33,0x33,0x33,0x33,0x33,0x33,0x33,0x33,0x33,0x33,0x33,0x33,0x33,0x33,0x33,0x33,0x33,0x33,0x33,0x33,
  0x33,0x33,0x33,0x33,0x33,0x33,0x33,0x33,0x33,0x33,0x13,0x33,0x33,0x33,0x36,0x66,0x67,0x66,0x66,0x66,
  0x77,0x77,0x77,0x77,0x77,0x77,0x77,0x77,0x77,0x77,0x77,0x77,0x77,0x77,0x77,0x77,0x77,0x77,0x77,0x77,
  0x77,0x77,0x77,0x77,0x77,0x77,0x77,0x76,0x66,0x66,0x66,0x43,0x33,0x33,0x33,0x33,0x33,0x33,0x33,0x33,
  0x33,0x33,0x33,0x33,0x33,0x33,0x33,0x33,0x33,0x33,0x33,0x33,0x33,0x33,0x33,0x33,0x33,0x33,0x33,0x33,
  0x33,0x33,0x33,0x33,0x33,0x33,0x33,0x33,0x33,0x33,0x33,0x33,0x33,0x33,0x33,0x33,0x33,0x33,0x33,0x33,
  0x33,0x33,0x33,0x21,0x26,0x66,0x66,0x77,0x77,0x77,0x77,0x77,0x77,0x77,0x77,0x77,0x88,0x88,0x88,0x88,
  0x88,0x88,0x88,0x88,0x87,0x77,0x78,0x87,0x77,0x78,0x88,0x77,0x77,0x88,0x87,0x77,0x88,0x87,0x77,0x77,
  0x77,0x77,0x77,0x77,0x77,0x77,0x77,0x77,0x77,0x77,0x66,0x66,0x33,0x22,0x22,0x22,0x33,0x33,0x33,0x33,
  0x33,0x33,0x33,0x33,0x33,0x33,0x33,0x33,0x33,0x33,0x33,0x33,0x33,0x33,0x33,0x33,0x33,0x33,0x33,0x33,
  0x33,0x33,0x33,0x33,0x33,0x33,0x33,0x33,0x33,0x33,0x33,0x33,0x33,0x33,0x33,0x33,0x33,0x36,0x66,0x66,
  0x77,0x77,0x77,0x77,0x77,0x87,0x87,0x78,0x88,0x88,0x88,0x88,0x88,0x88,0x88,0x88,0x88,0x88,0x88,0x88,
  0x88,0x88,0x88,0x88,0x88,0x88,0x88,0x88,0x88,0x88,0x88,0x88,0x88,0x88,0x88,0x88,0x88,0x88,0x87,0x77,
  0x88,0x88,0x88,0x88,0x77,0x77,0x77,0x77,0x77,0x67,0x62,0x63,0x33,0x33,0x33,0x33,0x33,0x33,0x33,0x33,
  0x33,0x33,0x33,0x33,0x33,0x33,0x33,0x33,0x33,0x33,0x33,0x33,0x33,0x33,0x33,0x33,0x33,0x33,0x33,0x33,
  0x33,0x33,0x33,0x33,0x33,0x33,0x33,0x33,0x33,0x33,0x33,0x66,0x67,0x77,0x77,0x78,0x77,0x88,0x88,0x88,
  0x88,0x88,0x88,0x88,0x88,0x88,0x88,0x88,0x88,0x88,0x88,0x88,0x88,0x88,0x88,0x88,0x88,0x88,0x88,0x88,
  0x88,0x88,0x88,0x88,0x88,0x88,0x88,0x88,0x88,0x88,0x88,0x88,0x88,0x88,0x88,0x88,0x88,0x88,0x88,0x88,
  0x88,0x88,0x88,0x88,0x87,0x77,0x77,0x77,0x76,0x64,0x33,0x33,0x33,0x33,0x33,0x33,0x33,0x33,0x33,0x33,
  0x33,0x33,0x33,0x33,0x33,0x33,0x33,0x33,0x33,0x33,0x33,0x33,0x33,0x33,0x33,0x33,0x33,0x33,0x33,0x33,
  0x33,0x33,0x33,0x33,0x33,0x33,0x66,0x77,0x77,0x88,0x88,0x88,0x88,0x88,0x88,0x88,0x88,0x88,0x88,0x88,
  0x88,0x88,0x88,0x88,0x88,0x88,0x88,0x88,0x88,0x88,0x88,0x89,0x99,0x99,0x99,0x99,0x99,0x99,0x99,0x99,
  0x99,0x88,0x99,0x99,0x88,0x99,0x99,0x88,0x88,0x88,0x88,0x88,0x88,0x88,0x88,0x88,0x88,0x88,0x88,0x88,
  0x88,0x88,0x88,0x77,0x77,0x77,0x66,0x33,0x33,0x33,0x33,0x33,0x33,0x33,0x33,0x33,0x33,0x33,0x33,0x33,
  0x33,0x33,0x33,0x33,0x33,0x33,0x33,0x33,0x33,0x33,0x33,0x33,0x33,0x33,0x33,0x33,0x33,0x33,0x33,0x33,
  0x33,0x37,0x77,0x77,0x88,0x78,0x88,0x88,0x88,0x88,0x88,0x88,0x88,0x99,0x99,0x99,0x99,0x99,0x99,0x99,
  0x99,0x99,0x99,0x99,0x99,0x99,0x99,0x99,0x99,0x99,0x99,0x99,0x99,0x99,0x99,0x99,0x99,0x99,0x99,0x99,
  0x99,0x99,0x99,0x99,0x99,0x99,0x99,0x99,0x99,0x99,0x98,0x88,0x88,0x88,0x88,0x88,0x88,0x88,0x88,0x88,
  0x88,0x77,0x76,0x33,0x33,0x33,0x33,0x33,0x33,0x33,0x33,0x33,0x33,0x33,0x33,0x33,0x33,0x33,0x33,0x33,
  0x33,0x33,0x33,0x33,0x33,0x33,0x33,0x33,0x33,0x33,0x33,0x33,0x33,0x33,0x33,0x33,0x33,0x36,0x78,0x88,
  0x88,0x88,0x88,0x88,0x88,0x89,0x99,0x99,0x99,0x99,0x99,0x99,0x99,0x99,0x99,0x99,0x99,0x99,0x99,0x99,
  0x99,0x99,0x99,0x99,0x99,0x99,0x99,0x99,0x99,0x99,0x99,0x99,0x99,0x99,0x99,0x99,0x99,0x99,0x99,0x99,
  0x99,0x99,0x99,0x99,0x99,0x99,0x99,0x99,0x99,0x99,0x99,0x88,0x88,0x88,0x88,0x88,0x88,0x88,0x73,0x33,
  0x33,0x33,0x33,0x33,0x33,0x33,0x33,0x33,0x33,0x33,0x33,0x33,0x33,0x33,0x33,0x33,0x33,0x33,0x33,0x33,
  0x33,0x33,0x33,0x33,0x33,0x33,0x33,0x33,0x33,0x33,0x33,0x33,0x33,0x33,0x68,0x88,0x88,0x88,0x89,0x99,
  0x99,0x99,0x99,0x99,0x99,0x99,0x99,0x99,0x99,0x99,0x9a,0xaa,0x99,0xaa,0xaa,0xaa,0xaa,0xaa,0xaa,0xaa,
  0xaa,0xaa,0xaa,0xaa,0xaa,0xaa,0xaa,0xaa,0xaa,0xaa,0xaa,0xaa,0xaa,0xaa,0xaa,0xaa,0xa9,0xaa,0xa9,0x99,
  0x99,0x99,0x99,0x99,0x99,0x99,0x99,0x99,0x99,0x99,0x99,0x88,0x88,0x87,0x33,0x33,0x33,0x33,0x33,0x33,
  0x33,0x33,0x33,0x33,0x33,0x33,0x33,0x33,0x33,0x33,0x33,0x33,0x33,0x33,0x33,0x33,0x33,0x33,0x33,0x33,
  0x33,0x33,0x33,0x33,0x33,0x33,0x33,0x33,0x33,0x33,0x26,0x88,0x89,0x99,0x99,0x99,0x99,0x99,0x99,0x99,
  0x99,0xaa,0xaa,0xaa,0xaa,0xaa,0xaa,0xaa,0xaa,0xaa,0xaa,0xaa,0xaa,0xaa,0xaa,0xaa,0xaa,0xaa,0xaa,0xaa,
  0xaa,0xaa,0xaa,0xaa,0xaa,0xaa,0xaa,0xaa,0xaa,0xaa,0xaa,0xaa,0xaa,0xaa,0xaa,0xaa,0xaa,0xaa,0xaa,0xaa,
  0x99,0x99,0x99,0x99,0x99,0x99,0x99,0x99,0x88,0x63,0x33,0x33,0x33,0x33,0x33,0x33,0x33,0x33,0x33,0x33,
  0x33,0x33,0x33,0x33,0x33,0x33,0x33,0x33,0x33,0x33,0x33,0x33,0x33,0x33,0x33,0x33,0x33,0x33,0x33,0x33,
  0x33,0x33,0x33,0x33,0x33,0x33,0x33,0x68,0x99,0x99,0x99,0x99,0x99,0x9a,0xaa,0xaa,0xaa,0xaa,0xaa,0xaa,
  0xaa,0xaa,0xaa,0xaa,0xaa,0xaa,0xaa,0xaa,0xaa,0xaa,0xaa,0xaa,0xaa,0xaa,0xaa,0xaa,0xaa,0xaa,0xaa,0xaa,
  0xaa,0xaa,0xaa,0xaa,0xaa,0xaa,0xaa,0xaa,0xaa,0xaa,0xaa,0xaa,0xaa,0xaa,0xaa,0xaa,0xaa,0xaa,0xaa,0xa9,
  0xa9,0x99,0x99,0x99,0x84,0x33,0x33,0x33,0x33,0x33,0x33,0x33,0x33,0x33,0x33,0x33,0x33,0x33,0x33,0x33,
  0x33,0x33,0x33,0x33,0x33,0x33,0x33,0x33,0x33,0x33,0x33,0x33,0x33,0x33,0x33,0x33,0x33,0x33,0x33,0x33,
  0x33,0x33,0x33,0x14,0x89,0x99,0x99,0x99,0xaa,0xaa,0xaa,0xaa,0xaa,0xaa,0xaa,0xaa,0xaa,0xaa,0xaa,0xaa,
  0xaa,0xaa,0xaa,0xaa,0xaa,0xaa,0xaa,0xaa,0xaa,0xaa,0xaa,0xaa,0xaa,0xaa,0xaa,0xaa,0xaa,0xaa,0xaa,0xaa,
  0xaa,0xaa,0xaa,0xaa,0xaa,0xaa,0xaa,0xaa,0xaa,0xaa,0xaa,0xaa,0xaa,0xaa,0xaa,0xaa,0xaa,0xaa,0x99,0x98,
  0x42,0x33,0x33,0x33,0x33,0x33,0x33,0x33,0x33,0x33,0x33,0x33,0x33,0x33,0x33,0x33,0x33,0x33,0x33,0x33,
  0x33,0x33,0x33,0x33,0x33,0x33,0x33,0x33,0x33,0x33,0x33,0x33,0x33,0x33,0x33,0x33,0x33,0x33,0x33,0x33,
  0x17,0x9a,0x9a,0xaa,0xaa,0xaa,0xaa,0xaa,0xaa,0xaa,0xaa,0xaa,0xaa,0xaa,0xaa,0xaa,0xaa,0xaa,0xaa,0xaa,
  0xaa,0xaa,0xaa,0xaa,0xaa,0xaa,0xaa,0xaa,0xaa,0xaa,0xaa,0xaa,0xaa,0xaa,0xaa,0xaa,0xaa,0xaa,0xaa,0xaa,
  0xaa,0xaa,0xaa,0xaa,0xaa,0xaa,0xaa,0xaa,0xaa,0xaa,0xaa,0xaa,0xaa,0xaa,0xa9,0x71,0x33,0x33,0x33,0x33,
  0x33,0x33,0x33,0x33,0x33,0x33,0x33,0x33,0x33,0x33,0x33,0x33,0x33,0x33,0x33,0x33,0x33,0x33,0x33,0x33,
  0x33,0x33,0x33,0x33,0x33,0x33,0x33,0x33,0x33,0x33,0x33,0x33,0x33,0x33,0x33,0x33,0x31,0x48,0xaa,0xaa,
  0xaa,0xaa,0xaa,0xaa,0xaa,0xaa,0xaa,0xaa,0xaa,0xaa,0xaa,0xaa,0xaa,0xaa,0xaa,0xaa,0xaa,0xaa,0xaa,0xaa,
  0xaa,0xaa,0xaa,0xaa,0xaa,0xaa,0xaa,0xaa,0xaa,0xaa,0xaa,0xaa,0xaa,0xaa,0xaa,0xaa,0xaa,0xaa,0xaa,0xaa,
  0xaa,0xaa,0xaa,0xaa,0xaa,0xaa,0xaa,0xaa,0xaa,0xaa,0x94,0x13,0x33,0x33,0x33,0x33,0x33,0x33,0x33,0x33,
  0x33,0x33,0x33,0x33,0x33,0x33,0x33,0x33,0x33,0x33,0x33,0x33,0x33,0x33,0x33,0x33,0x33,0x33,0x33,0x33,
  0x33,0x33,0x33,0x33,0x33,0x33,0x33,0x33,0x33,0x33,0x33,0x33,0x33,0x31,0x89,0xaa,0xaa,0xaa,0xaa,0xaa,
  0xaa,0xaa,0xaa,0xaa,0xaa,0xaa,0xaa,0xaa,0xaa,0xaa,0xaa,0xaa,0xaa,0xaa,0xaa,0xaa,0xaa,0xaa,0xaa,0xaa,
  0xaa,0xaa,0xaa,0xaa,0xaa,0xaa,0xaa,0xaa,0xaa,0xaa,0xaa,0xaa,0xaa,0xaa,0xaa,0xaa,0xaa,0xaa,0xaa,0xaa,
  0xaa,0xaa,0xaa,0xaa,0xaa,0xa8,0x11,0x33,0x33,0x33,0x33,0x33,0x33,0x33,0x33,0x33,0x33,0x33,0x33,0x33,
  0x33,0x33,0x33,0x33,0x33,0x33,0x33,0x33,0x33,0x33,0x33,0x33,0x33,0x33,0x33,0x33,0x33,0x33,0x33,0x33,
  0x33,0x33,0x33,0x33,0x33,0x33,0x33,0x33,0x33,0x33,0x16,0x9a,0xaa,0xaa,0xaa,0xaa,0xaa,0xaa,0xaa,0xaa,
  0xaa,0xaa,0xaa,0xaa,0xaa,0xaa,0xaa,0xaa,0xaa,0xaa,0xaa,0xaa,0xaa,0xaa,0xaa,0xaa,0xaa,0xaa,0xaa,0xaa,
  0xaa,0xaa,0xaa,0xaa,0xaa,0xaa,0xaa,0xaa,0xaa,0xaa,0xaa,0xaa,0xaa,0xaa,0xaa,0xaa,0xaa,0xaa,0xaa,0xaa,
  0xa9,0x61,0x33,0x33,0x33,0x33,0x33,0x33,0x33,0x33,0x33,0x33,0x33,0x33,0x33,0x33,0x33,0x33,0x33,0x33,
  0x33,0x33,0x33,0x33,0x33,0x33,0x33,0x33,0x33,0x33,0x33,0x33,0x33,0x33,0x33,0x33,0x33,0x33,0x33,0x33,
  0x33,0x33,0x33,0x33,0x33,0x33,0x33,0x16,0x9a,0xaa,0xaa,0xaa,0xaa,0xaa,0xaa,0xaa,0xaa,0xaa,0xaa,0xaa,
  0xaa,0xaa,0xaa,0xaa,0xaa,0xaa,0xaa,0xaa,0xaa,0xaa,0xaa,0xaa,0xaa,0xaa,0xaa,0xaa,0xaa,0xaa,0xaa,0xaa,
  0xaa,0xaa,0xaa,0xaa,0xaa,0xaa,0xaa,0xaa,0xaa,0xaa,0xaa,0xaa,0xaa,0xaa,0xaa,0xa9,0x71,0x33,0x33,0x33,
  0x33,0x33,0x33,0x33,0x33,0x33,0x33,0x33,0x33,0x33,0x33,0x33,0x33,0x33,0x33,0x33,0x33,0x33,0x33,0x33,
  0x33,0x33,0x33,0x33,0x33,0x33,0x33,0x33,0x33,0x33,0x33,0x33,0x33,0x33,0x33,0x33,0x33,0x33,0x33,0x33,
  0x33,0x33,0x33,0x31,0x38,0x99,0x99,0xaa,0xaa,0xaa,0xaa,0xaa,0xaa,0xaa,0xaa,0xaa,0xaa,0xaa,0xaa,0xaa,
  0xaa,0xaa,0xaa,0xaa,0xaa,0xaa,0xaa,0xaa,0xaa,0xaa,0xaa,0xaa,0xaa,0xaa,0xaa,0xaa,0xaa,0xaa,0xaa,0xaa,
  0xaa,0xaa,0xaa,0xaa,0xaa,0xaa,0xaa,0xaa,0xa9,0xa9,0x99,0x83,0x14,0x43,0x33,0x33,0x33,0x33,0x33,0x33,
  0x33,0x33,0x33,0x33,0x33,0x33,0x33,0x33,0x33,0x33,0x33,0x33,0x33,0x33,0x33,0x33,0x33,0x33,0x33,0x33,
  0x33,0x33,0x33,0x33,0x33,0x33,0x33,0x33,0x33,0x33,0x33,0x33,0x33,0x33,0x33,0x33,0x33,0x33,0x33,0x33,
  0x31,0x68,0x99,0x99,0x99,0x99,0x99,0x9a,0x99,0x99,0xaa,0xaa,0x9a,0xaa,0xaa,0xaa,0xaa,0xaa,0xaa,0xaa,
  0xaa,0xaa,0xaa,0xaa,0xaa,0xaa,0xaa,0xaa,0xaa,0xaa,0xaa,0xaa,0xaa,0xaa,0xaa,0xaa,0xaa,0xaa,0xaa,0xa9,
  0x99,0xa9,0x99,0x99,0x99,0x99,0x86,0x13,0x33,0x33,0x33,0x33,0x33,0x33,0x33,0x33,0x33,0x33,0x33,0x33,
  0x33,0x33,0x33,0x33,0x33,0x33,0x33,0x33,0x33,0x33,0x33,0x33,0x33,0x33,0x33,0x33,0x33,0x33,0x33,0x33,
  0x33,0x33,0x33,0x33,0x33,0x33,0x33,0x33,0x33,0x33,0x33,0x33,0x33,0x33,0x33,0x33,0x33,0x33,0x68,0x99,
  0x99,0x99,0x99,0x99,0x99,0x99,0x99,0x99,0x99,0x99,0x99,0x99,0x99,0x99,0x99,0x99,0x99,0x99,0x9a,0xa9,
  0x99,0x9a,0xaa,0x99,0x99,0x99,0x99,0x99,0x99,0x99,0x99,0x99,0x99,0x99,0x99,0x99,0x99,0x99,0x99,0x99,
  0x99,0x86,0x13,0x33,0x33,0x33,0x33,0x33,0x33,0x33,0x33,0x33,0x33,0x33,0x33,0x33,0x33,0x33,0x33,0x33,
  0x33,0x33,0x33,0x33,0x33,0x33,0x33,0x33,0x33,0x33,0x33,0x33,0x33,0x33,0x33,0x33,0x33,0x33,0x33,0x33,
  0x33,0x33,0x33,0x33,0x33,0x33,0x33,0x33,0x33,0x33,0x33,0x33,0x33,0x33,0x13,0x68,0x89,0x99,0x99,0x99,
  0x99,0x99,0x99,0x99,0x99,0x99,0x99,0x99,0x99,0x99,0x99,0x99,0x99,0x99,0x99,0x99,0x99,0x99,0x99,0x99,
  0x99,0x99,0x99,0x99,0x99,0x99,0x99,0x99,0x99,0x99,0x99,0x99,0x99,0x99,0x99,0x98,0x86,0x11,0x33,0x33,
  0x33,0x33,0x33,0x33,0x33,0x33,0x33,0x33,0x33,0x33,0x33,0x33,0x33,0x33,0x33,0x33,0x33,0x33,0x33,0x33,
  0x33,0x33,0x33,0x33,0x33,0x33,0x33,0x33,0x33,0x33,0x33,0x33,0x33,0x33,0x33,0x33,0x33,0x33,0x33,0x33,
  0x33,0x33,0x33,0x33,0x33,0x33,0x33,0x33,0x33,0x33,0x33,0x33,0x67,0x88,0x88,0x88,0x88,0x89,0x88,0x88,
  0x88,0x88,0x99,0x99,0x99,0x99,0x99,0x99,0x99,0x99,0x99,0x99,0x99,0x99,0x99,0x99,0x99,0x99,0x99,0x99,
  0x99,0x99,0x99,0x98,0x88,0x88,0x88,0x88,0x88,0x88,0x88,0x76,0x22,0x33,0x33,0x33,0x33,0x33,0x33,0x33,
  0x33,0x33,0x33,0x33,0x33,0x33,0x33,0x33,0x33,0x33,0x33,0x33,0x33,0x33,0x33,0x33,0x33,0x33,0x33,0x33,
  0x33,0x33,0x33,0x33,0x33,0x33,0x33,0x33,0x33,0x33,0x33,0x33,0x33,0x33,0x33,0x33,0x33,0x33,0x33,0x33,
  0x33,0x33,0x33,0x33,0x33,0x33,0x33,0x33,0x32,0x27,0x88,0x88,0x88,0x88,0x88,0x88,0x88,0x88,0x88,0x88,
  0x88,0x88,0x88,0x88,0x88,0x88,0x88,0x88,0x88,0x88,0x88,0x88,0x88,0x88,0x88,0x88,0x88,0x88,0x88,0x88,
  0x88,0x88,0x88,0x88,0x88,0x88,0x76,0x12,0x33,0x33,0x33,0x33,0x33,0x33,0x33,0x33,0x33,0x33,0x33,0x33,
  0x33,0x33,0x33,0x33,0x33,0x33,0x33,0x33,0x33,0x33,0x33,0x33,0x33,0x33,0x33,0x33,0x33,0x33,0x33,0x33,
  0x33,0x33,0x33,0x33,0x33,0x33,0x33,0x33,0x33,0x33,0x33,0x33,0x33,0x33,0x33,0x33,0x33,0x33,0x33,0x33,
  0x33,0x33,0x33,0x33,0x33,0x31,0x46,0x78,0x88,0x88,0x88,0x88,0x88,0x88,0x88,0x88,0x88,0x88,0x88,0x88,
  0x88,0x88,0x88,0x88,0x88,0x88,0x88,0x88,0x88,0x88,0x88,0x88,0x88,0x88,0x88,0x88,0x88,0x88,0x88,0x88,
  0x87,0x62,0x12,0x33,0x33,0x33,0x33,0x33,0x33,0x33,0x33,0x33,0x33,0x33,0x33,0x33,0x33,0x33,0x33,0x33,
  0x33,0x33,0x33,0x33,0x33,0x33,0x33,0x33,0x33,0x33,0x33,0x33,0x33,0x33,0x33,0x33,0x33,0x33,0x33,0x33,
  0x33,0x33,0x33,0x33,0x33,0x33,0x33,0x33,0x33,0x33,0x33,0x33,0x33,0x33,0x33,0x33,0x33,0x33,0x33,0x33,
  0x33,0x33,0x33,0x34,0x67,0x77,0x77,0x87,0x77,0x77,0x88,0x88,0x88,0x88,0x88,0x88,0x88,0x88,0x88,0x88,
  0x88,0x88,0x88,0x88,0x88,0x88,0x88,0x88,0x88,0x88,0x88,0x88,0x88,0x88,0x77,0x76,0x43,0x33,0x33,0x33,
  0x33,0x33,0x33,0x33,0x33,0x33,0x33,0x33,0x33,0x33,0x33,0x33,0x33,0x33,0x33,0x33,0x33,0x33,0x33,0x33,
  0x33,0x33,0x33,0x33,0x33,0x33,0x33,0x33,0x33,0x33,0x33,0x33,0x33,0x33,0x33,0x33,0x33,0x33,0x33,0x33,
  0x33,0x33,0x33,0x33,0x33,0x33,0x33,0x33,0x33,0x33,0x33,0x33,0x33,0x33,0x33,0x33,0x33,0x33,0x33,0x33,
  0x11,0x26,0x67,0x77,0x77,0x77,0x77,0x77,0x77,0x77,0x77,0x77,0x77,0x77,0x77,0x77,0x77,0x77,0x77,0x77,
  0x77,0x77,0x77,0x77,0x77,0x77,0x77,0x77,0x77,0x76,0x64,0x41,0x23,0x33,0x33,0x33,0x33,0x33,0x33,0x33,
  0x33,0x33,0x33,0x33,0x33,0x33,0x33,0x33,0x33,0x33,0x33,0x33,0x33,0x33,0x33,0x33,0x33,0x33,0x33,0x33,
  0x33,0x33,0x33,0x33,0x33,0x33,0x33,0x33,0x33,0x33,0x33,0x33,0x33,0x33,0x33,0x33,0x33,0x33,0x33,0x33,
  0x33,0x33,0x33,0x33,0x33,0x33,0x33,0x33,0x33,0x33,0x33,0x33,0x33,0x33,0x33,0x33,0x33,0x33,0x34,0x44,
  0x66,0x66,0x66,0x66,0x66,0x66,0x66,0x66,0x67,0x77,0x77,0x76,0x77,0x77,0x77,0x77,0x76,0x66,0x66,0x66,
  0x66,0x66,0x66,0x66,0x66,0x43,0x33,0x33,0x33,0x33,0x33,0x33,0x33,0x33,0x33,0x33,0x33,0x33,0x33,0x33,
  0x33,0x33,0x33,0x33,0x33,0x33,0x33,0x33,0x33,0x33,0x33,0x33,0x33,0x33,0x33,0x33,0x33,0x33,0x33,0x33,
  0x33,0x33,0x33,0x33,0x33,0x33,0x33,0x33,0x33,0x33,0x33,0x33,0x33,0x33,0x33,0x33,0x33,0x33,0x33,0x33,
  0x33,0x33,0x33,0x33,0x33,0x33,0x33,0x33,0x33,0x33,0x33,0x33,0x33,0x33,0x33,0x33,0x31,0x11,0x11,0x11,
  0x11,0x11,0x11,0x11,0x13,0x33,0x33,0x32,0x22,0x23,0x33,0x22,0x22,0x33,0x33,0x33,0x33,0x33,0x33,0x33,
  0x33,0x33,0x33,0x33,0x33,0x33,0x33,0x33,0x33,0x33,0x33,0x33,0x33,0x33,0x33,0x33,0x33,0x33,0x33,0x33,
  0x33,0x33,0x33,0x33,0x33,0x33,0x33,0x33,0x33,0x33,0x33,0x33,0x33,0x33,0x33,0x33,0x33,0x33,0x33,0x33,
  0x33,0x33,0x33,0x33,0x33,0x33,0x33,0x33,0x33,0x33,0x33,0x33,0x33,0x33,0x33,0x33,0x33,0x33,0x33,0x33,
  0x33,0x33,0x33,0x33,0x33,0x33,0x33,0x33,0x33,0x33,0x33,0x33,0x33,0x33,0x33,0x33,0x33,0x33,0x33,0x33,
  0x33,0x33,0x33,0x32,0x22,0x23,0x33,0x22,0x22,0x33,0x33,0x33,0x33,0x33,0x33,0x33,0x33,0x33,0x33,0x33,
  0x33,0x33,0x33,0x33,0x33,0x33,0x33,0x33,0x33,0x33,0x33,0x33,0x33,0x33,0x33,0x33,0x33,0x33,0x33,0x33,
  0x33,0x33,0x33,0x33,0x33,0x33,0x33,0x33,0x33,0x33,0x33,0x33,0x33,0x33,0x33,0x33,0x33,0x33,0x33,0x33,
  0x33,0x33,0x33,0x33,0x33,0x33,0x33,0x33,0x33,0x33,0x33,0x33,0x33,0x33,0x33,0x33,0x33,0x33,0x33,0x33,
  0x33,0x33,0x33,0x33,0x33,0x33,0x33,0x33,0x33,0x33,0x33,0x33,0x33,0x33,0x33,0x33,0x33,0x33,0x33,0x33,
  0x33,0x33,0x33,0x33,0x33,0x33,0x33,0x33,0x33,0x33,0x33,0x33,0x33,0x33,0x33,0x33,0x33,0x33,0x33,0x33,
  0x33,0x33,0x33,0x33,0x33,0x33,0x33,0x33,0x33,0x33,0x33,0x33,0x33,0x33,0x33,0x33,0x33,0x33,0x33,0x33,
  0x33,0x33,0x33,0x33,0x33,0x33,0x33,0x33,0x33,0x33,0x33,0x33,0x33,0x33,0x33,0x33,0x33,0x33,0x33,0x33,
  0x33,0x33,0x33,0x33,0x33,0x33,0x33,0x33,0x33,0x33,0x33,0x33,0x33,0x33,0x33,0x33,0x33,0x33,0x33,0x33,
  0x33,0x33,0x33,0x33,0x33,0x33,0x33,0x33,0x33,0x33,0x33,0x33,0x33,0x33,0x33,0x33,0x33,0x33,0x33,0x33,
  0x33,0x33,0x33,0x33,0x33,0x33,0x33,0x33,0x33,0x33,0x33,0x33,0x33,0x33,0x33,0x33,0x33,0x33,0x33,0x33,
  0x33,0x33,0x33,0x33,0x33,0x33,0x33,0x33,0x33,0x33,0x33,0x33,0x33,0x33,0x33,0x33,0x33,0x33,0x33,0x33,
  0x33,0x33,0x33,0x33,0x33,0x33,0x33,0x33,0x33,0x33,0x33,0x33,0x33,0x33,0x33,0x33,0x33,0x33,0x33,0x33,
  0x33,0x33,0x33,0x33,0x33,0x33,0x33,0x33,0x33,0x33,0x33,0x33,0x33,0x33,0x33,0x33,0x33,0x33,0x33,0x33,
  0x33,0x33,0x33,0x33,0x33,0x33,0x33,0x33,0x33,0x33,0x33,0x33,0x33,0x33,0x33,0x33,0x33,0x33,0x33,0x33,
  0x33,0x33,0x33,0x33,0x33,0x33,0x33,0x33,0x33,0x33,0x33,0x33,0x33,0x33,0x33,0x33,0x33,0x33,0x33,0x33,
  0x33,0x33,0x33,0x33,0x33,0x33,0x33,0x33,0x33,0x33,0x33,0x33,0x33,0x33,0x33,0x33,0x33,0x33,0x33,0x33,
  0x33,0x33,0x33,0x33,0x33,0x33,0x33,0x33,0x33,0x33,0x33,0x33,0x33,0x33,0x33,0x33,0x33,0x33,0x33,0x33,
  0x33,0x33,0x33,0x33,0x33,0x33,0x33,0x33,0x33,0x33,0x33,0x33,0x33,0x33,0x33,0x33,0x33,0x33,0x33,0x33,
  0x33,0x33,0x33,0x33,0x33,0x33,0x33,0x33,0x33,0x33,0x33,0x33,0x33,0x33,0x33,0x33,0x33,0x33,0x33,0x33,
  0x33,0x33,0x33,0x33,0x33,0x33,0x33,0x33,0x33,0x33,0x33,0x33,0x33,0x33,0x33,0x33,0x33,0x33,0x33,0x33,
  0x33,0x33,0x33,0x33,0x33,0x33,0x33,0x33,0x33,0x33,0x33,0x33,0x33,0x33,0x33,0x33,
};
constexpr std::uint8_t cover_clay_frenzy[] = {
  0xf3,0xfc,0xfe,0xff,0xef,0xf8,0xfc,0xff,0xef,0xf8,0xfb,0xff,0xee,0xf8,0xfb,0xff,0xeb,0xf9,0xfc,0xff,
  0xee,0xf9,0xf8,0xff,0xed,0xf5,0xf9,0xff,0x6a,0xe0,0xf3,0xff,0x4d,0xa3,0xe7,0xff,0x89,0xc0,0x91,0xff,
  0x94,0xaf,0x33,0xff,0x94,0x8c,0x4f,0xff,0x4d,0x63,0xb1,0xff,0x8c,0x2d,0xab,0xff,0x6c,0x4c,0x31,0xff,
  0x30,0x22,0x29,0xff,0x33,0x32,0x21,0x13,0x33,0x33,0x33,0x33,0x33,0x33,0x33,0x33,0x33,0x33,0x33,0x33,
  0x33,0x33,0x33,0x33,0x33,0x33,0x33,0x33,0x33,0x33,0x33,0x33,0x33,0x33,0x33,0x33,0x33,0x33,0x33,0x33,
  0x33,0x33,0x33,0x33,0x33,0x33,0x33,0x33,0x33,0x33,0x33,0x33,0x33,0x33,0x33,0x33,0x33,0x33,0x33,0x33,
  0x33,0x33,0x33,0x33,0x33,0x33,0x33,0x33,0x33,0x33,0x33,0x33,0x33,0x33,0x33,0x33,0x33,0x33,0x33,0x33,
  0x33,0x33,0x33,0x33,0x33,0x33,0x33,0x33,0x33,0x33,0x33,0x33,0x33,0x33,0x33,0x33,0x33,0x33,0x33,0x33,
  0x33,0x32,0x21,0x13,0x33,0x33,0x33,0x33,0x33,0x33,0x33,0x33,0x33,0x33,0x33,0x33,0x33,0x33,0x33,0x33,
  0x33,0x33,0x33,0x33,0x33,0x33,0x33,0x33,0x33,0x33,0x33,0x33,0x33,0x33,0x33,0x33,0x33,0x33,0x33,0x33,
  0x33,0x33,0x33,0x33,0x33,0x33,0x33,0x33,0x33,0x33,0x33,0x33,0x33,0x33,0x33,0x33,0x33,0x33,0x33,0x33,
  0x33,0x33,0x33,0x33,0x33,0x33,0x33,0x33,0x33,0x33,0x33,0x33,0x33,0x33,0x33,0x33,0x33,0x33,0x33,0x33,
  0x33,0x33,0x33,0x33,0x33,0x33,0x33,0x33,0x33,0x33,0x33,0x33,0x33,0x33,0x33,0x33,0x33,0x32,0x21,0x23,
  0x33,0x33,0x33,0x33,0x33,0x33,0x33,0x33,0x33,0x33,0x33,0x33,0x33,0x33,0x33,0x33,0x33,0x33,0x33,0x33,
  0x33,0x33,0x33,0x33,0x33,0x33,0x33,0x33,0x33,0x33,0x33,0x33,0x33,0x33,0x33,0x33,0x33,0x33,0x33,0x33,
  0x33,0x33,0x33,0x33,0x33,0x33,0x33,0x33,0x33,0x33,0x33,0x33,0x33,0x33,0x33,0x33,0x33,0x33,0x33,0x33,
  0x33,0x33,0x33,0x33,0x33,0x33,0x33,0x33,0x33,0x33,0x33,0x33,0x33,0x33,0x33,0x33,0x33,0x33,0x33,0x33,
  0x33,0x33,0x33,0x33,0x33,0x33,0x33,0x33,0x33,0x33,0x33,0x33,0x22,0x22,0x22,0x33,0x33,0x33,0x33,0x33,
  0x33,0x33,0x33,0x33,0x33,0x33,0x33,0x33,0x33,0x33,0x33,0x33,0x33,0x33,0x33,0x33,0x33,0x33,0x33,0x33,
  0x33,0x33,0x33,0x33,0x33,0x33,0x33,0x33,0x33,0x33,0x33,0x33,0x33,0x33,0x33,0x33,0x33,0x33,0x33,0x33,
  0x33,0x33,0x33,0x33,0x33,0x33,0x33,0x33,0x33,0x33,0x33,0x33,0x33,0x33,0x33,0x33,0x33,0x33,0x33,0x33,
  0x33,0x33,0x33,0x33,0x33,0x33,0x33,0x33,0x33,0x33,0x33,0x33,0x33,0x33,0x33,0x33,0x33,0x33,0x33,0x33,
  0x33,0x33,0x33,0x33,0x33,0x33,0x33,0x33,0x22,0x22,0x33,0x33,0x33,0x33,0x33,0x33,0x33,0x33,0x33,0x33,
  0x33,0x33,0x33,0x33,0x33,0x33,0x33,0x33,0x33,0x33,0x33,0x33,0x33,0x33,0x33,0x33,0x33,0x33,0x33,0x33,
  0x33,0x33,0x33,0x33,0x33,0x33,0x33,0x33,0x33,0x33,0x33,0x33,0x33,0x33,0x33,0x33,0x33,0x33,0x33,0x33,
  0x33,0x33,0x33,0x33,0x33,0x33,0x33,0x33,0x33,0x33,0x33,0x33,0x33,0x33,0x33,0x33,0x33,0x33,0x33,0x33,
  0x33,0x33,0x33,0x33,0x33,0x33,0x33,0x33,0x33,0x33,0x33,0x33,0x33,0x33,0x33,0x33,0x33,0x33,0x33,0x33,
  0x33,0x33,0x33,0x33,0x22,0x22,0x33,0x33,0x33,0x33,0x33,0x33,0x33,0x33,0x33,0x33,0x33,0x33,0x33,0x33,
  0x33,0x33,0x33,0x33,0x33,0x33,0x33,0x33,0x33,0x33,0x33,0x33,0x33,0x33,0x33,0x33,0x33,0x33,0x33,0x33,
  0x33,0x33,0x33,0x33,0x33,0x33,0x33,0x33,0x33,0x33,0x33,0x33,0x33,0x33,0x33,0x33,0x33,0x33,0x33,0x33,
  0x33,0x33,0x33,0x33,0x33,0x33,0x33,0x33,0x33,0x33,0x33,0x33,0x33,0x33,0x33,0x33,0x33,0x33,0x33,0x33,
  0x33,0x33,0x33,0x33,0x33,0x33,0x33,0x33,0x33,0x33,0x33,0x33,0x33,0x33,0x33,0x33,0x33,0x33,0x33,0x33,
  0x22,0x22,0x33,0x33,0x33,0x33,0x33,0x33,0x33,0x33,0x33,0x33,0x33,0x33,0x33,0x33,0x33,0x33,0x33,0x33,
  0x33,0x33,0x33,0x33,0x33,0x33,0x33,0x33,0x33,0x33,0x33,0x33,0x33,0x33,0x33,0x33,0x33,0x33,0x33,0x33,
  0x33,0x33,0x33,0x33,0x33,0x33,0x33,0x33,0x33,0x33,0x33,0x33,0x33,0x33,0x33,0x33,0x33,0x33,0x33,0x33,
  0x33,0x33,0x33,0x33,0x33,0x33,0x33,0x33,0x33,0x33,0x33,0x33,0x33,0x33,0x33,0x33,0x33,0x33,0x33,0x33,
  0x33,0x33,0x33,0x33,0x33,0x33,0x33,0x33,0x33,0x33,0x33,0x33,0x33,0x33,0x33,0x33,0x33,0x33,0x33,0x33,
  0x33,0x33,0x33,0x33,0x33,0x33,0x33,0x33,0x33,0x33,0x33,0x33,0x33,0x33,0x33,0x33,0x33,0x33,0x33,0x33,
  0x33,0x33,0x33,0x33,0x33,0x33,0x33,0x33,0x33,0x33,0x33,0x33,0x33,0x33,0x33,0x33,0x33,0x33,0x33,0x33,
  0x33,0x33,0x33,0x33,0x33,0x33,0x33,0x33,0x33,0x33,0x33,0x33,0x33,0x33,0x33,0x33,0x33,0x33,0x33,0x33,
  0x33,0x33,0x33,0x33,0x33,0x33,0x33,0x33,0x33,0x33,0x33,0x33,0x33,0x33,0x33,0x33,0x33,0x33,0x33,0x33,
  0x33,0x33,0x33,0x33,0x33,0x33,0x33,0x33,0x33,0x33,0x33,0x33,0x33,0x33,0x33,0x33,0x33,0x33,0x33,0x33,
  0x33,0x33,0x33,0x33,0x33,0x33,0x33,0x33,0x33,0x33,0x33,0x33,0x33,0x33,0x33,0x33,0x33,0x33,0x33,0x33,
  0x33,0x33,0x33,0x33,0x33,0x33,0x33,0x33,0x33,0x33,0x33,0x33,0x33,0x33,0x33,0x33,0x33,0x33,0x33,0x33,
  0x33,0x33,0x33,0x33,0x33,0x33,0x33,0x33,0x33,0x33,0x33,0x33,0x33,0x33,0x33,0x33,0x33,0x33,0x33,0x33,
  0x33,0x33,0x33,0x33,0x33,0x33,0x33,0x33,0x33,0x33,0x33,0x33,0x33,0x33,0x33,0x33,0x33,0x33,0x33,0x33,
  0x33,0x33,0x33,0x33,0x33,0x33,0x33,0x33,0x33,0x33,0x33,0x33,0x33,0x33,0x33,0x33,0x33,0x33,0x33,0x33,
  0x33,0x33,0x33,0x33,0x33,0x33,0x33,0x33,0x33,0x33,0x33,0x33,0x33,0x33,0x33,0x33,0x33,0x33,0x33,0x33,
  0x33,0x33,0x33,0x33,0x33,0x33,0x33,0x33,0x33,0x33,0x33,0x33,0x33,0x33,0x33,0x33,0x33,0x33,0x33,0x33,
  0x33,0x33,0x33,0x33,0x33,0x33,0x33,0x33,0x33,0x33,0x33,0x33,0x33,0x33,0x33,0x33,0x33,0x33,0x33,0x33,
  0x33,0x33,0x33,0x33,0x33,0x33,0x33,0x33,0x33,0x33,0x33,0x33,0x33,0x33,0x33,0x33,0x33,0x33,0x33,0x33,
  0x33,0x33,0x33,0x33,0x33,0x33,0x33,0x33,0x33,0x33,0x33,0x33,0x33,0x33,0x33,0x33,0x33,0x33,0x33,0x33,
  0x33,0x33,0x33,0x33,0x33,0x33,0x33,0x33,0x33,0x33,0x33,0x33,0x33,0x33,0x33,0x33,0x33,0x33,0x33,0x33,
  0x33,0x33,0x33,0x33,0x33,0x33,0x33,0x33,0x33,0x33,0x33,0x33,0x33,0x33,0x33,0x33,0x33,0x33,0x33,0x33,
  0x33,0x33,0x33,0x33,0x33,0x33,0x33,0x33,0x33,0x33,0x33,0x33,0x33,0x33,0x33,0x33,0x33,0x33,0x33,0x33,
  0x33,0x33,0x33,0x33,0x33,0x33,0x33,0x33,0x33,0x33,0x33,0x33,0x33,0x33,0x33,0x33,0x33,0x33,0x33,0x33,
  0x33,0x33,0x33,0x33,0x33,0x33,0x33,0x33,0x33,0x33,0x33,0x33,0x33,0x33,0x33,0x33,0x33,0x33,0x33,0x33,
  0x33,0x33,0x33,0x33,0x33,0x33,0x33,0x33,0x33,0x33,0x33,0x33,0x33,0x33,0x33,0x33,0x33,0x33,0x33,0x33,
  0x33,0x33,0x33,0x33,0x33,0x33,0x33,0x33,0x33,0x33,0x33,0x33,0x33,0x33,0x33,0x33,0x33,0x33,0x33,0x33,
  0x33,0x33,0x33,0x33,0x33,0x33,0x33,0x33,0x33,0x33,0x33,0x33,0x33,0x33,0x33,0x33,0x33,0x33,0x33,0x33,
  0x33,0x33,0x33,0x33,0x33,0x33,0x33,0x33,0x33,0x33,0x33,0x33,0x33,0x33,0x33,0x33,0x33,0x33,0x33,0x33,
  0x33,0x33,0x33,0x33,0x33,0x33,0x33,0x33,0x33,0x33,0x33,0x33,0x33,0x33,0x33,0x33,0x33,0x33,0x33,0x33,
  0x33,0x33,0x33,0x33,0x33,0x33,0x33,0x33,0x33,0x33,0x33,0x33,0x33,0x33,0x33,0x33,0x33,0x33,0x33,0x33,
  0x33,0x33,0x33,0x33,0x33,0x33,0x33,0x33,0x33,0x33,0x33,0x33,0x33,0x33,0x33,0x33,0x33,0x33,0x33,0x33,
  0x33,0x33,0x33,0x33,0x33,0x33,0x33,0x33,0x33,0x33,0x33,0x33,0x33,0x33,0x33,0x33,0x33,0x33,0x33,0x33,
  0x33,0x33,0x33,0x33,0x33,0x33,0x33,0x33,0x33,0x33,0x33,0x33,0x33,0x33,0x33,0x33,0x33,0x33,0x33,0x33,
  0x33,0x33,0x33,0x33,0x33,0x33,0x33,0x33,0x33,0x33,0x33,0x33,0x33,0x33,0x33,0x33,0x33,0x33,0x33,0x33,
  0x33,0x33,0x33,0x33,0x33,0x33,0x33,0x33,0x33,0x33,0x33,0x33,0x33,0x33,0x33,0x33,0x33,0x33,0x33,0x33,
  0x33,0x33,0x33,0x33,0x33,0x33,0x33,0x33,0x33,0x33,0x33,0x33,0x33,0x33,0x33,0x33,0x33,0x33,0x33,0x33,
  0x33,0x33,0x33,0x33,0x33,0x33,0x33,0x33,0x33,0x33,0x33,0x33,0x33,0x33,0x33,0x33,0x33,0x33,0x33,0x33,
  0x33,0x33,0x33,0x33,0x33,0x33,0x33,0x33,0x33,0x33,0x33,0x33,0x33,0x33,0x33,0x33,0x33,0x33,0x33,0x33,
  0x33,0x33,0x33,0x33,0x33,0x33,0x33,0x33,0x33,0x33,0x33,0x33,0x33,0x33,0x33,0x33,0x33,0x33,0x33,0x33,
  0x33,0x33,0x33,0x33,0x33,0x33,0x33,0x33,0x33,0x33,0x33,0x33,0x33,0x33,0x33,0x33,0x33,0x33,0x33,0x33,
  0x33,0x33,0x33,0x33,0x33,0x33,0x33,0x33,0x33,0x33,0x33,0x33,0x33,0x33,0x33,0x33,0x33,0x33,0x33,0x33,
  0x33,0x33,0x33,0x33,0x33,0x33,0x33,0x33,0x33,0x33,0x33,0x33,0x33,0x33,0x33,0x33,0x33,0x33,0x33,0x33,
  0x33,0x33,0x33,0x33,0x33,0x33,0x33,0x33,0x33,0x33,0x33,0x33,0x33,0x33,0x33,0x33,0x33,0x33,0x33,0x33,
  0x33,0x33,0x33,0x33,0x33,0x33,0x33,0x33,0x33,0x33,0x33,0x33,0x33,0x33,0x33,0x33,0x33,0x33,0x33,0x33,
  0x33,0x33,0x33,0x33,0x33,0x33,0x33,0x33,0x33,0x33,0x33,0x33,0x33,0x33,0x33,0x33,0x33,0x33,0x33,0x33,
  0x33,0x33,0x33,0x33,0x33,0x33,0x33,0x33,0x33,0x33,0x33,0x33,0x33,0x33,0x33,0x33,0x33,0x33,0x33,0x33,
  0x33,0x33,0x33,0x33,0x33,0x33,0x33,0x33,0x33,0x33,0x33,0x33,0x33,0x33,0x33,0x33,0x33,0x33,0x33,0x33,
  0x33,0x33,0x33,0x33,0x33,0x33,0x33,0x33,0x33,0x33,0x33,0x33,0x33,0x33,0x33,0x33,0x33,0x33,0x33,0x33,
  0x33,0x33,0x33,0x33,0x33,0x33,0x33,0x33,0x33,0x33,0x33,0x33,0x33,0x33,0x33,0x33,0x33,0x33,0x33,0x33,
  0x33,0x33,0x33,0x33,0x33,0x33,0x33,0x33,0x33,0x33,0x33,0x33,0x33,0x33,0x33,0x33,0x33,0x33,0x33,0x33,
  0x33,0x33,0x33,0x33,0x33,0x33,0x33,0x33,0x33,0x33,0x33,0x33,0x33,0x33,0x33,0x33,0x33,0x33,0x33,0x33,
  0x33,0x33,0x33,0x33,0x33,0x33,0x33,0x33,0x33,0x33,0x33,0x33,0x33,0x33,0x33,0x33,0x33,0x33,0x33,0x33,
  0x33,0x33,0x33,0x33,0x33,0x33,0x33,0x33,0x33,0x33,0x33,0x33,0x33,0x33,0x33,0x33,0x33,0x33,0x33,0x33,
  0x33,0x33,0x33,0x33,0x33,0x33,0x33,0x33,0x33,0x33,0x33,0x33,0x33,0x33,0x33,0x33,0x33,0x33,0x33,0x33,
  0x33,0x33,0x33,0x33,0x33,0x33,0x33,0x33,0x33,0x33,0x33,0x33,0x33,0x33,0x33,0x33,0x33,0x33,0x33,0x33,
  0x33,0x33,0x33,0x33,0x33,0x33,0x33,0x33,0x33,0x33,0x33,0x33,0x33,0x33,0x33,0x33,0x33,0x33,0x33,0x33,
  0x33,0x33,0x33,0x33,0x33,0x33,0x33,0x33,0x33,0x33,0x33,0x33,0x33,0x33,0x33,0x33,0x33,0x33,0x33,0x33,
  0x33,0x33,0x33,0x33,0x33,0x33,0x33,0x33,0x33,0x33,0x33,0x33,0x33,0x33,0x33,0x33,0x33,0x33,0x33,0x33,
  0x33,0x33,0x33,0x33,0x33,0x33,0x33,0x33,0x33,0x33,0x33,0x33,0x33,0x33,0x33,0x33,0x33,0x33,0x33,0x33,
  0x33,0x33,0x33,0x33,0x33,0x33,0x33,0x33,0x33,0x33,0x33,0x33,0x33,0x33,0x33,0x33,0x33,0x33,0x33,0x33,
  0x33,0x33,0x33,0x33,0x33,0x33,0x33,0x33,0x33,0x33,0x33,0x33,0x33,0x33,0x33,0x33,0x33,0x33,0x33,0x33,
  0x33,0x33,0x33,0x33,0x33,0x33,0x33,0x33,0x33,0x33,0x33,0x33,0x33,0x33,0x33,0x33,0x33,0x33,0x33,0x33,
  0x33,0x33,0x33,0x33,0x33,0x33,0x33,0x33,0x33,0x33,0x33,0x33,0x33,0x33,0x33,0x33,0x33,0x31,0x11,0x22,
  0x11,0x13,0x33,0x33,0x33,0x33,0x33,0x33,0x33,0x33,0x33,0x33,0x33,0x33,0x33,0x33,0x33,0x33,0x33,0x33,
  0x33,0x33,0x33,0x33,0x33,0x33,0x33,0x33,0x33,0x33,0x33,0x33,0x33,0x33,0x33,0x33,0x33,0x33,0x33,0x33,
  0x33,0x33,0x33,0x33,0x33,0x33,0x33,0x33,0x33,0x33,0x33,0x33,0x33,0x33,0x33,0x33,0x33,0x33,0x33,0x33,
  0x33,0x33,0x33,0x33,0x33,0x33,0x33,0x33,0x33,0x33,0x33,0x33,0x33,0x33,0x33,0x33,0x33,0x33,0x33,0x33,
  0x33,0x33,0x33,0x33,0x33,0x33,0x33,0x33,0x33,0x33,0x33,0x33,0x33,0x16,0x64,0x44,0x55,0x53,0x44,0x33,
  0x33,0x33,0x33,0x33,0x33,0x33,0x33,0x33,0x33,0x33,0x33,0x33,0x33,0x33,0x33,0x33,0x33,0x33,0x33,0x33,
  0x33,0x33,0x33,0x33,0x33,0x33,0x33,0x33,0x33,0x33,0x33,0x33,0x33,0x33,0x33,0x33,0x33,0x33,0x33,0x33,
  0x33,0x33,0x33,0x33,0x33,0x33,0x33,0x33,0x33,0x33,0x33,0x33,0x33,0x33,0x33,0x33,0x33,0x33,0x33,0x33,
  0x33,0x33,0x33,0x33,0x33,0x33,0x33,0x33,0x33,0x33,0x33,0x33,0x33,0x33,0x33,0x33,0x33,0x33,0x33,0x33,
  0x33,0x33,0x33,0x33,0x33,0x33,0x33,0x33,0x33,0x06,0xdc,0x88,0xba,0xa6,0x06,0x33,0x33,0x33,0x33,0x33,
  0x33,0x33,0x33,0x33,0x66,0x66,0x66,0x33,0x33,0x33,0x33,0x33,0x33,0x33,0x33,0x33,0x33,0x33,0x33,0x33,
  0x33,0x33,0x33,0x33,0x33,0x33,0x33,0x33,0x33,0x33,0x33,0x33,0x33,0x33,0x33,0x33,0x33,0x33,0x33,0x33,
  0x33,0x33,0x33,0x33,0x33,0x33,0x33,0x33,0x33,0x33,0x33,0x33,0x33,0x33,0x33,0x33,0x33,0x33,0x33,0x33,
  0x33,0x33,0x33,0x33,0x33,0x33,0x33,0x33,0x33,0x33,0x33,0x33,0x33,0x33,0x33,0x33,0x33,0x33,0x33,0x33,
  0x33,0x33,0x33,0x33,0x33,0x31,0xdd,0x88,0xea,0xaa,0x50,0x62,0x33,0x33,0x33,0x33,0x33,0x36,0x33,0x30,
  0x00,0x00,0x00,0x63,0x33,0x33,0x33,0x33,0x33,0x33,0x33,0x33,0x33,0x33,0x33,0x33,0x33,0x33,0x33,0x33,
  0x33,0x33,0x33,0x33,0x33,0x33,0x33,0x33,0x33,0x33,0x33,0x33,0x33,0x33,0x33,0x33,0x33,0x33,0x33,0x33,
  0x33,0x33,0x33,0x33,0x33,0x33,0x33,0x33,0x33,0x33,0x33,0x33,0x33,0x33,0x33,0x33,0x33,0x33,0x33,0x33,
  0x33,0x33,0x33,0x33,0x33,0x33,0x33,0x33,0x33,0x33,0x33,0x33,0x33,0x33,0x33,0x33,0x33,0x33,0x33,0x33,
  0x33,0x60,0x6d,0xc8,0x8e,0xaa,0xa5,0x06,0x33,0x33,0x33,0x33,0x33,0x60,0x06,0x36,0x99,0xbb,0x96,0x00,
  0x63,0x33,0x33,0x33,0x33,0x33,0x33,0x33,0x33,0x33,0x33,0x33,0x33,0x33,0x33,0x33,0x33,0x33,0x33,0x33,
  0x33,0x33,0x33,0x33,0x33,0x33,0x33,0x33,0x33,0x33,0x33,0x33,0x33,0x33,0x33,0x33,0x33,0x33,0x33,0x33,
  0x33,0x33,0x33,0x33,0x33,0x33,0x33,0x33,0x33,0x33,0x33,0x33,0x33,0x33,0x33,0x33,0x33,0x33,0x33,0x33,
  0x33,0x33,0x33,0x33,0x33,0x33,0x33,0x33,0x33,0x33,0x33,0x33,0x33,0x33,0x33,0x33,0x33,0x36,0x0d,0xdc,
  0x8c,0xea,0xaa,0x50,0x66,0x33,0x33,0x33,0x33,0x06,0xbb,0xee,0xff,0xff,0xfe,0x96,0x03,0x33,0x33,0x33,
  0x33,0x33,0x33,0x33,0x33,0x33,0x33,0x33,0x33,0x33,0x33,0x33,0x33,0x33,0x33,0x33,0x33,0x33,0x33,0x33,
  0x33,0x33,0x33,0x33,0x33,0x33,0x33,0x33,0x33,0x33,0x33,0x33,0x33,0x33,0x33,0x33,0x33,0x33,0x33,0x33,
  0x33,0x33,0x33,0x33,0x33,0x33,0x33,0x33,0x33,0x33,0x33,0x33,0x33,0x33,0x33,0x33,0x33,0x33,0x33,0x33,
  0x33,0x33,0x33,0x33,0x33,0x33,0x33,0x33,0x33,0x33,0x33,0x33,0x33,0x36,0x06,0xdc,0x88,0xce,0xaa,0xa5,
  0x00,0x36,0x33,0x36,0x30,0x9f,0xef,0xff,0xee,0xff,0xfe,0xe9,0x66,0x00,0x00,0x33,0x33,0x33,0x33,0x33,
  0x33,0x33,0x33,0x33,0x33,0x33,0x33,0x33,0x33,0x33,0x33,0x33,0x33,0x33,0x33,0x33,0x33,0x33,0x33,0x33,
  0x33,0x33,0x33,0x33,0x33,0x33,0x33,0x33,0x33,0x33,0x33,0x33,0x33,0x33,0x33,0x33,0x33,0x33,0x33,0x33,
  0x33,0x33,0x33,0x33,0x33,0x33,0x33,0x33,0x33,0x33,0x33,0x33,0x33,0x33,0x33,0x33,0x33,0x33,0x33,0x33,
  0x33,0x33,0x33,0x33,0x33,0x33,0x33,0x33,0x33,0x33,0x60,0x8d,0xc8,0x8c,0xea,0xaa,0x95,0x00,0x14,0x00,
  0x09,0xff,0xff,0xfe,0xfe,0xef,0xff,0xeb,0xbe,0xb9,0x66,0x00,0x13,0x63,0x13,0x33,0x33,0x33,0x33,0x33,
  0x33,0x33,0x33,0x33,0x33,0x33,0x33,0x33,0x33,0x33,0x33,0x33,0x33,0x33,0x33,0x33,0x33,0x33,0x33,0x33,
  0x33,0x33,0x33,0x33,0x33,0x33,0x33,0x33,0x33,0x33,0x33,0x33,0x33,0x33,0x33,0x33,0x33,0x33,0x33,0x33,
  0x33,0x33,0x33,0x33,0x33,0x33,0x33,0x33,0x33,0x33,0x33,0x33,0x33,0x33,0x33,0x33,0x33,0x33,0x33,0x33,
  0x33,0x33,0x33,0x33,0x33,0x33,0x33,0x6d,0xdc,0x88,0xce,0xaa,0xaa,0xa6,0x55,0x69,0xab,0xef,0xff,0xef,
  0xef,0xee,0xef,0xff,0xff,0xfb,0xbb,0x96,0x60,0x00,0x13,0x66,0x36,0x33,0x33,0x33,0x33,0x33,0x33,0x33,
  0x33,0x33,0x33,0x33,0x33,0x33,0x33,0x33,0x33,0x33,0x33,0x33,0x33,0x33,0x33,0x33,0x33,0x33,0x33,0x33,
  0x33,0x33,0x33,0x33,0x33,0x33,0x33,0x33,0x33,0x33,0x33,0x33,0x33,0x33,0x33,0x33,0x33,0x33,0x33,0x33,
  0x33,0x33,0x33,0x33,0x33,0x33,0x33,0x33,0x33,0x33,0x33,0x33,0x33,0x33,0x33,0x33,0x33,0x33,0x33,0x33,
  0x33,0x33,0x36,0x06,0xdd,0xc8,0x8c,0xea,0xaa,0xaa,0xab,0xbb,0xaa,0xae,0xff,0xee,0xcf,0xfe,0xff,0xff,
  0xfe,0xfb,0xbb,0xeb,0xb9,0x66,0x00,0x00,0x00,0x13,0x33,0x33,0x33,0x33,0x33,0x33,0x33,0x33,0x33,0x33,
  0x33,0x33,0x33,0x33,0x33,0x33,0x33,0x33,0x33,0x33,0x33,0x33,0x33,0x33,0x33,0x33,0x33,0x33,0x33,0x33,
  0x33,0x33,0x33,0x33,0x33,0x33,0x33,0x33,0x33,0x33,0x33,0x33,0x33,0x33,0x33,0x33,0x33,0x33,0x33,0x33,
  0x33,0x33,0x33,0x33,0x33,0x33,0x33,0x33,0x33,0x33,0x33,0x33,0x33,0x33,0x33,0x33,0x33,0x33,0x31,0x65,
  0x6d,0xdc,0x88,0x8c,0xea,0xaa,0xaa,0xbe,0xba,0xae,0xff,0xfb,0xcf,0xfe,0xff,0xff,0xfe,0xfb,0xbb,0xbb,
  0xee,0xbb,0x96,0x69,0xb9,0x60,0x63,0x33,0x33,0x33,0x33,0x33,0x33,0x33,0x33,0x33,0x33,0x33,0x33,0x33,
  0x33,0x33,0x33,0x33,0x33,0x33,0x33,0x33,0x33,0x33,0x33,0x33,0x33,0x33,0x33,0x33,0x33,0x33,0x33,0x33,
  0x33,0x33,0x33,0x33,0x33,0x33,0x33,0x33,0x33,0x33,0x33,0x33,0x33,0x33,0x33,0x33,0x33,0x33,0x33,0x33,
  0x33,0x33,0x33,0x33,0x33,0x33,0x33,0x33,0x33,0x33,0x33,0x33,0x33,0x33,0x33,0x16,0x06,0xdd,0xc8,0x88,
  0x8c,0xbe,0xaa,0xab,0xaa,0xbf,0xfc,0xff,0xff,0xef,0xff,0xff,0xfe,0xfb,0xbb,0xbb,0xbb,0xbb,0xbb,0xbf,
  0xff,0xb6,0x13,0x33,0x33,0x33,0x33,0x33,0x33,0x33,0x33,0x33,0x33,0x33,0x33,0x33,0x33,0x33,0x33,0x33,
  0x33,0x33,0x33,0x33,0x33,0x33,0x33,0x33,0x33,0x33,0x33,0x33,0x33,0x33,0x33,0x33,0x33,0x33,0x33,0x33,
  0x33,0x33,0x33,0x33,0x33,0x33,0x33,0x33,0x33,0x33,0x33,0x33,0x33,0x33,0x33,0x33,0x33,0x33,0x33,0x33,
  0x33,0x33,0x33,0x33,0x33,0x33,0x33,0x33,0x33,0x33,0x33,0x33,0x60,0x18,0xdd,0xc8,0x88,0x88,0xce,0xee,
  0xaa,0xef,0xfc,0xff,0xff,0xff,0xff,0xff,0xff,0xfb,0xbf,0xeb,0xef,0xfe,0xeb,0xbe,0xff,0xf9,0x06,0x33,
  0x33,0x33,0x33,0x33,0x33,0x33,0x33,0x33,0x33,0x33,0x33,0x33,0x33,0x33,0x33,0x33,0x33,0x33,0x33,0x33,
  0x33,0x33,0x33,0x33,0x33,0x33,0x33,0x33,0x33,0x33,0x33,0x33,0x33,0x33,0x33,0x33,0x33,0x33,0x33,0x33,
  0x33,0x33,0x33,0x33,0x33,0x33,0x33,0x33,0x33,0x33,0x33,0x33,0x33,0x33,0x33,0x33,0x33,0x33,0x33,0x33,
  0x33,0x33,0x33,0x33,0x33,0x33,0x33,0x33,0x33,0x20,0x6d,0xdd,0xcc,0x88,0x88,0xcc,0xba,0xef,0xfc,0xff,
  0xff,0xfe,0xff,0xff,0xfe,0xfb,0xbf,0xee,0xff,0xff,0xfe,0xbb,0xff,0xf9,0x06,0x33,0x33,0x33,0x33,0x33,
  0x33,0x33,0x33,0x33,0x33,0x33,0x33,0x33,0x33,0x33,0x33,0x33,0x33,0x33,0x33,0x33,0x33,0x33,0x33,0x33,
  0x33,0x33,0x33,0x33,0x33,0x33,0x33,0x33,0x33,0x33,0x33,0x33,0x33,0x33,0x33,0x33,0x33,0x33,0x33,0x33,
  0x33,0x33,0x33,0x33,0x33,0x33,0x33,0x33,0x33,0x33,0x33,0x33,0x33,0x33,0x33,0x33,0x33,0x33,0x33,0x33,
  0x33,0x33,0x33,0x33,0x31,0x26,0x00,0x6d,0xdd,0xdc,0xcc,0xcc,0xba,0xef,0xfc,0xff,0xff,0xee,0xff,0xff,
  0xfe,0xfb,0xbb,0xef,0xff,0xef,0xff,0xe9,0xff,0xfb,0x03,0x13,0x33,0x33,0x33,0x33,0x33,0x33,0x33,0x33,
  0x33,0x33,0x33,0x33,0x33,0x33,0x33,0x33,0x33,0x33,0x33,0x33,0x33,0x33,0x33,0x33,0x33,0x33,0x33,0x33,
  0x33,0x33,0x33,0x33,0x33,0x33,0x33,0x33,0x33,0x33,0x33,0x33,0x33,0x33,0x33,0x33,0x33,0x33,0x33,0x33,
  0x33,0x33,0x33,0x33,0x33,0x33,0x33,0x33,0x33,0x33,0x33,0x33,0x33,0x33,0x33,0x33,0x33,0x33,0x33,0x33,
  0x33,0x33,0x61,0x00,0x66,0xdd,0xdd,0xdf,0xba,0xef,0xfc,0xff,0xff,0xee,0xff,0xff,0xfe,0xfb,0xbb,0xff,
  0xff,0xff,0xff,0xfe,0xbf,0xf9,0x03,0x13,0x33,0x33,0x33,0x33,0x33,0x33,0x33,0x33,0x33,0x33,0x33,0x33,
  0x33,0x33,0x33,0x33,0x33,0x33,0x33,0x33,0x33,0x33,0x33,0x33,0x33,0x33,0x33,0x33,0x33,0x33,0x33,0x33,
  0x33,0x33,0x33,0x33,0x33,0x33,0x33,0x33,0x33,0x33,0x33,0x33,0x33,0x33,0x33,0x33,0x33,0x33,0x33,0x33,
  0x33,0x33,0x33,0x33,0x33,0x33,0x33,0x33,0x33,0x33,0x33,0x33,0x33,0x33,0x33,0x33,0x33,0x33,0x31,0x35,
  0x10,0x00,0x9e,0xeb,0xab,0xef,0xfc,0xff,0xff,0xee,0xff,0xff,0xfe,0xfb,0xbe,0xff,0xff,0xef,0xff,0xff,
  0xbb,0xe6,0x03,0x13,0x33,0x33,0x33,0x33,0x33,0x33,0x33,0x33,0x33,0x33,0x33,0x33,0x33,0x33,0x33,0x33,
  0x33,0x33,0x33,0x33,0x33,0x33,0x33,0x33,0x33,0x33,0x33,0x33,0x33,0x33,0x33,0x33,0x33,0x33,0x33,0x33,
  0x33,0x33,0x33,0x33,0x33,0x33,0x33,0x33,0x33,0x33,0x33,0x33,0x33,0x33,0x33,0x33,0x33,0x33,0x33,0x33,
  0x33,0x33,0x33,0x33,0x33,0x33,0x33,0x33,0x33,0x33,0x33,0x33,0x33,0x33,0x31,0x13,0x36,0x60,0x6a,0xbb,
  0xee,0xef,0xfc,0xff,0xff,0xee,0xff,0xff,0xff,0xfb,0xbf,0xff,0xba,0xab,0xef,0xff,0xeb,0x96,0x01,0x13,
  0x33,0x33,0x33,0x33,0x33,0x33,0x33,0x33,0x33,0x33,0x33,0x33,0x33,0x33,0x33,0x33,0x33,0x33,0x33,0x33,
  0x33,0x33,0x33,0x33,0x33,0x33,0x33,0x33,0x33,0x33,0x33,0x33,0x33,0x33,0x33,0x33,0x33,0x33,0x33,0x33,
  0x33,0x33,0x33,0x33,0x33,0x33,0x33,0x33,0x33,0x33,0x33,0x33,0x33,0x33,0x33,0x33,0x33,0x33,0x33,0x33,
  0x33,0x33,0x33,0x33,0x33,0x33,0x33,0x33,0x33,0x33,0x33,0x33,0x33,0x36,0x56,0xbe,0xff,0xff,0xfc,0xff,
  0xee,0xee,0xff,0xff,0xff,0xfb,0xbf,0xfb,0xaa,0xaa,0xaf,0xff,0xfb,0xb9,0x03,0x13,0x33,0x33,0x33,0x33,
  0x33,0x33,0x33,0x33,0x33,0x33,0x33,0x33,0x33,0x33,0x33,0x33,0x33,0x33,0x33,0x33,0x33,0x33,0x33,0x33,
  0x33,0x33,0x33,0x33,0x33,0x33,0x33,0x33,0x33,0x33,0x33,0x33,0x33,0x33,0x33,0x33,0x33,0x33,0x33,0x33,
  0x33,0x33,0x33,0x33,0x33,0x33,0x33,0x33,0x33,0x33,0x33,0x33,0x33,0x33,0x33,0x33,0x33,0x33,0x33,0x33,
  0x33,0x33,0x33,0x33,0x33,0x33,0x33,0x33,0x33,0x33,0x40,0x9f,0xff,0xff,0xcc,0xff,0xff,0xfe,0xff,0xff,
  0xff,0xfb,0xbf,0xfa,0xab,0xbb,0xab,0xff,0xfe,0xb9,0x06,0x33,0x33,0x33,0x33,0x33,0x33,0x33,0x33,0x33,
  0x33,0x33,0x33,0x33,0x33,0x33,0x33,0x33,0x33,0x33,0x33,0x33,0x33,0x33,0x33,0x33,0x33,0x33,0x33,0x33,
  0x33,0x33,0x33,0x33,0x33,0x33,0x33,0x33,0x33,0x33,0x33,0x33,0x33,0x33,0x33,0x33,0x33,0x33,0x33,0x33,
  0x33,0x33,0x33,0x33,0x33,0x33,0x33,0x33,0x33,0x33,0x33,0x33,0x33,0x33,0x33,0x33,0x33,0x33,0x33,0x33,
  0x33,0x33,0x33,0x33,0x33,0x33,0x60,0x98,0xcf,0xcc,0xcc,0xff,0xee,0xfe,0xff,0xff,0xff,0xfb,0xbf,0xea,
  0xae,0xee,0xba,0xff,0xfe,0xb9,0x06,0x33,0x33,0x33,0x33,0x33,0x33,0x33,0x33,0x33,0x33,0x33,0x33,0x33,
  0x33,0x33,0x33,0x33,0x33,0x33,0x33,0x33,0x33,0x33,0x33,0x33,0x33,0x33,0x33,0x33,0x33,0x33,0x33,0x33,
  0x33,0x33,0x33,0x33,0x33,0x33,0x33,0x33,0x33,0x33,0x33,0x33,0x33,0x33,0x33,0x33,0x33,0x33,0x33,0x33,
  0x33,0x33,0x33,0x33,0x33,0x33,0x33,0x33,0x33,0x33,0x33,0x33,0x33,0x33,0x33,0x33,0x33,0x33,0x33,0x33,
  0x33,0x33,0x60,0x98,0x8c,0xcf,0xff,0xff,0xeb,0xfe,0xff,0xff,0xff,0xfe,0xef,0xea,0xab,0xeb,0xba,0xef,
  0xff,0xb9,0x05,0x23,0x33,0x33,0x33,0x33,0x33,0x33,0x33,0x33,0x33,0x33,0x33,0x33,0x33,0x33,0x33,0x33,
  0x33,0x33,0x33,0x33,0x33,0x33,0x33,0x33,0x33,0x33,0x33,0x33,0x33,0x33,0x33,0x33,0x33,0x33,0x33,0x33,
  0x33,0x33,0x33,0x33,0x33,0x33,0x33,0x33,0x33,0x33,0x33,0x33,0x33,0x33,0x33,0x33,0x33,0x33,0x33,0x33,
  0x33,0x33,0x33,0x33,0x33,0x33,0x33,0x33,0x33,0x33,0x33,0x33,0x33,0x33,0x33,0x33,0x33,0x31,0x60,0x98,
  0x8f,0xfe,0xef,0xef,0x9e,0xfe,0xff,0xff,0xff,0xfb,0xbf,0xea,0xae,0xee,0xba,0xbe,0xff,0xb9,0x02,0x13,
  0x33,0x33,0x33,0x33,0x33,0x33,0x33,0x33,0x33,0x33,0x33,0x33,0x33,0x33,0x33,0x33,0x33,0x33,0x33,0x33,
  0x33,0x33,0x33,0x33,0x33,0x33,0x33,0x33,0x33,0x33,0x33,0x33,0x33,0x33,0x33,0x33,0x33,0x33,0x33,0x33,
  0x33,0x33,0x33,0x33,0x33,0x33,0x33,0x33,0x33,0x33,0x33,0x33,0x33,0x33,0x33,0x33,0x33,0x33,0x33,0x33,
  0x33,0x33,0x33,0x33,0x33,0x33,0x33,0x33,0x33,0x33,0x33,0x33,0x33,0x31,0x60,0x9c,0xcf,0xeb,0xef,0xef,
  0xff,0xff,0xff,0xff,0xff,0xfe,0xbf,0xfa,0xab,0xee,0xea,0xef,0xff,0xb9,0x02,0x23,0x33,0x33,0x33,0x33,
  0x33,0x33,0x33,0x33,0x33,0x33,0x33,0x33,0x33,0x33,0x33,0x33,0x33,0x33,0x33,0x33,0x33,0x33,0x33,0x33,
  0x33,0x33,0x33,0x33,0x33,0x33,0x33,0x33,0x33,0x33,0x33,0x33,0x33,0x33,0x33,0x33,0x33,0x33,0x33,0x33,
  0x33,0x33,0x33,0x33,0x33,0x33,0x33,0x33,0x33,0x33,0x33,0x33,0x33,0x33,0x33,0x33,0x33,0x33,0x33,0x33,
  0x33,0x33,0x33,0x33,0x33,0x33,0x33,0x33,0x33,0x31,0x33,0x69,0xcf,0xfe,0xff,0xef,0xff,0xff,0xff,0xcf,
  0xcf,0xff,0xff,0xfa,0xab,0xee,0xba,0xef,0xff,0xb9,0x03,0x33,0x33,0x33,0x33,0x33,0x33,0x33,0x33,0x33,
  0x33,0x33,0x33,0x33,0x33,0x33,0x33,0x33,0x33,0x33,0x33,0x33,0x33,0x33,0x33,0x33,0x33,0x33,0x33,0x33,
  0x33,0x33,0x33,0x33,0x33,0x33,0x33,0x33,0x33,0x33,0x33,0x33,0x33,0x33,0x33,0x33,0x33,0x33,0x33,0x33,
  0x33,0x33,0x33,0x33,0x33,0x33,0x33,0x33,0x33,0x33,0x33,0x33,0x33,0x33,0x33,0x33,0x33,0x33,0x33,0x33,
  0x33,0x33,0x33,0x33,0x33,0x31,0x14,0x40,0x6e,0xff,0xff,0xff,0xff,0xff,0xcc,0xcf,0xfc,0xcc,0xce,0xff,
  0xaa,0xbb,0xaa,0xef,0xff,0xb9,0x03,0x33,0x33,0x33,0x33,0x33,0x33,0x33,0x33,0x33,0x33,0x33,0x33,0x33,
  0x33,0x33,0x33,0x33,0x33,0x33,0x33,0x33,0x33,0x33,0x33,0x33,0x33,0x33,0x33,0x33,0x33,0x33,0x33,0x33,
  0x33,0x33,0x33,0x33,0x33,0x33,0x33,0x33,0x33,0x33,0x33,0x33,0x33,0x33,0x33,0x33,0x33,0x33,0x33,0x33,
  0x33,0x33,0x33,0x33,0x33,0x33,0x33,0x33,0x33,0x33,0x33,0x33,0x33,0x33,0x33,0x33,0x33,0x33,0x33,0x33,
  0x33,0x31,0x34,0x44,0x6e,0xff,0xff,0xff,0xfc,0xcc,0xc9,0x9f,0xfc,0x89,0xc9,0xcf,0xea,0xaa,0xae,0xfe,
  0xff,0xb9,0x06,0x33,0x33,0x33,0x33,0x33,0x33,0x33,0x33,0x33,0x33,0x33,0x33,0x33,0x33,0x33,0x33,0x33,
  0x33,0x33,0x33,0x33,0x33,0x33,0x33,0x33,0x33,0x33,0x33,0x33,0x33,0x33,0x33,0x33,0x33,0x33,0x33,0x33,
  0x33,0x33,0x33,0x33,0x33,0x33,0x33,0x33,0x33,0x33,0x33,0x33,0x33,0x33,0x33,0x33,0x33,0x33,0x33,0x33,
  0x33,0x33,0x33,0x33,0x33,0x33,0x33,0x33,0x33,0x33,0x33,0x33,0x33,0x33,0x33,0x33,0x33,0x33,0x33,0x31,
  0x6e,0xff,0xff,0xff,0xcc,0xcc,0x84,0x6f,0xfc,0x76,0x69,0xfe,0xff,0xeb,0xef,0xff,0xfe,0xb9,0x04,0x23,
  0x33,0x33,0x33,0x33,0x33,0x33,0x33,0x33,0x33,0x33,0x33,0x33,0x33,0x33,0x33,0x33,0x33,0x33,0x33,0x33,
  0x33,0x33,0x33,0x33,0x33,0x33,0x33,0x33,0x33,0x33,0x33,0x33,0x33,0x33,0x33,0x33,0x33,0x33,0x33,0x33,
  0x33,0x33,0x33,0x33,0x33,0x33,0x33,0x33,0x33,0x33,0x33,0x33,0x33,0x33,0x33,0x33,0x33,0x33,0x33,0x33,
  0x33,0x33,0x33,0x33,0x33,0x33,0x33,0x33,0x33,0x33,0x33,0x33,0x33,0x33,0x33,0x36,0x09,0xff,0xff,0xff,
  0xfc,0x77,0x86,0x6f,0xfc,0x76,0x66,0xfe,0xff,0xff,0xff,0xff,0xfb,0xb9,0x05,0x23,0x33,0x33,0x33,0x33,
  0x33,0x33,0x33,0x33,0x33,0x33,0x33,0x33,0x33,0x33,0x33,0x33,0x33,0x33,0x33,0x33,0x33,0x33,0x33,0x33,
  0x33,0x33,0x33,0x33,0x33,0x33,0x33,0x33,0x33,0x33,0x33,0x33,0x33,0x33,0x33,0x33,0x33,0x33,0x33,0x33,
  0x33,0x33,0x33,0x33,0x33,0x33,0x33,0x33,0x33,0x33,0x33,0x33,0x33,0x33,0x33,0x33,0x33,0x33,0x33,0x33,
  0x33,0x33,0x33,0x33,0x33,0x33,0x33,0x33,0x33,0x33,0x33,0x34,0x22,0x9e,0xff,0xff,0xcc,0x88,0x86,0x6c,
  0xfc,0x76,0x66,0xfe,0xff,0xff,0xfe,0xff,0xeb,0xfb,0x06,0x23,0x33,0x22,0x33,0x33,0x33,0x33,0x33,0x33,
  0x33,0x33,0x33,0x33,0x33,0x33,0x33,0x33,0x33,0x33,0x33,0x33,0x33,0x33,0x33,0x33,0x33,0x33,0x33,0x33,
  0x33,0x33,0x33,0x33,0x33,0x33,0x33,0x33,0x33,0x33,0x33,0x33,0x33,0x33,0x33,0x33,0x33,0x33,0x33,0x33,
  0x33,0x33,0x33,0x33,0x33,0x33,0x33,0x33,0x33,0x33,0x33,0x33,0x33,0x33,0x33,0x33,0x33,0x33,0x33,0x33,
  0x33,0x33,0x33,0x33,0x33,0x33,0x33,0x34,0x42,0x06,0x99,0xef,0xc8,0x78,0x84,0x6c,0xfc,0x76,0x66,0xfe,
  0xef,0xff,0xff,0xff,0xbf,0xbe,0x60,0x23,0x33,0x42,0x56,0x41,0x23,0x33,0x33,0x33,0x33,0x33,0x33,0x33,
  0x33,0x33,0x33,0x33,0x33,0x33,0x33,0x33,0x33,0x33,0x33,0x33,0x33,0x33,0x33,0x33,0x33,0x33,0x33,0x33,
  0x33,0x33,0x33,0x33,0x33,0x33,0x33,0x33,0x33,0x33,0x33,0x33,0x33,0x33,0x33,0x33,0x33,0x33,0x33,0x33,
  0x33,0x33,0x33,0x33,0x33,0x33,0x33,0x33,0x33,0x33,0x33,0x33,0x33,0x33,0x33,0x33,0x33,0x33,0x33,0x33,
  0x33,0x33,0x33,0x33,0x33,0x61,0x00,0x69,0xc8,0x78,0x96,0x6f,0xfc,0x76,0x66,0xff,0xee,0xff,0xff,0xeb,
  0xef,0xbe,0x60,0x63,0x33,0x32,0x00,0x21,0x13,0x33,0x33,0x33,0x33,0x33,0x33,0x33,0x33,0x33,0x33,0x33,
  0x33,0x33,0x33,0x33,0x33,0x33,0x33,0x33,0x33,0x33,0x33,0x33,0x33,0x33,0x33,0x33,0x33,0x33,0x33,0x33,
  0x33,0x33,0x33,0x33,0x33,0x33,0x33,0x33,0x33,0x33,0x33,0x33,0x33,0x33,0x33,0x33,0x33,0x33,0x33,0x33,
  0x33,0x33,0x33,0x33,0x33,0x33,0x33,0x33,0x33,0x33,0x33,0x33,0x33,0x33,0x33,0x33,0x33,0x33,0x33,0x33,
  0x33,0x33,0x66,0x06,0xc8,0x78,0x87,0x8c,0xcc,0x87,0x64,0xff,0xfb,0xbb,0xeb,0xbb,0xef,0xeb,0x60,0x33,
  0x33,0x14,0x99,0x51,0x13,0x33,0x33,0x33,0x33,0x33,0x33,0x33,0x33,0x33,0x33,0x33,0x33,0x33,0x33,0x33,
  0x33,0x33,0x33,0x33,0x33,0x33,0x33,0x33,0x33,0x33,0x33,0x33,0x33,0x33,0x33,0x33,0x33,0x33,0x33,0x33,
  0x33,0x33,0x33,0x33,0x33,0x33,0x33,0x33,0x33,0x33,0x33,0x33,0x33,0x33,0x33,0x33,0x33,0x33,0x33,0x33,
  0x33,0x33,0x33,0x33,0x33,0x33,0x33,0x33,0x33,0x33,0x33,0x33,0x33,0x33,0x33,0x33,0x33,0x33,0x32,0x06,
  0xcc,0x8c,0xcc,0xcf,0xfc,0xcc,0x88,0xff,0xfe,0xeb,0xbe,0xeb,0xff,0xfb,0x21,0x13,0x34,0x09,0x99,0x90,
  0x33,0x33,0x33,0x33,0x33,0x33,0x33,0x33,0x33,0x33,0x33,0x33,0x33,0x33,0x33,0x33,0x33,0x33,0x33,0x33,
  0x33,0x33,0x33,0x33,0x33,0x33,0x33,0x33,0x33,0x33,0x33,0x33,0x33,0x33,0x33,0x33,0x33,0x33,0x33,0x33,
  0x33,0x33,0x33,0x33,0x33,0x33,0x33,0x33,0x33,0x33,0x33,0x33,0x33,0x33,0x33,0x33,0x33,0x33,0x33,0x33,
  0x33,0x33,0x33,0x33,0x33,0x33,0x33,0x33,0x33,0x33,0x33,0x33,0x33,0x33,0x36,0x06,0xc8,0xcf,0xcc,0xcf,
  0xfc,0xcc,0xc8,0xcf,0xff,0xff,0xee,0xee,0xff,0xb6,0x03,0x23,0x35,0x49,0x99,0x94,0x33,0x33,0x33,0x33,
  0x33,0x33,0x33,0x33,0x33,0x33,0x33,0x33,0x33,0x33,0x33,0x33,0x33,0x33,0x33,0x33,0x33,0x33,0x33,0x33,
  0x33,0x33,0x33,0x33,0x33,0x33,0x33,0x33,0x33,0x33,0x33,0x33,0x33,0x33,0x33,0x33,0x33,0x33,0x33,0x33,
  0x33,0x33,0x33,0x33,0x33,0x33,0x33,0x33,0x33,0x33,0x33,0x33,0x33,0x33,0x33,0x33,0x33,0x33,0x33,0x33,
  0x33,0x33,0x33,0x33,0x33,0x33,0x33,0x33,0x33,0x33,0x33,0x16,0x8c,0xcc,0x87,0xcf,0xcc,0x7c,0xc8,0xcf,
  0xee,0xee,0xff,0xfb,0x96,0x00,0x63,0x33,0x33,0x16,0x99,0x61,0x33,0x33,0x33,0x33,0x33,0x33,0x33,0x33,
  0x33,0x33,0x33,0x33,0x33,0x33,0x33,0x33,0x33,0x33,0x33,0x33,0x33,0x33,0x33,0x33,0x33,0x33,0x33,0x33,
  0x33,0x33,0x33,0x33,0x33,0x33,0x33,0x33,0x33,0x33,0x33,0x33,0x33,0x33,0x33,0x33,0x33,0x33,0x33,0x33,
  0x33,0x33,0x33,0x33,0x33,0x33,0x33,0x33,0x33,0x33,0x33,0x33,0x33,0x33,0x33,0x33,0x33,0x33,0x33,0x33,
  0x33,0x33,0x33,0x33,0x33,0x33,0x31,0x10,0x67,0xcc,0x88,0xcc,0xcc,0x88,0xce,0xff,0xff,0xee,0xe9,0x96,
  0x00,0x63,0x33,0x33,0x33,0x30,0x44,0x13,0x33,0x33,0x33,0x33,0x33,0x33,0x33,0x33,0x33,0x33,0x33,0x33,
  0x33,0x33,0x33,0x33,0x33,0x33,0x33,0x33,0x33,0x33,0x33,0x33,0x33,0x33,0x33,0x33,0x33,0x33,0x33,0x33,
  0x33,0x33,0x33,0x33,0x33,0x33,0x33,0x33,0x33,0x33,0x33,0x33,0x33,0x33,0x33,0x33,0x33,0x33,0x33,0x33,
  0x33,0x33,0x33,0x33,0x33,0x33,0x33,0x33,0x33,0x33,0x33,0x33,0x33,0x33,0x33,0x33,0x33,0x33,0x33,0x33,
  0x33,0x33,0x31,0x13,0x30,0x7c,0x87,0xcc,0xc8,0x88,0x79,0x9b,0xeb,0x99,0x60,0x01,0x65,0x33,0x33,0x33,
  0x33,0x13,0x33,0x32,0x43,0x33,0x33,0x33,0x33,0x33,0x33,0x33,0x33,0x33,0x33,0x33,0x33,0x33,0x33,0x33,
  0x33,0x33,0x33,0x33,0x33,0x33,0x33,0x33,0x33,0x33,0x33,0x33,0x33,0x33,0x33,0x33,0x33,0x33,0x33,0x33,
  0x33,0x33,0x33,0x33,0x33,0x33,0x33,0x33,0x33,0x33,0x33,0x33,0x33,0x33,0x33,0x33,0x33,0x33,0x33,0x33,
  0x33,0x33,0x33,0x33,0x33,0x33,0x33,0x33,0x33,0x33,0x33,0x33,0x33,0x33,0x33,0x33,0x33,0x33,0x33,0x33,
  0x34,0x48,0xc8,0x8f,0xcc,0x87,0x20,0x06,0x61,0x00,0x03,0x33,0x23,0x33,0x33,0x33,0x33,0x33,0x33,0x21,
  0x43,0x33,0x33,0x33,0x33,0x33,0x33,0x33,0x33,0x33,0x33,0x33,0x33,0x33,0x33,0x33,0x33,0x33,0x33,0x33,
  0x33,0x33,0x33,0x33,0x33,0x33,0x33,0x33,0x33,0x33,0x33,0x33,0x33,0x33,0x33,0x33,0x33,0x33,0x33,0x33,
  0x33,0x33,0x33,0x33,0x33,0x33,0x33,0x33,0x33,0x33,0x33,0x33,0x33,0x33,0x33,0x33,0x33,0x33,0x33,0x33,
  0x33,0x33,0x33,0x33,0x33,0x33,0x33,0x33,0x33,0x33,0x33,0x33,0x33,0x33,0x33,0x33,0x34,0x24,0x8c,0x8c,
  0xc8,0x76,0x06,0x61,0x03,0x66,0x31,0x11,0x22,0x33,0x33,0x33,0x33,0x33,0x33,0x21,0x43,0x33,0x33,0x33,
  0x33,0x33,0x33,0x33,0x33,0x33,0x33,0x33,0x33,0x33,0x33,0x33,0x33,0x33,0x33,0x33,0x33,0x33,0x33,0x33,
  0x33,0x33,0x33,0x33,0x33,0x33,0x33,0x33,0x33,0x33,0x33,0x33,0x33,0x33,0x33,0x33,0x33,0x33,0x33,0x33,
  0x33,0x33,0x33,0x33,0x33,0x33,0x33,0x33,0x33,0x33,0x33,0x33,0x33,0x33,0x33,0x35,0x33,0x33,0x33,0x33,
  0x33,0x33,0x33,0x33,0x33,0x33,0x33,0x33,0x33,0x33,0x33,0x33,0x33,0x60,0x4c,0xcc,0xcc,0x40,0x43,0x44,
  0x43,0x33,0x33,0x33,0x33,0x33,0x33,0x33,0x33,0x33,0x33,0x33,0x33,0x33,0x33,0x33,0x33,0x33,0x33,0x33,
  0x33,0x33,0x33,0x33,0x33,0x33,0x33,0x33,0x33,0x33,0x33,0x33,0x33,0x33,0x33,0x33,0x33,0x33,0x33,0x33,
  0x33,0x33,0x33,0x33,0x33,0x33,0x33,0x33,0x33,0x33,0x33,0x33,0x33,0x33,0x33,0x33,0x33,0x33,0x33,0x33,
  0x33,0x33,0x33,0x33,0x33,0x33,0x33,0x33,0x33,0x33,0x43,0x00,0x33,0x33,0x33,0x33,0x33,0x33,0x33,0x33,
  0x33,0x33,0x33,0x33,0x33,0x33,0x33,0x33,0x33,0x36,0x06,0xdd,0xc6,0x03,0x33,0x33,0x11,0x33,0x33,0x33,
  0x33,0x33,0x33,0x33,0x33,0x33,0x33,0x33,0x33,0x33,0x33,0x33,0x33,0x33,0x33,0x33,0x33,0x33,0x33,0x33,
  0x33,0x33,0x33,0x33,0x33,0x33,0x33,0x33,0x33,0x33,0x33,0x33,0x33,0x33,0x33,0x33,0x33,0x33,0x33,0x33,
  0x33,0x33,0x33,0x33,0x33,0x33,0x33,0x33,0x33,0x33,0x33,0x33,0x33,0x33,0x33,0x33,0x33,0x33,0x33,0x33,
  0x33,0x33,0x33,0x33,0x33,0x33,0x34,0x44,0x02,0x33,0x33,0x33,0x33,0x33,0x33,0x33,0x33,0x33,0x33,0x33,
  0x33,0x33,0x33,0x33,0x33,0x33,0x56,0xdd,0xd7,0x06,0x33,0x33,0x11,0x33,0x33,0x33,0x33,0x33,0x33,0x33,
  0x33,0x33,0x33,0x33,0x33,0x33,0x33,0x33,0x33,0x33,0x33,0x33,0x33,0x33,0x33,0x33,0x33,0x33,0x33,0x33,
  0x33,0x33,0x33,0x33,0x33,0x33,0x33,0x33,0x33,0x33,0x33,0x33,0x33,0x33,0x33,0x33,0x33,0x33,0x33,0x33,
  0x33,0x33,0x33,0x33,0x33,0x33,0x33,0x33,0x33,0x33,0x33,0x33,0x33,0x33,0x33,0x33,0x33,0x33,0x33,0x33,
  0x33,0x33,0x47,0x88,0x40,0x32,0x33,0x33,0x33,0x33,0x33,0x33,0x33,0x33,0x33,0x33,0x33,0x33,0x33,0x33,
  0x33,0x33,0x46,0xdd,0xd8,0x40,0x43,0x21,0x11,0x33,0x33,0x33,0x33,0x33,0x33,0x33,0x33,0x33,0x33,0x33,
  0x33,0x33,0x33,0x33,0x33,0x33,0x33,0x33,0x33,0x33,0x33,0x33,0x33,0x33,0x33,0x33,0x33,0x33,0x33,0x33,
  0x33,0x33,0x33,0x33,0x33,0x33,0x33,0x33,0x33,0x33,0x33,0x33,0x33,0x33,0x33,0x33,0x33,0x33,0x33,0x33,
  0x33,0x33,0x33,0x33,0x33,0x33,0x33,0x33,0x33,0x33,0x33,0x33,0x33,0x33,0x33,0x33,0x33,0x32,0x48,0x88,
  0x70,0x22,0x33,0x33,0x33,0x33,0x33,0x33,0x33,0x33,0x33,0x33,0x33,0x33,0x33,0x33,0x33,0x33,0x06,0xdd,
  0xdc,0x86,0x03,0x11,0x11,0x33,0x33,0x33,0x33,0x33,0x33,0x33,0x33,0x33,0x33,0x33,0x33,0x33,0x33,0x33,
  0x33,0x33,0x33,0x33,0x33,0x33,0x33,0x33,0x33,0x33,0x33,0x33,0x33,0x33,0x33,0x33,0x33,0x33,0x33,0x33,
  0x33,0x33,0x33,0x33,0x33,0x33,0x33,0x33,0x33,0x33,0x33,0x33,0x33,0x33,0x33,0x33,0x33,0x33,0x33,0x33,
  0x33,0x33,0x33,0x33,0x33,0x33,0x33,0x33,0x33,0x33,0x33,0x33,0x33,0x33,0x17,0x88,0x41,0x55,0x33,0x33,
  0x33,0x33,0x33,0x33,0x33,0x33,0x33,0x33,0x33,0x33,0x33,0x33,0x33,0x36,0x06,0xdd,0xdd,0x87,0x41,0x11,
  0x11,0x33,0x33,0x33,0x33,0x33,0x33,0x33,0x33,0x33,0x33,0x33,0x33,0x33,0x33,0x33,0x33,0x33,0x33,0x33,
  0x33,0x33,0x33,0x33,0x33,0x33,0x33,0x33,0x33,0x33,0x33,0x33,0x33,0x33,0x33,0x33,0x33,0x33,0x33,0x33,
  0x33,0x33,0x33,0x33,0x33,0x33,0x33,0x33,0x33,0x33,0x33,0x33,0x33,0x33,0x33,0x33,0x33,0x33,0x33,0x33,
  0x33,0x33,0x33,0x33,0x33,0x33,0x33,0x33,0x33,0x33,0x14,0x44,0x13,0x53,0x33,0x33,0x33,0x33,0x33,0x33,
  0x33,0x33,0x33,0x33,0x33,0x33,0x33,0x53,0x31,0x60,0x6d,0xdd,0xdd,0xc8,0x60,0x31,0x11,0x33,0x33,0x33,
  0x33,0x33,0x33,0x33,0x33,0x33,0x33,0x33,0x33,0x33,0x33,0x33,0x33,0x33,0x33,0x33,0x33,0x33,0x33,0x33,
  0x33,0x33,0x33,0x33,0x33,0x33,0x33,0x33,0x33,0x33,0x33,0x33,0x33,0x33,0x33,0x33,0x33,0x33,0x33,0x33,
  0x33,0x33,0x33,0x33,0x33,0x33,0x33,0x33,0x33,0x33,0x33,0x33,0x33,0x33,0x33,0x33,0x33,0x33,0x33,0x33,
  0x33,0x33,0x33,0x33,0x33,0x33,0x32,0x00,0x23,0x33,0x33,0x33,0x33,0x33,0x33,0x33,0x33,0x33,0x33,0x33,
  0x33,0x33,0x35,0x53,0x51,0x06,0xdd,0xdd,0xdd,0xc8,0x70,0x44,0x43,0x33,0x33,0x33,0x33,0x33,0x33,0x33,
  0x33,0x33,0x33,0x33,0x33,0x33,0x33,0x33,0x33,0x33,0x33,0x33,0x33,0x33,0x33,0x33,0x33,0x33,0x33,0x33,
  0x33,0x33,0x33,0x33,0x33,0x33,0x33,0x33,0x33,0x33,0x33,0x33,0x33,0x33,0x33,0x33,0x33,0x33,0x33,0x33,
  0x33,0x33,0x33,0x33,0x33,0x33,0x33,0x33,0x33,0x33,0x33,0x33,0x33,0x33,0x33,0x33,0x33,0x33,0x33,0x33,
  0x33,0x33,0x33,0x33,0x33,0x33,0x33,0x33,0x33,0x33,0x33,0x33,0x33,0x33,0x33,0x33,0x33,0x33,0x33,0x36,
  0x30,0x6d,0xdd,0xdd,0xdd,0xc8,0x70,0x44,0x43,0x33,0x33,0x33,0x33,0x33,0x33,0x33,0x33,0x33,0x33,0x33,
  0x33,0x33,0x33,0x33,0x33,0x33,0x33,0x33,0x33,0x33,0x33,0x33,0x33,0x33,0x33,0x33,0x33,0x33,0x33,0x33,
  0x33,0x33,0x33,0x33,0x33,0x33,0x33,0x33,0x33,0x33,0x33,0x33,0x33,0x33,0x33,0x33,0x33,0x33,0x33,0x33,
  0x33,0x33,0x33,0x33,0x33,0x33,0x33,0x33,0x33,0x33,0x33,0x33,0x33,0x33,0x33,0x33,0x33,0x33,0x33,0x33,
  0x33,0x33,0x33,0x33,0x33,0x33,0x33,0x33,0x33,0x33,0x33,0x33,0x33,0x33,0x33,0x50,0x66,0xdd,0xdd,0xdd,
  0xdc,0xc8,0x87,0x42,0x43,0x33,0x33,0x33,0x33,0x33,0x33,0x33,0x33,0x33,0x33,0x33,0x33,0x33,0x33,0x33,
  0x33,0x33,0x33,0x33,0x33,0x33,0x33,0x33,0x33,0x33,0x33,0x33,0x33,0x33,0x33,0x33,0x33,0x33,0x33,0x33,
  0x33,0x33,0x33,0x33,0x33,0x33,0x33,0x33,0x33,0x33,0x33,0x33,0x33,0x33,0x33,0x33,0x33,0x33,0x33,0x33,
  0x33,0x33,0x33,0x33,0x33,0x33,0x33,0x33,0x33,0x33,0x33,0x33,0x33,0x33,0x33,0x33,0x33,0x33,0x33,0x33,
  0x33,0x33,0x33,0x33,0x33,0x33,0x33,0x33,0x33,0x33,0x36,0x06,0xdd,0xdd,0xdd,0xdd,0xcc,0xc8,0x88,0x74,
  0x23,0x33,0x33,0x33,0x33,0x33,0x33,0x33,0x33,0x33,0x33,0x33,0x33,0x33,0x33,0x33,0x33,0x33,0x33,0x33,
  0x33,0x33,0x33,0x33,0x33,0x33,0x33,0x33,0x33,0x33,0x33,0x33,0x33,0x33,0x33,0x33,0x33,0x33,0x33,0x33,
  0x33,0x33,0x33,0x33,0x33,0x33,0x33,0x33,0x33,0x33,0x33,0x33,0x33,0x33,0x33,0x33,0x33,0x33,0x33,0x33,
  0x33,0x33,0x33,0x33,0x33,0x33,0x33,0x33,0x33,0x33,0x33,0x33,0x33,0x33,0x33,0x33,0x33,0x33,0x33,0x33,
  0x33,0x33,0x33,0x33,0x33,0x33,0x30,0x6d,0xdd,0xdd,0xdd,0xcc,0xc8,0x88,0x78,0x88,0x40,0x33,0x33,0x33,
  0x33,0x33,0x33,0x33,0x33,0x33,0x33,0x33,0x33,0x33,0x33,0x33,0x33,0x33,0x33,0x33,0x33,0x33,0x33,0x33,
  0x33,0x33,0x33,0x33,0x33,0x33,0x33,0x33,0x33,0x33,0x33,0x33,0x33,0x33,0x33,0x33,0x33,0x33,0x33,0x33,
  0x33,0x33,0x33,0x33,0x33,0x33,0x33,0x33,0x33,0x33,0x33,0x33,0x33,0x33,0x33,0x33,0x33,0x33,0x33,0x33,
  0x33,0x33,0x33,0x33,0x33,0x33,0x33,0x33,0x33,0x33,0x33,0x33,0x33,0x33,0x33,0x33,0x33,0x33,0x33,0x33,
  0x33,0x33,0x30,0xdd,0xdd,0xdd,0xcc,0x88,0x88,0x88,0x78,0x88,0x74,0x23,0x33,0x33,0x33,0x33,0x33,0x33,
  0x33,0x33,0x33,0x33,0x33,0x33,0x33,0x33,0x33,0x33,0x33,0x33,0x33,0x33,0x33,0x33,0x33,0x33,0x33,0x33,
  0x33,0x33,0x33,0x33,0x33,0x33,0x33,0x33,0x33,0x33,0x33,0x33,0x33,0x33,0x33,0x33,0x33,0x33,0x33,0x33,
  0x33,0x33,0x33,0x33,0x33,0x33,0x33,0x33,0x33,0x33,0x33,0x33,0x33,0x33,0x33,0x33,0x33,0x33,0x33,0x33,
  0x33,0x33,0x33,0x33,0x33,0x33,0x33,0x33,0x33,0x33,0x33,0x33,0x33,0x33,0x33,0x33,0x33,0x33,0x06,0xdd,
  0xdd,0xc8,0x88,0x88,0x88,0x88,0x87,0x88,0x87,0x44,0x53,0x33,0x33,0x33,0x33,0x33,0x33,0x33,0x33,0x33,
  0x33,0x33,0x33,0x33,0x33,0x33,0x33,0x33,0x33,0x33,0x33,0x33,0x33,0x33,0x33,0x33,0x33,0x33,0x33,0x33,
  0x33,0x33,0x33,0x33,0x33,0x33,0x33,0x33,0x33,0x33,0x33,0x33,0x33,0x33,0x33,0x33,0x33,0x33,0x33,0x33,
  0x33,0x33,0x33,0x33,0x33,0x33,0x33,0x33,0x33,0x33,0x33,0x33,0x33,0x33,0x33,0x33,0x33,0x33,0x33,0x33,
  0x33,0x33,0x33,0x33,0x33,0x33,0x33,0x33,0x33,0x33,0x33,0x33,0x33,0x36,0x06,0xdd,0xc8,0x88,0x88,0x88,
  0xc8,0x88,0x88,0x88,0x87,0x45,0x53,0x33,0x33,0x33,0x33,0x33,0x33,0x33,0x33,0x33,0x33,0x33,0x33,0x33,
  0x33,0x33,0x33,0x33,0x33,0x33,0x33,0x33,0x33,0x33,0x33,0x33,0x33,0x33,0x33,0x33,0x33,0x33,0x33,0x33,
  0x33,0x33,0x33,0x33,0x33,0x33,0x33,0x33,0x33,0x33,0x33,0x33,0x33,0x33,0x33,0x33,0x33,0x33,0x33,0x33,
  0x33,0x33,0x33,0x33,0x33,0x33,0x33,0x33,0x33,0x33,0x33,0x33,0x33,0x33,0x33,0x33,0x33,0x33,0x33,0x33,
  0x33,0x33,0x33,0x33,0x33,0x33,0x33,0x33,0x33,0x36,0x26,0xc8,0x88,0x78,0x88,0xcc,0xcc,0xcc,0x88,0x88,
  0x77,0x70,0x53,0x33,0x33,0x33,0x33,0x33,0x33,0x33,0x33,0x33,0x33,0x33,0x33,0x33,0x33,0x33,0x33,0x33,
  0x33,0x33,0x33,0x33,0x33,0x33,0x33,0x33,0x33,0x33,0x33,0x33,0x33,0x33,0x33,0x33,0x33,0x33,0x33,0x33,
  0x33,0x33,0x33,0x33,0x33,0x33,0x33,0x33,0x33,0x33,0x33,0x33,0x33,0x33,0x33,0x33,0x33,0x33,0x33,0x33,
  0x33,0x33,0x33,0x33,0x33,0x33,0x33,0x33,0x33,0x33,0x33,0x33,0x33,0x33,0x33,0x33,0x33,0x33,0x33,0x33,
  0x33,0x33,0x33,0x33,0x33,0x43,0x47,0x88,0x88,0x88,0x8c,0xc8,0xcc,0xcc,0x88,0x77,0x77,0x74,0x04,0x33,
  0x33,0x33,0x33,0x33,0x33,0x33,0x33,0x33,0x33,0x33,0x33,0x33,0x33,0x33,0x33,0x33,0x33,0x33,0x33,0x33,
  0x33,0x33,0x33,0x33,0x33,0x33,0x33,0x33,0x33,0x33,0x33,0x33,0x33,0x33,0x33,0x33,0x33,0x33,0x33,0x33,
  0x33,0x33,0x33,0x33,0x33,0x33,0x33,0x33,0x33,0x33,0x33,0x33,0x33,0x33,0x33,0x33,0x33,0x33,0x33,0x33,
  0x33,0x33,0x33,0x33,0x33,0x33,0x33,0x33,0x33,0x33,0x33,0x33,0x33,0x33,0x33,0x33,0x33,0x33,0x33,0x33,
  0x33,0x44,0x78,0x88,0x88,0x8c,0xcc,0xcc,0xc8,0x88,0x87,0x74,0x77,0x79,0x60,0x23,0x33,0x33,0x33,0x33,
  0x33,0x33,0x33,0x33,0x33,0x33,0x33,0x33,0x33,0x33,0x33,0x33,0x33,0x33,0x33,0x33,0x33,0x33,0x33,0x33,
  0x33,0x33,0x33,0x33,0x33,0x33,0x33,0x33,0x33,0x33,0x33,0x33,0x33,0x33,0x33,0x33,0x33,0x33,0x33,0x33,
  0x33,0x33,0x33,0x33,0x33,0x33,0x33,0x33,0x33,0x33,0x33,0x33,0x33,0x33,0x33,0x33,0x33,0x33,0x33,0x33,
  0x33,0x33,0x33,0x33,0x33,0x33,0x33,0x33,0x33,0x33,0x33,0x33,0x33,0x33,0x33,0x33,0x33,0x07,0x88,0x88,
  0x88,0x8c,0xc8,0x88,0x87,0x78,0x88,0x74,0x77,0x79,0x94,0x03,0x33,0x33,0x33,0x33,0x33,0x33,0x33,0x33,
  0x33,0x33,0x33,0x33,0x33,0x33,0x33,0x33,0x33,0x33,0x33,0x33,0x33,0x33,0x33,0x33,0x33,0x33,0x33,0x33,
  0x33,0x33,0x33,0x33,0x33,0x33,0x33,0x33,0x33,0x33,0x33,0x33,0x33,0x33,0x33,0x33,0x33,0x33,0x33,0x33,
  0x33,0x33,0x33,0x33,0x33,0x33,0x33,0x33,0x33,0x33,0x33,0x33,0x33,0x33,0x33,0x33,0x33,0x33,0x33,0x33,
  0x33,0x33,0x33,0x33,0x33,0x33,0x33,0x33,0x33,0x33,0x33,0x32,0x30,0x68,0x88,0x88,0x8c,0xc8,0x87,0x78,
  0x88,0x88,0x88,0x77,0x78,0x79,0xa9,0x52,0x33,0x33,0x33,0x33,0x33,0x33,0x33,0x33,0x33,0x33,0x33,0x33,
  0x33,0x33,0x33,0x33,0x33,0x33,0x33,0x33,0x33,0x33,0x33,0x33,0x33,0x33,0x33,0x33,0x33,0x33,0x33,0x33,
  0x33,0x33,0x33,0x33,0x33,0x33,0x33,0x33,0x33,0x33,0x33,0x33,0x33,0x33,0x33,0x33,0x33,0x33,0x33,0x33,
  0x33,0x33,0x33,0x33,0x33,0x33,0x33,0x33,0x33,0x33,0x33,0x33,0x33,0x33,0x33,0x33,0x33,0x33,0x33,0x33,
  0x33,0x33,0x33,0x33,0x33,0x33,0x33,0x22,0x40,0x78,0x88,0x8c,0xc8,0x77,0x77,0x88,0x88,0x88,0x88,0x87,
  0x77,0x8e,0x99,0x90,0x63,0x33,0x33,0x33,0x33,0x33,0x33,0x33,0x33,0x33,0x33,0x33,0x33,0x33,0x33,0x33,
  0x33,0x33,0x33,0x33,0x33,0x33,0x33,0x33,0x33,0x33,0x33,0x33,0x33,0x33,0x33,0x33,0x33,0x33,0x33,0x33,
  0x33,0x33,0x33,0x33,0x33,0x33,0x33,0x33,0x33,0x33,0x33,0x33,0x33,0x33,0x33,0x33,0x33,0x33,0x33,0x33,
  0x33,0x33,0x33,0x33,0x33,0x33,0x33,0x33,0x33,0x33,0x33,0x33,0x33,0x33,0x33,0x33,0x33,0x33,0x33,0x33,
  0x33,0x33,0x33,0x34,0x34,0x88,0x8c,0xc8,0x77,0x77,0x88,0x88,0x88,0x88,0x88,0x87,0x78,0xe9,0x99,0x95,
  0x13,0x33,0x33,0x33,0x33,0x33,0x33,0x33,0x33,0x33,0x33,0x33,0x33,0x33,0x33,0x33,0x33,0x33,0x33,0x33,
  0x33,0x33,0x33,0x33,0x33,0x33,0x33,0x33,0x33,0x33,0x33,0x33,0x33,0x33,0x33,0x33,0x33,0x33,0x33,0x33,
  0x33,0x33,0x33,0x33,0x33,0x33,0x33,0x33,0x33,0x33,0x33,0x33,0x33,0x33,0x33,0x33,0x33,0x33,0x33,0x33,
  0x33,0x33,0x33,0x33,0x33,0x33,0x33,0x33,0x33,0x33,0x33,0x33,0x33,0x33,0x33,0x33,0x33,0x33,0x33,0x32,
  0x14,0x88,0xc8,0x87,0x77,0x77,0x88,0x88,0x88,0x88,0x88,0x88,0x89,0x99,0x99,0x99,0x03,0x33,0x33,0x33,
  0x33,0x33,0x33,0x33,0x33,0x33,0x33,0x33,0x33,0x33,0x33,0x33,0x33,0x33,0x33,0x33,0x33,0x33,0x33,0x33,
  0x33,0x33,0x33,0x33,0x33,0x33,0x33,0x33,0x33,0x33,0x33,0x33,0x33,0x33,0x33,0x33,0x33,0x33,0x33,0x33,
  0x33,0x33,0x33,0x33,0x33,0x33,0x33,0x33,0x33,0x33,0x33,0x33,0x33,0x33,0x33,0x33,0x33,0x33,0x33,0x33,
  0x33,0x33,0x33,0x33,0x33,0x33,0x33,0x33,0x33,0x33,0x33,0x33,0x33,0x33,0x33,0x11,0x11,0x8c,0x88,0x77,
  0x77,0x78,0x88,0x88,0x88,0x88,0xcc,0xc9,0x99,0x69,0x99,0x99,0x51,0x33,0x33,0x33,0x33,0x33,0x33,0x33,
  0x33,0x33,0x33,0x33,0x33,0x33,0x33,0x33,0x33,0x33,0x33,0x33,0x33,0x33,0x33,0x33,0x33,0x33,0x33,0x33,
  0x33,0x33,0x33,0x33,0x33,0x33,0x33,0x33,0x33,0x33,0x33,0x33,0x33,0x33,0x33,0x33,0x33,0x33,0x33,0x33,
  0x33,0x33,0x33,0x33,0x33,0x33,0x33,0x33,0x33,0x33,0x33,0x33,0x33,0x33,0x33,0x33,0x33,0x33,0x33,0x33,
  0x33,0x33,0x33,0x33,0x33,0x33,0x33,0x33,0x33,0x33,0x33,0x31,0x30,0x78,0x88,0x87,0x87,0x78,0x88,0x88,
  0xcc,0xce,0xba,0xa9,0x99,0x99,0x99,0x99,0x50,0x33,0x33,0x33,0x33,0x33,0x33,0x33,0x33,0x33,0x33,0x33,
  0x33,0x33,0x33,0x33,0x33,0x33,0x33,0x33,0x33,0x33,0x33,0x33,0x33,0x33,0x33,0x33,0x33,0x33,0x33,0x33,
  0x33,0x33,0x33,0x33,0x33,0x33,0x33,0x33,0x33,0x33,0x33,0x33,0x33,0x33,0x33,0x33,0x33,0x33,0x33,0x33,
  0x33,0x33,0x33,0x33,0x33,0x33,0x33,0x33,0x33,0x33,0x33,0x33,0x33,0x33,0x33,0x33,0x33,0x33,0x33,0x33,
  0x33,0x33,0x33,0x33,0x33,0x33,0x33,0x35,0x44,0x78,0x88,0x88,0x88,0x88,0x8c,0xce,0xea,0xaa,0xaa,0xaa,
  0xa9,0x96,0x99,0x99,0x51,0x33,0x33,0x33,0x33,0x33,0x33,0x33,0x33,0x33,0x33,0x33,0x33,0x33,0x33,0x33,
  0x33,0x33,0x33,0x33,0x33,0x33,0x33,0x33,0x33,0x33,0x33,0x33,0x33,0x33,0x33,0x33,0x33,0x33,0x33,0x33,
  0x33,0x33,0x33,0x33,0x33,0x33,0x33,0x33,0x33,0x33,0x33,0x33,0x33,0x33,0x33,0x33,0x33,0x33,0x33,0x33,
  0x33,0x33,0x33,0x33,0x33,0x33,0x33,0x33,0x33,0x33,0x33,0x33,0x33,0x33,0x33,0x33,0x33,0x33,0x33,0x33,
  0x33,0x33,0x33,0x33,0x47,0x88,0x88,0x88,0x88,0x89,0x9a,0xaa,0xaa,0xaa,0xaa,0xaa,0xa9,0x99,0x99,0x99,
  0x56,0x31,0x33,0x33,0x33,0x33,0x33,0x33,0x33,0x33,0x33,0x33,0x33,0x33,0x33,0x33,0x33,0x33,0x33,0x33,
  0x33,0x33,0x33,0x33,0x33,0x33,0x33,0x33,0x33,0x33,0x33,0x33,0x33,0x33,0x33,0x33,0x33,0x33,0x33,0x33,
  0x33,0x33,0x33,0x33,0x33,0x33,0x33,0x33,0x33,0x33,0x33,0x33,0x33,0x33,0x33,0x33,0x33,0x33,0x33,0x33,
  0x33,0x33,0x33,0x33,0x33,0x33,0x33,0x33,0x33,0x33,0x33,0x33,0x33,0x33,0x33,0x33,0x33,0x33,0x33,0x30,
  0x47,0x88,0x88,0x8c,0x99,0x99,0xaa,0xaa,0xae,0xee,0xea,0xaa,0xaa,0x99,0x99,0x99,0x54,0x21,0x33,0x33,
  0x33,0x33,0x33,0x33,0x33,0x33,0x33,0x33,0x33,0x33,0x33,0x33,0x33,0x33,0x33,0x33,0x33,0x33,0x33,0x33,
  0x33,0x33,0x33,0x33,0x33,0x33,0x33,0x33,0x33,0x33,0x33,0x33,0x33,0x33,0x33,0x33,0x33,0x33,0x33,0x33,
  0x33,0x33,0x33,0x33,0x33,0x33,0x33,0x33,0x33,0x33,0x33,0x33,0x33,0x33,0x33,0x33,0x33,0x33,0x33,0x33,
  0x33,0x33,0x33,0x33,0x33,0x33,0x33,0x33,0x33,0x33,0x33,0x33,0x33,0x33,0x33,0x31,0x78,0x88,0x89,0x99,
  0x99,0x9a,0xaa,0xae,0xee,0xee,0xee,0xea,0xaa,0x99,0x9a,0xaa,0xb5,0x33,0x33,0x33,0x33,0x33,0x33,0x33,
  0x33,0x33,0x33,0x33,0x33,0x33,0x33,0x33,0x33,0x33,0x33,0x33,0x33,0x33,0x33,0x33,0x33,0x33,0x33,0x33,
  0x33,0x33,0x33,0x33,0x33,0x33,0x33,0x33,0x33,0x33,0x33,0x33,0x33,0x33,0x33,0x33,0x33,0x33,0x33,0x33,
  0x33,0x33,0x33,0x33,0x33,0x33,0x33,0x33,0x33,0x33,0x33,0x33,0x33,0x33,0x33,0x33,0x33,0x33,0x33,0x33,
  0x33,0x33,0x33,0x33,0x33,0x33,0x33,0x33,0x33,0x33,0x33,0x34,0x78,0x88,0x99,0x99,0x99,0x9a,0xaa,0xee,
  0xee,0xee,0xee,0xee,0xaa,0x99,0x9a,0xaa,0xa9,0x03,0x33,0x33,0x33,0x33,0x33,0x33,0x33,0x33,0x33,0x33,
  0x33,0x33,0x33,0x33,0x33,0x33,0x33,0x33,0x33,0x33,0x33,0x33,0x33,0x33,0x33,0x33,0x33,0x33,0x33,0x33,
  0x33,0x33,0x33,0x33,0x33,0x33,0x33,0x33,0x33,0x33,0x33,0x33,0x33,0x33,0x33,0x33,0x33,0x33,0x33,0x33,
  0x33,0x33,0x33,0x33,0x33,0x33,0x33,0x33,0x33,0x33,0x33,0x33,0x33,0x33,0x33,0x33,0x33,0x33,0x33,0x33,
  0x33,0x33,0x33,0x33,0x33,0x33,0x33,0x34,0x78,0x9a,0xa9,0x99,0x99,0xaa,0xee,0xee,0xee,0xee,0xee,0xee,
  0xaa,0x99,0xaa,0xaa,0xaa,0x60,0x63,0x33,0x33,0x33,0x33,0x33,0x33,0x33,0x33,0x33,0x33,0x33,0x33,0x33,
  0x33,0x33,0x33,0x33,0x33,0x33,0x33,0x33,0x33,0x33,0x33,0x33,0x33,0x33,0x33,0x33,0x33,0x33,0x33,0x33,
  0x33,0x33,0x33,0x33,0x33,0x33,0x33,0x33,0x33,0x33,0x33,0x33,0x33,0x33,0x33,0x33,0x33,0x33,0x33,0x33,
  0x33,0x33,0x33,0x33,0x33,0x33,0x33,0x33,0x33,0x33,0x33,0x33,0x33,0x33,0x33,0x33,0x33,0x33,0x33,0x33,
  0x33,0x33,0x33,0x24,0x9a,0xaa,0xa9,0x99,0x99,0xae,0xee,0xee,0xee,0xee,0xee,0xee,0xea,0xbb,0xaa,0xaa,
  0xaa,0xb0,0x33,0x33,0x33,0x33,0x33,0x33,0x33,0x33,0x33,0x33,0x33,0x33,0x33,0x33,0x33,0x33,0x33,0x33,
  0x33,0x33,0x33,0x33,0x33,0x33,0x33,0x33,0x33,0x33,0x33,0x33,0x33,0x33,0x33,0x33,0x33,0x33,0x33,0x33,
  0x33,0x33,0x33,0x33,0x33,0x33,0x33,0x33,0x33,0x33,0x33,0x33,0x33,0x33,0x33,0x33,0x33,0x33,0x33,0x33,
  0x33,0x33,0x33,0x33,0x33,0x33,0x33,0x33,0x33,0x33,0x33,0x33,0x33,0x33,0x33,0x33,0x33,0x31,0x13,0x09,
  0xaa,0xaa,0xaa,0xa9,0x9a,0xee,0xee,0xee,0xef,0xff,0xff,0xee,0xaa,0xa9,0xaa,0xaa,0xaa,0xa5,0x13,0x33,
  0x33,0x33,0x33,0x33,0x33,0x33,0x33,0x33,0x33,0x33,0x33,0x33,0x33,0x33,0x33,0x33,0x33,0x33,0x33,0x33,
  0x33,0x33,0x33,0x33,0x33,0x33,0x33,0x33,0x33,0x33,0x33,0x33,0x33,0x33,0x33,0x33,0x33,0x33,0x33,0x33,
  0x33,0x33,0x33,0x33,0x33,0x33,0x33,0x33,0x33,0x33,0x33,0x33,0x33,0x33,0x33,0x33,0x33,0x33,0x33,0x33,
  0x33,0x33,0x33,0x33,0x33,0x33,0x33,0x33,0x33,0x33,0x33,0x33,0x33,0x33,0x30,0x6a,0xaa,0xaa,0xaa,0xa9,
  0x9a,0xee,0xee,0xff,0xfe,0xee,0xeb,0xaa,0xaa,0xaa,0x95,0xaa,0xaa,0xa5,0x13,0x33,0x33,0x33,0x33,0x33,
  0x33,0x33,0x33,0x33,0x33,0x33,0x33,0x33,0x33,0x33,0x33,0x33,0x33,0x33,0x33,0x33,0x33,0x33,0x33,0x33,
  0x33,0x33,0x33,0x33,0x33,0x33,0x33,0x33,0x33,0x33,0x33,0x33,0x33,0x33,0x33,0x33,0x33,0x33,0x33,0x33,
  0x33,0x33,0x33,0x33,0x33,0x33,0x33,0x33,0x33,0x33,0x33,0x33,0x33,0x33,0x33,0x33,0x33,0x33,0x33,0x33,
  0x33,0x33,0x33,0x33,0x33,0x33,0x33,0x33,0x33,0x33,0x45,0x9a,0xaa,0xaa,0xaa,0xaa,0xee,0xee,0xee,0xeb,
  0xaa,0xaa,0xaa,0xaa,0xaa,0xaa,0x99,0x9a,0xaa,0xa5,0x13,0x33,0x33,0x33,0x33,0x33,0x33,0x33,0x33,0x33,
  0x33,0x33,0x33,0x33,0x33,0x33,0x33,0x33,0x33,0x33,0x33,0x33,0x33,0x33,0x33,0x33,0x33,0x33,0x33,0x33,
  0x33,0x33,0x33,0x33,0x33,0x33,0x33,0x33,0x33,0x33,0x33,0x33,0x33,0x33,0x33,0x33,0x33,0x33,0x33,0x33,
  0x33,0x33,0x33,0x33,0x33,0x33,0x33,0x33,0x33,0x33,0x33,0x33,0x33,0x33,0x33,0x33,0x33,0x33,0x33,0x33,
  0x33,0x33,0x33,0x33,0x33,0x34,0x06,0x9a,0xaa,0xae,0xee,0xee,0xba,0xaa,0xaa,0xaa,0xaa,0xaa,0xaa,0xaa,
  0xaa,0xaa,0x99,0x9a,0xaa,0x95,0x33,0x13,0x33,0x33,0x33,0x33,0x33,0x33,0x33,0x33,0x33,0x33,0x33,0x33,
  0x33,0x33,0x33,0x33,0x33,0x33,0x33,0x33,0x33,0x33,0x33,0x33,0x33,0x33,0x33,0x33,0x33,0x33,0x33,0x33,
  0x33,0x33,0x33,0x33,0x33,0x33,0x33,0x33,0x33,0x33,0x33,0x33,0x33,0x33,0x33,0x33,0x33,0x33,0x33,0x33,
  0x33,0x33,0x33,0x33,0x33,0x33,0x33,0x33,0x33,0x33,0x33,0x33,0x33,0x33,0x33,0x33,0x33,0x33,0x33,0x33,
  0x33,0x36,0x09,0xaa,0xae,0xee,0xea,0xaa,0xaa,0xaa,0xaa,0xaa,0xaa,0xaa,0xaa,0xaa,0xaa,0xaa,0x99,0xaa,
  0xab,0x60,0x53,0x13,0x33,0x33,0x33,0x33,0x33,0x33,0x33,0x33,0x33,0x33,0x33,0x33,0x33,0x33,0x33,0x33,
  0x33,0x33,0x33,0x33,0x33,0x33,0x33,0x33,0x33,0x33,0x33,0x33,0x33,0x33,0x33,0x33,0x33,0x33,0x33,0x33,
  0x33,0x33,0x33,0x33,0x33,0x33,0x33,0x33,0x33,0x33,0x33,0x33,0x33,0x33,0x33,0x33,0x33,0x33,0x33,0x33,
  0x33,0x33,0x33,0x33,0x33,0x33,0x33,0x33,0x33,0x33,0x33,0x33,0x33,0x33,0x33,0x33,0x33,0x36,0x09,0xaa,
  0xee,0xaa,0xaa,0x99,0xaa,0xaa,0xaa,0xab,0xbb,0xbb,0xbb,0xab,0xba,0xaa,0xa9,0xaa,0xbb,0xd6,0x01,0x13,
  0x33,0x33,0x33,0x33,0x33,0x33,0x33,0x33,0x33,0x33,0x33,0x33,0x33,0x33,0x33,0x33,0x33,0x33,0x33,0x33,
  0x33,0x33,0x33,0x33,0x33,0x33,0x33,0x33,0x33,0x33,0x33,0x33,0x33,0x33,0x33,0x33,0x33,0x33,0x33,0x33,
  0x33,0x33,0x33,0x33,0x33,0x33,0x33,0x33,0x33,0x33,0x33,0x33,0x33,0x33,0x33,0x33,0x33,0x33,0x33,0x33,
  0x33,0x33,0x33,0x33,0x33,0x33,0x33,0x33,0x33,0x33,0x33,0x33,0x33,0x36,0x09,0xaa,0xaa,0xaa,0xaa,0x9a,
  0xaa,0xaa,0xab,0xbb,0xbb,0xbb,0xbb,0xbb,0xbb,0xba,0xaa,0xbb,0xed,0xdd,0x60,0x33,0x33,0x33,0x33,0x33,
  0x33,0x33,0x33,0x33,0x33,0x33,0x33,0x33,0x33,0x33,0x33,0x33,0x33,0x33,0x33,0x33,0x33,0x33,0x33,0x33,
  0x33,0x33,0x33,0x33,0x33,0x33,0x33,0x33,0x33,0x33,0x33,0x33,0x33,0x33,0x33,0x33,0x33,0x33,0x33,0x33,
  0x33,0x33,0x33,0x33,0x33,0x33,0x33,0x33,0x33,0x33,0x33,0x33,0x33,0x33,0x33,0x33,0x33,0x33,0x33,0x33,
  0x33,0x33,0x33,0x33,0x33,0x33,0x33,0x33,0x33,0x35,0x06,0xaa,0xaa,0xaa,0xa9,0xaa,0xaa,0xab,0xbb,0xbb,
  0xbb,0xbb,0xbb,0xbb,0xbb,0xbb,0xbe,0xed,0xdd,0xdd,0xd6,0x03,0x33,0x33,0x33,0x33,0x33,0x33,0x33,0x33,
  0x33,0x33,0x33,0x33,0x33,0x33,0x33,0x33,0x33,0x33,0x33,0x33,0x33,0x33,0x33,0x33,0x33,0x33,0x33,0x33,
  0x33,0x33,0x33,0x33,0x33,0x33,0x33,0x33,0x33,0x33,0x33,0x33,0x33,0x33,0x33,0x33,0x33,0x33,0x33,0x33,
  0x33,0x33,0x33,0x33,0x33,0x33,0x33,0x33,0x33,0x33,0x33,0x33,0x33,0x33,0x33,0x33,0x33,0x33,0x33,0x33,
  0x33,0x33,0x33,0x33,0x33,0x33,0x05,0xaa,0xaa,0xaa,0xaa,0xaa,0xab,0xbb,0xbb,0xbb,0xbb,0xee,0xee,0xee,
  0xee,0xed,0xdd,0x6d,0xdd,0xdd,0xd6,0x06,0x33,0x33,0x33,0x33,0x33,0x33,0x33,0x33,0x33,0x33,0x33,0x33,
  0x33,0x33,0x33,0x33,0x33,0x33,0x33,0x33,0x33,0x33,0x33,0x33,0x33,0x33,0x33,0x33,0x33,0x33,0x33,0x33,
  0x33,0x33,0x33,0x33,0x33,0x33,0x33,0x33,0x33,0x33,0x33,0x33,0x33,0x33,0x33,0x33,0x33,0x33,0x33,0x33,
  0x33,0x33,0x33,0x33,0x33,0x33,0x33,0x33,0x33,0x33,0x33,0x33,0x33,0x33,0x33,0x33,0x33,0x33,0x33,0x33,
  0x33,0x64,0x5a,0xaa,0xaa,0xaa,0xaa,0xaa,0xbb,0xbb,0xbb,0xee,0xee,0xee,0xee,0xed,0xdd,0xdd,0xd6,0x96,
  0xdd,0xdd,0xd6,0x06,0x33,0x33,0x33,0x33,0x33,0x33,0x33,0x33,0x33,0x33,0x33,0x33,0x33,0x33,0x33,0x33,
  0x33,0x33,0x33,0x33,0x33,0x33,0x33,0x33,0x33,0x33,0x33,0x33,0x33,0x33,0x33,0x33,0x33,0x33,0x33,0x33,
  0x33,0x33,0x33,0x33,0x33,0x33,0x33,0x33,0x33,0x33,0x33,0x33,0x33,0x33,0x33,0x33,0x33,0x33,0x33,0x33,
  0x33,0x33,0x33,0x33,0x33,0x33,0x33,0x33,0x33,0x33,0x33,0x33,0x33,0x33,0x33,0x33,0x33,0x60,0x9a,0xaa,
  0xaa,0xaa,0xaa,0xab,0xbe,0xee,0xee,0xee,0xdd,0xdd,0xdd,0xdd,0xdd,0xdd,0xd9,0x69,0xdd,0xdd,0xd6,0x03,
  0x33,0x33,0x33,0x33,0x33,0x33,0x33,0x33,0x33,0x33,0x33,0x33,0x33,0x33,0x33,0x33,0x33,0x33,0x33,0x33,
  0x33,0x33,0x33,0x33,0x33,0x33,0x33,0x33,0x33,0x33,0x33,0x33,0x33,0x33,0x33,0x33,0x33,0x33,0x33,0x33,
  0x33,0x33,0x33,0x33,0x33,0x33,0x33,0x33,0x33,0x33,0x33,0x33,0x33,0x33,0x33,0x33,0x33,0x33,0x33,0x33,
  0x33,0x33,0x33,0x33,0x33,0x33,0x33,0x33,0x33,0x33,0x33,0x33,0x35,0x46,0xaa,0xaa,0xaa,0xaa,0xbe,0xee,
  0xee,0xed,0xdd,0xdd,0xdd,0xdd,0xdd,0xdd,0xdd,0xdd,0xd9,0xdd,0xdd,0xdd,0x90,0x43,0x33,0x33,0x33,0x33,
  0x33,0x33,0x33,0x33,0x33,0x33,0x33,0x33,0x33,0x33,0x33,0x33,0x33,0x33,0x33,0x33,0x33,0x33,0x33,0x33,
  0x33,0x33,0x33,0x33,0x33,0x33,0x33,0x33,0x33,0x33,0x33,0x33,0x33,0x33,0x33,0x33,0x33,0x33,0x33,0x33,
  0x33,0x33,0x33,0x33,0x33,0x33,0x33,0x33,0x33,0x33,0x33,0x33,0x33,0x33,0x33,0x33,0x33,0x33,0x33,0x33,
  0x33,0x33,0x33,0x33,0x33,0x33,0x33,0x33,0x56,0x09,0xaa,0xaa,0xab,0xbe,0xee,0xdd,0xdd,0xdd,0xdd,0xdd,
  0xdd,0xdd,0xdd,0xdd,0xdd,0xdd,0xdd,0xdd,0xdd,0xdd,0x60,0x43,0x33,0x33,0x33,0x33,0x33,0x33,0x33,0x33,
  0x33,0x33,0x33,0x33,0x33,0x33,0x33,0x33,0x33,0x33,0x33,0x33,0x33,0x33,0x33,0x33,0x33,0x33,0x33,0x33,
  0x33,0x33,0x33,0x33,0x33,0x33,0x33,0x33,0x33,0x33,0x33,0x33,0x33,0x33,0x33,0x33,0x33,0x33,0x33,0x33,
  0x33,0x33,0x33,0x33,0x33,0x33,0x33,0x33,0x33,0x33,0x33,0x33,0x33,0x33,0x33,0x33,0x33,0x33,0x33,0x33,
  0x33,0x33,0x33,0x33,0x44,0x0a,0xaa,0xab,0xbe,0xed,0xdd,0x6d,0xdd,0xdd,0xdd,0xdd,0xdd,0xdd,0xdd,0xdd,
  0xdd,0xdd,0xdd,0xdd,0xdd,0xdd,0xd6,0x03,0x33,0x33,0x33,0x33,0x33,0x33,0x33,0x33,0x33,0x33,0x33,0x33,
  0x33,0x33,0x33,0x33,0x33,0x33,0x33,0x33,0x33,0x33,0x33,0x33,0x33,0x33,0x33,0x33,0x33,0x33,0x33,0x33,
  0x33,0x33,0x33,0x33,0x33,0x33,0x33,0x33,0x33,0x33,0x33,0x33,0x33,0x33,0x33,0x33,0x33,0x33,0x33,0x33,
  0x33,0x33,0x33,0x33,0x33,0x33,0x33,0x33,0x33,0x33,0x33,0x33,0x33,0x33,0x33,0x33,0x33,0x33,0x33,0x33,
  0x54,0x5a,0xaa,0xbe,0xed,0xdd,0xd9,0x6d,0xdd,0xdd,0xdd,0xdd,0xdd,0xdd,0xdd,0xdd,0xdd,0xdd,0xdd,0xdd,
  0xdd,0xdd,0xdd,0x61,0x33,0x33,0x33,0x33,0x33,0x33,0x33,0x33,0x33,0x33,0x33,0x33,0x33,0x33,0x33,0x33,
  0x33,0x33,0x33,0x33,0x33,0x33,0x33,0x33,0x33,0x33,0x33,0x33,0x33,0x33,0x33,0x33,0x33,0x33,0x33,0x33,
  0x33,0x33,0x33,0x33,0x33,0x33,0x33,0x33,0x33,0x33,0x33,0x33,0x33,0x33,0x33,0x33,0x33,0x33,0x33,0x33,
  0x33,0x33,0x33,0x33,0x33,0x33,0x33,0x33,0x33,0x33,0x33,0x33,0x33,0x33,0x33,0x33,0x44,0x5b,0xbb,0xdd,
  0xdd,0xdd,0xd9,0xdd,0xdd,0xdd,0xdd,0xdd,0xdd,0xdd,0xdd,0xdd,0xdd,0xdd,0xdd,0xdd,0xdd,0xdd,0xdd,0x60,
  0x33,0x33,0x33,0x33,0x33,0x33,0x33,0x33,0x33,0x33,0x33,0x33,0x33,0x33,0x33,0x33,0x33,0x33,0x33,0x33,
  0x33,0x33,0x33,0x33,0x33,0x33,0x33,0x33,0x33,0x33,0x33,0x33,0x33,0x33,0x33,0x33,0x33,0x33,0x33,0x33,
  0x33,0x33,0x33,0x33,0x33,0x33,0x33,0x33,0x33,0x33,0x33,0x33,0x33,0x33,0x33,0x33,0x33,0x33,0x33,0x33,
  0x33,0x33,0x33,0x33,0x33,0x33,0x33,0x33,0x33,0x33,0x33,0x33,0x24,0x09,0xbd,0xdd,0xdd,0xdd,0xdd,0xdd,
  0xdd,0xdd,0xdd,0xdd,0xdd,0xef,0xfd,0xdd,0xdd,0xdd,0x66,0x69,0xdd,0xdd,0xdd,0x60,0x33,0x33,0x33,0x33,
  0x33,0x33,0x33,0x33,0x33,0x33,0x33,0x33,0x33,0x33,0x33,0x33,0x33,0x33,0x33,0x33,0x33,0x33,0x33,0x33,
  0x33,0x33,0x33,0x33,0x33,0x33,0x33,0x33,0x33,0x33,0x33,0x33,0x33,0x33,0x33,0x33,0x33,0x33,0x33,0x33,
  0x33,0x33,0x33,0x33,0x33,0x33,0x33,0x33,0x33,0x33,0x33,0x33,0x33,0x33,0x33,0x33,0x33,0x33,0x33,0x33,
  0x33,0x33,0x33,0x33,0x33,0x33,0x33,0x33,0x16,0x06,0xdd,0xdd,0xdd,0xdd,0xdd,0xdd,0xdd,0xdd,0xee,0xff,
  0xdd,0xdd,0xdd,0xdd,0xdd,0xdd,0xd6,0x66,0xdd,0xdd,0xdd,0x60,0x43,0x33,0x33,0x33,0x33,0x33,0x33,0x33,
  0x33,0x33,0x33,0x33,0x33,0x33,0x33,0x33,0x33,0x33,0x33,0x33,0x33,0x33,0x33,0x33,0x33,0x33,0x33,0x33,
  0x33,0x33,0x33,0x33,0x33,0x33,0x33,0x33,0x33,0x33,0x33,0x33,0x33,0x33,0x33,0x33,0x33,0x33,0x33,0x33,
  0x33,0x33,0x33,0x33,0x33,0x33,0x33,0x33,0x33,0x33,0x33,0x33,0x33,0x33,0x33,0x33,0x33,0x33,0x33,0x33,
  0x33,0x33,0x33,0x33,0x31,0x6d,0xdd,0xdd,0xdd,0xdd,0xdd,0xdd,0xdd,0xef,0xcd,0xdd,0xdd,0xdd,0xdd,0xdd,
  0xdd,0xdd,0xd6,0x69,0xdd,0xdd,0xdc,0x86,0x43,0x33,0x33,0x33,0x33,0x33,0x33,0x33,0x33,0x33,0x33,0x33,
  0x33,0x33,0x33,0x33,0x33,0x33,0x33,0x33,0x33,0x33,0x33,0x33,0x33,0x33,0x33,0x33,0x33,0x33,0x33,0x33,
  0x33,0x33,0x33,0x33,0x33,0x33,0x33,0x33,0x33,0x33,0x33,0x33,0x33,0x33,0x33,0x33,0x33,0x33,0x33,0x33,
  0x33,0x33,0x33,0x33,0x33,0x33,0x33,0x33,0x33,0x33,0x33,0x33,0x33,0x33,0x33,0x33,0x33,0x33,0x33,0x33,
  0x60,0x6d,0xdd,0xdd,0xdd,0xdd,0xdd,0xdd,0xdd,0xdd,0xdd,0xdd,0xdd,0xdd,0xdd,0xdd,0xdd,0xdd,0xd9,0x6d,
  0xdd,0xdc,0xc8,0x88,0x45,0x33,0x33,0x33,0x33,0x33,0x33,0x33,0x33,0x33,0x33,0x33,0x33,0x33,0x33,0x33,
  0x33,0x33,0x33,0x33,0x33,0x33,0x33,0x33,0x33,0x33,0x33,0x33,0x33,0x33,0x33,0x33,0x33,0x33,0x33,0x33,
  0x33,0x33,0x33,0x33,0x33,0x33,0x33,0x33,0x33,0x33,0x33,0x33,0x33,0x33,0x33,0x33,0x33,0x33,0x33,0x33,
  0x33,0x33,0x33,0x33,0x33,0x33,0x33,0x33,0x33,0x33,0x33,0x33,0x33,0x33,0x32,0x33,0x20,0xdd,0xdd,0xdd,
  0xdd,0xdd,0xdd,0xdd,0xdd,0xdd,0xdd,0xdd,0xdd,0xdd,0xdd,0xdd,0xdd,0xdd,0xdd,0xdd,0xdc,0xc8,0x88,0x88,
  0x41,0x33,0x33,0x33,0x33,0x33,0x33,0x33,0x33,0x33,0x33,0x33,0x33,0x33,0x33,0x33,0x33,0x33,0x33,0x33,
  0x33,0x33,0x33,0x33,0x33,0x33,0x33,0x33,0x33,0x33,0x33,0x33,0x33,0x33,0x33,0x33,0x33,0x33,0x33,0x33,
  0x33,0x33,0x33,0x33,0x33,0x33,0x33,0x33,0x33,0x33,0x33,0x33,0x33,0x33,0x33,0x33,0x33,0x33,0x33,0x33,
  0x33,0x33,0x33,0x33,0x33,0x33,0x33,0x33,0x33,0x33,0x21,0x15,0x50,0xdd,0xdd,0xdd,0xdd,0xdd,0xdd,0xdd,
  0xdd,0xdd,0xdd,0xdd,0xdd,0xdd,0xdd,0xdd,0xdd,0xdd,0xdd,0xdc,0xc8,0x88,0x88,0x88,0x60,0x33,0x33,0x33,
  0x33,0x33,0x33,0x33,0x33,0x33,0x33,0x33,0x33,0x33,0x33,0x33,0x33,0x33,0x33,0x33,0x33,0x33,0x33,0x33,
  0x33,0x33,0x33,0x33,0x33,0x33,0x33,0x33,0x33,0x33,0x33,0x33,0x33,0x33,0x33,0x33,0x33,0x33,0x33,0x33,
  0x33,0x33,0x33,0x33,0x33,0x33,0x33,0x33,0x33,0x33,0x33,0x33,0x33,0x33,0x33,0x33,0x33,0x33,0x33,0x33,
  0x33,0x33,0x33,0x33,0x33,0x33,0x31,0x36,0x06,0xdd,0xdd,0xdd,0xdd,0xdd,0xdd,0x6d,0xdd,0xdd,0xdd,0xdd,
  0xdd,0xdd,0xdd,0xdd,0xdd,0xcc,0xc8,0x88,0x88,0x88,0x88,0x88,0x40,0x33,0x33,0x33,0x33,0x33,0x33,0x33,
  0x33,0x33,0x33,0x33,0x33,0x33,0x33,0x33,0x33,0x33,0x33,0x33,0x33,0x33,0x33,0x33,0x33,0x33,0x33,0x33,
  0x33,0x33,0x33,0x33,0x33,0x33,0x33,0x33,0x33,0x33,0x33,0x33,0x33,0x33,0x33,0x33,0x33,0x33,0x33,0x33,
  0x33,0x33,0x33,0x33,0x33,0x33,0x33,0x33,0x33,0x33,0x33,0x33,0x33,0x33,0x33,0x33,0x33,0x33,0x33,0x33,
  0x33,0x33,0x34,0x32,0x6d,0xdd,0xdd,0xdd,0xdd,0xdd,0xdd,0xdd,0xdd,0xdd,0xdd,0xdd,0xdd,0xdd,0xdd,0xcc,
  0xcc,0x88,0x88,0x76,0x78,0x88,0x88,0x88,0x74,0x23,0x33,0x33,0x33,0x33,0x33,0x33,0x33,0x33,0x33,0x33,
  0x33,0x33,0x33,0x33,0x33,0x33,0x33,0x33,0x33,0x33,0x33,0x33,0x33,0x33,0x33,0x33,0x33,0x33,0x33,0x33,
  0x33,0x33,0x33,0x33,0x33,0x33,0x33,0x33,0x33,0x33,0x33,0x33,0x33,0x33,0x33,0x33,0x33,0x33,0x33,0x33,
  0x33,0x33,0x33,0x33,0x33,0x33,0x33,0x33,0x33,0x33,0x33,0x33,0x33,0x33,0x33,0x33,0x33,0x33,0x34,0x06,
  0xdd,0xdd,0xdd,0xdd,0xdd,0xdd,0xdd,0xdd,0xdd,0xdd,0xdd,0xdc,0xdc,0xcc,0xcc,0xc8,0x88,0x88,0x88,0x76,
  0x78,0x88,0x88,0x88,0x87,0x41,0x43,0x33,0x33,0x33,0x36,0x11,0x60,0x33,0x33,0x33,0x33,0x33,0x33,0x33,
  0x33,0x33,0x33,0x33,0x33,0x33,0x33,0x33,0x33,0x33,0x33,0x33,0x33,0x33,0x33,0x33,0x33,0x33,0x33,0x33,
  0x33,0x33,0x33,0x33,0x33,0x33,0x33,0x33,0x33,0x33,0x33,0x33,0x33,0x33,0x33,0x33,0x33,0x33,0x33,0x33,
  0x33,0x33,0x33,0x33,0x33,0x33,0x33,0x33,0x33,0x33,0x33,0x33,0x33,0x33,0x31,0x6d,0xdd,0xdd,0xdd,0xdd,
  0xdd,0xdd,0xdd,0xdd,0xdd,0xdd,0xcc,0xcc,0xcc,0x88,0x88,0x88,0x88,0x88,0x88,0x76,0x78,0x88,0x88,0x88,
  0x88,0x74,0x31,0x33,0x33,0x31,0x35,0x18,0xd6,0x13,0x33,0x33,0x33,0x33,0x33,0x33,0x33,0x33,0x33,0x33,
  0x33,0x33,0x33,0x33,0x33,0x33,0x33,0x33,0x33,0x33,0x33,0x33,0x33,0x33,0x33,0x33,0x33,0x33,0x33,0x33,
  0x33,0x33,0x33,0x33,0x33,0x33,0x33,0x33,0x33,0x33,0x33,0x33,0x33,0x33,0x33,0x33,0x33,0x33,0x33,0x33,
  0x33,0x33,0x33,0x33,0x33,0x33,0x33,0x33,0x33,0x33,0x60,0x6d,0xdd,0xdd,0xdd,0xd6,0x66,0xdd,0xdd,0xdd,
  0xdd,0xdd,0xdc,0xc8,0x88,0x88,0x88,0x88,0x88,0x88,0x88,0x87,0x78,0x88,0x88,0x87,0x77,0x74,0x23,0x33,
  0x33,0x31,0x30,0x6d,0xdd,0x61,0x33,0x33,0x33,0x33,0x33,0x33,0x33,0x33,0x33,0x33,0x33,0x33,0x33,0x33,
  0x33,0x33,0x33,0x33,0x33,0x33,0x33,0x33,0x33,0x33,0x33,0x33,0x33,0x33,0x33,0x33,0x33,0x33,0x33,0x33,
  0x33,0x33,0x33,0x33,0x33,0x33,0x33,0x33,0x33,0x33,0x33,0x33,0x33,0x33,0x33,0x33,0x33,0x33,0x33,0x33,
  0x33,0x33,0x33,0x33,0x33,0x33,0x60,0x6d,0xdd,0xdd,0xdd,0xd6,0x9d,0xdd,0xdd,0xdd,0xdd,0xdd,0xcc,0x88,
  0x88,0x88,0x88,0x88,0x88,0x88,0x88,0x87,0x88,0x88,0x88,0x77,0x77,0x77,0x25,0x31,0x43,0x31,0x30,0x6d,
  0xdd,0x63,0x33,0x33,0x33,0x33,0x33,0x33,0x33,0x33,0x33,0x33,0x33,0x33,0x33,0x33,0x33,0x33,0x33,0x33,
  0x33,0x33,0x33,0x33,0x33,0x33,0x33,0x33,0x33,0x33,0x33,0x33,0x33,0x33,0x33,0x33,0x33,0x33,0x33,0x33,
  0x33,0x33,0x33,0x33,0x33,0x33,0x33,0x33,0x33,0x33,0x33,0x33,0x33,0x33,0x33,0x33,0x33,0x33,0x33,0x33,
  0x33,0x33,0x60,0x6d,0xdd,0xdd,0xdd,0xd9,0xdd,0xdd,0xdd,0xdd,0xdc,0xc8,0x88,0x88,0x88,0x88,0x88,0x88,
  0x88,0x88,0x88,0x88,0x88,0x88,0x77,0x78,0x77,0x77,0x06,0x51,0x13,0x33,0x33,0x06,0x66,0x03,0x33,0x33,
  0x33,0x33,0x33,0x33,0x33,0x33,0x33,0x33,0x33,0x33,0x33,0x33,0x33,0x33,0x33,0x33,0x33,0x33,0x33,0x33,
  0x33,0x33,0x33,0x33,0x33,0x33,0x33,0x33,0x33,0x33,0x33,0x33,0x33,0x33,0x33,0x33,0x33,0x33,0x33,0x33,
  0x33,0x33,0x33,0x33,0x33,0x33,0x33,0x33,0x33,0x33,0x33,0x33,0x33,0x33,0x33,0x33,0x33,0x33,0x34,0x7c,
  0xdd,0xdd,0xdd,0xdd,0xdd,0xdd,0xdd,0xdc,0x88,0x88,0x88,0x88,0xcc,0xcc,0xcc,0xc8,0xc8,0x8c,0x88,0x88,
  0x87,0x77,0x77,0x77,0x87,0x79,0x90,0x13,0x11,0x11,0x11,0x30,0x01,0x33,0x33,0x33,0x33,0x33,0x33,0x33,
  0x33,0x33,0x33,0x33,0x33,0x33,0x33,0x33,0x33,0x33,0x33,0x33,0x33,0x33,0x33,0x33,0x33,0x33,0x33,0x33,
  0x33,0x33,0x33,0x33,0x33,0x33,0x33,0x33,0x33,0x33,0x33,0x33,0x33,0x33,0x33,0x33,0x33,0x33,0x33,0x33,
  0x33,0x33,0x33,0x33,0x33,0x33,0x33,0x33,0x33,0x33,0x33,0x33,0x33,0x33,0x17,0x78,0xcc,0xcd,0xdd,0xdd,
  0xdd,0xcc,0xc8,0x88,0x88,0x88,0x88,0x8c,0xcc,0xcc,0xc8,0x8c,0xcc,0xc8,0x88,0x88,0x77,0x74,0x47,0x77,
  0x88,0x79,0xa9,0x41,0x41,0x11,0x11,0x32,0x63,0x33,0x33,0x33,0x33,0x33,0x33,0x33,0x33,0x33,0x33,0x33,
  0x33,0x33,0x33,0x33,0x33,0x33,0x33,0x33,0x33,0x33,0x33,0x33,0x33,0x33,0x33,0x33,0x33,0x33,0x33,0x33,
  0x33,0x33,0x33,0x33,0x33,0x33,0x33,0x33,0x33,0x33,0x33,0x33,0x33,0x33,0x33,0x33,0x33,0x33,0x33,0x33,
  0x33,0x33,0x33,0x33,0x33,0x33,0x33,0x33,0x33,0x42,0x47,0x88,0x88,0x8c,0xcc,0xcc,0x88,0x87,0x77,0x88,
  0x88,0x88,0xcc,0xcc,0xc8,0x8c,0xcc,0xcc,0x88,0x88,0x77,0x87,0x77,0x77,0x77,0x77,0x87,0x89,0x99,0x94,
  0x53,0x11,0x13,0x32,0x23,0x33,0x33,0x33,0x33,0x33,0x33,0x33,0x33,0x33,0x33,0x33,0x33,0x33,0x33,0x33,
  0x33,0x33,0x33,0x33,0x33,0x33,0x33,0x33,0x33,0x33,0x33,0x33,0x33,0x33,0x33,0x33,0x33,0x33,0x33,0x33,
  0x33,0x33,0x33,0x33,0x33,0x33,0x33,0x33,0x33,0x33,0x33,0x33,0x33,0x33,0x33,0x33,0x33,0x33,0x33,0x33,
  0x33,0x33,0x33,0x33,0x33,0x24,0x77,0x88,0x88,0x88,0x88,0x88,0x88,0x88,0x88,0x88,0x88,0xc8,0xcc,0xcc,
  0xcc,0xcc,0xc8,0x88,0x87,0x78,0x87,0x88,0x87,0x77,0x77,0x78,0x88,0xc9,0x99,0x96,0x13,0x11,0x13,0x33,
  0x33,0x33,0x33,0x33,0x33,0x33,0x33,0x33,0x33,0x33,0x33,0x33,0x33,0x33,0x33,0x33,0x33,0x33,0x33,0x33,
  0x33,0x33,0x33,0x33,0x33,0x33,0x33,0x33,0x33,0x33,0x33,0x33,0x33,0x33,0x33,0x33,0x33,0x33,0x33,0x33,
  0x33,0x33,0x33,0x33,0x33,0x33,0x33,0x33,0x33,0x33,0x33,0x33,0x33,0x33,0x33,0x33,0x33,0x33,0x33,0x33,
  0x34,0x14,0x77,0x88,0x88,0x88,0x88,0x88,0x88,0x88,0x88,0xcc,0xcc,0xcc,0xcc,0xc8,0x88,0x88,0x88,0x88,
  0x88,0x88,0x88,0x88,0x87,0x77,0x77,0x78,0x8c,0x99,0x99,0x99,0x06,0x11,0x13,0x33,0x33,0x33,0x33,0x33,
  0x33,0x33,0x33,0x33,0x33,0x33,0x33,0x33,0x33,0x33,0x33,0x33,0x33,0x33,0x33,0x33,0x33,0x33,0x33,0x33,
  0x33,0x33,0x33,0x33,0x33,0x33,0x33,0x33,0x33,0x33,0x33,0x33,0x33,0x33,0x33,0x33,0x33,0x33,0x33,0x33,
  0x33,0x33,0x33,0x33,0x33,0x33,0x33,0x33,0x33,0x33,0x33,0x33,0x33,0x33,0x33,0x12,0x50,0x04,0x78,0x88,
  0x88,0x77,0x77,0x88,0x88,0x88,0x88,0x88,0x88,0x88,0x88,0x88,0x88,0x78,0x88,0x88,0x88,0x88,0x88,0x88,
  0x88,0x77,0x77,0x88,0xba,0x99,0x99,0x99,0x03,0x11,0x33,0x33,0x33,0x33,0x33,0x33,0x33,0x33,0x33,0x33,
  0x33,0x33,0x33,0x33,0x33,0x33,0x33,0x33,0x33,0x33,0x33,0x33,0x33,0x33,0x33,0x33,0x33,0x33,0x33,0x33,
  0x33,0x33,0x33,0x33,0x33,0x33,0x33,0x33,0x33,0x33,0x33,0x33,0x33,0x33,0x33,0x33,0x33,0x33,0x33,0x33,
  0x33,0x33,0x33,0x33,0x33,0x33,0x33,0x33,0x33,0x33,0x33,0x30,0x59,0x96,0x78,0x88,0x88,0x87,0x77,0x77,
  0x77,0x77,0x77,0x77,0x77,0x77,0x88,0x88,0x88,0x88,0x88,0x88,0x88,0x88,0x88,0x88,0x88,0x77,0x88,0x9a,
  0x99,0x99,0x99,0x99,0x53,0x31,0x33,0x33,0x33,0x33,0x33,0x33,0x33,0x33,0x33,0x33,0x33,0x33,0x33,0x33,
  0x33,0x33,0x33,0x33,0x33,0x33,0x33,0x33,0x33,0x33,0x33,0x33,0x33,0x33,0x33,0x33,0x33,0x33,0x33,0x33,
  0x33,0x33,0x33,0x33,0x33,0x33,0x33,0x33,0x33,0x33,0x33,0x33,0x33,0x33,0x33,0x33,0x33,0x33,0x33,0x33,
  0x33,0x33,0x33,0x33,0x33,0x33,0x33,0x60,0x9a,0xaa,0x97,0x88,0x88,0x87,0x77,0x77,0x77,0x77,0x77,0x78,
  0x88,0x88,0x88,0x88,0x88,0x88,0x88,0x88,0x88,0x88,0x88,0x88,0x88,0x89,0x99,0x99,0x99,0x99,0x99,0x99,
  0x60,0x33,0x33,0x33,0x33,0x33,0x33,0x33,0x33,0x33,0x33,0x33,0x33,0x33,0x33,0x33,0x33,0x33,0x33,0x33,
  0x33,0x33,0x33,0x33,0x33,0x33,0x33,0x33,0x33,0x33,0x33,0x33,0x33,0x33,0x33,0x33,0x33,0x33,0x33,0x33,
  0x33,0x33,0x33,0x33,0x33,0x33,0x33,0x33,0x33,0x33,0x33,0x33,0x33,0x33,0x33,0x33,0x33,0x33,0x33,0x33,
  0x33,0x33,0x33,0x60,0x6a,0xaa,0xb8,0x88,0x88,0x88,0x77,0x77,0x77,0x77,0x88,0x88,0x88,0x88,0x88,0x88,
  0x88,0x88,0x88,0x88,0x88,0x88,0x88,0xcc,0xc9,0x99,0x99,0x69,0x99,0x99,0x99,0x9a,0xb6,0x55,0x33,0x33,
  0x33,0x33,0x33,0x33,0x33,0x33,0x33,0x33,0x33,0x33,0x33,0x33,0x33,0x33,0x33,0x33,0x33,0x33,0x33,0x33,
  0x33,0x33,0x33,0x33,0x33,0x33,0x33,0x33,0x33,0x33,0x33,0x33,0x33,0x33,0x33,0x33,0x33,0x33,0x33,0x33,
  0x33,0x33,0x33,0x33,0x33,0x33,0x33,0x33,0x33,0x33,0x33,0x33,0x33,0x33,0x33,0x33,0x33,0x33,0x33,0x36,
  0x09,0xaa,0xab,0x98,0x88,0x88,0x88,0x77,0x77,0x78,0x88,0x88,0x88,0x88,0x88,0x88,0x88,0x88,0x88,0x8c,
  0xcc,0xcc,0xeb,0xba,0x99,0x9a,0x99,0x99,0x99,0x99,0x99,0xaa,0xb9,0x04,0x33,0x33,0x33,0x33,0x33,0x33,
  0x33,0x33,0x33,0x33,0x33,0x33,0x33,0x33,0x33,0x33,0x33,0x33,0x33,0x33,0x33,0x33,0x33,0x33,0x33,0x33,
  0x33,0x33,0x33,0x33,0x33,0x33,0x33,0x33,0x33,0x33,0x33,0x33,0x33,0x33,0x33,0x33,0x33,0x33,0x33,0x33,
  0x33,0x33,0x33,0x33,0x33,0x33,0x33,0x33,0x33,0x33,0x33,0x33,0x33,0x36,0x63,0x00,0x5a,0xaa,0xaa,0xab,
  0x98,0x88,0x88,0x88,0x77,0x88,0x88,0x88,0x88,0x88,0x88,0x88,0xcc,0xcc,0xcc,0xce,0xee,0xaa,0xaa,0xaa,
  0xaa,0xaa,0x99,0x99,0x99,0x99,0x9a,0xaa,0xab,0x60,0x63,0x33,0x33,0x33,0x33,0x33,0x33,0x33,0x33,0x33,
  0x33,0x33,0x33,0x33,0x33,0x33,0x33,0x33,0x33,0x33,0x33,0x33,0x33,0x33,0x33,0x33,0x33,0x33,0x33,0x33,
  0x33,0x33,0x33,0x33,0x33,0x33,0x33,0x33,0x33,0x33,0x33,0x33,0x33,0x33,0x33,0x33,0x33,0x33,0x33,0x33,
  0x33,0x33,0x33,0x33,0x33,0x33,0x33,0x33,0x63,0x20,0x00,0x66,0x9a,0xaa,0xaa,0xaa,0xab,0xbb,0xcc,0x88,
  0x88,0x88,0x88,0x88,0xcc,0xcc,0xcc,0xcc,0xee,0xee,0xee,0xaa,0xaa,0xaa,0xaa,0xaa,0xaa,0xaa,0x99,0x99,
  0x99,0x9a,0xae,0xaa,0xaa,0x93,0x40,0x00,0x13,0x66,0x53,0x36,0x33,0x23,0x33,0x33,0x33,0x33,0x33,0x33,
  0x33,0x33,0x33,0x33,0x33,0x33,0x33,0x33,0x33,0x33,0x33,0x33,0x33,0x33,0x33,0x33,0x33,0x33,0x33,0x33,
  0x33,0x33,0x33,0x33,0x33,0x33,0x33,0x33,0x33,0x33,0x33,0x33,0x33,0x33,0x33,0x33,0x33,0x33,0x33,0x33,
  0x33,0x33,0x55,0x40,0x00,0x66,0x79,0x8c,0x9a,0xaa,0xaa,0xaa,0xaa,0xaa,0xaa,0xaa,0x9b,0xbb,0xbb,0xbb,
  0xee,0xee,0xba,0xaa,0xaa,0xaa,0xaa,0xaa,0xae,0xaa,0xaa,0xaa,0xaa,0xa9,0x99,0x99,0x99,0xae,0xbb,0xbb,
  0xaa,0xb9,0x97,0x66,0x44,0x00,0x01,0x40,0x02,0x25,0x43,0x33,0x33,0x33,0x33,0x33,0x33,0x33,0x33,0x33,
  0x33,0x33,0x33,0x33,0x33,0x33,0x33,0x33,0x33,0x33,0x33,0x33,0x33,0x33,0x33,0x33,0x33,0x33,0x33,0x33,
  0x33,0x33,0x33,0x33,0x33,0x33,0x33,0x33,0x33,0x33,0x33,0x33,0x33,0x33,0x33,0x33,0x36,0x30,0x00,0x66,
  0x69,0x8c,0xcc,0xc8,0x9a,0xaa,0xaa,0xaa,0xaa,0xaa,0xaa,0xaa,0x9a,0xaa,0xaa,0xaa,0xaa,0xaa,0xaa,0xaa,
  0xae,0xee,0xee,0xee,0xee,0xee,0xea,0xaa,0xea,0xaa,0x99,0x99,0xae,0xeb,0xbb,0xbb,0xbb,0xb9,0xcc,0xc9,
  0x99,0x97,0x66,0x66,0x64,0x01,0x42,0x33,0x33,0x33,0x33,0x33,0x33,0x33,0x33,0x33,0x33,0x33,0x33,0x33,
  0x33,0x33,0x33,0x33,0x33,0x33,0x33,0x33,0x33,0x33,0x33,0x33,0x33,0x33,0x33,0x33,0x33,0x33,0x33,0x33,
  0x33,0x33,0x33,0x33,0x33,0x33,0x33,0x33,0x33,0x33,0x31,0x00,0x01,0x36,0x69,0x9c,0xcc,0xcc,0xcc,0xcc,
  0x9b,0xaa,0xaa,0xaa,0xaa,0xaa,0xaa,0xa9,0x9a,0xaa,0xaa,0xae,0xae,0xee,0xee,0xee,0xee,0xee,0xee,0xee,
  0xee,0xee,0xee,0xee,0xee,0xae,0xeb,0xbe,0xee,0xdd,0xdb,0xdd,0xbb,0xb9,0xcc,0x9c,0xcc,0xc8,0x88,0xcc,
  0x77,0x76,0x42,0x33,0x33,0x33,0x33,0x33,0x33,0x33,0x33,0x33,0x33,0x33,0x33,0x33,0x33,0x33,0x33,0x33,
  0x33,0x33,0x33,0x33,0x33,0x33,0x33,0x33,0x33,0x33,0x33,0x33,0x33,0x33,0x33,0x33,0x33,0x33,0x33,0x33,
  0x33,0x33,0x33,0x33,0x33,0x32,0x44,0x69,0x99,0x98,0xcc,0xcc,0xcc,0xcc,0xcc,0xcc,0xcb,0xba,0xaa,0xaa,
  0xaa,0xaa,0xaa,0x99,0xaa,0xaa,0xaa,0xaa,0xaa,0xae,0xee,0xee,0xee,0xee,0xee,0xee,0xee,0xee,0xee,0xee,
  0xee,0xee,0xb9,0xb9,0xdd,0xdd,0xdd,0xdd,0xdb,0xb9,0x98,0xcc,0xcc,0xc8,0x88,0xc8,0x88,0x88,0x70,0x33,
  0x33,0x33,0x33,0x33,0x33,0x33,0x33,0x33,0x33,0x33,0x33,0x33,0x33,0x33,0x33,0x33,0x33,0x33,0x33,0x33,
  0x33,0x33,0x33,0x33,0x33,0x33,0x33,0x33,0x33,0x33,0x33,0x33,0x33,0x33,0x33,0x33,0x33,0x33,0x33,0x33,
  0x33,0x24,0x88,0x8c,0xcc,0xc8,0x88,0xcc,0xcc,0xcc,0xcc,0xcc,0x8b,0xba,0xaa,0xaa,0xaa,0xaa,0xaa,0x9a,
  0xaa,0xaa,0xaa,0xaa,0xaa,0xaa,0xab,0xbe,0xee,0xee,0xff,0xff,0xff,0xff,0xee,0xee,0xee,0xdd,0xd9,0x99,
  0xdd,0xdd,0xdd,0xdd,0xdb,0x98,0x99,0xc9,0xcc,0xcc,0xcc,0x88,0x88,0x88,0x70,0x43,0x33,0x33,0x33,0x33,
  0x33,0x33,0x33,0x33,0x33,0x33,0x33,0x33,0x33,0x33,0x33,0x33,0x33,0x33,0x33,0x33,0x33,0x33,0x33,0x33,
  0x33,0x33,0x33,0x33,0x33,0x33,0x33,0x33,0x33,0x33,0x33,0x33,0x33,0x33,0x33,0x33,0x36,0x07,0x88,0x88,
  0x88,0x88,0x8c,0xcc,0xcc,0xcc,0xcc,0xc8,0x9e,0xeb,0xaa,0xaa,0xaa,0xaa,0xaa,0x9a,0xaa,0xaa,0xaa,0xaa,
  0xaa,0xaa,0xab,0xbb,0xbb,0xbb,0xbb,0xbe,0xee,0xee,0xbd,0xdd,0xdd,0xdd,0xdd,0x99,0x9d,0xdd,0xdd,0xdd,
  0xbe,0xc7,0x99,0x99,0xcc,0xc8,0x88,0xcc,0x88,0x88,0x70,0x43,0x33,0x33,0x33,0x33,0x33,0x33,0x33,0x33,
  0x33,0x33,0x33,0x33,0x33,0x33,0x33,0x33,0x33,0x33,0x33,0x33,0x33,0x33,0x33,0x33,0x33,0x33,0x33,0x33,
  0x33,0x33,0x33,0x33,0x33,0x33,0x33,0x33,0x33,0x33,0x33,0x33,0x36,0x08,0xc8,0x88,0x88,0x8c,0xcc,0xcc,
  0xcc,0xcc,0xcc,0xc8,0x9c,0xef,0xeb,0xaa,0xaa,0xaa,0xaa,0xaa,0xaa,0xaa,0xbb,0xbb,0xbb,0xbb,0xbb,0xbb,
  0xbb,0xbb,0xbb,0xee,0xbe,0xdd,0xdd,0xdd,0xdd,0xdd,0xdd,0x69,0xdd,0xdd,0xdd,0xdd,0xee,0xc7,0x79,0x89,
  0xc8,0x79,0xcc,0xfc,0x8c,0x88,0x70,0x41,0x33,0x33,0x33,0x33,0x33,0x33,0x33,0x33,0x33,0x33,0x33,0x33,
  0x33,0x33,0x33,0x33,0x33,0x33,0x33,0x33,0x33,0x33,0x33,0x33,0x33,0x33,0x33,0x33,0x33,0x33,0x33,0x33,
  0x33,0x33,0x33,0x33,0x33,0x33,0x33,0x33,0x36,0x07,0x88,0xcc,0x8c,0xcf,0xcc,0x99,0x98,0x88,0xcc,0x89,
  0x9c,0xee,0xff,0xfe,0xeb,0xaa,0xaa,0xaa,0xaa,0xab,0xbb,0xbb,0xbb,0xbb,0xbb,0xbb,0xbe,0xeb,0xee,0xee,
  0xee,0xdd,0xdd,0xdd,0xdd,0xdd,0xdd,0xd9,0xdd,0xdd,0xdd,0xee,0xee,0x97,0x77,0x77,0x78,0xce,0xff,0xfc,
  0x8c,0xcc,0x70,0x31,0x33,0x33,0x33,0x33,0x33,0x33,0x33,0x33,0x33,0x33,0x33,0x33,0x33,0x33,0x33,0x33,
  0x33,0x33,0x33,0x33,0x33,0x33,0x33,0x33,0x33,0x33,0x33,0x33,0x33,0x33,0x33,0x33,0x33,0x33,0x33,0x33,
  0x33,0x33,0x33,0x33,0x36,0x07,0x88,0x9c,0x88,0xcf,0xff,0xff,0xcc,0xc9,0x77,0x77,0x9c,0xce,0xee,0xee,
  0xff,0xee,0xeb,0xbb,0xaa,0xbb,0xbb,0xbb,0xbb,0xbb,0xee,0xee,0xee,0xee,0xee,0xee,0xee,0xee,0xdd,0xdd,
  0xdd,0xdd,0xdd,0x9d,0xdd,0xde,0xef,0xee,0xbb,0x97,0x77,0x79,0xce,0xff,0xff,0xfc,0x8c,0xcc,0x70,0x61,
  0x33,0x33,0x33,0x33,0x33,0x33,0x33,0x33,0x33,0x33,0x33,0x33,0x33,0x33,0x33,0x33,0x33,0x33,0x33,0x33,
  0x33,0x33,0x33,0x33,0x33,0x33,0x33,0x33,0x33,0x33,0x33,0x33,0x33,0x33,0x33,0x33,0x33,0x33,0x33,0x33,
  0x36,0x07,0xcc,0xbc,0xc8,0xcf,0xff,0xff,0xff,0xff,0xcc,0x99,0x79,0x9b,0xbe,0xeb,0xee,0xef,0xef,0xee,
  0xee,0xeb,0xbb,0xbb,0xbb,0xed,0xee,0xed,0xde,0xdd,0xdd,0xdd,0xdd,0xdd,0xdd,0xdd,0xdd,0xdd,0xdd,0xdd,
  0xee,0xfe,0xee,0xbb,0xb9,0x77,0x79,0xcf,0xff,0xff,0xff,0xfc,0x88,0x88,0x70,0x43,0x33,0x33,0x33,0x33,
  0x33,0x33,0x33,0x33,0x33,0x33,0x33,0x33,0x33,0x33,0x33,0x33,0x33,0x33,0x33,0x33,0x33,0x33,0x33,0x33,
  0x33,0x33,0x33,0x33,0x33,0x33,0x33,0x33,0x33,0x33,0x33,0x33,0x33,0x33,0x33,0x33,0x36,0x07,0xcc,0x9c,
  0xc8,0xcf,0xff,0xff,0xff,0xff,0xff,0xff,0xec,0x99,0x99,0x9b,0xbe,0xbb,0xbb,0xbb,0xef,0xff,0xff,0xee,
  0xee,0xee,0xee,0xee,0xee,0xee,0xee,0xee,0xee,0xee,0xee,0xee,0xee,0xff,0xde,0xee,0xee,0xbb,0xbb,0xb9,
  0x97,0x9c,0xef,0xee,0xff,0xff,0xff,0xcc,0x88,0x88,0x60,0x33,0x33,0x33,0x33,0x33,0x33,0x33,0x33,0x33,
  0x33,0x33,0x33,0x33,0x33,0x33,0x33,0x33,0x33,0x33,0x33,0x33,0x33,0x33,0x33,0x33,0x33,0x33,0x33,0x33,
  0x33,0x33,0x33,0x33,0x33,0x33,0x33,0x33,0x33,0x33,0x33,0x33,0x36,0x07,0xc8,0xcc,0x88,0xcf,0xff,0xff,
  0xff,0xff,0xff,0xff,0xff,0xff,0xcc,0x99,0x99,0x9b,0xb9,0x99,0xbb,0xbe,0xee,0xff,0xff,0xff,0xff,0xff,
  0xff,0xff,0xff,0xff,0xff,0xff,0xff,0xff,0xff,0xfc,0xcc,0xdd,0xdd,0xbb,0xb9,0x99,0x9c,0xef,0xee,0xff,
  0xfe,0xee,0xfc,0xcc,0xc7,0x60,0x03,0x33,0x33,0x33,0x33,0x33,0x33,0x33,0x33,0x33,0x33,0x33,0x33,0x33,
  0x33,0x33,0x33,0x33,0x33,0x33,0x33,0x33,0x33,0x33,0x33,0x33,0x33,0x33,0x33,0x33,0x33,0x33,0x33,0x33,
  0x33,0x33,0x33,0x33,0x33,0x33,0x33,0x33,0x33,0x06,0x88,0x88,0x88,0xcc,0xcc,0xff,0xff,0xff,0xff,0xff,
  0xff,0xff,0xff,0xff,0xec,0xc9,0x99,0x99,0x9b,0xee,0xbe,0xec,0xcc,0xcc,0xcc,0xcf,0xff,0xff,0xcf,0xfc,
  0xcc,0xcc,0xcc,0xcc,0xcc,0xcc,0xc9,0x99,0x99,0x99,0x99,0xce,0xfe,0xef,0xff,0xfe,0xef,0x99,0xfc,0xcc,
  0x84,0x02,0x33,0x33,0x33,0x33,0x33,0x33,0x33,0x33,0x33,0x33,0x33,0x33,0x33,0x33,0x33,0x33,0x33,0x33,
  0x33,0x33,0x33,0x33,0x33,0x33,0x33,0x33,0x33,0x33,0x33,0x33,0x33,0x33,0x33,0x33,0x33,0x33,0x33,0x33,
  0x33,0x33,0x33,0x33,0x33,0x20,0x46,0x78,0xcc,0xcc,0xff,0xff,0xee,0xff,0xee,0xff,0xff,0xff,0xff,0xee,
  0xff,0xff,0xfc,0xc9,0x99,0x99,0xbe,0xcc,0xcc,0xcc,0xcc,0xcc,0xcc,0xcc,0xcc,0xcc,0xcc,0xcc,0xcc,0xcc,
  0xcc,0xcc,0xc9,0x99,0x99,0x99,0xcf,0xee,0xee,0xff,0xfe,0xef,0xff,0x69,0xfc,0xcc,0x74,0x64,0x33,0x33,
  0x33,0x33,0x33,0x33,0x33,0x33,0x33,0x33,0x33,0x33,0x33,0x33,0x33,0x33,0x33,0x33,0x33,0x33,0x33,0x33,
  0x33,0x33,0x33,0x33,0x33,0x33,0x33,0x33,0x33,0x33,0x33,0x33,0x33,0x33,0x33,0x33,0x33,0x33,0x33,0x33,
  0x33,0x23,0x20,0x48,0xcc,0xcf,0xef,0xfb,0xae,0xee,0xff,0xfe,0xee,0xff,0xff,0xff,0xff,0xff,0xef,0xff,
  0xec,0xc9,0x99,0x9c,0xcc,0xcc,0xcc,0xcc,0xcc,0xcc,0xcc,0xcc,0xcc,0xcc,0xcc,0xcc,0xcc,0xc9,0x99,0x77,
  0x9c,0xcf,0xee,0xef,0xff,0xee,0xff,0xff,0xff,0x69,0xfc,0xc8,0x70,0x14,0x33,0x33,0x33,0x33,0x33,0x33,
  0x33,0x33,0x33,0x33,0x33,0x33,0x33,0x33,0x33,0x33,0x33,0x33,0x33,0x33,0x33,0x33,0x33,0x33,0x33,0x33,
  0x33,0x33,0x33,0x33,0x33,0x33,0x33,0x33,0x33,0x33,0x33,0x33,0x33,0x33,0x33,0x33,0x33,0x34,0x36,0x48,
  0x8c,0xcf,0x66,0xba,0xaa,0xaa,0xef,0xff,0xff,0xff,0xee,0xff,0xff,0xff,0xff,0xef,0xff,0xff,0xfc,0xc9,
  0x99,0x9c,0xcc,0xcc,0xcc,0xcc,0xcc,0xcc,0x8c,0xcc,0xc8,0xcc,0xcc,0xc9,0x67,0x9c,0xef,0xee,0xff,0xff,
  0xee,0xef,0xff,0xee,0xff,0x9c,0xfc,0xc8,0x89,0x21,0x33,0x33,0x33,0x33,0x33,0x33,0x33,0x33,0x33,0x33,
  0x33,0x33,0x33,0x33,0x33,0x33,0x33,0x33,0x33,0x33,0x33,0x33,0x33,0x33,0x33,0x33,0x33,0x33,0x33,0x33,
  0x33,0x33,0x33,0x33,0x33,0x33,0x33,0x33,0x33,0x33,0x33,0x33,0x33,0x33,0x60,0x68,0x8c,0xcf,0xce,0xea,
  0xaa,0xaa,0xae,0xff,0xff,0xff,0xff,0xee,0xee,0xff,0xff,0xff,0xff,0xff,0xff,0xff,0xfc,0xc9,0x99,0x8c,
  0xcc,0xcc,0xc8,0x88,0x89,0xc9,0x78,0x88,0x88,0x77,0x9c,0xee,0xee,0xff,0xff,0xee,0xff,0xff,0xee,0xea,
  0xef,0xff,0xff,0xc8,0xcf,0x90,0x33,0x33,0x33,0x33,0x33,0x33,0x33,0x33,0x33,0x33,0x33,0x33,0x33,0x33,
  0x33,0x33,0x33,0x33,0x33,0x33,0x33,0x33,0x33,0x33,0x33,0x33,0x33,0x33,0x33,0x33,0x33,0x33,0x33,0x33,
  0x33,0x33,0x33,0x33,0x33,0x33,0x33,0x33,0x33,0x34,0x09,0xe8,0x8c,0xcf,0xff,0xfa,0xab,0xba,0xae,0xff,
  0xff,0xff,0xff,0xff,0xff,0xfe,0xee,0xff,0xff,0xff,0xff,0xff,0xef,0xff,0xfc,0xc9,0x98,0x88,0x88,0x88,
  0xc8,0xcc,0x88,0x88,0x88,0xcc,0xfe,0xef,0xff,0xfe,0xee,0xef,0xfe,0xee,0xba,0xaa,0xef,0xff,0xff,0xff,
  0xeb,0xe6,0x03,0x33,0x33,0x33,0x33,0x33,0x33,0x33,0x33,0x33,0x33,0x33,0x33,0x33,0x33,0x33,0x33,0x33,
  0x33,0x33,0x33,0x33,0x33,0x33,0x33,0x33,0x33,0x33,0x33,0x33,0x33,0x33,0x33,0x33,0x33,0x33,0x33,0x33,
  0x33,0x33,0x33,0x33,0x33,0x60,0x6e,0xfc,0xcc,0xff,0xff,0xfa,0xb9,0xba,0xae,0xef,0xff,0xff,0xff,0xff,
  0xff,0xff,0xff,0xee,0xef,0xff,0xff,0xff,0xff,0xff,0xff,0xff,0xfc,0xc8,0x88,0x88,0x8c,0xcc,0x88,0x88,
  0x8c,0xfe,0xef,0xff,0xfe,0xee,0xee,0xee,0xaa,0xaa,0xaa,0xaa,0xef,0xff,0xff,0xff,0xff,0xe6,0x03,0x33,
  0x33,0x33,0x33,0x33,0x33,0x33,0x33,0x33,0x33,0x33,0x33,0x33,0x33,0x33,0x33,0x33,0x33,0x33,0x33,0x33,
  0x33,0x33,0x33,0x33,0x33,0x33,0x33,0x33,0x33,0x33,0x33,0x33,0x33,0x33,0x33,0x33,0x33,0x33,0x33,0x33,
  0x33,0x60,0x9f,0xee,0xff,0xff,0xff,0xfa,0x9f,0xce,0xaa,0xef,0xff,0xff,0xff,0xff,0xff,0xff,0xff,0xff,
  0xff,0xff,0xff,0xff,0xff,0xff,0xff,0xff,0xff,0xc8,0xc8,0x88,0x88,0x88,0x88,0x88,0x8c,0xff,0xff,0xfe,
  0xee,0xef,0xee,0xee,0xba,0xaa,0xaa,0xaa,0xbf,0xff,0xff,0xff,0xff,0xe6,0x03,0x33,0x33,0x33,0x33,0x33,
  0x33,0x33,0x33,0x33,0x33,0x33,0x33,0x33,0x33,0x33,0x33,0x33,0x33,0x33,0x33,0x33,0x33,0x33,0x33,0x33,
  0x33,0x33,0x33,0x33,0x33,0x33,0x33,0x33,0x33,0x33,0x33,0x33,0x33,0x33,0x33,0x33,0x33,0x60,0x9f,0xff,
  0xff,0xff,0xff,0xea,0xbc,0x9e,0xaa,0xef,0xff,0xfe,0xef,0xff,0xff,0xff,0xef,0xff,0xff,0xff,0xff,0xfe,
  0xff,0xff,0xff,0xff,0xff,0xc8,0x8c,0xcc,0xcc,0xcc,0xc8,0x88,0x8c,0xff,0xfe,0xee,0xff,0xfe,0xee,0xee,
  0xaa,0xaa,0xaa,0xaa,0x56,0xff,0xff,0xff,0xff,0x90,0x35,0x53,0x33,0x33,0x33,0x33,0x33,0x33,0x33,0x33,
  0x33,0x33,0x33,0x33,0x33,0x33,0x33,0x33,0x33,0x33,0x33,0x33,0x33,0x33,0x33,0x33,0x33,0x33,0x33,0x33,
  0x33,0x33,0x33,0x33,0x33,0x33,0x33,0x33,0x33,0x33,0x33,0x33,0x33,0x60,0x6f,0xff,0xff,0xff,0xff,0xba,
  0xa9,0xba,0xaa,0xef,0xfe,0xef,0xff,0xee,0xef,0xff,0xff,0xff,0xff,0xff,0xff,0xff,0xff,0xff,0xff,0xff,
  0xff,0xc8,0xcc,0x8c,0x8c,0xcc,0xc8,0x88,0x8c,0xfe,0xef,0xff,0xff,0xfe,0xee,0xee,0xaa,0xaa,0xaa,0xaa,
  0x60,0x69,0xbe,0xeb,0x99,0x02,0x33,0x33,0x33,0x33,0x33,0x33,0x33,0x33,0x33,0x33,0x33,0x33,0x33,0x33,
  0x33,0x33,0x33,0x33,0x33,0x33,0x33,0x33,0x33,0x33,0x33,0x33,0x33,0x33,0x33,0x33,0x33,0x33,0x33,0x33,
  0x33,0x33,0x33,0x33,0x33,0x33,0x33,0x33,0x33,0x33,0x69,0xff,0xff,0xff,0xfe,0x6a,0xaa,0xaa,0xaa,0xee,
  0xef,0xfe,0xef,0xff,0xff,0xee,0xff,0xff,0xff,0xfe,0xff,0xff,0xff,0xff,0xff,0xff,0xff,0xc8,0xc9,0x9c,
  0xcc,0xcc,0xc8,0xcc,0x9c,0xff,0xff,0xff,0xff,0xee,0xee,0xee,0xaa,0xaa,0xaa,0xaa,0x53,0x00,0x00,0x00,
  0x00,0x42,0x23,0x11,0x33,0x33,0x33,0x33,0x33,0x33,0x33,0x33,0x33,0x33,0x33,0x33,0x33,0x33,0x33,0x33,
  0x33,0x33,0x33,0x33,0x33,0x33,0x33,0x33,0x33,0x33,0x33,0x33,0x33,0x33,0x33,0x33,0x33,0x33,0x33,0x33,
  0x33,0x33,0x33,0x33,0x33,0x33,0x10,0x69,0x9b,0xb9,0x60,0x09,0xaa,0xaa,0xaa,0xee,0xeb,0x96,0x66,0x9e,
  0xef,0xff,0xfe,0xee,0xff,0xff,0xff,0xfe,0xff,0xff,0xfe,0xee,0xff,0xf8,0x8e,0xec,0xc8,0xcc,0xcc,0xcc,
  0x9c,0xff,0xff,0xfe,0x99,0xee,0xee,0xee,0xaa,0xaa,0xaa,0x95,0x13,0x36,0x66,0x66,0x66,0x32,0x23,0x33,
  0x33,0x33,0x33,0x33,0x33,0x33,0x33,0x33,0x33,0x33,0x33,0x33,0x33,0x33,0x33,0x33,0x33,0x33,0x33,0x33,
  0x33,0x33,0x33,0x33,0x33,0x33,0x33,0x33,0x33,0x33,0x33,0x33,0x33,0x33,0x33,0x33,0x33,0x33,0x33,0x33,
  0x33,0x33,0x33,0x00,0x00,0x00,0x05,0x20,0x55,0x9a,0xaa,0xb9,0x60,0x01,0x00,0x06,0x69,0xbe,0xff,0xff,
  0xfe,0xef,0xff,0xff,0xff,0xff,0xea,0xab,0xee,0xe8,0x8c,0x9c,0xc8,0xcc,0xcc,0xcc,0x8c,0xfe,0xfe,0x60,
  0x00,0x69,0xbb,0xbb,0xba,0xb9,0x65,0x01,0x33,0x33,0x33,0x33,0x33,0x33,0x33,0x33,0x33,0x33,0x33,0x33,
  0x33,0x33,0x33,0x33,0x33,0x33,0x33,0x33,0x33,0x33,0x33,0x33,0x33,0x33,0x33,0x33,0x33,0x33,0x33,0x33,
  0x33,0x33,0x33,0x33,0x33,0x33,0x33,0x33,0x33,0x33,0x33,0x33,0x33,0x33,0x33,0x33,0x33,0x33,0x33,0x66,
  0x66,0x66,0x44,0x11,0x10,0x05,0x55,0x00,0x04,0x43,0x46,0x52,0x00,0x06,0x99,0xef,0xff,0xff,0xff,0xff,
  0xff,0xff,0xba,0xaa,0xaa,0xb8,0xc8,0x8c,0xcc,0xcc,0xc8,0xcc,0x8c,0xef,0xf9,0x06,0x66,0x00,0x00,0x55,
  0x55,0x00,0x00,0x43,0x33,0x33,0x33,0x33,0x33,0x33,0x33,0x33,0x33,0x33,0x33,0x33,0x33,0x33,0x33,0x33,
  0x33,0x33,0x33,0x33,0x33,0x33,0x33,0x33,0x33,0x33,0x33,0x33,0x33,0x33,0x33,0x33,0x33,0x33,0x33,0x33,
  0x33,0x33,0x33,0x33,0x33,0x33,0x33,0x33,0x33,0x33,0x33,0x33,0x33,0x33,0x33,0x33,0x23,0x33,0x43,0x11,
  0x36,0x51,0x00,0x36,0x23,0x33,0x43,0x23,0x26,0x30,0x00,0x66,0x9e,0xef,0xff,0xff,0xff,0xff,0xaa,0xaa,
  0xaa,0xbc,0x88,0x8c,0xcc,0xcc,0xc8,0x88,0xcf,0xfe,0x96,0x35,0x33,0x36,0x63,0x13,0x43,0x66,0x63,0x13,
  0x33,0x33,0x33,0x33,0x33,0x33,0x33,0x33,0x33,0x33,0x33,0x33,0x33,0x33,0x33,0x33,0x33,0x33,0x33,0x33,
  0x33,0x33,0x33,0x33,0x33,0x33,0x33,0x33,0x33,0x33,0x33,0x33,0x33,0x33,0x33,0x33,0x33,0x33,0x33,0x33,
  0x33,0x33,0x33,0x33,0x33,0x33,0x33,0x33,0x33,0x33,0x33,0x33,0x33,0x33,0x33,0x33,0x33,0x33,0x66,0x33,
  0x33,0x33,0x33,0x33,0x33,0x33,0x66,0x10,0x00,0x69,0xbe,0xff,0xff,0xff,0xaa,0xaa,0xaa,0xab,0xcc,0xc8,
  0x88,0xcc,0xc8,0xcc,0xfe,0x96,0x01,0x13,0x33,0x33,0x33,0x33,0x33,0x33,0x33,0x33,0x33,0x33,0x33,0x33,
  0x33,0x33,0x33,0x33,0x33,0x33,0x33,0x33,0x33,0x33,0x33,0x33,0x33,0x33,0x33,0x33,0x33,0x33,0x33,0x33,
  0x33,0x33,0x33,0x33,0x33,0x33,0x33,0x33,0x33,0x33,0x33,0x33,0x33,0x33,0x33,0x33,0x33,0x33,0x33,0x33,
  0x33,0x33,0x33,0x33,0x33,0x33,0x33,0x33,0x33,0x33,0x33,0x33,0x33,0x33,0x33,0x33,0x33,0x33,0x33,0x33,
  0x33,0x33,0x33,0x36,0x62,0x00,0x06,0x69,0xee,0xff,0xaa,0xb9,0x9e,0xaa,0xef,0xfc,0x8c,0xcc,0xcc,0xfe,
  0x93,0x00,0x31,0x13,0x33,0x33,0x33,0x33,0x33,0x33,0x33,0x33,0x33,0x33,0x33,0x33,0x33,0x33,0x33,0x33,
  0x33,0x33,0x33,0x33,0x33,0x33,0x33,0x33,0x33,0x33,0x33,0x33,0x33,0x33,0x33,0x33,0x33,0x33,0x33,0x33,
  0x33,0x33,0x33,0x33,0x33,0x33,0x33,0x33,0x33,0x33,0x33,0x33,0x33,0x33,0x33,0x33,0x33,0x33,0x33,0x33,
  0x33,0x33,0x33,0x33,0x33,0x33,0x33,0x33,0x33,0x33,0x33,0x33,0x33,0x33,0x33,0x33,0x33,0x33,0x33,0x32,
  0x22,0x36,0x60,0x00,0x36,0x9b,0xaa,0xb9,0x9f,0xaa,0xee,0xfc,0x8c,0xcc,0x8c,0x95,0x02,0x53,0x11,0x13,
  0x33,0x33,0x33,0x33,0x33,0x33,0x33,0x33,0x33,0x33,0x33,0x33,0x33,0x33,0x33,0x33,0x33,0x33,0x33,0x33,
  0x33,0x33,0x33,0x33,0x33,0x33,0x33,0x33,0x33,0x33,0x33,0x33,0x33,0x33,0x33,0x33,0x33,0x33,0x33,0x33,
  0x33,0x33,0x33,0x33,0x33,0x33,0x33,0x33,0x33,0x33,0x33,0x33,0x33,0x33,0x33,0x33,0x33,0x33,0x33,0x33,
  0x33,0x33,0x33,0x33,0x33,0x33,0x33,0x33,0x33,0x33,0x33,0x33,0x33,0x33,0x33,0x33,0x33,0x33,0x33,0x66,
  0x10,0x00,0xaa,0x9f,0xeb,0xea,0xee,0xec,0x8c,0xc8,0x87,0x05,0x63,0x11,0x11,0x13,0x33,0x33,0x33,0x33,
  0x33,0x33,0x33,0x33,0x33,0x33,0x33,0x33,0x33,0x33,0x33,0x33,0x33,0x33,0x33,0x33,0x33,0x33,0x33,0x33,
  0x33,0x33,0x33,0x33,0x33,0x33,0x33,0x33,0x33,0x33,0x33,0x33,0x33,0x33,0x33,0x33,0x33,0x33,0x33,0x33,
  0x33,0x33,0x33,0x33,0x33,0x33,0x33,0x33,0x33,0x33,0x33,0x33,0x33,0x33,0x33,0x33,0x33,0x33,0x33,0x33,
  0x33,0x33,0x33,0x33,0x33,0x33,0x33,0x33,0x33,0x33,0x33,0x33,0x33,0x33,0x33,0x33,0x35,0x60,0xaa,0xb9,
  0x9b,0xea,0xee,0xec,0x88,0xcc,0x87,0x00,0x31,0x11,0x11,0x13,0x33,0x33,0x33,0x33,0x33,0x33,0x33,0x33,
  0x33,0x33,0x33,0x33,0x33,0x33,0x33,0x33,0x33,0x33,0x33,0x33,0x33,0x33,0x33,0x33,0x33,0x33,0x33,0x33,
  0x33,0x33,0x33,0x33,0x33,0x33,0x33,0x33,0x33,0x33,0x33,0x33,0x33,0x33,0x33,0x33,0x33,0x33,0x33,0x33,
  0x33,0x33,0x33,0x33,0x33,0x33,0x33,0x33,0x33,0x33,0x33,0x33,0x33,0x33,0x33,0x33,0x33,0x33,0x33,0x33,
  0x33,0x33,0x33,0x33,0x33,0x33,0x33,0x33,0x33,0x33,0x33,0x33,0x32,0x32,0xaa,0xab,0x9e,0xaa,0xee,0xfc,
  0x88,0xc8,0x8c,0xb6,0x03,0x11,0x11,0x13,0x33,0x33,0x33,0x33,0x33,0x33,0x33,0x33,0x33,0x33,0x33,0x33,
  0x33,0x33,0x33,0x33,0x33,0x33,0x33,0x33,0x33,0x33,0x33,0x33,0x33,0x33,0x33,0x33,0x33,0x33,0x33,0x33,
  0x33,0x33,0x33,0x33,0x33,0x33,0x33,0x33,0x33,0x33,0x33,0x33,0x33,0x33,0x33,0x33,0x33,0x33,0x33,0x33,
  0x33,0x33,0x33,0x33,0x33,0x33,0x33,0x33,0x33,0x33,0x33,0x33,0x33,0x33,0x33,0x33,0x33,0x33,0x33,0x33,
  0x33,0x33,0x33,0x33,0x33,0x33,0x33,0x33,0x33,0x30,0xaa,0xaa,0xaa,0xaa,0xef,0xfc,0x88,0xc8,0x8c,0xfe,
  0x61,0x31,0x11,0x13,0x33,0x33,0x33,0x33,0x33,0x33,0x33,0x33,0x33,0x33,0x33,0x33,0x33,0x33,0x33,0x33,
  0x33,0x33,0x33,0x33,0x33,0x33,0x33,0x33,0x33,0x33,0x33,0x33,0x33,0x33,0x33,0x33,0x33,0x33,0x33,0x33,
  0x33,0x33,0x33,0x33,0x33,0x33,0x33,0x33,0x33,0x33,0x33,0x33,0x33,0x33,0x33,0x33,0x33,0x33,0x33,0x33,
  0x33,0x33,0x33,0x33,0x33,0x33,0x33,0x33,0x33,0x33,0x33,0x33,0x33,0x33,0x33,0x33,0x33,0x33,0x33,0x33,
  0x33,0x33,0x33,0x33,0x33,0x60,0x6a,0xaa,0xaa,0xaa,0xef,0xff,0xcc,0xcc,0xcf,0xff,0x90,0x61,0x11,0x13,
  0x33,0x33,0x33,0x33,0x33,0x33,0x33,0x33,0x33,0x33,0x33,0x33,0x33,0x33,0x33,0x33,0x33,0x33,0x33,0x33,
  0x33,0x33,0x33,0x33,0x33,0x33,0x33,0x33,0x33,0x33,0x33,0x33,0x33,0x33,0x33,0x33,0x33,0x33,0x33,0x33,
  0x33,0x33,0x33,0x33,0x33,0x33,0x33,0x33,0x33,0x33,0x33,0x33,0x33,0x33,0x33,0x33,0x33,0x33,0x33,0x33,
  0x33,0x33,0x33,0x33,0x33,0x33,0x33,0x33,0x33,0x33,0x33,0x33,0x33,0x33,0x33,0x33,0x33,0x33,0x33,0x33,
  0x33,0x33,0x05,0x69,0xaa,0xaa,0xef,0xee,0xff,0xff,0xfe,0xbe,0x90,0x61,0x11,0x13,0x33,0x33,0x33,0x33,
  0x33,0x33,0x33,0x33,0x33,0x33,0x33,0x33,0x33,0x33,0x33,0x33,0x33,0x33,0x33,0x33,0x33,0x33,0x33,0x33,
  0x33,0x33,0x33,0x33,0x33,0x33,0x33,0x33,0x33,0x33,0x33,0x33,0x33,0x33,0x33,0x33,0x33,0x33,0x33,0x33,
  0x33,0x33,0x33,0x33,0x33,0x33,0x33,0x33,0x33,0x33,0x33,0x33,0x33,0x33,0x33,0x33,0x33,0x33,0x33,0x33,
  0x33,0x33,0x33,0x33,0x33,0x33,0x33,0x33,0x33,0x33,0x33,0x33,0x33,0x33,0x33,0x33,0x33,0x33,0x31,0x00,
  0x56,0x9a,0xbf,0xff,0xff,0xff,0xff,0xff,0x90,0x64,0x11,0x13,0x33,0x33,0x33,0x33,0x33,0x33,0x33,0x33,
  0x33,0x33,0x33,0x33,0x33,0x33,0x33,0x33,0x33,0x33,0x33,0x33,0x33,0x33,0x33,0x33,0x33,0x33,0x33,0x33,
  0x33,0x33,0x33,0x33,0x33,0x33,0x33,0x33,0x33,0x33,0x33,0x33,0x33,0x33,0x33,0x33,0x33,0x33,0x33,0x33,
  0x33,0x33,0x33,0x33,0x33,0x33,0x33,0x33,0x33,0x33,0x33,0x33,0x33,0x33,0x33,0x33,0x33,0x33,0x33,0x33,
  0x33,0x33,0x33,0x33,0x33,0x33,0x33,0x33,0x33,0x33,0x33,0x33,0x33,0x33,0x12,0x63,0x40,0x00,0x9f,0xff,
  0xff,0xff,0xff,0xff,0x90,0x64,0x11,0x13,0x33,0x33,0x33,0x33,0x33,0x33,0x33,0x33,0x33,0x33,0x33,0x33,
  0x33,0x33,0x33,0x33,0x33,0x33,0x33,0x33,0x33,0x33,0x33,0x33,0x33,0x33,0x33,0x33,0x33,0x33,0x33,0x33,
  0x33,0x33,0x33,0x33,0x33,0x33,0x33,0x33,0x33,0x33,0x33,0x33,0x33,0x33,0x33,0x33,0x33,0x33,0x33,0x33,
  0x33,0x33,0x33,0x33,0x33,0x33,0x33,0x33,0x33,0x33,0x33,0x33,0x33,0x33,0x33,0x33,0x33,0x33,0x33,0x33,
  0x33,0x33,0x33,0x33,0x33,0x33,0x33,0x33,0x33,0x33,0x11,0x15,0x54,0x40,0x6f,0xff,0xff,0xff,0xff,0xff,
  0x60,0x64,0x11,0x13,0x33,0x33,0x33,0x33,0x33,0x33,0x33,0x33,0x33,0x33,0x33,0x33,0x33,0x33,0x33,0x33,
  0x33,0x33,0x33,0x33,0x33,0x33,0x33,0x33,0x33,0x33,0x33,0x33,0x33,0x33,0x33,0x33,0x33,0x33,0x33,0x33,
  0x33,0x33,0x33,0x33,0x33,0x33,0x33,0x33,0x33,0x33,0x33,0x33,0x33,0x33,0x33,0x33,0x33,0x33,0x33,0x33,
  0x33,0x33,0x33,0x33,0x33,0x33,0x33,0x33,0x33,0x33,0x33,0x33,0x33,0x33,0x33,0x33,0x33,0x33,0x33,0x33,
  0x33,0x33,0x33,0x33,0x33,0x33,0x33,0x32,0x54,0x46,0x06,0xef,0xff,0xff,0xff,0xf9,0x02,0x33,0x33,0x33,
  0x33,0x33,0x33,0x33,0x33,0x33,0x33,0x33,0x33,0x33,0x33,0x33,0x33,0x33,0x33,0x33,0x33,0x33,0x33,0x33,
  0x33,0x33,0x33,0x33,0x33,0x33,0x33,0x33,0x33,0x33,0x33,0x33,0x33,0x33,0x33,0x33,0x33,0x33,0x33,0x33,
  0x33,0x33,0x33,0x33,0x33,0x33,0x33,0x33,0x33,0x33,0x33,0x33,0x33,0x33,0x33,0x33,0x33,0x33,0x33,0x33,
  0x33,0x33,0x33,0x33,0x33,0x33,0x33,0x33,0x33,0x33,0x33,0x33,0x33,0x33,0x33,0x33,0x33,0x33,0x33,0x33,
  0x33,0x33,0x33,0x33,0x33,0x33,0x30,0x16,0x99,0xbb,0x99,0x60,0x33,0x33,0x33,0x33,0x33,0x33,0x33,0x33,
  0x33,0x33,0x33,0x33,0x33,0x33,0x33,0x33,0x33,0x33,0x33,0x33,0x33,0x33,0x33,0x33,0x33,0x33,0x33,0x33,
  0x33,0x33,0x33,0x33,0x33,0x33,0x33,0x33,0x33,0x33,0x33,0x33,0x33,0x33,0x33,0x33,0x33,0x33,0x33,0x33,
  0x33,0x33,0x33,0x33,0x33,0x33,0x33,0x33,0x33,0x33,0x33,0x33,0x33,0x33,0x33,0x33,0x33,0x33,0x33,0x33,
  0x33,0x33,0x33,0x33,0x33,0x33,0x33,0x33,0x33,0x33,0x33,0x33,0x33,0x33,0x33,0x33,0x33,0x33,0x33,0x33,
  0x33,0x33,0x36,0x10,0x00,0x00,0x00,0x06,0x33,0x33,0x33,0x33,0x33,0x33,0x33,0x33,0x33,0x33,0x33,0x33,
  0x33,0x33,0x33,0x33,0x33,0x33,0x33,0x33,0x33,0x33,0x33,0x33,0x33,0x33,0x33,0x33,0x33,0x33,0x33,0x33,
  0x33,0x33,0x33,0x33,0x33,0x33,0x33,0x33,0x33,0x33,0x33,0x33,0x33,0x33,0x33,0x33,0x33,0x33,0x33,0x33,
  0x33,0x33,0x33,0x33,0x33,0x33,0x33,0x33,0x33,0x33,0x33,0x33,0x33,0x33,0x33,0x33,0x33,0x33,0x33,0x33,
  0x33,0x33,0x33,0x33,0x33,0x33,0x33,0x33,0x33,0x33,0x33,0x33,0x33,0x33,0x33,0x33,0x33,0x33,0x33,0x36,
  0x66,0x66,0x66,0x44,0x33,0x33,0x33,0x33,0x33,0x33,0x33,0x33,0x33,0x33,0x33,0x33,0x33,0x33,0x33,0x33,
  0x33,0x33,0x33,0x33,0x33,0x33,0x33,0x33,0x33,0x33,0x33,0x33,0x33,0x33,0x33,0x33,0x33,0x33,0x33,0x33,
  0x33,0x33,0x33,0x33,0x33,0x33,0x33,0x33,0x33,0x33,0x33,0x33,0x33,0x33,0x33,0x33,0x33,0x33,0x33,0x33,
  0x33,0x33,0x33,0x33,0x33,0x33,0x33,0x33,0x33,0x33,0x33,0x33,0x33,0x33,0x33,0x33,0x33,0x33,0x33,0x33,
  0x33,0x33,0x33,0x33,0x33,0x33,0x33,0x33,0x33,0x33,0x33,0x33,0x33,0x33,0x33,0x33,0x33,0x33,0x33,0x33,
  0x33,0x33,0x33,0x33,0x33,0x33,0x33,0x33,0x33,0x33,0x33,0x33,0x33,0x33,0x33,0x33,0x33,0x33,0x33,0x33,
  0x33,0x33,0x33,0x33,0x33,0x33,0x33,0x33,0x33,0x33,0x33,0x33,0x33,0x33,0x33,0x33,0x33,0x33,0x33,0x33,
  0x33,0x33,0x33,0x33,0x33,0x33,0x33,0x33,0x33,0x33,0x33,0x33,0x33,0x33,0x33,0x33,0x33,0x33,0x33,0x33,
  0x33,0x33,0x33,0x33,0x33,0x33,0x33,0x33,0x33,0x33,0x33,0x33,0x33,0x33,0x33,0x33,0x33,0x33,0x33,0x33,
  0x33,0x33,0x33,0x33,0x33,0x33,0x33,0x33,0x33,0x33,0x33,0x33,0x33,0x33,0x33,0x33,0x33,0x33,0x33,0x33,
  0x33,0x33,0x33,0x33,0x33,0x33,0x33,0x33,0x33,0x33,0x33,0x33,0x33,0x33,0x33,0x33,0x33,0x33,0x33,0x33,
  0x33,0x33,0x33,0x33,0x33,0x33,0x33,0x33,0x33,0x33,0x33,0x33,0x33,0x33,0x33,0x33,0x33,0x33,0x33,0x33,
  0x33,0x33,0x33,0x33,0x33,0x33,0x33,0x33,0x33,0x33,0x33,0x33,0x33,0x33,0x33,0x33,0x33,0x33,0x33,0x33,
  0x33,0x33,0x33,0x33,0x33,0x33,0x33,0x33,0x33,0x33,0x33,0x33,0x33,0x33,0x33,0x33,0x33,0x33,0x33,0x33,
  0x33,0x33,0x33,0x33,0x33,0x33,0x33,0x33,0x33,0x33,0x33,0x33,0x33,0x33,0x33,0x33,0x33,0x33,0x33,0x33,
  0x33,0x33,0x33,0x33,0x33,0x33,0x33,0x33,0x33,0x33,0x33,0x33,0x33,0x33,0x33,0x33,0x33,0x33,0x33,0x33,
  0x33,0x33,0x33,0x33,0x33,0x33,0x33,0x33,0x33,0x33,0x33,0x33,0x33,0x33,0x33,0x33,0x33,0x33,0x33,0x33,
  0x33,0x33,0x33,0x33,0x33,0x33,0x33,0x33,0x33,0x33,0x33,0x33,0x33,0x33,0x33,0x33,0x33,0x33,0x33,0x33,
  0x33,0x33,0x33,0x33,0x33,0x33,0x33,0x33,0x33,0x33,0x33,0x33,0x33,0x33,0x33,0x33,0x33,0x33,0x33,0x33,
  0x33,0x33,0x33,0x33,0x33,0x33,0x33,0x33,0x33,0x33,0x33,0x33,0x33,0x33,0x33,0x33,0x33,0x33,0x33,0x33,
  0x33,0x33,0x33,0x33,0x33,0x33,0x33,0x33,0x33,0x33,0x33,0x33,0x33,0x33,0x33,0x33,0x33,0x33,0x33,0x33,
  0x33,0x33,0x33,0x33,0x33,0x33,0x33,0x33,0x33,0x33,0x33,0x33,0x33,0x33,0x33,0x33,0x33,0x33,0x33,0x33,
  0x33,0x33,0x33,0x33,0x33,0x33,0x33,0x33,0x33,0x33,0x33,0x33,0x33,0x33,0x33,0x33,0x33,0x33,0x33,0x33,
  0x33,0x33,0x33,0x33,0x33,0x33,0x33,0x33,0x33,0x33,0x33,0x33,0x33,0x33,0x33,0x33,0x33,0x33,0x33,0x33,
  0x33,0x33,0x33,0x33,0x33,0x33,0x33,0x33,0x33,0x33,0x33,0x33,0x33,0x33,0x33,0x33,0x33,0x33,0x33,0x33,
  0x33,0x33,0x33,0x33,0x33,0x33,0x33,0x33,0x33,0x33,0x33,0x33,0x33,0x33,0x33,0x33,0x33,0x33,0x33,0x33,
  0x33,0x33,0x33,0x33,0x33,0x33,0x33,0x33,0x33,0x33,0x33,0x33,0x33,0x33,0x33,0x33,0x33,0x33,0x33,0x33,
  0x33,0x33,0x33,0x33,0x33,0x33,0x33,0x33,0x33,0x33,0x33,0x33,0x33,0x33,0x33,0x33,0x33,0x33,0x33,0x33,
  0x33,0x33,0x33,0x33,0x33,0x33,0x33,0x33,0x33,0x33,0x33,0x33,0x33,0x33,0x33,0x33,0x33,0x33,0x33,0x33,
  0x33,0x33,0x33,0x33,0x33,0x33,0x33,0x33,0x33,0x33,0x33,0x33,0x33,0x33,0x33,0x33,0x33,0x33,0x33,0x33,
  0x33,0x33,0x33,0x33,0x33,0x33,0x33,0x33,0x33,0x33,0x33,0x33,0x33,0x33,0x33,0x33,0x33,0x33,0x33,0x33,
  0x33,0x33,0x33,0x33,0x33,0x33,0x33,0x33,0x33,0x33,0x33,0x33,0x33,0x33,0x33,0x33,0x33,0x33,0x33,0x33,
  0x33,0x33,0x33,0x33,0x33,0x33,0x33,0x33,0x33,0x33,0x33,0x33,0x33,0x33,0x33,0x33,0x33,0x33,0x33,0x33,
  0x33,0x33,0x33,0x33,0x33,0x33,0x33,0x33,0x33,0x33,0x33,0x33,0x33,0x33,0x33,0x33,0x33,0x33,0x33,0x33,
  0x33,0x33,0x33,0x33,0x33,0x33,0x33,0x33,0x33,0x33,0x33,0x33,0x33,0x33,0x33,0x33,0x33,0x33,0x33,0x33,
  0x33,0x33,0x33,0x33,0x33,0x33,0x33,0x33,0x33,0x33,0x33,0x33,0x33,0x33,0x33,0x33,0x33,0x33,0x33,0x33,
  0x33,0x33,0x33,0x33,0x33,0x33,0x33,0x33,0x33,0x33,0x33,0x33,0x33,0x33,0x33,0x33,0x33,0x33,0x33,0x33,
  0x33,0x33,0x33,0x33,0x33,0x33,0x33,0x33,0x33,0x33,0x33,0x33,0x33,0x33,0x33,0x33,0x33,0x33,0x33,0x33,
  0x33,0x33,0x33,0x33,0x33,0x33,0x33,0x33,0x33,0x33,0x33,0x33,0x33,0x33,0x33,0x33,0x33,0x33,0x33,0x33,
  0x33,0x33,0x33,0x33,0x33,0x33,0x33,0x33,0x33,0x33,0x33,0x33,0x33,0x33,0x33,0x33,0x33,0x33,0x33,0x33,
  0x33,0x33,0x33,0x33,0x33,0x33,0x33,0x33,0x33,0x33,0x33,0x33,0x33,0x33,0x33,0x33,0x33,0x33,0x33,0x33,
  0x33,0x33,0x33,0x33,0x33,0x33,0x33,0x33,0x33,0x33,0x33,0x33,0x33,0x33,0x33,0x33,0x33,0x33,0x33,0x33,
  0x33,0x33,0x33,0x33,0x33,0x33,0x33,0x33,0x33,0x33,0x33,0x33,0x33,0x33,0x33,0x33,0x33,0x33,0x33,0x33,
  0x33,0x33,0x33,0x33,0x33,0x33,0x33,0x33,0x33,0x33,0x33,0x33,0x33,0x33,0x33,0x33,0x33,0x33,0x33,0x33,
  0x33,0x33,0x33,0x33,0x33,0x33,0x33,0x33,0x33,0x33,0x33,0x33,0x33,0x33,0x33,0x33,0x33,0x33,0x33,0x33,
  0x33,0x33,0x33,0x33,0x33,0x33,0x33,0x33,0x33,0x33,0x33,0x33,0x33,0x33,0x33,0x33,0x33,0x33,0x33,0x33,
  0x33,0x33,0x33,0x33,0x33,0x33,0x33,0x33,0x33,0x33,0x33,0x33,0x33,0x33,0x33,0x33,0x33,0x33,0x33,0x33,
  0x33,0x33,0x33,0x33,0x33,0x33,0x33,0x33,0x33,0x33,0x33,0x33,0x33,0x33,0x33,0x33,0x33,0x33,0x33,0x33,
  0x33,0x33,0x33,0x33,0x33,0x33,0x33,0x33,0x33,0x33,0x33,0x33,0x33,0x33,0x33,0x33,0x33,0x33,0x33,0x33,
  0x33,0x33,0x33,0x33,0x33,0x33,0x33,0x33,0x33,0x33,0x33,0x33,0x33,0x33,0x33,0x33,0x33,0x33,0x33,0x33,
  0x33,0x33,0x33,0x33,0x33,0x33,0x33,0x33,0x33,0x33,0x33,0x33,0x33,0x33,0x33,0x33,0x33,0x33,0x33,0x33,
  0x33,0x33,0x33,0x33,0x33,0x33,0x33,0x33,0x33,0x33,0x33,0x33,0x33,0x33,0x33,0x33,0x33,0x33,0x33,0x33,
  0x33,0x33,0x33,0x33,0x33,0x33,0x33,0x33,0x33,0x33,0x33,0x33,0x33,0x33,0x33,0x33,0x33,0x33,0x33,0x33,
  0x33,0x33,0x33,0x33,0x33,0x33,0x33,0x33,0x33,0x33,0x33,0x33,0x33,0x33,0x33,0x33,0x33,0x33,0x33,0x33,
  0x33,0x33,0x33,0x33,0x33,0x33,0x33,0x33,0x33,0x33,0x33,0x33,0x33,0x33,0x33,0x33,0x33,0x33,0x33,0x33,
  0x33,0x33,0x33,0x33,0x33,0x33,0x33,0x33,0x33,0x33,0x33,0x33,0x33,0x33,0x33,0x33,0x33,0x33,0x33,0x33,
  0x33,0x33,0x33,0x33,0x33,0x33,0x33,0x33,0x33,0x33,0x33,0x33,0x33,0x33,0x33,0x33,0x33,0x33,0x33,0x33,
  0x33,0x33,0x33,0x33,0x33,0x33,0x33,0x33,0x33,0x33,0x33,0x33,0x33,0x33,0x33,0x33,0x33,0x33,0x33,0x33,
  0x33,0x33,0x33,0x33,0x33,0x33,0x33,0x33,0x33,0x33,0x33,0x33,0x33,0x33,0x33,0x33,0x33,0x33,0x33,0x33,
  0x33,0x33,0x33,0x33,0x33,0x33,0x33,0x33,0x33,0x33,0x33,0x33,0x33,0x33,0x33,0x33,0x33,0x33,0x33,0x33,
  0x33,0x33,0x33,0x33,0x33,0x33,0x33,0x33,0x33,0x33,0x33,0x33,0x33,0x33,0x33,0x33,0x33,0x33,0x33,0x33,
  0x33,0x33,0x33,0x33,0x33,0x33,0x33,0x33,0x33,0x33,0x33,0x33,0x33,0x33,0x33,0x33,0x33,0x33,0x33,0x33,
  0x33,0x33,0x33,0x33,0x33,0x33,0x33,0x33,0x33,0x33,0x33,0x33,0x33,0x33,0x33,0x33,0x33,0x33,0x33,0x33,
  0x33,0x33,0x33,0x33,0x33,0x33,0x33,0x33,0x33,0x33,0x33,0x33,0x33,0x33,0x33,0x33,0x33,0x33,0x33,0x33,
  0x33,0x33,0x33,0x33,0x33,0x33,0x33,0x33,0x33,0x33,0x33,0x33,0x33,0x33,0x33,0x33,0x33,0x33,0x33,0x33,
  0x33,0x33,0x33,0x33,0x33,0x33,0x33,0x33,0x33,0x33,0x33,0x33,0x33,0x33,0x33,0x33,0x33,0x33,0x33,0x33,
  0x33,0x33,0x33,0x33,0x33,0x33,0x33,0x33,0x33,0x33,0x33,0x33,0x33,0x33,0x33,0x33,0x33,0x33,0x33,0x33,
  0x33,0x33,0x33,0x33,0x33,0x33,0x33,0x33,0x33,0x33,0x33,0x33,0x33,0x33,0x33,0x33,0x33,0x33,0x33,0x33,
  0x33,0x33,0x33,0x33,0x33,0x33,0x33,0x33,0x33,0x33,0x33,0x33,0x33,0x33,0x33,0x33,0x33,0x33,0x33,0x33,
  0x33,0x33,0x33,0x33,0x33,0x33,0x33,0x33,0x33,0x33,0x33,0x33,0x33,0x33,0x33,0x33,0x33,0x33,0x33,0x33,
  0x33,0x33,0x33,0x33,0x33,0x33,0x33,0x33,0x33,0x33,0x33,0x33,0x33,0x33,0x33,0x33,0x33,0x33,0x33,0x33,
  0x33,0x33,0x33,0x33,0x33,0x33,0x33,0x33,0x33,0x33,0x33,0x33,0x33,0x33,0x33,0x33,0x33,0x33,0x33,0x33,
  0x33,0x33,0x33,0x33,0x33,0x33,0x33,0x33,0x33,0x33,0x33,0x33,0x33,0x33,0x33,0x33,0x33,0x33,0x33,0x33,
  0x33,0x33,0x33,0x33,0x33,0x33,0x33,0x33,0x33,0x33,0x33,0x33,0x33,0x33,0x33,0x33,0x33,0x33,0x33,0x33,
  0x33,0x33,0x33,0x33,0x33,0x33,0x33,0x33,0x33,0x33,0x33,0x33,0x33,0x33,0x33,0x33,0x33,0x33,0x33,0x33,
  0x33,0x33,0x33,0x33,0x33,0x33,0x33,0x33,0x33,0x33,0x33,0x33,0x33,0x33,0x33,0x33,0x33,0x33,0x33,0x33,
  0x33,0x33,0x33,0x33,0x33,0x33,0x33,0x33,0x33,0x33,0x33,0x33,0x33,0x33,0x33,0x33,0x33,0x33,0x33,0x33,
  0x33,0x33,0x33,0x33,0x33,0x33,0x33,0x33,0x33,0x33,0x33,0x33,0x33,0x33,0x33,0x33,0x33,0x33,0x33,0x33,
  0x33,0x33,0x33,0x33,0x33,0x33,0x33,0x33,0x33,0x33,0x33,0x33,0x33,0x33,0x33,0x33,0x33,0x33,0x33,0x33,
  0x33,0x33,0x33,0x33,0x33,0x33,0x33,0x33,0x33,0x33,0x33,0x33,0x33,0x33,0x33,0x33,0x33,0x33,0x33,0x33,
  0x33,0x33,0x33,0x33,0x33,0x33,0x33,0x33,0x33,0x33,0x33,0x33,0x33,0x33,0x33,0x33,0x33,0x33,0x33,0x33,
  0x33,0x33,0x33,0x33,0x33,0x33,0x33,0x33,0x33,0x33,0x33,0x33,0x33,0x33,0x33,0x33,0x33,0x33,0x33,0x33,
  0x33,0x33,0x33,0x33,0x33,0x33,0x33,0x33,0x33,0x33,0x33,0x33,0x33,0x33,0x33,0x33,0x33,0x33,0x33,0x33,
  0x33,0x33,0x33,0x33,0x33,0x33,0x33,0x33,0x33,0x33,0x33,0x33,0x33,0x33,0x33,0x33,
};
constexpr std::uint8_t cover_cookie[] = {
  0xe9,0xee,0xed,0xff,0xe6,0xeb,0xea,0xff,0xe9,0xeb,0xe8,0xff,0xe8,0xeb,0xe8,0xff,0xe7,0xeb,0xe8,0xff,
  0xe7,0xeb,0xe7,0xff,0xca,0xe6,0xf3,0xff,0xc8,0xe3,0xf1,0xff,0xc6,0xe3,0xf2,0xff,0xde,0xe8,0xe9,0xff,
  0xc4,0xde,0xea,0xff,0x9e,0xc3,0xc7,0xff,0x69,0xa5,0xad,0xff,0x63,0x96,0x8e,0xff,0x40,0x84,0xa0,0xff,
  0x3b,0x67,0x63,0xff,0x33,0x33,0x33,0x33,0x33,0x33,0x33,0x33,0x33,0x33,0x33,0x33,0x33,0x33,0x33,0x33,
  0x33,0x33,0x33,0x33,0x33,0x33,0x33,0x33,0x33,0x33,0x33,0x33,0x33,0x33,0x33,0x33,0x33,0x33,0x33,0x33,
  0x33,0x33,0x33,0x33,0x33,0x33,0x33,0x33,0x33,0x33,0x33,0x33,0x33,0x33,0x33,0x33,0x33,0x33,0x33,0x33,
  0x33,0x33,0x33,0x33,0x33,0x33,0x33,0x33,0x33,0x33,0x33,0x33,0x33,0x33,0x33,0x33,0x33,0x33,0x33,0x33,
  0x33,0x33,0x33,0x33,0x33,0x33,0x33,0x33,0x33,0x33,0x33,0x33,0x33,0x33,0x33,0x33,0x33,0x33,0x33,0x33,
  0x33,0x33,0x33,0x33,0x33,0x33,0x33,0x33,0x33,0x33,0x33,0x33,0x33,0x33,0x33,0x33,0x33,0x33,0x33,0x33,
  0x33,0x33,0x33,0x33,0x33,0x33,0x33,0x33,0x33,0x33,0x33,0x33,0x33,0x33,0x33,0x33,0x33,0x33,0x33,0x33,
  0x33,0x33,0x33,0x33,0x33,0x33,0x33,0x33,0x33,0x33,0x33,0x33,0x33,0x33,0x33,0x33,0x33,0x33,0x33,0x33,
  0x33,0x33,0x33,0x33,0x33,0x33,0x33,0x33,0x33,0x33,0x33,0x33,0x33,0x33,0x33,0x33,0x33,0x33,0x33,0x33,
  0x33,0x33,0x33,0x33,0x33,0x33,0x33,0x33,0x33,0x33,0x33,0x33,0x33,0x33,0x33,0x33,0x33,0x33,0x33,0x33,
  0x33,0x33,0x33,0x33,0x33,0x33,0x33,0x33,0x33,0x33,0x33,0x33,0x33,0x33,0x33,0x33,0x33,0x33,0x33,0x33,
  0x33,0x33,0x33,0x33,0x33,0x33,0x33,0x33,0x33,0x33,0x33,0x33,0x33,0x33,0x33,0x33,0x33,0x33,0x33,0x33,
  0x33,0x33,0x33,0x33,0x33,0x33,0x33,0x33,0x33,0x33,0x33,0x33,0x33,0x33,0x33,0x33,0x33,0x33,0x33,0x33,
  0x33,0x33,0x33,0x33,0x33,0x33,0x33,0x33,0x33,0x33,0x33,0x33,0x33,0x33,0x33,0x33,0x33,0x33,0x33,0x33,
  0x33,0x33,0x33,0x33,0x33,0x33,0x33,0x33,0x33,0x33,0x33,0x33,0x33,0x33,0x33,0x33,0x33,0x33,0x33,0x33,
  0x33,0x33,0x33,0x33,0x33,0x33,0x33,0x33,0x33,0x33,0x33,0x33,0x33,0x33,0x33,0x33,0x33,0x33,0x33,0x33,
  0x33,0x33,0x33,0x33,0x33,0x33,0x33,0x33,0x33,0x33,0x33,0x33,0x33,0x33,0x33,0x33,0x33,0x33,0x33,0x33,
  0x33,0x33,0x33,0x33,0x33,0x33,0x33,0x33,0x33,0x33,0x33,0x33,0x33,0x33,0x33,0x33,0x33,0x33,0x33,0x33,
  0x33,0x33,0x33,0x33,0x33,0x33,0x33,0x33,0x33,0x33,0x33,0x33,0x33,0x33,0x33,0x33,0x33,0x33,0x33,0x33,
  0x33,0x33,0x33,0x33,0x33,0x33,0x33,0x33,0x33,0x33,0x33,0x33,0x33,0x33,0x33,0x33,0x33,0x33,0x33,0x33,
  0x33,0x33,0x33,0x33,0x33,0x33,0x33,0x33,0x33,0x33,0x33,0x33,0x33,0x33,0x33,0x33,0x33,0x33,0x33,0x33,
  0x33,0x33,0x33,0x33,0x33,0x33,0x33,0x33,0x33,0x33,0x33,0x33,0x33,0x33,0x33,0x33,0x33,0x33,0x33,0x33,
  0x33,0x33,0x33,0x33,0x33,0x33,0x33,0x33,0x33,0x33,0x33,0x33,0x33,0x33,0x33,0x33,0x33,0x33,0x33,0x33,
  0x33,0x33,0x33,0x33,0x33,0x33,0x33,0x33,0x33,0x33,0x33,0x33,0x33,0x33,0x33,0x33,0x33,0x33,0x33,0x33,
  0x33,0x33,0x33,0x33,0x33,0x33,0x33,0x33,0x33,0x33,0x33,0x33,0x33,0x33,0x33,0x33,0x33,0x33,0x33,0x33,
  0x33,0x33,0x33,0x33,0x33,0x33,0x33,0x33,0x33,0x33,0x33,0x33,0x33,0x33,0x33,0x33,0x33,0x33,0x33,0x33,
  0x33,0x33,0x33,0x33,0x33,0x33,0x33,0x33,0x33,0x33,0x33,0x33,0x33,0x33,0x33,0x33,0x33,0x33,0x33,0x33,
  0x33,0x33,0x33,0x33,0x33,0x33,0x33,0x33,0x33,0x33,0x33,0x33,0x33,0x33,0x33,0x33,0x33,0x33,0x33,0x33,
  0x33,0x33,0x33,0x33,0x33,0x33,0x33,0x33,0x33,0x33,0x33,0x33,0x33,0x33,0x33,0x33,0x33,0x33,0x33,0x33,
  0x33,0x33,0x33,0x33,0x33,0x33,0x33,0x33,0x33,0x33,0x33,0x33,0x33,0x33,0x33,0x33,0x33,0x33,0x33,0x33,
  0x33,0x33,0x33,0x33,0x33,0x33,0x33,0x33,0x33,0x33,0x33,0x33,0x33,0x33,0x33,0x33,0x33,0x33,0x33,0x33,
  0x33,0x33,0x33,0x33,0x33,0x33,0x33,0x33,0x33,0x33,0x33,0x33,0x33,0x33,0x33,0x33,0x33,0x33,0x33,0x33,
  0x33,0x33,0x33,0x33,0x33,0x33,0x33,0x33,0x33,0x33,0x33,0x33,0x33,0x33,0x33,0x33,0x33,0x33,0x33,0x33,
  0x33,0x33,0x33,0x33,0x33,0x33,0x33,0x33,0x33,0x33,0x33,0x33,0x33,0x33,0x33,0x33,0x33,0x33,0x33,0x33,
  0x33,0x33,0x33,0x33,0x33,0x33,0x33,0x33,0x33,0x33,0x33,0x33,0x33,0x33,0x33,0x33,0x33,0x33,0x33,0x33,
  0x33,0x33,0x33,0x33,0x33,0x33,0x33,0x33,0x33,0x33,0x33,0x33,0x33,0x33,0x33,0x33,0x33,0x33,0x33,0x33,
  0x33,0x33,0x33,0x33,0x33,0x33,0x33,0x33,0x33,0x33,0x33,0x33,0x33,0x33,0x33,0x33,0x33,0x33,0x33,0x33,
  0x33,0x33,0x33,0x33,0x33,0x33,0x33,0x33,0x33,0x33,0x33,0x33,0x33,0x33,0x33,0x33,0x33,0x33,0x33,0x33,
  0x33,0x33,0x33,0x33,0x33,0x33,0x33,0x33,0x33,0x33,0x33,0x33,0x33,0x33,0x33,0x33,0x33,0x33,0x33,0x33,
  0x33,0x33,0x33,0x33,0x33,0x33,0x33,0x33,0x33,0x33,0x33,0x33,0x33,0x33,0x33,0x33,0x33,0x33,0x33,0x33,
  0x33,0x33,0x33,0x33,0x33,0x33,0x33,0x33,0x33,0x33,0x33,0x33,0x33,0x33,0x33,0x33,0x33,0x33,0x33,0x33,
  0x33,0x33,0x33,0x33,0x33,0x33,0x33,0x33,0x33,0x33,0x33,0x33,0x33,0x33,0x33,0x33,0x33,0x33,0x33,0x33,
  0x33,0x33,0x33,0x33,0x33,0x33,0x33,0x33,0x33,0x33,0x33,0x33,0x33,0x33,0x33,0x33,0x33,0x33,0x33,0x33,
  0x33,0x33,0x33,0x33,0x33,0x33,0x33,0x33,0x33,0x33,0x33,0x33,0x33,0x33,0x33,0x33,0x33,0x33,0x33,0x33,
  0x33,0x33,0x33,0x33,0x33,0x33,0x33,0x33,0x33,0x33,0x33,0x33,0x33,0x33,0x33,0x33,0x33,0x33,0x33,0x33,
  0x33,0x33,0x33,0x33,0x33,0x33,0x33,0x33,0x33,0x33,0x33,0x33,0x33,0x33,0x33,0x33,0x33,0x33,0x33,0x33,
  0x33,0x33,0x33,0x33,0x33,0x33,0x33,0x33,0x33,0x33,0x33,0x33,0x33,0x33,0x33,0x33,0x33,0x33,0x33,0x33,
  0x33,0x33,0x33,0x33,0x33,0x33,0x33,0x33,0x33,0x33,0x33,0x33,0x33,0x33,0x33,0x33,0x33,0x33,0x33,0x33,
  0x33,0x33,0x33,0x33,0x33,0x33,0x33,0x33,0x33,0x33,0x33,0x33,0x33,0x33,0x33,0x33,0x33,0x33,0x33,0x33,
  0x33,0x33,0x33,0x33,0x33,0x33,0x33,0x33,0x33,0x33,0x33,0x33,0x33,0x33,0x33,0x33,0x33,0x33,0x33,0x33,
  0x33,0x33,0x33,0x33,0x33,0x33,0x33,0x33,0x33,0x33,0x33,0x33,0x33,0x33,0x33,0x33,0x33,0x33,0x33,0x33,
  0x33,0x33,0x33,0x33,0x33,0x33,0x33,0x33,0x33,0x33,0x33,0x33,0x33,0x33,0x33,0x33,0x33,0x33,0x33,0x33,
  0x33,0x33,0x33,0x33,0x33,0x33,0x33,0x33,0x33,0x33,0x33,0x33,0x33,0x33,0x33,0x33,0x33,0x33,0x33,0x33,
  0x33,0x33,0x33,0x33,0x33,0x33,0x33,0x33,0x33,0x33,0x33,0x33,0x33,0x33,0x33,0x33,0x33,0x33,0x33,0x33,
  0x33,0x33,0x33,0x33,0x33,0x33,0x33,0x33,0x33,0x33,0x33,0x33,0x33,0x33,0x33,0x33,0x33,0x33,0x33,0x33,
  0x33,0x33,0x33,0x33,0x33,0x33,0x33,0x33,0x33,0x33,0x33,0x33,0x33,0x33,0x33,0x33,0x33,0x33,0x33,0x33,
  0x33,0x33,0x33,0x33,0x33,0x33,0x33,0x33,0x33,0x33,0x33,0x33,0x33,0x33,0x33,0x33,0x33,0x33,0x33,0x33,
  0x33,0x33,0x33,0x33,0x33,0x33,0x33,0x33,0x33,0x33,0x33,0x33,0x33,0x33,0x33,0x33,0x33,0x33,0x33,0x33,
  0x33,0x33,0x33,0x33,0x33,0x33,0x33,0x33,0x33,0x33,0x33,0x33,0x33,0x33,0x33,0x33,0x33,0x33,0x33,0x33,
  0x33,0x33,0x33,0x33,0x33,0x33,0x33,0x33,0x33,0x33,0x33,0x33,0x33,0x33,0x33,0x33,0x33,0x33,0x33,0x33,
  0x33,0x33,0x33,0x33,0x33,0x33,0x33,0x33,0x33,0x33,0x33,0x33,0x33,0x33,0x33,0x33,0x33,0x33,0x33,0x33,
  0x33,0x33,0x33,0x33,0x33,0x33,0x33,0x33,0x33,0x33,0x33,0x33,0x33,0x33,0x33,0x33,0x33,0x33,0x33,0x33,
  0x33,0x33,0x33,0x33,0x33,0x33,0x33,0x33,0x33,0x33,0x33,0x33,0x33,0x33,0x33,0x33,0x33,0x33,0x33,0x33,
  0x33,0x33,0x33,0x33,0x33,0x33,0x33,0x33,0x33,0x33,0x33,0x33,0x33,0x33,0x33,0x33,0x33,0x33,0x33,0x33,
  0x33,0x33,0x33,0x33,0x33,0x33,0x33,0x33,0x33,0x33,0x33,0x33,0x33,0x33,0x33,0x33,0x33,0x33,0x33,0x33,
  0x33,0x33,0x33,0x33,0x33,0x33,0x33,0x33,0x33,0x33,0x33,0x33,0x33,0x33,0x33,0x33,0x33,0x33,0x33,0x33,
  0x33,0x33,0x33,0x33,0x33,0x33,0x33,0x33,0x33,0x33,0x33,0x33,0x33,0x33,0x33,0x33,0x33,0x33,0x33,0x33,
  0x33,0x33,0x33,0x33,0x33,0x33,0x33,0x33,0x33,0x33,0x33,0x33,0x33,0x33,0x33,0x33,0x33,0x33,0x33,0x33,
  0x33,0x33,0x33,0x33,0x33,0x33,0x33,0x33,0x33,0x33,0x33,0x33,0x33,0x33,0x33,0x33,0x33,0x33,0x33,0x33,
  0x33,0x33,0x33,0x33,0x33,0x33,0x33,0x33,0x33,0x33,0x33,0x33,0x33,0x33,0x33,0x33,0x33,0x33,0x33,0x33,
  0x33,0x33,0x33,0x33,0x33,0x33,0x33,0x33,0x33,0x33,0x33,0x33,0x33,0x33,0x33,0x33,0x33,0x33,0x33,0x33,
  0x33,0x33,0x33,0x33,0x33,0x33,0x33,0x33,0x33,0x33,0x33,0x33,0x33,0x33,0x33,0x33,0x33,0x33,0x33,0x33,
  0x33,0x33,0x33,0x33,0x33,0x33,0x33,0x33,0x33,0x33,0x33,0x33,0x33,0x33,0x33,0x33,0x33,0x33,0x33,0x33,
  0x33,0x33,0x33,0x33,0x33,0x33,0x33,0x33,0x33,0x33,0x33,0x33,0x33,0x33,0x33,0x33,0x33,0x33,0x33,0x33,
  0x33,0x33,0x33,0x33,0x33,0x33,0x33,0x33,0x33,0x33,0x33,0x33,0x33,0x33,0x33,0x33,0x33,0x33,0x33,0x33,
  0x33,0x33,0x33,0x33,0x33,0x33,0x33,0x33,0x33,0x33,0x33,0x33,0x33,0x33,0x33,0x33,0x33,0x33,0x33,0x33,
  0x33,0x33,0x33,0x33,0x33,0x33,0x33,0x33,0x33,0x33,0x33,0x33,0x33,0x33,0x33,0x33,0x33,0x33,0x33,0x33,
  0x33,0x33,0x33,0x33,0x33,0x33,0x33,0x33,0x33,0x33,0x33,0x33,0x33,0x33,0x33,0x33,0x33,0x33,0x33,0x33,
  0x33,0x33,0x33,0x33,0x33,0x33,0x33,0x33,0x33,0x33,0x33,0x33,0x33,0x33,0x33,0x33,0x33,0x33,0x33,0x33,
  0x33,0x33,0x33,0x33,0x33,0x33,0x33,0x33,0x33,0x33,0x33,0x33,0x33,0x33,0x33,0x33,0x33,0x33,0x33,0x33,
  0x33,0x33,0x33,0x33,0x33,0x33,0x33,0x33,0x33,0x33,0x33,0x33,0x33,0x33,0x33,0x33,0x33,0x33,0x33,0x33,
  0x33,0x33,0x33,0x33,0x33,0x33,0x33,0x33,0x33,0x33,0x33,0x33,0x33,0x33,0x33,0x33,0x33,0x33,0x33,0x33,
  0x33,0x33,0x33,0x33,0x33,0x33,0x33,0x33,0x33,0x33,0x33,0x33,0x33,0x33,0x33,0x33,0x33,0x33,0x33,0x33,
  0x33,0x33,0x33,0x33,0x33,0x33,0x33,0x33,0x33,0x33,0x33,0x33,0x33,0x33,0x33,0x33,0x33,0x33,0x33,0x33,
  0x33,0x33,0x33,0x33,0x33,0x33,0x33,0x33,0x33,0x33,0x33,0x33,0x33,0x33,0x33,0x33,0x33,0x33,0x33,0x33,
  0x33,0x33,0x33,0x33,0x33,0x33,0x33,0x33,0x33,0x33,0x33,0x33,0x33,0x33,0x33,0x33,0x33,0x33,0x33,0x33,
  0x33,0x33,0x33,0x33,0x33,0x33,0x33,0x33,0x33,0x33,0x33,0x33,0x33,0x33,0x33,0x33,0x33,0x33,0x33,0x33,
  0x33,0x33,0x33,0x33,0x33,0x33,0x33,0x33,0x33,0x33,0x33,0x33,0x33,0x33,0x33,0x33,0x33,0x33,0x33,0x33,
  0x33,0x33,0x33,0x33,0x33,0x33,0x33,0x33,0x33,0x33,0x33,0x33,0x33,0x33,0x33,0x33,0x33,0x33,0x33,0x33,
  0x33,0x33,0x33,0x33,0x33,0x33,0x33,0x33,0x33,0x33,0x33,0x33,0x33,0x33,0x33,0x33,0x33,0x33,0x33,0x33,
  0x33,0x33,0x33,0x33,0x33,0x33,0x33,0x33,0x33,0x33,0x33,0x33,0x33,0x33,0x33,0x33,0x33,0x33,0x33,0x33,
  0x33,0x33,0x33,0x33,0x33,0x33,0x33,0x33,0x33,0x33,0x33,0x33,0x33,0x33,0x33,0x33,0x33,0x33,0x33,0x33,
  0x33,0x33,0x33,0x33,0x33,0x33,0x33,0x33,0x33,0x33,0x33,0x33,0x33,0x33,0x33,0x33,0x33,0x33,0x33,0x33,
  0x33,0x33,0x33,0x33,0x33,0x33,0x33,0x43,0x22,0x25,0x55,0x33,0x33,0x33,0x34,0x43,0x33,0x33,0x33,0x33,
  0x33,0x33,0x44,0x32,0x33,0x33,0x33,0x33,0x33,0x33,0x33,0x33,0x33,0x33,0x33,0x33,0x33,0x33,0x33,0x33,
  0x33,0x33,0x33,0x33,0x33,0x33,0x33,0x33,0x33,0x33,0x33,0x33,0x33,0x33,0x33,0x33,0x33,0x33,0x33,0x33,
  0x33,0x33,0x33,0x33,0x33,0x33,0x33,0x33,0x33,0x33,0x33,0x33,0x33,0x33,0x33,0x33,0x33,0x33,0x33,0x33,
  0x33,0x33,0x33,0x33,0x33,0x33,0x33,0x33,0x33,0x33,0x33,0x33,0x33,0x33,0x33,0x33,0x33,0x33,0x33,0x33,
  0x33,0x33,0x33,0x44,0x22,0x25,0x55,0x43,0x13,0x31,0x11,0x11,0x33,0x11,0x31,0x45,0x55,0x54,0x45,0x54,
  0x33,0x33,0x33,0x33,0x33,0x33,0x33,0x33,0x33,0x33,0x33,0x33,0x33,0x33,0x33,0x33,0x33,0x33,0x33,0x33,
  0x33,0x33,0x33,0x33,0x33,0x33,0x33,0x33,0x33,0x33,0x33,0x33,0x33,0x33,0x33,0x33,0x33,0x33,0x33,0x33,
  0x33,0x33,0x33,0x33,0x33,0x33,0x33,0x33,0x33,0x33,0x33,0x33,0x33,0x33,0x33,0x33,0x33,0x33,0x33,0x33,
  0x33,0x33,0x33,0x33,0x33,0x33,0x33,0x33,0x33,0x33,0x33,0x33,0x33,0x33,0x33,0x33,0x33,0x33,0x33,0x35,
  0x50,0x00,0x00,0x00,0x04,0x32,0x11,0x11,0x02,0x00,0x00,0x00,0x00,0x00,0x00,0x02,0x34,0x33,0x33,0x33,
  0x33,0x33,0x33,0x33,0x33,0x33,0x33,0x33,0x33,0x33,0x33,0x33,0x33,0x33,0x33,0x33,0x33,0x33,0x33,0x33,
  0x33,0x33,0x33,0x33,0x33,0x33,0x33,0x33,0x33,0x33,0x33,0x33,0x33,0x33,0x33,0x33,0x33,0x33,0x33,0x33,
  0x33,0x33,0x33,0x33,0x33,0x33,0x33,0x33,0x33,0x33,0x33,0x33,0x33,0x33,0x33,0x33,0x33,0x33,0x33,0x33,
  0x33,0x33,0x33,0x33,0x33,0x33,0x33,0x33,0x33,0x33,0x33,0x33,0x33,0x33,0x22,0x52,0x19,0xab,0xbb,0xbb,
  0xbb,0xbb,0xbb,0xbb,0xbb,0xbb,0xbb,0xbb,0xbb,0xbb,0xbb,0xa9,0x02,0x43,0x33,0x33,0x33,0x33,0x33,0x33,
  0x33,0x33,0x33,0x33,0x33,0x33,0x33,0x33,0x33,0x33,0x33,0x33,0x33,0x33,0x33,0x33,0x33,0x33,0x33,0x33,
  0x33,0x33,0x33,0x33,0x33,0x33,0x33,0x33,0x33,0x33,0x33,0x33,0x33,0x33,0x33,0x33,0x33,0x33,0x33,0x33,
  0x33,0x33,0x33,0x33,0x33,0x33,0x33,0x33,0x33,0x33,0x33,0x33,0x33,0x33,0x33,0x33,0x33,0x33,0x33,0x33,
  0x33,0x33,0x33,0x33,0x33,0x33,0x33,0x33,0x33,0x34,0x31,0x09,0xbc,0xcc,0xcc,0xcc,0xcc,0xcc,0xcc,0xcc,
  0xcc,0xcc,0xcc,0xcc,0xcc,0xcc,0xcc,0xcc,0xb9,0x04,0x33,0x33,0x33,0x33,0x33,0x33,0x33,0x33,0x33,0x33,
  0x33,0x33,0x33,0x33,0x33,0x33,0x33,0x33,0x33,0x33,0x33,0x33,0x33,0x33,0x33,0x33,0x33,0x33,0x33,0x33,
  0x33,0x33,0x33,0x33,0x33,0x33,0x33,0x33,0x33,0x33,0x33,0x33,0x33,0x33,0x33,0x33,0x33,0x33,0x33,0x33,
  0x33,0x33,0x33,0x33,0x33,0x33,0x33,0x33,0x33,0x33,0x33,0x33,0x33,0x33,0x33,0x33,0x33,0x33,0x33,0x33,
  0x33,0x33,0x33,0x33,0x33,0x33,0x50,0xab,0xcc,0xbc,0xbb,0xcc,0xcc,0xcc,0xcc,0xcc,0xcc,0xcc,0xcc,0xcc,
  0xcc,0xcc,0xcc,0xdd,0xdc,0xa0,0x53,0x33,0x33,0x33,0x33,0x33,0x33,0x33,0x33,0x33,0x33,0x33,0x33,0x33,
  0x33,0x33,0x33,0x33,0x33,0x33,0x33,0x33,0x33,0x33,0x33,0x33,0x33,0x33,0x33,0x33,0x33,0x33,0x33,0x33,
  0x33,0x33,0x33,0x33,0x33,0x33,0x33,0x33,0x33,0x33,0x33,0x33,0x33,0x33,0x33,0x33,0x33,0x33,0x33,0x33,
  0x33,0x33,0x33,0x33,0x33,0x33,0x33,0x33,0x33,0x33,0x33,0x33,0x33,0x33,0x33,0x33,0x33,0x33,0x33,0x33,
  0x33,0x35,0x09,0xbc,0xbb,0xbb,0xbb,0xbb,0xbc,0xcc,0xcc,0xcc,0xcc,0xcc,0xcc,0xcc,0xcc,0xcc,0xdd,0xdd,
  0xdd,0xd9,0x25,0x33,0x33,0x33,0x33,0x33,0x33,0x33,0x33,0x33,0x33,0x33,0x33,0x33,0x33,0x33,0x33,0x33,
  0x33,0x33,0x33,0x33,0x33,0x33,0x33,0x33,0x33,0x33,0x33,0x33,0x33,0x33,0x33,0x33,0x33,0x33,0x33,0x33,
  0x33,0x33,0x33,0x33,0x33,0x33,0x33,0x33,0x33,0x33,0x33,0x33,0x33,0x33,0x33,0x33,0x33,0x33,0x33,0x33,
  0x33,0x33,0x33,0x33,0x33,0x33,0x33,0x33,0x33,0x33,0x33,0x33,0x33,0x33,0x33,0x33,0x33,0x33,0x0b,0xcc,
  0xbb,0xbb,0xbb,0xbc,0xcc,0xcc,0xcc,0xcc,0xcc,0xcc,0xcc,0xcc,0xcd,0xdd,0xdd,0xdd,0xdd,0xfb,0x05,0x43,
  0x33,0x33,0x33,0x33,0x33,0x33,0x33,0x33,0x33,0x33,0x33,0x33,0x33,0x33,0x33,0x33,0x33,0x33,0x33,0x33,
  0x33,0x33,0x33,0x33,0x33,0x33,0x33,0x33,0x33,0x33,0x33,0x33,0x33,0x33,0x33,0x33,0x33,0x33,0x33,0x33,
  0x33,0x33,0x33,0x33,0x33,0x33,0x33,0x33,0x33,0x33,0x33,0x33,0x33,0x33,0x33,0x33,0x33,0x33,0x33,0x33,
  0x33,0x33,0x33,0x33,0x33,0x33,0x33,0x33,0x33,0x33,0x33,0x33,0x33,0x40,0x9c,0xcc,0xbb,0xbb,0xbc,0xcc,
  0xcc,0xdd,0xdd,0xcd,0xcc,0xcc,0xdd,0xdd,0xdd,0xdd,0xdd,0xdd,0xdf,0xfd,0x14,0x43,0x33,0x33,0x33,0x33,
  0x33,0x33,0x33,0x33,0x33,0x33,0x33,0x33,0x33,0x33,0x33,0x33,0x33,0x33,0x33,0x33,0x33,0x33,0x33,0x33,
  0x33,0x33,0x33,0x33,0x33,0x33,0x33,0x33,0x33,0x33,0x33,0x33,0x33,0x33,0x33,0x33,0x33,0x33,0x33,0x33,
  0x33,0x33,0x33,0x33,0x33,0x33,0x33,0x33,0x33,0x33,0x33,0x33,0x33,0x33,0x33,0x33,0x33,0x33,0x33,0x33,
  0x33,0x33,0x33,0x33,0x33,0x33,0x33,0x33,0x33,0x40,0xac,0xcc,0xbb,0xbc,0xcc,0xcc,0xdd,0xdd,0xdd,0xdd,
  0xdd,0xdd,0xdd,0xdd,0xdd,0xdd,0xdd,0xdd,0xdf,0xfd,0xa0,0x53,0x33,0x33,0x33,0x33,0x33,0x33,0x33,0x33,
  0x33,0x33,0x33,0x33,0x33,0x33,0x33,0x33,0x33,0x33,0x33,0x33,0x33,0x33,0x33,0x33,0x33,0x33,0x33,0x33,
  0x33,0x33,0x33,0x33,0x33,0x33,0x33,0x33,0x33,0x33,0x33,0x33,0x33,0x33,0x33,0x33,0x33,0x33,0x33,0x33,
  0x33,0x33,0x33,0x33,0x33,0x33,0x33,0x33,0x33,0x33,0x33,0x33,0x33,0x33,0x33,0x33,0x33,0x33,0x33,0x33,
  0x33,0x33,0x33,0x33,0x33,0x40,0xbc,0xcc,0xbb,0xbc,0xcc,0xdd,0xdd,0xdd,0xdd,0xdd,0xdd,0xdd,0xdd,0xdd,
  0xdd,0xdd,0xdd,0xff,0xff,0xff,0xb0,0x53,0x33,0x33,0x33,0x33,0x33,0x33,0x33,0x33,0x33,0x33,0x33,0x33,
  0x33,0x33,0x33,0x33,0x33,0x33,0x33,0x33,0x33,0x33,0x33,0x33,0x33,0x33,0x33,0x33,0x33,0x33,0x33,0x33,
  0x33,0x33,0x33,0x33,0x33,0x33,0x33,0x33,0x33,0x33,0x33,0x33,0x33,0x33,0x33,0x33,0x33,0x33,0x33,0x33,
  0x33,0x33,0x33,0x33,0x33,0x33,0x33,0x33,0x33,0x33,0x33,0x33,0x33,0x33,0x33,0x33,0x33,0x33,0x33,0x33,
  0x33,0x30,0xbc,0xcc,0xcb,0xcc,0xcc,0xdd,0xdd,0xdd,0xdd,0xdd,0xdd,0xdd,0xdd,0xdd,0xdd,0xdd,0xdf,0xff,
  0xff,0xff,0xb0,0x53,0x33,0x33,0x33,0x33,0x33,0x33,0x33,0x33,0x33,0x33,0x33,0x33,0x33,0x33,0x33,0x33,
  0x33,0x33,0x33,0x33,0x33,0x33,0x33,0x33,0x33,0x33,0x33,0x33,0x33,0x33,0x33,0x33,0x33,0x33,0x33,0x33,
  0x33,0x33,0x33,0x33,0x33,0x33,0x33,0x33,0x33,0x33,0x33,0x33,0x33,0x33,0x33,0x33,0x33,0x33,0x33,0x33,
  0x33,0x33,0x33,0x33,0x33,0x33,0x33,0x33,0x33,0x33,0x33,0x33,0x33,0x33,0x33,0x33,0x33,0x40,0xbd,0xcc,
  0xcc,0xcc,0xdd,0xdd,0xdd,0xdd,0xdd,0xdd,0xdd,0xdd,0xdd,0xdd,0xdd,0xdd,0xff,0xff,0xff,0xff,0xb0,0x53,
  0x33,0x33,0x33,0x33,0x33,0x33,0x33,0x33,0x33,0x33,0x33,0x33,0x33,0x33,0x33,0x33,0x33,0x33,0x33,0x33,
  0x33,0x33,0x33,0x33,0x33,0x33,0x33,0x33,0x33,0x33,0x33,0x33,0x33,0x33,0x33,0x33,0x33,0x33,0x33,0x33,
  0x33,0x33,0x33,0x33,0x33,0x33,0x33,0x33,0x33,0x33,0x33,0x33,0x33,0x33,0x33,0x33,0x33,0x33,0x33,0x33,
  0x33,0x33,0x33,0x33,0x33,0x33,0x33,0x33,0x33,0x33,0x33,0x33,0x33,0x40,0xbd,0xcc,0xcc,0xcd,0xdd,0xdd,
  0xdd,0xdd,0xdd,0xdd,0xdd,0xdd,0xdd,0xdd,0xdd,0xdf,0xff,0xff,0xff,0xff,0xb0,0x53,0x33,0x33,0x33,0x33,
  0x33,0x33,0x33,0x33,0x33,0x33,0x33,0x33,0x33,0x33,0x33,0x33,0x33,0x33,0x33,0x33,0x33,0x33,0x33,0x33,
  0x33,0x33,0x33,0x33,0x33,0x33,0x33,0x33,0x33,0x33,0x33,0x33,0x33,0x33,0x33,0x33,0x33,0x33,0x33,0x33,
  0x33,0x33,0x33,0x33,0x33,0x33,0x33,0x33,0x33,0x33,0x33,0x33,0x33,0x33,0x33,0x33,0x33,0x33,0x33,0x33,
  0x33,0x33,0x33,0x33,0x33,0x33,0x33,0x33,0x33,0x40,0xbd,0xdc,0xcc,0xcd,0xdd,0xdd,0xdd,0xdd,0xdd,0xdd,
  0xdd,0xdd,0xdd,0xdd,0xdd,0xff,0xff,0xff,0xff,0xff,0xb0,0x53,0x33,0x33,0x33,0x33,0x33,0x33,0x33,0x33,
  0x33,0x33,0x33,0x33,0x33,0x33,0x33,0x33,0x33,0x33,0x33,0x33,0x33,0x33,0x33,0x33,0x33,0x33,0x33,0x33,
  0x33,0x33,0x33,0x33,0x33,0x33,0x33,0x33,0x33,0x33,0x33,0x33,0x33,0x33,0x33,0x33,0x33,0x33,0x33,0x33,
  0x33,0x33,0x33,0x33,0x33,0x33,0x33,0x33,0x33,0x33,0x33,0x33,0x33,0x33,0x33,0x33,0x33,0x33,0x33,0x33,
  0x33,0x33,0x33,0x33,0x33,0x40,0xbd,0xdd,0xcc,0xdd,0xdd,0xdd,0xdd,0xdd,0xdd,0xdd,0xdd,0xdd,0xdd,0xdd,
  0xff,0xff,0xff,0xff,0xff,0xff,0xa0,0x53,0x33,0x33,0x33,0x33,0x33,0x33,0x33,0x33,0x33,0x33,0x33,0x33,
  0x33,0x33,0x33,0x33,0x33,0x33,0x33,0x33,0x33,0x33,0x33,0x33,0x33,0x33,0x33,0x33,0x33,0x33,0x33,0x33,
  0x33,0x33,0x33,0x33,0x33,0x33,0x33,0x33,0x33,0x33,0x33,0x33,0x33,0x33,0x33,0x33,0x33,0x33,0x33,0x33,
  0x33,0x33,0x33,0x33,0x33,0x33,0x33,0x33,0x33,0x33,0x33,0x33,0x33,0x33,0x33,0x33,0x33,0x33,0x33,0x33,
  0x33,0x10,0xad,0xdd,0xdd,0xdd,0xdd,0xdd,0xdd,0xdd,0xdd,0xff,0xff,0xff,0xff,0xff,0xff,0xff,0xff,0xff,
  0xff,0xff,0xa0,0x23,0x33,0x33,0x33,0x33,0x33,0x33,0x33,0x33,0x33,0x33,0x33,0x33,0x33,0x33,0x33,0x33,
  0x33,0x33,0x33,0x33,0x33,0x33,0x33,0x33,0x33,0x33,0x33,0x33,0x33,0x33,0x33,0x33,0x33,0x33,0x33,0x33,
  0x33,0x33,0x33,0x33,0x33,0x33,0x33,0x33,0x33,0x33,0x33,0x33,0x33,0x33,0x33,0x33,0x33,0x33,0x33,0x33,
  0x33,0x33,0x33,0x33,0x33,0x33,0x33,0x33,0x33,0x33,0x33,0x33,0x33,0x33,0x33,0x33,0x33,0x32,0x9d,0xdd,
  0xdd,0xdd,0xdd,0xff,0xff,0xff,0xff,0xff,0xff,0xff,0xff,0xff,0xff,0xff,0xff,0xff,0xff,0xfd,0x02,0x23,
  0x33,0x33,0x33,0x33,0x33,0x33,0x33,0x33,0x33,0x33,0x33,0x33,0x33,0x33,0x33,0x33,0x33,0x33,0x33,0x33,
  0x33,0x33,0x33,0x33,0x33,0x33,0x33,0x33,0x33,0x33,0x33,0x33,0x33,0x33,0x33,0x33,0x33,0x33,0x33,0x33,
  0x33,0x33,0x33,0x33,0x33,0x33,0x33,0x33,0x33,0x33,0x33,0x33,0x33,0x33,0x33,0x33,0x33,0x33,0x33,0x33,
  0x33,0x33,0x33,0x33,0x33,0x33,0x33,0x33,0x33,0x33,0x33,0x33,0x33,0x35,0x0b,0xfd,0xff,0xff,0xff,0xff,
  0xff,0xff,0xff,0xff,0xff,0xff,0xff,0xff,0xff,0xff,0xff,0xff,0xff,0xfb,0x05,0x23,0x33,0x33,0x33,0x33,
  0x33,0x33,0x33,0x33,0x33,0x33,0x33,0x33,0x33,0x33,0x33,0x33,0x33,0x33,0x33,0x33,0x33,0x33,0x33,0x33,
  0x33,0x33,0x33,0x33,0x33,0x33,0x33,0x33,0x33,0x33,0x33,0x33,0x33,0x33,0x33,0x33,0x33,0x33,0x33,0x33,
  0x33,0x33,0x33,0x33,0x33,0x33,0x33,0x33,0x33,0x33,0x33,0x33,0x33,0x33,0x33,0x33,0x33,0x33,0x33,0x33,
  0x33,0x33,0x33,0x33,0x33,0x33,0x33,0x33,0x33,0x33,0x29,0xdf,0xff,0xff,0xff,0xff,0xff,0xff,0xff,0xff,
  0xff,0xff,0xff,0xff,0xff,0xff,0xff,0xff,0xff,0xd9,0x44,0x43,0x33,0x33,0x33,0x33,0x33,0x33,0x33,0x33,
  0x33,0x33,0x33,0x33,0x33,0x33,0x33,0x33,0x33,0x33,0x33,0x33,0x33,0x33,0x33,0x33,0x33,0x33,0x33,0x33,
  0x33,0x33,0x33,0x33,0x33,0x33,0x33,0x33,0x33,0x33,0x33,0x33,0x33,0x33,0x33,0x33,0x33,0x33,0x33,0x33,
  0x33,0x33,0x33,0x33,0x33,0x33,0x33,0x33,0x33,0x33,0x33,0x33,0x33,0x33,0x33,0x33,0x33,0x33,0x33,0x33,
  0x33,0x33,0x33,0x33,0x33,0x33,0x40,0x9d,0xff,0xff,0xff,0xff,0xff,0xff,0xff,0xff,0xff,0xff,0xff,0xff,
  0xff,0xff,0xff,0xff,0xfd,0x91,0x44,0x43,0x33,0x33,0x33,0x33,0x33,0x33,0x33,0x33,0x33,0x33,0x33,0x33,
  0x33,0x33,0x33,0x33,0x33,0x33,0x33,0x33,0x33,0x33,0x33,0x33,0x33,0x33,0x33,0x33,0x33,0x33,0x33,0x33,
  0x33,0x33,0x33,0x33,0x33,0x33,0x33,0x33,0x33,0x33,0x33,0x33,0x33,0x33,0x33,0x33,0x33,0x33,0x33,0x33,
  0x33,0x33,0x33,0x33,0x33,0x33,0x33,0x33,0x33,0x33,0x33,0x33,0x33,0x33,0x33,0x33,0x33,0x33,0x33,0x33,
  0x33,0x33,0x34,0x00,0xab,0xdd,0xdd,0xff,0xff,0xff,0xff,0xff,0xff,0xff,0xff,0xff,0xff,0xff,0xff,0xdd,
  0xb0,0x15,0x33,0x33,0x33,0x33,0x33,0x33,0x33,0x33,0x33,0x33,0x33,0x33,0x33,0x33,0x33,0x33,0x33,0x33,
  0x33,0x33,0x33,0x33,0x33,0x33,0x33,0x33,0x33,0x33,0x33,0x33,0x33,0x33,0x33,0x33,0x33,0x33,0x33,0x33,
  0x33,0x33,0x33,0x33,0x33,0x33,0x33,0x33,0x33,0x33,0x33,0x33,0x33,0x33,0x33,0x33,0x33,0x33,0x33,0x33,
  0x33,0x33,0x33,0x33,0x33,0x33,0x33,0x33,0x33,0x33,0x33,0x33,0x33,0x33,0x33,0x33,0x33,0x33,0x33,0x45,
  0x00,0x00,0x00,0xdf,0xff,0xff,0xff,0xff,0xff,0xff,0xff,0xff,0xff,0xb0,0x00,0x00,0x04,0x42,0x33,0x33,
  0x33,0x33,0x33,0x33,0x33,0x33,0x33,0x33,0x33,0x33,0x33,0x33,0x33,0x33,0x33,0x33,0x33,0x33,0x33,0x33,
  0x33,0x33,0x33,0x33,0x33,0x33,0x33,0x33,0x33,0x33,0x33,0x33,0x33,0x33,0x33,0x33,0x33,0x33,0x33,0x33,
  0x33,0x33,0x33,0x33,0x33,0x33,0x33,0x33,0x33,0x33,0x33,0x33,0x33,0x33,0x33,0x33,0x33,0x33,0x33,0x33,
  0x33,0x33,0x33,0x33,0x33,0x33,0x33,0x33,0x33,0x33,0x33,0x33,0x33,0x33,0x33,0x35,0x55,0x55,0x51,0xdf,
  0xff,0xff,0xff,0xff,0xff,0xff,0xff,0xff,0xff,0xb0,0x55,0x55,0x51,0x13,0x33,0x33,0x33,0x33,0x33,0x33,
  0x33,0x33,0x33,0x33,0x33,0x33,0x33,0x33,0x33,0x33,0x33,0x33,0x33,0x33,0x33,0x33,0x33,0x33,0x33,0x33,
  0x33,0x33,0x33,0x33,0x33,0x33,0x33,0x33,0x33,0x33,0x33,0x33,0x33,0x33,0x33,0x33,0x33,0x33,0x33,0x33,
  0x33,0x33,0x33,0x33,0x33,0x33,0x33,0x33,0x33,0x33,0x33,0x33,0x33,0x33,0x33,0x33,0x33,0x33,0x33,0x33,
  0x33,0x33,0x33,0x33,0x33,0x33,0x33,0x33,0x33,0x33,0x33,0x33,0x55,0x51,0x00,0xdf,0xff,0xff,0xff,0xff,
  0xff,0xff,0xff,0xff,0xff,0xa0,0x55,0x52,0x23,0x33,0x33,0x33,0x33,0x33,0x33,0x33,0x33,0x33,0x33,0x33,
  0x33,0x33,0x33,0x33,0x33,0x33,0x33,0x33,0x33,0x33,0x33,0x33,0x33,0x33,0x33,0x33,0x33,0x33,0x33,0x33,
  0x33,0x33,0x33,0x33,0x33,0x33,0x33,0x33,0x33,0x33,0x33,0x33,0x33,0x33,0x33,0x33,0x33,0x33,0x33,0x33,
  0x33,0x33,0x33,0x33,0x33,0x33,0x33,0x33,0x33,0x33,0x33,0x33,0x33,0x33,0x33,0x33,0x33,0x33,0x33,0x33,
  0x33,0x33,0x33,0x33,0x33,0x33,0x34,0x32,0x00,0x09,0xab,0xdd,0xdd,0xdd,0xdd,0xdd,0xdd,0xdd,0xff,0xff,
  0xff,0xb9,0x10,0x02,0x55,0x53,0x33,0x33,0x33,0x33,0x33,0x33,0x33,0x33,0x34,0x55,0x55,0x43,0x33,0x44,
  0x43,0x33,0x33,0x33,0x33,0x33,0x33,0x33,0x33,0x33,0x33,0x33,0x33,0x33,0x33,0x33,0x33,0x33,0x33,0x33,
  0x33,0x33,0x33,0x33,0x33,0x33,0x33,0x33,0x33,0x33,0x33,0x33,0x33,0x33,0x33,0x33,0x33,0x33,0x33,0x33,
  0x33,0x33,0x33,0x33,0x33,0x33,0x33,0x33,0x33,0x33,0x33,0x33,0x33,0x33,0x33,0x33,0x33,0x33,0x33,0x33,
  0x33,0x14,0x20,0x01,0xab,0xbc,0xdd,0xdd,0xdd,0xcc,0xdc,0xdd,0xdd,0xcd,0xdd,0xdd,0xdd,0xdd,0xdb,0xb9,
  0x00,0x25,0x54,0x32,0x33,0x33,0x33,0x33,0x22,0x32,0x42,0x00,0x00,0x25,0x43,0x44,0x43,0x33,0x33,0x33,
  0x33,0x33,0x33,0x33,0x33,0x33,0x33,0x33,0x33,0x33,0x33,0x33,0x33,0x33,0x33,0x33,0x33,0x33,0x33,0x33,
  0x33,0x33,0x33,0x33,0x33,0x33,0x33,0x33,0x33,0x33,0x33,0x33,0x33,0x33,0x33,0x33,0x33,0x33,0x33,0x33,
  0x33,0x33,0x33,0x33,0x33,0x33,0x33,0x33,0x33,0x33,0x33,0x33,0x33,0x33,0x33,0x41,0x11,0x00,0x9a,0xbb,
  0xdd,0xdd,0xcc,0xcc,0xcc,0xcc,0xcc,0xcc,0xcc,0xcc,0xcc,0xcc,0xdd,0xdd,0xdd,0xdd,0xcb,0x90,0x00,0x32,
  0x23,0x33,0x33,0x33,0x23,0x32,0x09,0xab,0xcb,0x80,0x25,0x11,0x13,0x33,0x33,0x33,0x33,0x33,0x33,0x33,
  0x33,0x33,0x33,0x33,0x33,0x33,0x33,0x33,0x33,0x33,0x33,0x33,0x33,0x33,0x33,0x33,0x33,0x33,0x33,0x33,
  0x33,0x33,0x33,0x33,0x33,0x33,0x33,0x33,0x33,0x33,0x33,0x33,0x33,0x33,0x33,0x33,0x33,0x33,0x33,0x33,
  0x33,0x33,0x33,0x33,0x33,0x33,0x33,0x33,0x33,0x33,0x34,0x42,0x09,0xab,0xbc,0xcc,0xcc,0xcc,0xcc,0xcc,
  0xcc,0xcc,0xcc,0xcc,0xcc,0xcc,0xcc,0xcc,0xcc,0xcc,0xcc,0xcd,0xdd,0xdb,0xa9,0x02,0x55,0x33,0x33,0x32,
  0x22,0x52,0x9b,0xee,0xee,0xeb,0x92,0x11,0x13,0x33,0x33,0x33,0x33,0x33,0x33,0x33,0x33,0x33,0x33,0x33,
  0x33,0x33,0x33,0x33,0x33,0x33,0x33,0x33,0x33,0x33,0x33,0x33,0x33,0x33,0x33,0x33,0x33,0x33,0x33,0x33,
  0x33,0x33,0x33,0x33,0x33,0x33,0x33,0x33,0x33,0x33,0x33,0x33,0x33,0x33,0x33,0x33,0x33,0x33,0x33,0x33,
  0x33,0x33,0x33,0x33,0x33,0x33,0x20,0x09,0xab,0xcc,0xcc,0xcc,0xcc,0xcb,0xbb,0xcc,0xcc,0xcc,0xcc,0xcc,
  0xcc,0xcc,0xcc,0xcc,0xcc,0xcc,0xcc,0xcd,0xdd,0xdd,0xdc,0xba,0x00,0x55,0x33,0x33,0x22,0x59,0xce,0xee,
  0xee,0xee,0xca,0x01,0x11,0x12,0x22,0x22,0x33,0x33,0x33,0x33,0x33,0x33,0x33,0x33,0x33,0x33,0x33,0x33,
  0x33,0x33,0x33,0x33,0x33,0x33,0x33,0x33,0x33,0x33,0x33,0x33,0x33,0x33,0x33,0x33,0x33,0x33,0x33,0x33,
  0x33,0x33,0x33,0x33,0x33,0x33,0x33,0x33,0x33,0x33,0x33,0x33,0x33,0x33,0x33,0x33,0x33,0x33,0x33,0x44,
  0x22,0x30,0x09,0xbb,0xcc,0xcc,0xcb,0xcc,0xcc,0xcc,0xbc,0xcc,0xcc,0xcc,0xcc,0xcc,0xdc,0xcc,0xcc,0xcc,
  0xcc,0xcc,0xcc,0xcc,0xcc,0xdd,0xdd,0xdd,0xba,0x00,0x55,0x14,0x22,0x0b,0xee,0xec,0xce,0xee,0xee,0xa0,
  0x22,0x11,0x22,0x22,0x33,0x33,0x33,0x33,0x33,0x33,0x33,0x33,0x33,0x33,0x33,0x33,0x33,0x33,0x33,0x33,
  0x33,0x33,0x33,0x33,0x33,0x33,0x33,0x33,0x33,0x33,0x33,0x33,0x33,0x33,0x33,0x33,0x33,0x33,0x33,0x33,
  0x33,0x33,0x33,0x33,0x33,0x33,0x33,0x33,0x33,0x33,0x33,0x33,0x33,0x33,0x33,0x34,0x30,0x09,0xbb,0xcc,
  0xcb,0xbb,0xbb,0xbc,0xcc,0xcc,0xcc,0xcc,0xdc,0xcc,0xdc,0xdd,0xdd,0xdd,0xdc,0xcc,0xcc,0xdd,0xcc,0xcc,
  0xcc,0xcc,0xcd,0xdd,0xdd,0xba,0x02,0x54,0x10,0xae,0xee,0xee,0xee,0xee,0xee,0xeb,0x13,0x14,0x12,0x22,
  0x33,0x33,0x33,0x33,0x33,0x33,0x33,0x33,0x33,0x33,0x33,0x33,0x33,0x33,0x33,0x33,0x33,0x33,0x33,0x33,
  0x33,0x33,0x33,0x33,0x33,0x33,0x33,0x33,0x33,0x33,0x33,0x33,0x33,0x33,0x33,0x33,0x33,0x33,0x33,0x33,
  0x33,0x33,0x33,0x33,0x33,0x33,0x33,0x33,0x33,0x33,0x31,0x14,0x09,0xbb,0xcc,0xcb,0xbb,0xbb,0xbb,0xcc,
  0xcc,0xcc,0xcc,0xcd,0xdd,0xdd,0xdd,0xdd,0xdd,0xdd,0xdd,0xdc,0xdd,0xdd,0xdd,0xdc,0xcc,0xcc,0xcc,0xdd,
  0xdd,0xdd,0xb9,0x05,0x26,0xee,0xee,0xee,0xee,0xee,0xee,0xee,0xb9,0x54,0x22,0x22,0x33,0x33,0x33,0x33,
  0x33,0x33,0x33,0x33,0x33,0x33,0x33,0x33,0x33,0x33,0x33,0x33,0x33,0x33,0x33,0x33,0x33,0x33,0x33,0x33,
  0x33,0x33,0x33,0x33,0x33,0x33,0x33,0x33,0x33,0x33,0x33,0x33,0x33,0x33,0x33,0x33,0x33,0x33,0x33,0x33,
  0x33,0x33,0x33,0x33,0x33,0x32,0x31,0x11,0xab,0xcc,0xcb,0xbb,0xbb,0xbb,0xbc,0xcc,0xcd,0xdd,0xdd,0xdd,
  0xdd,0xdd,0xdd,0xdd,0xdd,0xdd,0xdd,0xdd,0xdd,0xdd,0xdd,0xdd,0xdd,0xdc,0xcc,0xdd,0xdd,0xdd,0xdd,0xb0,
  0x0b,0xee,0xee,0xee,0xee,0xee,0xee,0xee,0xec,0x92,0x23,0x13,0x33,0x33,0x33,0x33,0x33,0x33,0x33,0x33,
  0x33,0x33,0x33,0x33,0x33,0x33,0x33,0x33,0x33,0x33,0x33,0x33,0x33,0x33,0x33,0x33,0x33,0x33,0x33,0x33,
  0x33,0x33,0x33,0x33,0x33,0x33,0x33,0x33,0x33,0x33,0x33,0x33,0x33,0x33,0x33,0x33,0x33,0x33,0x33,0x33,
  0x33,0x32,0x20,0x9b,0xcc,0xcb,0xbb,0xbb,0xbb,0xbc,0xcc,0xcd,0xdd,0xdc,0xdd,0xdd,0xdd,0xdd,0xdd,0xdd,
  0xdd,0xdd,0xdd,0xdd,0xdd,0xdd,0xdd,0xdd,0xdd,0xdd,0xdd,0xdd,0xdd,0xdd,0xdd,0xdc,0x9b,0xee,0xee,0xee,
  0xee,0xee,0xee,0xee,0xee,0xc9,0x31,0x14,0x33,0x33,0x33,0x33,0x33,0x33,0x33,0x33,0x33,0x33,0x33,0x33,
  0x33,0x33,0x33,0x33,0x33,0x33,0x33,0x33,0x33,0x33,0x33,0x33,0x33,0x33,0x33,0x33,0x33,0x33,0x33,0x33,
  0x33,0x33,0x33,0x33,0x33,0x33,0x33,0x33,0x33,0x33,0x33,0x33,0x33,0x33,0x33,0x33,0x33,0x42,0x1a,0xbc,
  0xcb,0xbb,0xbb,0xbb,0xcc,0xcc,0xcd,0xdd,0xdd,0xdd,0xdd,0xdd,0xdd,0xdd,0xdd,0xdd,0xdd,0xdd,0xdd,0xdd,
  0xdd,0xdd,0xdd,0xdd,0xdd,0xdd,0xdd,0xdd,0xdd,0xdd,0xdd,0xdd,0xdb,0xee,0xee,0xee,0xee,0xee,0xee,0xee,
  0xee,0xeb,0x14,0x14,0x33,0x33,0x33,0x33,0x33,0x33,0x33,0x33,0x33,0x33,0x33,0x33,0x33,0x33,0x33,0x33,
  0x33,0x33,0x33,0x33,0x33,0x33,0x33,0x33,0x33,0x33,0x33,0x33,0x33,0x33,0x33,0x33,0x33,0x33,0x33,0x33,
  0x33,0x33,0x33,0x33,0x33,0x33,0x33,0x33,0x33,0x33,0x33,0x33,0x34,0x09,0xbc,0xcc,0xbb,0xbb,0xbb,0xcc,
  0xcc,0xcc,0xdd,0xdd,0xdd,0xdd,0xdd,0xdd,0xdd,0xdd,0xdd,0xdd,0xdd,0xdd,0xdd,0xdd,0xdd,0xdd,0xdd,0xdd,
  0xdd,0xdd,0xdd,0xdd,0xdd,0xcd,0xdd,0xdd,0xdd,0xde,0xee,0xee,0xee,0xee,0xee,0xee,0xee,0xee,0xa0,0x14,
  0x33,0x33,0x33,0x33,0x33,0x33,0x33,0x33,0x33,0x33,0x33,0x33,0x33,0x33,0x33,0x33,0x33,0x33,0x33,0x33,
  0x33,0x33,0x33,0x33,0x33,0x33,0x33,0x33,0x33,0x33,0x33,0x33,0x33,0x33,0x33,0x33,0x33,0x33,0x33,0x33,
  0x33,0x33,0x33,0x33,0x33,0x33,0x33,0x31,0x10,0x9b,0xcc,0xcb,0xbb,0xbb,0xbc,0xcc,0xcc,0xdd,0xdd,0xdd,
  0xdd,0xdd,0xdd,0xdd,0xff,0xff,0xff,0xff,0xff,0xff,0xdd,0xdd,0xdd,0xdd,0xdd,0xdd,0xdd,0xdd,0xdd,0xdd,
  0xdd,0xdd,0xdd,0xdd,0xdd,0xfd,0xee,0xee,0xee,0xee,0xee,0xee,0xee,0xee,0xc0,0x14,0x33,0x33,0x33,0x33,
  0x33,0x33,0x33,0x33,0x33,0x33,0x33,0x33,0x33,0x33,0x33,0x33,0x33,0x33,0x33,0x33,0x33,0x33,0x33,0x33,
  0x33,0x33,0x33,0x33,0x33,0x33,0x33,0x33,0x33,0x33,0x33,0x33,0x33,0x33,0x33,0x33,0x33,0x33,0x33,0x33,
  0x33,0x33,0x33,0x34,0x0a,0xbc,0xbb,0xbb,0xbb,0xbc,0xcc,0xcd,0xdd,0xdd,0xdd,0xdd,0xdd,0xff,0xff,0xff,
  0xff,0xff,0xff,0xff,0xff,0xff,0xff,0xff,0xff,0xdd,0xdd,0xdd,0xdd,0xdd,0xdd,0xdd,0xdd,0xdd,0xdd,0xdd,
  0xdd,0xdf,0xde,0xee,0xee,0xee,0xee,0xee,0xee,0xee,0xc0,0x22,0x33,0x33,0x33,0x33,0x33,0x33,0x33,0x33,
  0x33,0x33,0x33,0x33,0x33,0x33,0x33,0x33,0x33,0x33,0x33,0x33,0x33,0x33,0x33,0x33,0x33,0x33,0x33,0x33,
  0x33,0x33,0x33,0x33,0x33,0x33,0x33,0x33,0x33,0x33,0x33,0x33,0x33,0x33,0x33,0x33,0x33,0x33,0x33,0x20,
  0xbc,0xcb,0xbb,0xbb,0xbb,0xcc,0xcd,0xdd,0xdd,0xdd,0xdd,0xdf,0xff,0xff,0xff,0xff,0xff,0xff,0xff,0xff,
  0xff,0xff,0xff,0xff,0xff,0xff,0xdd,0xdd,0xdd,0xdd,0xdd,0xdd,0xdd,0xdd,0xdd,0xdd,0xdd,0xdd,0xff,0xee,
  0xee,0xee,0xee,0xee,0xee,0xee,0xb0,0x52,0x33,0x33,0x33,0x33,0x33,0x33,0x33,0x33,0x33,0x33,0x33,0x33,
  0x33,0x33,0x33,0x33,0x33,0x33,0x33,0x33,0x33,0x33,0x33,0x33,0x33,0x33,0x33,0x33,0x33,0x33,0x33,0x33,
  0x33,0x33,0x33,0x33,0x33,0x33,0x33,0x33,0x33,0x33,0x33,0x33,0x33,0x33,0x51,0x1b,0xcc,0xcb,0xbb,0xbb,
  0xcc,0xcc,0xdd,0xdd,0xdd,0xdd,0xff,0xff,0xff,0xff,0xff,0xff,0xfd,0xdc,0xbb,0xbb,0xbb,0xbb,0xcc,0xdd,
  0xff,0xff,0xff,0xff,0xdd,0xdd,0xdd,0xdd,0xdd,0xdd,0xdd,0xdd,0xdd,0xdd,0xdf,0xff,0xee,0xee,0xee,0xee,
  0xee,0xee,0xa0,0x53,0x33,0x33,0x33,0x33,0x33,0x33,0x33,0x33,0x33,0x33,0x33,0x33,0x33,0x33,0x33,0x33,
  0x33,0x33,0x33,0x33,0x33,0x33,0x33,0x33,0x33,0x33,0x33,0x33,0x33,0x33,0x33,0x33,0x33,0x33,0x33,0x33,
  0x33,0x33,0x33,0x33,0x33,0x33,0x33,0x33,0x33,0x34,0x31,0xbc,0xcc,0xbb,0xbb,0xbc,0xcc,0xdd,0xdd,0xdd,
  0xdd,0xdf,0xff,0xff,0xff,0xff,0xdc,0xbb,0xba,0xaa,0xaa,0xaa,0xaa,0xaa,0xaa,0xaa,0xbb,0xbd,0xdf,0xff,
  0xfd,0xdd,0xdd,0xdd,0xdd,0xdd,0xdd,0xdd,0xdd,0xdd,0xdd,0xff,0xff,0xee,0xee,0xee,0xee,0xec,0x05,0x33,
  0x33,0x33,0x33,0x33,0x33,0x33,0x33,0x33,0x33,0x33,0x33,0x33,0x33,0x33,0x33,0x33,0x33,0x33,0x33,0x33,
  0x33,0x33,0x33,0x33,0x33,0x33,0x33,0x33,0x33,0x33,0x33,0x33,0x33,0x33,0x33,0x33,0x33,0x33,0x33,0x33,
  0x33,0x33,0x33,0x33,0x33,0x40,0x1b,0xcc,0xbb,0xbb,0xbc,0xcc,0xdd,0xdd,0xdd,0xdd,0xff,0xff,0xff,0xff,
  0xfd,0xcb,0xba,0xaa,0xaa,0xaa,0xaa,0xa6,0x7a,0xaa,0xaa,0xaa,0xaa,0xaa,0xbb,0xcd,0xff,0xfd,0xdd,0xdd,
  0xdd,0xdd,0xdd,0xdd,0xdd,0xdd,0xdd,0xdd,0xff,0xff,0xee,0xee,0xee,0xc9,0x25,0x33,0x33,0x33,0x33,0x33,
  0x33,0x33,0x33,0x33,0x33,0x33,0x33,0x33,0x33,0x33,0x33,0x33,0x33,0x33,0x33,0x33,0x33,0x33,0x33,0x33,
  0x33,0x33,0x33,0x33,0x33,0x33,0x33,0x33,0x33,0x33,0x33,0x33,0x33,0x33,0x33,0x33,0x33,0x33,0x33,0x33,
  0x34,0x31,0xbc,0xcb,0xbb,0xbb,0xcc,0xcd,0xdd,0xdd,0xdd,0xdf,0xff,0xff,0xff,0xfc,0xbb,0xaa,0xaa,0xa8,
  0x77,0x77,0x7a,0x00,0x6a,0xba,0x87,0x7a,0x77,0xaa,0xaa,0xab,0xbd,0xff,0xfd,0xdd,0xdd,0xdd,0xdd,0xdd,
  0xdd,0xdd,0xdd,0xdd,0xdf,0xff,0xff,0xee,0xee,0x62,0x53,0x33,0x33,0x33,0x33,0x33,0x33,0x33,0x33,0x33,
  0x33,0x33,0x33,0x33,0x33,0x33,0x33,0x33,0x33,0x33,0x33,0x33,0x33,0x33,0x33,0x33,0x33,0x33,0x33,0x33,
  0x33,0x33,0x33,0x33,0x33,0x33,0x33,0x33,0x33,0x33,0x33,0x33,0x33,0x33,0x33,0x33,0x11,0x0b,0xcc,0xbb,
  0xbb,0xbb,0xcc,0xdd,0xdd,0xdd,0xdf,0xff,0xff,0xff,0xdc,0xba,0xaa,0x77,0x77,0x77,0x77,0x77,0x87,0x09,
  0x6a,0xbb,0x77,0x77,0x77,0x88,0xaa,0xaa,0xaa,0xbd,0xff,0xfd,0xdd,0xdd,0xdd,0xdd,0xdd,0xdd,0xdd,0xdd,
  0xdd,0xff,0xfd,0xee,0xc6,0x05,0x43,0x33,0x33,0x33,0x33,0x33,0x33,0x33,0x33,0x33,0x33,0x33,0x33,0x33,
  0x33,0x33,0x33,0x33,0x33,0x33,0x33,0x33,0x33,0x33,0x33,0x33,0x33,0x33,0x33,0x33,0x33,0x33,0x33,0x33,
  0x33,0x33,0x33,0x33,0x33,0x33,0x33,0x33,0x33,0x33,0x33,0x33,0x30,0xbc,0xcc,0xbb,0xbb,0xcc,0xcd,0xdd,
  0xdd,0xdd,0xff,0xff,0xff,0xfc,0xba,0xaa,0x88,0x77,0x77,0x77,0x77,0x77,0x76,0x06,0xaa,0xbb,0x77,0x77,
  0x77,0x78,0x88,0xaa,0xaa,0xaa,0xbd,0xff,0xdd,0xdd,0xdd,0xdd,0xdd,0xdd,0xdd,0xdd,0xdd,0xdf,0xc0,0x9a,
  0x02,0x11,0x33,0x33,0x33,0x33,0x33,0x33,0x33,0x33,0x33,0x33,0x33,0x33,0x33,0x33,0x33,0x33,0x33,0x33,
  0x33,0x33,0x33,0x33,0x33,0x33,0x33,0x33,0x33,0x33,0x33,0x33,0x33,0x33,0x33,0x33,0x33,0x33,0x33,0x33,
  0x33,0x33,0x33,0x33,0x33,0x33,0x33,0x34,0x0a,0xcc,0xcb,0xbb,0xbc,0xcc,0xdd,0xdd,0xdd,0xff,0xff,0xff,
  0xfc,0xba,0xa8,0x88,0x88,0x77,0x77,0x77,0x77,0x77,0x76,0x06,0xaa,0xbb,0xa8,0x77,0x77,0x78,0x88,0x88,
  0x7a,0xaa,0xaa,0xbd,0xfd,0xdd,0xdd,0xdd,0xdd,0xdd,0xdd,0xdd,0xdd,0xdd,0xda,0x00,0x51,0x15,0x53,0x33,
  0x33,0x33,0x33,0x33,0x33,0x33,0x33,0x33,0x33,0x33,0x33,0x33,0x33,0x33,0x33,0x33,0x33,0x33,0x33,0x33,
  0x33,0x33,0x33,0x33,0x33,0x33,0x33,0x33,0x33,0x33,0x33,0x33,0x33,0x33,0x33,0x33,0x33,0x33,0x33,0x33,
  0x33,0x33,0x33,0x40,0xac,0xcc,0xbb,0xbb,0xcc,0xcd,0xdd,0xdd,0xdf,0xff,0xff,0xfd,0xba,0xa7,0x76,0x66,
  0x67,0x77,0x77,0x77,0x77,0x77,0x7a,0x67,0xab,0xcb,0xa8,0x77,0x77,0x77,0x77,0x77,0x88,0x8a,0xaa,0xab,
  0xcf,0xfd,0xdd,0xdd,0xdd,0xdd,0xdd,0xdd,0xdd,0xdd,0xdd,0x90,0x43,0x22,0x34,0x44,0x33,0x33,0x33,0x33,
  0x33,0x33,0x33,0x33,0x33,0x33,0x33,0x33,0x33,0x33,0x33,0x33,0x33,0x33,0x33,0x33,0x33,0x33,0x33,0x33,
  0x33,0x33,0x33,0x33,0x33,0x33,0x33,0x33,0x33,0x33,0x33,0x33,0x33,0x33,0x33,0x33,0x33,0x33,0x33,0x29,
  0xbc,0xcb,0xbb,0xbc,0xcc,0xdd,0xdd,0xdd,0xff,0xff,0xff,0xcb,0xaa,0x66,0x66,0x66,0x77,0x77,0x77,0x77,
  0x77,0x77,0x7a,0xaa,0xbb,0xca,0xa7,0x77,0x77,0x77,0x77,0x77,0x77,0x77,0x7a,0xaa,0xab,0xdf,0xdd,0xdd,
  0xdd,0xdd,0xdd,0xdd,0xdd,0xdd,0xdd,0xc1,0x22,0x22,0x34,0x44,0x33,0x33,0x33,0x33,0x33,0x33,0x33,0x33,
  0x33,0x33,0x33,0x33,0x33,0x33,0x33,0x33,0x33,0x33,0x33,0x33,0x33,0x33,0x33,0x33,0x33,0x33,0x33,0x33,
  0x33,0x33,0x33,0x33,0x33,0x33,0x33,0x33,0x33,0x33,0x33,0x33,0x33,0x33,0x33,0x0b,0xcc,0xbb,0xbb,0xbc,
  0xcc,0xdd,0xdd,0xdf,0xff,0xff,0xfb,0xba,0x86,0x76,0x76,0x67,0x77,0x77,0x77,0x77,0x77,0x77,0x77,0xab,
  0xcb,0xba,0x88,0x77,0x77,0x77,0x77,0x77,0x77,0x77,0x77,0x7a,0xaa,0xbd,0xfd,0xdd,0xdd,0xdd,0xdd,0xdd,
  0xdd,0xdd,0xdd,0xdb,0x05,0x22,0x34,0x44,0x33,0x33,0x33,0x33,0x33,0x33,0x33,0x33,0x33,0x33,0x33,0x33,
  0x33,0x33,0x33,0x33,0x33,0x33,0x33,0x33,0x33,0x33,0x33,0x33,0x33,0x33,0x33,0x33,0x33,0x33,0x33,0x33,
  0x33,0x33,0x33,0x33,0x33,0x33,0x33,0x33,0x33,0x22,0x40,0xac,0xcb,0xbb,0xbc,0xcc,0xdd,0xdd,0xdd,0xff,
  0xff,0xfd,0xba,0xa8,0x66,0x77,0x66,0x66,0x77,0x77,0x77,0x77,0x77,0x77,0x77,0x6a,0xaa,0xaa,0x77,0x77,
  0x77,0x77,0x77,0x87,0x77,0x77,0x77,0x77,0xaa,0xab,0xdf,0xdd,0xdd,0xdd,0xdd,0xdd,0xdd,0xdd,0xdd,0xdd,
  0xa0,0x22,0x34,0x44,0x33,0x33,0x33,0x33,0x33,0x33,0x33,0x33,0x33,0x33,0x33,0x33,0x33,0x33,0x33,0x33,
  0x33,0x33,0x33,0x33,0x33,0x33,0x33,0x33,0x33,0x33,0x33,0x33,0x33,0x33,0x33,0x33,0x33,0x33,0x33,0x33,
  0x33,0x33,0x33,0x33,0x33,0x22,0x19,0xbc,0xcb,0xbb,0xbc,0xcd,0xdd,0xdd,0xdf,0xff,0xff,0xdb,0xaa,0x76,
  0x76,0x66,0x67,0x76,0x77,0x77,0x77,0x77,0x77,0x77,0x77,0x77,0x77,0x77,0x77,0x77,0x77,0x77,0x66,0x76,
  0xaa,0x77,0x77,0x77,0x7a,0xaa,0xad,0xfd,0xdd,0xdd,0xdd,0xdd,0xdd,0xdd,0xdd,0xdd,0xd9,0x25,0x44,0x44,
  0x33,0x33,0x33,0x33,0x33,0x33,0x33,0x33,0x33,0x33,0x33,0x33,0x33,0x33,0x33,0x33,0x33,0x33,0x33,0x33,
  0x33,0x33,0x33,0x33,0x33,0x33,0x33,0x33,0x33,0x33,0x33,0x33,0x33,0x33,0x33,0x33,0x33,0x33,0x33,0x33,
  0x33,0x32,0x1b,0xcc,0xbb,0xbb,0xcc,0xdd,0xdd,0xdd,0xdf,0xff,0xfd,0xba,0xa7,0x66,0x77,0x66,0x77,0x67,
  0x77,0x77,0x77,0x77,0x77,0x77,0x77,0x77,0x77,0x77,0x77,0x77,0x77,0x77,0xaa,0x8a,0xa7,0x77,0x77,0x77,
  0x78,0xaa,0xaa,0xdd,0xdd,0xdd,0xdd,0xdd,0xdd,0xdd,0xdd,0xdd,0xdb,0x05,0x44,0x44,0x33,0x33,0x33,0x33,
  0x33,0x33,0x33,0x33,0x33,0x33,0x33,0x33,0x33,0x33,0x33,0x33,0x33,0x33,0x33,0x33,0x33,0x33,0x33,0x33,
  0x33,0x33,0x33,0x33,0x33,0x33,0x33,0x33,0x33,0x33,0x33,0x33,0x33,0x33,0x33,0x33,0x33,0x40,0xac,0xcb,
  0xbb,0xbc,0xcc,0xdd,0xdd,0xdd,0xff,0xff,0xdb,0xaa,0x66,0x66,0x67,0x77,0x77,0x77,0x77,0x77,0x77,0x77,
  0x77,0x77,0x77,0x77,0x77,0x78,0x77,0x87,0x66,0x67,0xab,0xbb,0x87,0x77,0x77,0x77,0x77,0x78,0xaa,0xad,
  0xdd,0xdd,0xdd,0xdd,0xdd,0xdd,0xdd,0xdd,0xdd,0xa0,0x44,0x44,0x33,0x33,0x33,0x33,0x33,0x33,0x33,0x33,
  0x33,0x33,0x33,0x33,0x33,0x33,0x33,0x33,0x33,0x33,0x33,0x33,0x33,0x33,0x33,0x33,0x33,0x33,0x33,0x33,
  0x33,0x33,0x33,0x33,0x33,0x33,0x33,0x33,0x33,0x33,0x33,0x33,0x34,0x29,0xbc,0xbb,0xbb,0xbc,0xcd,0xdd,
  0xdd,0xdf,0xff,0xfd,0xba,0xa6,0x66,0x66,0x67,0x67,0x77,0x77,0x77,0x77,0x77,0x77,0x77,0x77,0x77,0x77,
  0x77,0x88,0x77,0x68,0xab,0xa8,0x66,0x76,0x77,0x77,0x77,0x77,0x77,0x77,0xaa,0xab,0xdd,0xdd,0xdd,0xdd,
  0xdd,0xdd,0xdd,0xdd,0xdd,0xc1,0x11,0x13,0x33,0x33,0x33,0x33,0x33,0x33,0x33,0x33,0x33,0x33,0x33,0x33,
  0x33,0x33,0x33,0x33,0x33,0x33,0x33,0x33,0x33,0x33,0x33,0x33,0x33,0x33,0x33,0x33,0x33,0x33,0x33,0x33,
  0x33,0x33,0x33,0x33,0x33,0x33,0x33,0x33,0x34,0x0b,0xcc,0xbb,0xbb,0xcc,0xdd,0xdd,0xdd,0xff,0xff,0xdb,
  0xa7,0x66,0x67,0x77,0x77,0x77,0x77,0x77,0x77,0x77,0x77,0x77,0x77,0x77,0x77,0x77,0x77,0x77,0x78,0xbc,
  0xee,0xec,0x86,0x88,0x77,0x77,0x77,0x77,0x77,0x77,0x78,0xaa,0xbd,0xdd,0xdd,0xdd,0xdd,0xdd,0xdd,0xdd,
  0xdd,0xdb,0x04,0x13,0x33,0x33,0x33,0x33,0x33,0x33,0x33,0x33,0x33,0x33,0x33,0x33,0x33,0x33,0x33,0x33,
  0x33,0x33,0x33,0x33,0x33,0x33,0x33,0x33,0x33,0x33,0x33,0x33,0x33,0x33,0x33,0x33,0x33,0x33,0x33,0x33,
  0x33,0x33,0x33,0x33,0x50,0x9c,0xcb,0xbb,0xbc,0xcc,0xdd,0xdd,0xdf,0xff,0xff,0xba,0x76,0x67,0x77,0x77,
  0x77,0x77,0x77,0x77,0x77,0x77,0x77,0x77,0x77,0x77,0x77,0x77,0x77,0x78,0x6b,0xee,0xce,0xee,0xc8,0x78,
  0x77,0x77,0x77,0x77,0x77,0x77,0x77,0xaa,0xab,0xdd,0xdd,0xdd,0xdd,0xdd,0xdd,0xdd,0xdd,0xfd,0x92,0x23,
  0x33,0x33,0x33,0x33,0x33,0x33,0x33,0x33,0x33,0x33,0x33,0x33,0x33,0x33,0x33,0x33,0x33,0x33,0x33,0x33,
  0x33,0x33,0x33,0x33,0x33,0x33,0x33,0x33,0x33,0x33,0x33,0x33,0x33,0x33,0x33,0x33,0x33,0x33,0x33,0x33,
  0x50,0xbc,0xcb,0xbb,0xbc,0xcc,0xdd,0xdd,0xff,0xff,0xfc,0xaa,0x66,0x67,0x77,0x77,0x77,0x77,0x77,0x77,
  0x77,0x77,0x77,0x77,0x77,0x77,0x77,0x77,0x77,0x86,0xae,0xee,0xee,0xee,0xeb,0x68,0x77,0x77,0x77,0x77,
  0x77,0x77,0x77,0xaa,0xaa,0xcd,0xdd,0xdd,0xdd,0xdd,0xdd,0xdd,0xdd,0xff,0xb0,0x54,0x33,0x33,0x33,0x33,
  0x33,0x33,0x33,0x33,0x33,0x33,0x33,0x33,0x33,0x33,0x33,0x33,0x33,0x33,0x33,0x33,0x33,0x33,0x33,0x33,
  0x33,0x33,0x33,0x33,0x33,0x33,0x33,0x33,0x33,0x33,0x33,0x33,0x33,0x33,0x33,0x34,0x29,0xcc,0xbb,0xbb,
  0xcc,0xcd,0xdd,0xdd,0xff,0xff,0xcb,0xa7,0x66,0x77,0x77,0x77,0x77,0x77,0x77,0x77,0x77,0x77,0x77,0x77,
  0x77,0x77,0x77,0x77,0x77,0x78,0xce,0xee,0xee,0xee,0xec,0x88,0x77,0x77,0x77,0x77,0x77,0x77,0x77,0x7a,
  0xaa,0xad,0xdd,0xdd,0xdd,0xdd,0xdd,0xdd,0xdd,0xdf,0xd9,0x05,0x33,0x33,0x33,0x33,0x33,0x33,0x33,0x33,
  0x33,0x33,0x33,0x33,0x33,0x33,0x33,0x33,0x33,0x33,0x33,0x33,0x33,0x33,0x33,0x33,0x33,0x33,0x33,0x33,
  0x33,0x33,0x33,0x33,0x33,0x33,0x33,0x33,0x33,0x33,0x33,0x35,0x0b,0xcc,0xbb,0xbb,0xcc,0xcd,0xdd,0xdf,
  0xff,0xfd,0xba,0x76,0x66,0x77,0x77,0x77,0x77,0x77,0x77,0x77,0x77,0x77,0x77,0x77,0x77,0x77,0x77,0x78,
  0x87,0x6b,0xee,0xee,0xee,0xee,0xee,0xa6,0x77,0x77,0x77,0x77,0x77,0x77,0x77,0x77,0xaa,0xab,0xdd,0xdd,
  0xdd,0xdd,0xdd,0xdd,0xdd,0xdd,0xdb,0x05,0x33,0x33,0x33,0x33,0x33,0x33,0x33,0x33,0x33,0x33,0x33,0x33,
  0x33,0x33,0x33,0x33,0x33,0x33,0x33,0x33,0x33,0x33,0x33,0x33,0x33,0x33,0x33,0x33,0x33,0x33,0x33,0x33,
  0x33,0x33,0x33,0x33,0x33,0x33,0x33,0x34,0x9b,0xcc,0xbb,0xbc,0xcc,0xcd,0xdd,0xdf,0xff,0xfb,0xa8,0x66,
  0x67,0x77,0x77,0x77,0x77,0x77,0x77,0x77,0x77,0x77,0x77,0x77,0x77,0x77,0x77,0x78,0x87,0x6c,0xee,0xee,
  0xee,0xee,0xee,0x86,0x77,0x77,0x77,0x77,0x77,0x77,0x77,0x77,0xaa,0xaa,0xcd,0xdd,0xdd,0xdd,0xdd,0xdd,
  0xdd,0xdd,0xfd,0x93,0x33,0x33,0x33,0x33,0x33,0x33,0x33,0x33,0x33,0x33,0x33,0x33,0x33,0x33,0x33,0x33,
  0x33,0x33,0x33,0x33,0x33,0x33,0x33,0x33,0x33,0x33,0x33,0x33,0x33,0x33,0x33,0x33,0x33,0x33,0x33,0x33,
  0x33,0x33,0x33,0x50,0xac,0xcb,0xbb,0xbc,0xcc,0xdd,0xdd,0xff,0xff,0xda,0xa6,0x66,0x67,0x77,0x77,0x77,
  0x77,0x77,0x77,0x77,0x77,0x77,0x77,0x77,0x77,0x77,0x77,0x77,0x86,0xae,0xee,0xee,0xee,0xee,0xec,0x67,
  0x77,0x77,0x77,0x77,0x77,0x77,0x77,0x77,0xaa,0xaa,0xbd,0xdd,0xdd,0xdd,0xdd,0xdd,0xdd,0xdd,0xff,0xb0,
  0x53,0x33,0x33,0x33,0x33,0x33,0x33,0x33,0x33,0x33,0x33,0x33,0x33,0x33,0x33,0x33,0x33,0x33,0x33,0x33,
  0x33,0x33,0x33,0x33,0x33,0x33,0x33,0x33,0x33,0x33,0x33,0x33,0x33,0x33,0x33,0x33,0x33,0x33,0x33,0x50,
  0xbc,0xcb,0xbb,0xcc,0xcd,0xdd,0xdf,0xff,0xff,0xba,0x76,0x66,0x66,0x77,0x77,0x77,0x77,0x77,0x67,0x77,
  0x77,0x77,0x77,0x77,0x77,0x77,0x77,0x78,0x76,0xce,0xee,0xee,0xee,0xee,0xec,0x68,0x77,0x77,0x77,0x77,
  0x77,0x77,0x77,0x77,0xaa,0xaa,0xab,0xdd,0xdd,0xdd,0xdd,0xdd,0xdd,0xdd,0xdf,0xc1,0x33,0x43,0x33,0x33,
  0x33,0x33,0x33,0x33,0x33,0x33,0x33,0x33,0x33,0x33,0x33,0x33,0x33,0x33,0x33,0x33,0x33,0x33,0x33,0x33,
  0x33,0x33,0x33,0x33,0x33,0x33,0x33,0x33,0x33,0x33,0x33,0x33,0x33,0x33,0x45,0x0a,0xcc,0xcb,0xbc,0xcc,
  0xdd,0xdd,0xdf,0xff,0xfd,0xba,0x66,0x67,0x77,0x77,0x77,0x77,0x77,0x77,0x77,0x77,0x77,0x77,0x77,0x77,
  0x77,0x77,0x77,0x78,0x6a,0xee,0xee,0xee,0xee,0xee,0xeb,0x68,0x77,0x77,0x77,0x77,0x77,0x77,0x77,0x77,
  0x77,0xaa,0xab,0xdd,0xdd,0xdd,0xdd,0xdd,0xdd,0xdd,0xff,0xda,0x05,0x43,0x33,0x33,0x33,0x33,0x33,0x33,
  0x33,0x33,0x33,0x33,0x33,0x33,0x33,0x33,0x33,0x33,0x33,0x33,0x33,0x33,0x33,0x33,0x33,0x33,0x33,0x33,
  0x33,0x33,0x33,0x33,0x33,0x33,0x33,0x33,0x33,0x33,0x42,0x0b,0xcc,0xbb,0xbc,0xcc,0xdd,0xdd,0xff,0xff,
  0xfb,0xa7,0x67,0x76,0x77,0x77,0x77,0x77,0x77,0x77,0x77,0x77,0x77,0x77,0x77,0x77,0x77,0x77,0x77,0x77,
  0x6b,0xee,0xee,0xee,0xee,0xee,0xe7,0x77,0x77,0x77,0x77,0x77,0x77,0x77,0x77,0x77,0x77,0x8a,0xaa,0xbd,
  0xdd,0xdd,0xdd,0xdd,0xdd,0xdd,0xdf,0xfb,0x05,0x43,0x33,0x33,0x33,0x33,0x33,0x33,0x33,0x33,0x33,0x33,
  0x33,0x33,0x33,0x33,0x33,0x33,0x33,0x33,0x33,0x33,0x33,0x33,0x33,0x33,0x33,0x33,0x33,0x33,0x33,0x33,
  0x33,0x33,0x33,0x33,0x33,0x33,0x22,0x1b,0xcc,0xbb,0xcc,0xcd,0xdd,0xdd,0xff,0xff,0xda,0xa6,0x66,0x76,
  0x77,0x77,0x77,0x77,0x77,0x77,0x77,0x77,0x77,0x77,0x77,0x77,0x77,0x77,0x77,0x77,0x8c,0xee,0xee,0xee,
  0xee,0xee,0xb6,0x87,0x77,0x77,0x77,0x77,0x77,0x77,0x77,0x77,0x77,0x7a,0xaa,0xbd,0xdd,0xdd,0xdd,0xdd,
  0xdd,0xdd,0xdf,0xfd,0x92,0x53,0x33,0x33,0x33,0x33,0x33,0x33,0x33,0x33,0x33,0x33,0x33,0x33,0x33,0x33,
  0x33,0x33,0x33,0x33,0x33,0x33,0x33,0x33,0x33,0x33,0x33,0x33,0x33,0x33,0x33,0x33,0x33,0x33,0x33,0x33,
  0x33,0x33,0x20,0xac,0xcc,0xbb,0xcc,0xcd,0xdd,0xdd,0xff,0xff,0xba,0x86,0x66,0x77,0x77,0x77,0x77,0x77,
  0x77,0x77,0x77,0x77,0x77,0x77,0x77,0x77,0x77,0x77,0x87,0x86,0xbe,0xee,0xee,0xee,0xee,0xee,0xa6,0x87,
  0x77,0x77,0x77,0x77,0x77,0x77,0x77,0x77,0x77,0x7a,0xaa,0xac,0xdd,0xcc,0xdd,0xdd,0xdd,0xdd,0xdf,0xfd,
  0xa0,0x53,0x33,0x33,0x33,0x33,0x33,0x33,0x33,0x33,0x33,0x33,0x33,0x33,0x33,0x33,0x33,0x33,0x33,0x33,
  0x33,0x33,0x33,0x33,0x33,0x33,0x33,0x33,0x33,0x33,0x33,0x33,0x33,0x33,0x33,0x33,0x33,0x31,0x30,0xbc,
  0xcc,0xbb,0xcc,0xcc,0xdd,0xdd,0xff,0xfd,0xba,0x77,0x77,0x77,0x77,0x77,0x77,0x77,0x77,0x77,0x77,0x77,
  0x77,0x77,0x77,0x77,0x77,0x77,0x77,0x78,0xce,0xee,0xee,0xee,0xee,0xeb,0x68,0x77,0x77,0x77,0x77,0x77,
  0x77,0x77,0x77,0x77,0x77,0x7a,0xaa,0xab,0xdd,0xdd,0xdd,0xdd,0xdd,0xdd,0xdd,0xff,0xb0,0x53,0x33,0x33,
  0x33,0x33,0x33,0x33,0x33,0x33,0x33,0x33,0x33,0x33,0x33,0x33,0x33,0x33,0x33,0x33,0x33,0x33,0x33,0x33,
  0x33,0x33,0x33,0x33,0x33,0x33,0x33,0x33,0x33,0x33,0x33,0x33,0x33,0x31,0x20,0xbc,0xcb,0xbb,0xcc,0xcd,
  0xdd,0xdf,0xff,0xfc,0xa7,0x77,0x77,0x77,0x77,0x77,0x77,0x77,0x77,0x77,0x77,0x77,0x77,0x77,0x77,0x77,
  0x77,0x77,0x77,0x6b,0xee,0xee,0xee,0xee,0xee,0xea,0x68,0x77,0x77,0x77,0x77,0x77,0x77,0x77,0x77,0x77,
  0x77,0x7a,0xaa,0xab,0xcd,0xcd,0xcd,0xdd,0xdd,0xdd,0xdd,0xff,0xd9,0x24,0x33,0x33,0x33,0x33,0x33,0x33,
  0x33,0x33,0x33,0x33,0x33,0x33,0x33,0x33,0x33,0x33,0x33,0x33,0x33,0x33,0x33,0x33,0x33,0x33,0x33,0x33,
  0x33,0x33,0x33,0x33,0x33,0x33,0x33,0x33,0x33,0x31,0x29,0xcc,0xcb,0xbc,0xcc,0xcd,0xdd,0xdf,0xff,0xfb,
  0xa7,0x77,0x77,0x77,0x77,0x77,0x77,0x77,0x77,0x77,0x77,0x77,0x77,0x77,0x77,0x77,0x77,0x77,0x77,0x8c,
  0xee,0xee,0xee,0xee,0xee,0xc8,0x77,0x77,0x77,0x77,0x77,0x77,0x77,0x77,0x77,0x77,0x77,0x7a,0xaa,0xaa,
  0xbd,0xdc,0xcc,0xdd,0xdd,0xdd,0xdd,0xdf,0xda,0x05,0x33,0x33,0x33,0x33,0x33,0x33,0x33,0x33,0x33,0x33,
  0x33,0x33,0x33,0x33,0x33,0x33,0x33,0x33,0x33,0x33,0x33,0x33,0x33,0x33,0x33,0x33,0x33,0x33,0x33,0x33,
  0x33,0x33,0x33,0x33,0x33,0x34,0x0a,0xcc,0xcb,0xbc,0xcd,0xdd,0xdd,0xff,0xff,0xda,0xa7,0x77,0x77,0x77,
  0x77,0x77,0x77,0x77,0x77,0x77,0x77,0x77,0x77,0x77,0x77,0x77,0x77,0x77,0x76,0xae,0xee,0xee,0xee,0xee,
  0xee,0xb6,0x88,0x88,0x77,0x77,0x77,0x77,0x77,0x77,0x77,0x77,0x77,0x7a,0xaa,0xaa,0xbd,0xdc,0xcd,0xdd,
  0xdd,0xdd,0xdd,0xff,0xfb,0x04,0x33,0x33,0x33,0x33,0x33,0x33,0x33,0x33,0x33,0x33,0x33,0x33,0x33,0x33,
  0x33,0x33,0x33,0x33,0x33,0x33,0x33,0x33,0x33,0x33,0x33,0x33,0x33,0x33,0x33,0x33,0x33,0x33,0x33,0x33,
  0x33,0x34,0x0b,0xcc,0xbb,0xbc,0xcc,0xdd,0xdd,0xff,0xff,0xca,0x77,0x67,0x77,0x77,0x77,0x77,0x77,0x77,
  0x77,0x77,0x77,0x77,0x77,0x77,0x77,0x77,0x77,0x77,0x76,0xce,0xee,0xee,0xee,0xee,0xec,0xa6,0x88,0x77,
  0x77,0x77,0x77,0x77,0x77,0x77,0x77,0x77,0x78,0x8a,0xaa,0xaa,0xbc,0xdc,0xcd,0xdd,0xdd,0xdd,0xdd,0xdf,
  0xfc,0x04,0x33,0x33,0x33,0x33,0x33,0x33,0x33,0x33,0x33,0x33,0x33,0x33,0x33,0x33,0x33,0x33,0x33,0x33,
  0x33,0x33,0x33,0x33,0x33,0x33,0x33,0x33,0x33,0x33,0x33,0x33,0x33,0x33,0x33,0x33,0x33,0x31,0x0b,0xcc,
  0xbb,0xbc,0xcd,0xdd,0xdd,0xff,0xff,0xba,0x77,0x67,0x77,0x77,0x77,0x77,0x77,0x77,0x77,0x77,0x77,0x77,
  0x77,0x77,0x77,0x77,0x77,0x78,0x6a,0xee,0xee,0xee,0xee,0xee,0xeb,0x68,0x78,0x77,0x77,0x77,0x77,0x77,
  0x77,0x77,0x77,0x77,0x7a,0xaa,0xaa,0xaa,0xac,0xdc,0xcd,0xdd,0xdd,0xdd,0xdd,0xdf,0xfd,0x12,0x53,0x33,
  0x33,0x33,0x33,0x33,0x33,0x33,0x33,0x33,0x33,0x33,0x33,0x33,0x33,0x33,0x33,0x33,0x33,0x33,0x33,0x33,
  0x33,0x33,0x33,0x33,0x33,0x33,0x33,0x33,0x33,0x33,0x33,0x33,0x33,0x31,0x1b,0xcc,0xbb,0xcc,0xcd,0xdd,
  0xdd,0xff,0xff,0xba,0x77,0x87,0x77,0x77,0x77,0x77,0x77,0x77,0x77,0x77,0x77,0x77,0x77,0x77,0x77,0x77,
  0x77,0x77,0x6c,0xee,0xee,0xee,0xee,0xee,0xea,0x67,0x77,0x77,0x77,0x77,0x77,0x77,0x77,0x77,0x77,0x77,
  0x77,0xaa,0xaa,0xaa,0xab,0xdd,0xcc,0xdd,0xdd,0xdd,0xdd,0xdf,0xfd,0x90,0x53,0x33,0x33,0x33,0x33,0x33,
  0x33,0x33,0x33,0x33,0x33,0x33,0x33,0x33,0x33,0x33,0x33,0x33,0x33,0x33,0x33,0x33,0x33,0x33,0x33,0x33,
  0x33,0x33,0x33,0x33,0x33,0x33,0x33,0x33,0x33,0x40,0x9c,0xcc,0xbb,0xcc,0xcd,0xdd,0xdd,0xff,0xfd,0xa7,
  0x68,0x77,0x77,0x77,0x77,0x77,0x77,0x77,0x77,0x77,0x77,0x77,0x77,0x77,0x77,0x77,0x77,0x66,0xae,0xee,
  0xee,0xee,0xee,0xee,0xc8,0x77,0x77,0x77,0x77,0x77,0x77,0x77,0x77,0x77,0x77,0x7a,0x77,0xaa,0xaa,0xaa,
  0xab,0xdd,0xcc,0xdd,0xdd,0xdd,0xdd,0xdf,0xfd,0xa0,0x53,0x33,0x33,0x33,0x33,0x33,0x33,0x33,0x33,0x33,
  0x33,0x33,0x33,0x33,0x33,0x33,0x33,0x33,0x33,0x33,0x33,0x33,0x33,0x33,0x33,0x33,0x33,0x33,0x33,0x33,
  0x33,0x33,0x33,0x33,0x33,0x40,0xac,0xcc,0xbb,0xcc,0xcd,0xdd,0xdf,0xff,0xfd,0xa7,0x77,0x77,0x77,0x77,
  0x77,0x77,0x77,0x77,0x77,0x77,0x77,0x77,0x77,0x77,0x77,0x77,0x76,0xac,0xcc,0xcc,0xee,0xee,0xee,0xee,
  0xb6,0x77,0x77,0x77,0x77,0x77,0x77,0x77,0x77,0x77,0x77,0x77,0x77,0x7a,0xaa,0xaa,0xab,0xdd,0xcc,0xcd,
  0xdd,0xdd,0xdd,0xdf,0xfd,0xb0,0x53,0x33,0x33,0x33,0x33,0x33,0x33,0x33,0x33,0x33,0x33,0x33,0x33,0x33,
  0x33,0x33,0x33,0x33,0x33,0x33,0x33,0x33,0x33,0x33,0x33,0x33,0x33,0x33,0x33,0x33,0x33,0x33,0x33,0x33,
  0x33,0x40,0xac,0xcc,0xbb,0xcc,0xdd,0xdd,0xdd,0xff,0xfc,0xa8,0x88,0x87,0x77,0x77,0x77,0x77,0x77,0x77,
  0x77,0x77,0x77,0x77,0x77,0x77,0x77,0x78,0x6b,0xcc,0xcb,0xcc,0xee,0xee,0xee,0xec,0x67,0x77,0x77,0x77,
  0x77,0x77,0x77,0x77,0x77,0x77,0x77,0x77,0x77,0x7a,0xaa,0xaa,0xab,0xdd,0xcc,0xcd,0xdd,0xdd,0xdd,0xff,
  0xff,0xb0,0x53,0x33,0x33,0x33,0x33,0x33,0x33,0x33,0x33,0x33,0x33,0x33,0x33,0x33,0x33,0x33,0x33,0x33,
  0x33,0x33,0x33,0x33,0x33,0x33,0x33,0x33,0x33,0x33,0x33,0x33,0x33,0x33,0x33,0x33,0x33,0x40,0xbd,0xcc,
  0xbc,0xcc,0xdd,0xdd,0xdd,0xff,0xfb,0xa8,0x78,0x78,0x78,0x87,0x77,0x77,0x77,0x77,0x77,0x77,0x77,0x77,
  0x77,0x77,0x77,0x86,0xbe,0xcc,0xcc,0xee,0xee,0xee,0xee,0xeb,0x67,0x77,0x77,0x77,0x77,0x77,0x77,0x77,
  0x77,0x77,0x77,0x77,0x88,0x8a,0xaa,0xaa,0xab,0xcd,0xcc,0xcd,0xdd,0xdd,0xdd,0xff,0xff,0xb0,0x53,0x33,
  0x33,0x33,0x33,0x33,0x33,0x33,0x33,0x33,0x33,0x33,0x33,0x33,0x33,0x33,0x33,0x33,0x33,0x33,0x33,0x33,
  0x33,0x33,0x33,0x33,0x33,0x33,0x33,0x33,0x33,0x33,0x33,0x33,0x33,0x40,0xbc,0xcc,0xbc,0xcc,0xdd,0xdd,
  0xdf,0xff,0xfb,0xa7,0x66,0x66,0x8a,0xa7,0x77,0x77,0x77,0x77,0x77,0x77,0x77,0x77,0x77,0x77,0x77,0x6a,
  0xce,0xcc,0xee,0xee,0xee,0xee,0xee,0xea,0x67,0x77,0x77,0x77,0x77,0x77,0x77,0x77,0x77,0x77,0x77,0x77,
  0x7a,0xaa,0xaa,0xaa,0xab,0xcd,0xcc,0xcd,0xdd,0xdd,0xdd,0xff,0xff,0xc0,0x53,0x33,0x33,0x33,0x33,0x33,
  0x33,0x33,0x33,0x33,0x33,0x33,0x33,0x33,0x33,0x33,0x33,0x33,0x33,0x33,0x33,0x33,0x33,0x33,0x33,0x33,
  0x33,0x33,0x33,0x33,0x33,0x33,0x33,0x33,0x33,0x40,0xbc,0xcc,0xbc,0xcc,0xcd,0xdd,0xdf,0xff,0xfb,0xaa,
  0x60,0x00,0x06,0x7a,0x87,0x77,0x77,0x77,0x77,0x77,0x77,0x77,0x77,0x77,0x77,0x8b,0xee,0xee,0xee,0xee,
  0xee,0xee,0xee,0xc7,0x78,0x78,0x87,0x77,0x77,0x77,0x77,0x77,0x77,0x77,0x77,0x7a,0x79,0x06,0x67,0xaa,
  0xab,0xcd,0xcc,0xcd,0xdd,0xdd,0xdd,0xff,0xff,0xc0,0x53,0x33,0x33,0x33,0x33,0x33,0x33,0x33,0x33,0x33,
  0x33,0x33,0x33,0x33,0x33,0x33,0x33,0x33,0x33,0x33,0x33,0x33,0x33,0x33,0x33,0x33,0x33,0x33,0x33,0x33,
  0x33,0x33,0x33,0x33,0x33,0x40,0xbc,0xcc,0xbc,0xcc,0xdd,0xdd,0xdf,0xff,0xfb,0xaa,0x60,0x66,0x66,0xab,
  0xa8,0x77,0x77,0x77,0x77,0x77,0x77,0x77,0x77,0x77,0x77,0x8c,0xee,0xee,0xee,0xee,0xee,0xee,0xee,0xca,
  0x68,0x88,0x88,0x77,0x77,0x77,0x77,0x77,0x77,0x77,0x77,0x7a,0x60,0x66,0x66,0xab,0xab,0xcd,0xcc,0xcc,
  0xdd,0xdd,0xdd,0xff,0xff,0xd1,0x23,0x33,0x33,0x33,0x33,0x33,0x33,0x33,0x33,0x33,0x33,0x33,0x33,0x33,
  0x33,0x33,0x33,0x33,0x33,0x33,0x33,0x33,0x33,0x33,0x33,0x33,0x33,0x33,0x33,0x33,0x33,0x33,0x33,0x33,
  0x33,0x40,0xbd,0xcc,0xcc,0xcc,0xdd,0xdd,0xdf,0xff,0xfb,0xaa,0x76,0xaa,0xaa,0xbb,0xba,0x77,0x77,0x77,
  0x77,0x77,0x77,0x77,0x77,0x77,0x86,0xae,0xee,0xee,0xee,0xee,0xee,0xee,0xee,0xec,0xa8,0x67,0x77,0x77,
  0x77,0x77,0x77,0x77,0x77,0x77,0x7a,0xaa,0x66,0xaa,0xaa,0xbb,0xbb,0xcd,0xcc,0xcc,0xdd,0xdd,0xdd,0xff,
  0xff,0xd1,0x23,0x33,0x33,0x33,0x33,0x33,0x33,0x33,0x33,0x33,0x33,0x33,0x33,0x33,0x33,0x33,0x33,0x33,
  0x33,0x33,0x33,0x33,0x33,0x33,0x33,0x33,0x33,0x33,0x33,0x33,0x33,0x33,0x33,0x33,0x33,0x40,0xbd,0xcc,
  0xcc,0xcc,0xdd,0xdd,0xdd,0xff,0xfb,0xaa,0xaa,0xaa,0xab,0xbc,0xa8,0x77,0x77,0x77,0x77,0x77,0x77,0x77,
  0x77,0x77,0x86,0xbe,0xee,0xee,0xee,0xee,0xee,0xee,0xee,0xee,0xec,0xb8,0x67,0x77,0x77,0x77,0x77,0x77,
  0x77,0x77,0x78,0x8a,0xaa,0xaa,0xab,0xbc,0xbb,0xcd,0xcc,0xcc,0xdd,0xdd,0xdd,0xff,0xff,0xd9,0x24,0x33,
  0x33,0x33,0x33,0x33,0x33,0x33,0x33,0x33,0x33,0x33,0x33,0x33,0x33,0x33,0x33,0x33,0x33,0x33,0x33,0x33,
  0x33,0x33,0x33,0x33,0x33,0x33,0x33,0x33,0x33,0x33,0x33,0x33,0x33,0x40,0xbd,0xcc,0xcc,0xcc,0xdd,0xdd,
  0xdd,0xff,0xfb,0xa8,0xab,0xbb,0xcc,0xcb,0xa7,0x77,0x77,0x77,0x77,0x77,0x77,0x77,0x77,0x77,0x86,0xbe,
  0xee,0xee,0xee,0xee,0xee,0xee,0xee,0xee,0xee,0xec,0xb8,0x66,0x88,0x87,0x77,0x77,0x77,0x77,0x77,0x7a,
  0xab,0xbb,0xbc,0xcb,0xbb,0xcd,0xcc,0xcc,0xdd,0xdd,0xdd,0xdf,0xff,0xd9,0x24,0x33,0x33,0x33,0x33,0x33,
  0x33,0x33,0x33,0x33,0x33,0x33,0x33,0x33,0x33,0x33,0x33,0x33,0x33,0x33,0x33,0x33,0x33,0x33,0x33,0x33,
  0x33,0x33,0x33,0x33,0x33,0x33,0x33,0x33,0x33,0x40,0xbd,0xcc,0xcc,0xcd,0xdd,0xdd,0xdd,0xff,0xfb,0xa8,
  0x7a,0xab,0xbb,0xaa,0x77,0x77,0x77,0x77,0x77,0x77,0x77,0x77,0x77,0x77,0x76,0x8e,0xee,0xee,0xee,0xee,
  0xee,0xee,0xee,0xee,0xee,0xee,0xec,0xb8,0x66,0x88,0x77,0x77,0x77,0x77,0x77,0x7a,0xaa,0xbb,0xbb,0xbb,
  0xab,0xcd,0xcc,0xcc,0xdd,0xdd,0xdd,0xff,0xff,0xd5,0x24,0x33,0x33,0x33,0x33,0x33,0x33,0x33,0x33,0x33,
  0x33,0x33,0x33,0x33,0x33,0x33,0x33,0x33,0x33,0x33,0x33,0x33,0x33,0x33,0x33,0x33,0x33,0x33,0x33,0x33,
  0x33,0x33,0x33,0x33,0x33,0x40,0xbd,0xcc,0xcc,0xcc,0xdd,0xdd,0xdd,0xff,0xfb,0xa8,0x77,0x8a,0xaa,0xaa,
  0x77,0x77,0x77,0x77,0x77,0x77,0x77,0x77,0x77,0x77,0x78,0x6c,0xee,0xee,0xee,0xee,0xee,0xee,0xee,0xee,
  0xee,0xee,0xee,0xee,0xba,0x66,0x77,0x77,0x77,0x77,0x77,0x77,0xaa,0xaa,0xaa,0xaa,0xab,0xcd,0xcc,0xcc,
  0xdd,0xdd,0xdd,0xff,0xff,0xd1,0x23,0x33,0x33,0x33,0x33,0x33,0x33,0x33,0x33,0x33,0x33,0x33,0x33,0x33,
  0x33,0x33,0x33,0x33,0x33,0x33,0x33,0x33,0x33,0x33,0x33,0x33,0x33,0x33,0x33,0x33,0x33,0x33,0x33,0x33,
  0x33,0x40,0xbd,0xcc,0xcc,0xcd,0xcd,0xdd,0xdd,0xff,0xfb,0xa7,0x87,0x77,0x77,0x77,0x77,0x77,0x77,0x77,
  0x77,0x77,0x77,0x77,0x77,0x77,0x77,0x6b,0xee,0xee,0xee,0xee,0xee,0xee,0xee,0xee,0xee,0xee,0xee,0xee,
  0xee,0xc8,0x68,0x77,0x77,0x77,0x77,0x77,0x7a,0xaa,0xaa,0xaa,0xab,0xdd,0xcc,0xcc,0xdd,0xdd,0xdd,0xff,
  0xff,0xd0,0x33,0x33,0x33,0x33,0x33,0x33,0x33,0x33,0x33,0x33,0x33,0x33,0x33,0x33,0x33,0x33,0x33,0x33,
  0x33,0x33,0x33,0x33,0x33,0x33,0x33,0x33,0x33,0x33,0x33,0x33,0x33,0x33,0x33,0x33,0x33,0x50,0xbc,0xcc,
  0xcc,0xcc,0xdd,0xdd,0xdd,0xff,0xfb,0xa8,0x87,0x77,0x77,0x77,0x77,0x77,0x77,0x77,0x77,0x77,0x77,0x77,
  0x77,0x77,0x77,0x76,0xce,0xee,0xee,0xee,0xee,0xee,0xee,0xee,0xee,0xee,0xee,0xee,0xee,0xee,0xa8,0x77,
  0x77,0x77,0x77,0x77,0xa7,0xaa,0xaa,0xaa,0xab,0xdc,0xcc,0xcc,0xdd,0xdd,0xdf,0xff,0xff,0xc0,0x53,0x33,
  0x33,0x33,0x33,0x33,0x33,0x33,0x33,0x33,0x33,0x33,0x33,0x33,0x33,0x33,0x33,0x33,0x33,0x33,0x33,0x33,
  0x33,0x33,0x33,0x33,0x33,0x33,0x33,0x33,0x33,0x33,0x33,0x33,0x33,0x40,0xbd,0xcc,0xcc,0xcc,0xdd,0xdd,
  0xdd,0xff,0xfc,0xa8,0x88,0x77,0x77,0x77,0x77,0x77,0x77,0x77,0x77,0x77,0x77,0x77,0x77,0x77,0x77,0x77,
  0xae,0xee,0xee,0xee,0xee,0xec,0xee,0xee,0xee,0xee,0xee,0xee,0xee,0xee,0xe8,0x67,0x77,0x87,0x7a,0xaa,
  0xaa,0xaa,0xaa,0xaa,0xab,0xdc,0xcc,0xcd,0xdd,0xdd,0xdf,0xff,0xff,0xc0,0x53,0x33,0x33,0x33,0x33,0x33,
  0x33,0x33,0x33,0x33,0x33,0x33,0x33,0x33,0x33,0x33,0x33,0x33,0x33,0x33,0x33,0x33,0x33,0x33,0x33,0x33,
  0x33,0x33,0x33,0x33,0x33,0x33,0x33,0x33,0x33,0x40,0xbd,0xcc,0xcc,0xcc,0xdd,0xdd,0xdd,0xff,0xfd,0xa8,
  0x87,0x77,0x77,0x77,0x77,0x77,0x77,0x77,0x77,0x77,0x77,0x77,0x77,0x77,0x77,0x77,0x66,0xce,0xee,0xee,
  0xee,0xb8,0xce,0xee,0xee,0xee,0xee,0xee,0xee,0xee,0xeb,0x67,0x77,0x77,0x7a,0xaa,0xaa,0xaa,0xaa,0xaa,
  0xbb,0xdc,0xcc,0xcd,0xdd,0xdd,0xdf,0xff,0xff,0xb0,0x53,0x33,0x33,0x33,0x33,0x33,0x33,0x33,0x33,0x33,
  0x33,0x33,0x33,0x33,0x33,0x33,0x33,0x33,0x33,0x33,0x33,0x33,0x33,0x33,0x33,0x33,0x33,0x33,0x33,0x33,
  0x33,0x33,0x33,0x33,0x33,0x40,0xad,0xcc,0xcc,0xcc,0xdd,0xdd,0xdd,0xdf,0xfd,0xaa,0x77,0x77,0x77,0x77,
  0x77,0x77,0x77,0x77,0x77,0x77,0x77,0x77,0x77,0x77,0x77,0x77,0x88,0x6b,0xee,0xec,0xcb,0xbb,0xbc,0xee,
  0xee,0xee,0xee,0xee,0xee,0xee,0xec,0x67,0x77,0x77,0x77,0x77,0xaa,0xaa,0xaa,0xaa,0xbc,0xdc,0xcc,0xcd,
  0xdd,0xdd,0xdf,0xff,0xff,0xb0,0x53,0x33,0x33,0x33,0x33,0x33,0x33,0x33,0x33,0x33,0x33,0x33,0x33,0x33,
  0x33,0x33,0x33,0x33,0x33,0x33,0x33,0x33,0x33,0x33,0x33,0x33,0x33,0x33,0x33,0x33,0x33,0x33,0x33,0x33,
  0x33,0x40,0xad,0xcc,0xcc,0xcc,0xdd,0xdd,0xdd,0xdf,0xff,0xba,0x77,0x77,0x77,0x77,0x77,0x77,0x77,0x77,
  0x77,0x77,0x77,0x77,0x77,0x77,0x77,0x77,0x77,0x76,0xab,0xbb,0xcb,0xbb,0xbb,0xbc,0xce,0xee,0xee,0xee,
  0xee,0xee,0xeb,0x68,0x77,0x77,0x77,0x77,0x7a,0x8a,0xaa,0xaa,0xbc,0xdc,0xbc,0xcd,0xdd,0xdd,0xdf,0xff,
  0xfd,0xb0,0x53,0x33,0x33,0x33,0x33,0x33,0x33,0x33,0x33,0x33,0x33,0x33,0x33,0x33,0x33,0x33,0x33,0x33,
  0x33,0x33,0x33,0x33,0x33,0x33,0x33,0x33,0x33,0x33,0x33,0x33,0x33,0x33,0x33,0x33,0x33,0x42,0x9c,0xdc,
  0xcc,0xcd,0xdd,0xdd,0xdd,0xdf,0xff,0xba,0x87,0x77,0x77,0x77,0x77,0x77,0x77,0x77,0x77,0x77,0x77,0x77,
  0x77,0x77,0x77,0x77,0x77,0x88,0x66,0x66,0x86,0x66,0x66,0x8a,0xab,0xee,0xee,0xee,0xee,0xee,0xea,0x67,
  0x77,0x77,0x77,0x77,0x77,0x7a,0xaa,0xaa,0xbd,0xdc,0xbc,0xcd,0xdd,0xdd,0xff,0xff,0xfd,0xa0,0x53,0x33,
  0x33,0x33,0x33,0x33,0x33,0x33,0x33,0x33,0x33,0x33,0x33,0x33,0x33,0x33,0x33,0x33,0x33,0x33,0x33,0x33,
  0x33,0x33,0x33,0x33,0x33,0x33,0x33,0x33,0x33,0x33,0x33,0x33,0x33,0x33,0x1c,0xdd,0xcc,0xcc,0xdd,0xdd,
  0xdd,0xdd,0xff,0xca,0xa7,0x77,0x77,0x77,0x77,0x77,0x77,0x77,0x77,0x77,0x77,0x77,0x77,0x77,0x77,0x77,
  0x77,0x77,0x77,0x77,0x77,0x77,0x77,0x76,0x66,0xac,0xee,0xee,0xee,0xee,0xca,0x77,0x77,0x77,0x77,0x77,
  0x77,0xaa,0xaa,0xab,0xbd,0xcb,0xbc,0xdd,0xdd,0xdd,0xff,0xff,0xfd,0x92,0x53,0x33,0x33,0x33,0x33,0x33,
  0x33,0x33,0x33,0x33,0x33,0x33,0x33,0x33,0x33,0x33,0x33,0x33,0x33,0x33,0x33,0x33,0x33,0x33,0x33,0x33,
  0x33,0x33,0x33,0x33,0x33,0x33,0x33,0x33,0x33,0x35,0x0b,0xdc,0xcc,0xcc,0xdd,0xdd,0xdd,0xdd,0xff,0xda,
  0xa8,0x77,0x77,0x77,0x77,0x77,0x77,0x77,0x77,0x77,0x77,0x77,0x77,0x77,0x77,0x77,0x77,0x77,0x77,0x77,
  0x77,0x77,0x77,0x77,0x77,0x66,0xab,0xce,0xee,0xec,0xa6,0x77,0x77,0x77,0x77,0x77,0x7a,0xaa,0xaa,0xab,
  0xcd,0xcb,0xbc,0xdd,0xdd,0xdd,0xff,0xff,0xfd,0x12,0x43,0x33,0x33,0x33,0x33,0x33,0x33,0x33,0x33,0x33,
  0x33,0x33,0x33,0x33,0x33,0x33,0x33,0x33,0x33,0x33,0x33,0x33,0x33,0x33,0x33,0x33,0x33,0x33,0x33,0x33,
  0x33,0x33,0x33,0x33,0x33,0x35,0x0b,0xdd,0xcc,0xcd,0xdd,0xdd,0xdd,0xdd,0xff,0xfb,0xaa,0x77,0x77,0x77,
  0x77,0x77,0x77,0x77,0x77,0x77,0x77,0x77,0x77,0x77,0x77,0x77,0x77,0x77,0x77,0x77,0x77,0x77,0x77,0x77,
  0x77,0x78,0x76,0x66,0xbb,0xa7,0x68,0x87,0x77,0x77,0x77,0xaa,0xaa,0xaa,0xaa,0xab,0xdd,0xcb,0xcc,0xdd,
  0xdd,0xdd,0xff,0xff,0xfc,0x05,0x33,0x33,0x33,0x33,0x33,0x33,0x33,0x33,0x33,0x33,0x33,0x33,0x33,0x33,
  0x33,0x33,0x33,0x33,0x33,0x33,0x33,0x33,0x33,0x33,0x33,0x33,0x33,0x33,0x33,0x33,0x33,0x33,0x33,0x33,
  0x33,0x35,0x0a,0xdd,0xdc,0xcc,0xdd,0xdd,0xdd,0xdd,0xdf,0xfc,0xaa,0x87,0x77,0x77,0x77,0x77,0x77,0x77,
  0x77,0x77,0x77,0x77,0x77,0x77,0x77,0x77,0x77,0x77,0x77,0x77,0x77,0x77,0x77,0x77,0x77,0x78,0x87,0xa8,
  0x66,0x67,0x88,0x77,0x77,0x77,0x77,0xaa,0xaa,0xaa,0xaa,0xbb,0xdc,0xcc,0xcd,0xdd,0xdd,0xdf,0xff,0xff,
  0xfb,0x05,0x33,0x33,0x33,0x33,0x33,0x33,0x33,0x33,0x33,0x33,0x33,0x33,0x33,0x33,0x33,0x33,0x33,0x33,
  0x33,0x33,0x33,0x33,0x33,0x33,0x33,0x33,0x33,0x33,0x33,0x33,0x33,0x33,0x33,0x33,0x33,0x34,0x29,0xcd,
  0xcc,0xcc,0xdd,0xdd,0xdd,0xdd,0xdf,0xfd,0xba,0xa7,0x77,0x77,0x77,0x77,0x77,0x77,0x77,0x77,0x77,0x77,
  0x77,0x77,0x77,0x77,0x77,0x77,0x77,0x77,0x77,0x77,0x77,0x77,0x77,0x77,0x77,0x77,0x77,0x77,0x77,0x77,
  0x77,0x77,0xaa,0xaa,0xaa,0xaa,0xaa,0xbc,0xdc,0xbb,0xcd,0xdd,0xdd,0xdf,0xff,0xff,0xfa,0x04,0x33,0x33,
  0x33,0x33,0x33,0x33,0x33,0x33,0x33,0x33,0x33,0x33,0x33,0x33,0x33,0x33,0x33,0x33,0x33,0x33,0x33,0x33,
  0x33,0x33,0x33,0x33,0x33,0x33,0x33,0x33,0x33,0x33,0x33,0x33,0x33,0x33,0x40,0xbd,0xdd,0xcc,0xcd,0xdd,
  0xdd,0xdd,0xdd,0xff,0xca,0xa7,0x77,0x77,0x77,0x77,0x77,0x77,0x77,0x77,0x77,0x77,0x77,0x77,0x77,0x77,
  0x77,0x77,0x77,0x77,0x77,0x77,0x77,0x77,0x77,0x77,0x77,0x77,0x77,0x77,0x77,0x77,0x77,0x7a,0xaa,0xaa,
  0xaa,0xaa,0xab,0xbd,0xcc,0xbc,0xcd,0xdd,0xdd,0xff,0xff,0xff,0xd9,0x23,0x33,0x33,0x33,0x33,0x33,0x33,
  0x33,0x33,0x33,0x33,0x33,0x33,0x33,0x33,0x33,0x33,0x33,0x33,0x33,0x33,0x33,0x33,0x33,0x33,0x33,0x33,
  0x33,0x33,0x33,0x33,0x33,0x33,0x33,0x33,0x33,0x33,0x40,0xbd,0xdc,0xdc,0xcd,0xdd,0xdd,0xdd,0xdd,0xdf,
  0xda,0xaa,0x77,0x77,0x77,0x77,0x77,0x77,0x77,0x77,0x77,0x77,0x77,0x77,0x77,0x77,0x77,0x77,0x77,0x77,
  0x77,0x77,0x77,0x77,0x77,0x77,0x77,0x77,0x77,0x77,0x77,0x77,0x77,0x7a,0xaa,0xaa,0xaa,0xaa,0xab,0xcd,
  0xcb,0xbc,0xdd,0xdd,0xdd,0xff,0xff,0xff,0xb0,0x53,0x33,0x33,0x33,0x33,0x33,0x33,0x33,0x33,0x33,0x33,
  0x33,0x33,0x33,0x33,0x33,0x33,0x33,0x33,0x33,0x33,0x33,0x33,0x33,0x33,0x33,0x33,0x33,0x33,0x33,0x33,
  0x33,0x33,0x33,0x33,0x33,0x33,0x52,0x9d,0xdc,0xcd,0xdd,0xdd,0xdd,0xdd,0xdd,0xdf,0xfb,0xaa,0x87,0x77,
  0x77,0x77,0x77,0x77,0x77,0x77,0x77,0x77,0x77,0x77,0x77,0x77,0x77,0x77,0x77,0x77,0x77,0x77,0x77,0x77,
  0x77,0x77,0x77,0x77,0x77,0x77,0xaa,0x77,0x77,0xa7,0xaa,0xaa,0xaa,0xaa,0xbb,0xdc,0xcb,0xbc,0xdd,0xdd,
  0xdd,0xff,0xff,0xff,0xb0,0x54,0x33,0x33,0x33,0x33,0x33,0x33,0x33,0x33,0x33,0x33,0x33,0x33,0x33,0x33,
  0x33,0x33,0x33,0x33,0x33,0x33,0x33,0x33,0x33,0x33,0x33,0x33,0x33,0x33,0x33,0x33,0x33,0x33,0x33,0x33,
  0x33,0x33,0x45,0x0b,0xdd,0xdd,0xcc,0xdd,0xdd,0xdd,0xdd,0xdd,0xfd,0xaa,0xa7,0x77,0x77,0x77,0x77,0x77,
  0x77,0x77,0x77,0x77,0x77,0x77,0x77,0x77,0x77,0x77,0x77,0x77,0x77,0x77,0x77,0x77,0x77,0x77,0x77,0x77,
  0x77,0x7a,0xaa,0x77,0xa7,0x77,0x7a,0xaa,0xaa,0xaa,0xbd,0xdc,0xcb,0xcc,0xdd,0xdd,0xdf,0xff,0xff,0xfd,
  0x90,0x13,0x33,0x33,0x33,0x33,0x33,0x33,0x33,0x33,0x33,0x33,0x33,0x33,0x33,0x33,0x33,0x33,0x33,0x33,
  0x33,0x33,0x33,0x33,0x33,0x33,0x33,0x33,0x33,0x33,0x33,0x33,0x33,0x33,0x33,0x33,0x33,0x33,0x15,0x0b,
  0xdd,0xdd,0xdd,0xdd,0xdd,0xdd,0xdd,0xdd,0xdf,0xca,0xa7,0x77,0x77,0x77,0x77,0x77,0x77,0x77,0x77,0x77,
  0x77,0x77,0x77,0x77,0x77,0x77,0x77,0x77,0x77,0x77,0x77,0x77,0x77,0x77,0x77,0x77,0x77,0x77,0xaa,0xa7,
  0xa7,0x78,0xaa,0xaa,0xaa,0xab,0xbd,0xcc,0xbc,0xcd,0xdd,0xdd,0xdf,0xff,0xff,0xfb,0x04,0x13,0x33,0x33,
  0x33,0x33,0x33,0x33,0x33,0x33,0x33,0x33,0x33,0x33,0x33,0x33,0x33,0x33,0x33,0x33,0x33,0x33,0x33,0x33,
  0x33,0x33,0x33,0x33,0x33,0x33,0x33,0x33,0x33,0x33,0x33,0x33,0x33,0x33,0x34,0x29,0xdd,0xdd,0xdd,0xdd,
  0xdd,0xdd,0xdd,0xdd,0xdf,0xfb,0xaa,0x77,0x77,0x77,0x77,0x77,0x77,0x77,0x77,0x77,0x77,0x77,0x77,0x77,
  0x77,0x77,0x77,0x77,0x77,0x77,0x77,0x77,0x77,0x77,0x77,0x77,0x77,0x77,0x7a,0x87,0x7a,0x78,0xaa,0xaa,
  0xaa,0xbb,0xdd,0xcb,0xbc,0xcd,0xdd,0xdd,0xff,0xff,0xff,0xfa,0x05,0x33,0x33,0x33,0x33,0x33,0x33,0x33,
  0x33,0x33,0x33,0x33,0x33,0x33,0x33,0x33,0x33,0x33,0x33,0x33,0x33,0x33,0x33,0x33,0x33,0x33,0x33,0x33,
  0x33,0x33,0x33,0x33,0x33,0x33,0x33,0x33,0x33,0x33,0x33,0x50,0xbd,0xdd,0xdd,0xdd,0xdd,0xdd,0xdd,0xdd,
  0xdd,0xfd,0xaa,0xa7,0x77,0x77,0x77,0x77,0x77,0x77,0x77,0x77,0x77,0x77,0x77,0x77,0x77,0x77,0x77,0x77,
  0x77,0x77,0x77,0x77,0x77,0x77,0x77,0x77,0x77,0x77,0x77,0xaa,0x8a,0xa8,0xaa,0xaa,0xaa,0xbc,0xdc,0xcb,
  0xcc,0xdd,0xdd,0xdd,0xff,0xff,0xff,0xd1,0x14,0x33,0x33,0x33,0x33,0x33,0x33,0x33,0x33,0x33,0x33,0x33,
  0x33,0x33,0x33,0x33,0x33,0x33,0x33,0x33,0x33,0x33,0x33,0x33,0x33,0x33,0x33,0x33,0x33,0x33,0x33,0x33,
  0x33,0x33,0x33,0x33,0x33,0x33,0x33,0x50,0xad,0xdd,0xdd,0xdd,0xdd,0xdd,0xdd,0xdd,0xdd,0xdf,0xca,0xaa,
  0x88,0x77,0x77,0x77,0x77,0x77,0x77,0x77,0x77,0x77,0x77,0x77,0x77,0x77,0x77,0x77,0x77,0x77,0x77,0x78,
  0x77,0x77,0x77,0x77,0x77,0x77,0x7a,0xaa,0xaa,0xaa,0xaa,0xaa,0xab,0xbd,0xcc,0xbb,0xcd,0xdd,0xdd,0xdf,
  0xff,0xff,0xff,0xb0,0x43,0x33,0x33,0x33,0x33,0x33,0x33,0x33,0x33,0x33,0x33,0x33,0x33,0x33,0x33,0x33,
  0x33,0x33,0x33,0x33,0x33,0x33,0x33,0x33,0x33,0x33,0x33,0x33,0x33,0x33,0x33,0x33,0x33,0x33,0x33,0x33,
  0x33,0x33,0x33,0x35,0x0c,0xdd,0xdd,0xdd,0xdd,0xdd,0xdd,0xdd,0xdd,0xdf,0xfb,0xaa,0xa7,0x77,0x77,0x77,
  0x77,0x77,0x77,0x77,0x77,0x77,0x77,0x77,0x77,0x77,0x77,0x77,0x87,0x78,0xa7,0x77,0x77,0x7a,0x77,0x77,
  0x77,0x77,0x7a,0xaa,0xaa,0xaa,0xaa,0xaa,0xbb,0xdd,0xcb,0xbc,0xcd,0xdd,0xdd,0xdf,0xff,0xff,0xfd,0x90,
  0x43,0x33,0x33,0x33,0x33,0x33,0x33,0x33,0x33,0x33,0x33,0x33,0x33,0x33,0x33,0x33,0x33,0x33,0x33,0x33,
  0x33,0x33,0x33,0x33,0x33,0x33,0x33,0x33,0x33,0x33,0x33,0x33,0x33,0x33,0x33,0x33,0x33,0x33,0x33,0x34,
  0x0a,0xdd,0xdd,0xdd,0xdd,0xdd,0xdd,0xdd,0xdd,0xdd,0xdd,0xba,0xaa,0xaa,0x77,0x77,0x77,0x77,0x77,0x77,
  0x77,0x77,0x77,0x77,0x77,0x77,0x77,0x77,0x77,0x7a,0xa7,0x77,0x78,0xa7,0x77,0x77,0x77,0x77,0x77,0xaa,
  0xaa,0xaa,0xaa,0xab,0xbd,0xdc,0xcb,0xbc,0xdd,0xdd,0xdd,0xff,0xff,0xff,0xfb,0x04,0x33,0x33,0x33,0x33,
  0x33,0x33,0x33,0x33,0x33,0x33,0x33,0x33,0x33,0x33,0x33,0x33,0x33,0x33,0x33,0x33,0x33,0x33,0x33,0x33,
  0x33,0x33,0x33,0x33,0x33,0x33,0x33,0x33,0x33,0x33,0x33,0x33,0x33,0x33,0x33,0x34,0x10,0xcd,0xdd,0xdd,
  0xdd,0xdd,0xdd,0xdd,0xdd,0xdd,0xdf,0xda,0xaa,0xaa,0x77,0x77,0x77,0x77,0x77,0x77,0x77,0x77,0x77,0x77,
  0x77,0x7a,0x77,0x77,0x77,0x77,0x77,0xaa,0xaa,0xa7,0x77,0x87,0x77,0xaa,0xaa,0xaa,0xaa,0xaa,0xaa,0xbb,
  0xdd,0xcc,0xbb,0xcd,0xdd,0xdd,0xdf,0xff,0xff,0xff,0xd9,0x03,0x33,0x33,0x33,0x33,0x33,0x33,0x33,0x33,
  0x33,0x33,0x33,0x33,0x33,0x33,0x33,0x33,0x33,0x33,0x33,0x33,0x33,0x33,0x33,0x33,0x33,0x33,0x33,0x33,
  0x33,0x33,0x33,0x33,0x33,0x33,0x33,0x33,0x33,0x33,0x33,0x33,0x40,0xad,0xdd,0xdd,0xdd,0xdd,0xdd,0xdd,
  0xdd,0xdd,0xdd,0xfc,0xaa,0xaa,0x77,0x77,0x77,0x77,0x77,0x77,0x77,0x77,0x77,0x77,0x77,0x77,0x77,0x77,
  0x88,0x87,0xaa,0xaa,0xaa,0xa7,0x77,0x87,0x77,0xaa,0xaa,0xaa,0xaa,0xaa,0xab,0xbc,0xdc,0xbb,0xbc,0xcd,
  0xdd,0xdd,0xff,0xff,0xff,0xff,0xb0,0x32,0x33,0x33,0x33,0x33,0x33,0x33,0x33,0x33,0x33,0x33,0x33,0x33,
  0x33,0x33,0x33,0x33,0x33,0x33,0x33,0x33,0x33,0x33,0x33,0x33,0x33,0x33,0x33,0x33,0x33,0x33,0x33,0x33,
  0x33,0x33,0x33,0x33,0x33,0x33,0x33,0x33,0x35,0x0b,0xdd,0xdd,0xdd,0xdd,0xdd,0xdd,0xdd,0xdd,0xdd,0xdf,
  0xda,0xaa,0xa8,0xaa,0x77,0x77,0x77,0x77,0x77,0x77,0x77,0x77,0x77,0x77,0x78,0xaa,0xaa,0xaa,0xaa,0xaa,
  0xaa,0xaa,0xa7,0x7a,0xaa,0xaa,0xaa,0xaa,0xaa,0xaa,0xbb,0xcd,0xcc,0xbb,0xcc,0xdd,0xdd,0xdd,0xff,0xff,
  0xff,0xfd,0x90,0x33,0x33,0x33,0x33,0x33,0x33,0x33,0x33,0x33,0x33,0x33,0x33,0x33,0x33,0x33,0x33,0x33,
  0x33,0x33,0x33,0x33,0x33,0x33,0x33,0x33,0x33,0x33,0x33,0x33,0x33,0x33,0x33,0x33,0x33,0x33,0x33,0x33,
  0x33,0x33,0x33,0x33,0x35,0x0a,0xdd,0xdd,0xdd,0xdd,0xdd,0xdd,0xdd,0xdd,0xdd,0xdd,0xdc,0xaa,0xaa,0xaa,
  0xa7,0x77,0x77,0x77,0x77,0x77,0x77,0x77,0x77,0x77,0x77,0x90,0x7a,0xaa,0xaa,0xaa,0xaa,0xaa,0xa7,0xaa,
  0xaa,0xaa,0xaa,0xaa,0xaa,0xab,0xbc,0xdc,0xcb,0xbc,0xcd,0xdd,0xdd,0xdd,0xff,0xff,0xff,0xfb,0x05,0x33,
  0x33,0x33,0x33,0x33,0x33,0x33,0x33,0x33,0x33,0x33,0x33,0x33,0x33,0x33,0x33,0x33,0x33,0x33,0x33,0x33,
  0x33,0x33,0x33,0x33,0x33,0x33,0x33,0x33,0x33,0x33,0x33,0x33,0x33,0x33,0x33,0x33,0x33,0x33,0x33,0x33,
  0x33,0x50,0xbd,0xdd,0xdd,0xdd,0xdd,0xdd,0xdd,0xdd,0xdd,0xdd,0xdd,0xdb,0xaa,0xaa,0xa7,0xa7,0x77,0x77,
  0x77,0x77,0x77,0x77,0x77,0x77,0xa6,0x06,0x8a,0xba,0xaa,0xaa,0xaa,0xaa,0xa8,0xaa,0xaa,0xaa,0xaa,0xaa,
  0xaa,0xbb,0xcd,0xcc,0xbb,0xbc,0xdd,0xdd,0xdd,0xdf,0xff,0xff,0xff,0xd0,0x33,0x33,0x33,0x33,0x33,0x33,
  0x33,0x33,0x33,0x33,0x33,0x33,0x33,0x33,0x33,0x33,0x33,0x33,0x33,0x33,0x33,0x33,0x33,0x33,0x33,0x33,
  0x33,0x33,0x33,0x33,0x33,0x33,0x33,0x33,0x33,0x33,0x33,0x33,0x33,0x33,0x33,0x33,0x33,0x44,0x1d,0xdd,
  0xdd,0xdd,0xdd,0xdd,0xdd,0xdd,0xdd,0xdd,0xdd,0xdd,0xba,0xaa,0xaa,0xaa,0x77,0x77,0x77,0x77,0x77,0x77,
  0x77,0x78,0xa0,0x06,0xab,0xba,0xaa,0xaa,0xaa,0xaa,0xaa,0xaa,0xaa,0xaa,0xaa,0xaa,0xab,0xbd,0xdc,0xcb,
  0xbb,0xcd,0xdd,0xdd,0xdd,0xff,0xff,0xff,0xff,0xa0,0x22,0x22,0x33,0x33,0x33,0x33,0x33,0x33,0x33,0x33,
  0x33,0x33,0x33,0x33,0x33,0x33,0x33,0x33,0x33,0x33,0x33,0x33,0x33,0x33,0x33,0x33,0x33,0x33,0x33,0x33,
  0x33,0x33,0x33,0x33,0x33,0x33,0x33,0x33,0x33,0x33,0x33,0x33,0x33,0x35,0x0a,0xdd,0xdd,0xdd,0xdd,0xdd,
  0xdd,0xdd,0xdd,0xdd,0xdd,0xdd,0xdb,0xba,0xaa,0xaa,0xa8,0x77,0x77,0x77,0x77,0x77,0x77,0x77,0xa6,0x68,
  0xab,0xba,0xaa,0xaa,0xaa,0xaa,0xaa,0xaa,0xaa,0xaa,0xaa,0xab,0xbc,0xdd,0xcc,0xbb,0xbc,0xcd,0xdd,0xdd,
  0xdf,0xff,0xff,0xff,0xfb,0x09,0x32,0x22,0x33,0x33,0x33,0x33,0x33,0x33,0x33,0x33,0x33,0x33,0x33,0x33,
  0x33,0x33,0x33,0x33,0x33,0x33,0x33,0x33,0x33,0x33,0x33,0x33,0x33,0x33,0x33,0x33,0x33,0x33,0x33,0x33,
  0x33,0x33,0x33,0x33,0x33,0x33,0x33,0x33,0x33,0x33,0x50,0xbd,0xdd,0xdd,0xdd,0xdd,0xdd,0xdd,0xdd,0xdd,
  0xdd,0xdd,0xdd,0xcb,0xaa,0xaa,0xaa,0x87,0x77,0x77,0x77,0x77,0x78,0x7a,0xa6,0x6a,0xab,0xba,0xaa,0xaa,
  0xaa,0xaa,0xaa,0xaa,0xaa,0xaa,0xaa,0xbb,0xcd,0xcc,0xcb,0xbb,0xcd,0xdd,0xdd,0xdd,0xff,0xff,0xff,0xff,
  0xd0,0x41,0x32,0x22,0x33,0x33,0x33,0x33,0x33,0x33,0x33,0x33,0x33,0x33,0x33,0x33,0x33,0x33,0x33,0x33,
  0x33,0x33,0x33,0x33,0x33,0x33,0x33,0x33,0x33,0x33,0x33,0x33,0x33,0x33,0x33,0x33,0x33,0x33,0x33,0x33,
  0x33,0x33,0x33,0x33,0x33,0x33,0x32,0x0c,0xfd,0xdd,0xdd,0xdd,0xdd,0xdd,0xdd,0xdd,0xdd,0xdd,0xdd,0xdd,
  0xbb,0xaa,0xaa,0xaa,0x8a,0xa7,0x77,0xaa,0x8a,0xaa,0xa6,0x6a,0xab,0xba,0xaa,0xaa,0xaa,0xaa,0xaa,0xaa,
  0xaa,0xaa,0xbb,0xbd,0xdc,0xcc,0xbb,0xcc,0xcd,0xdd,0xdd,0xdd,0xff,0xff,0xff,0xfd,0x90,0x22,0x22,0x22,
  0x33,0x33,0x33,0x33,0x33,0x33,0x33,0x33,0x33,0x33,0x33,0x33,0x33,0x33,0x33,0x33,0x33,0x33,0x33,0x33,
  0x33,0x33,0x33,0x33,0x33,0x33,0x33,0x33,0x33,0x33,0x33,0x33,0x33,0x33,0x33,0x33,0x33,0x33,0x33,0x33,
  0x33,0x33,0x35,0x09,0xdf,0xdd,0xdd,0xdd,0xdd,0xdd,0xdd,0xdd,0xdd,0xdd,0xdd,0xdd,0xdd,0xba,0xaa,0xaa,
  0xaa,0xaa,0xaa,0xaa,0xaa,0xaa,0xaa,0x8a,0xab,0xba,0xaa,0xaa,0xaa,0xaa,0xaa,0xaa,0xaa,0xbb,0xbc,0xdc,
  0xcc,0xcb,0xbc,0xcd,0xdd,0xdd,0xdd,0xdf,0xff,0xff,0xff,0xfa,0x05,0x43,0x34,0x43,0x33,0x33,0x33,0x33,
  0x33,0x33,0x33,0x33,0x33,0x33,0x33,0x33,0x33,0x33,0x33,0x33,0x33,0x33,0x33,0x33,0x33,0x33,0x33,0x33,
  0x33,0x33,0x33,0x33,0x33,0x33,0x33,0x33,0x33,0x33,0x33,0x33,0x33,0x33,0x33,0x33,0x33,0x33,0x33,0x20,
  0xad,0xfd,0xdd,0xdd,0xdd,0xdd,0xdd,0xdd,0xdd,0xdd,0xdd,0xdd,0xdd,0xdc,0xbb,0xaa,0xaa,0xaa,0xaa,0xaa,
  0xaa,0xaa,0xaa,0xbb,0xbc,0xba,0xaa,0xaa,0xaa,0xaa,0xaa,0xaa,0xbb,0xbc,0xdd,0xcc,0xcb,0xbb,0xcc,0xdd,
  0xdd,0xdd,0xdf,0xff,0xff,0xff,0xff,0xb0,0x55,0x44,0x44,0x43,0x33,0x33,0x33,0x33,0x33,0x33,0x33,0x33,
  0x33,0x33,0x33,0x33,0x33,0x33,0x33,0x33,0x33,0x33,0x33,0x33,0x33,0x33,0x33,0x33,0x33,0x33,0x33,0x33,
  0x33,0x33,0x33,0x33,0x33,0x33,0x33,0x33,0x33,0x33,0x33,0x33,0x33,0x33,0x33,0x25,0x0b,0xff,0xdd,0xdd,
  0xdd,0xdd,0xdd,0xdd,0xdd,0xdd,0xdd,0xdd,0xdc,0xdd,0xdd,0xbb,0xba,0xaa,0xaa,0xaa,0xaa,0xaa,0xaa,0xbb,
  0xcb,0xba,0xaa,0xaa,0xaa,0xaa,0xab,0xbb,0xcd,0xdd,0xcc,0xcb,0xbb,0xcc,0xcd,0xdd,0xdd,0xdd,0xff,0xff,
  0xff,0xff,0xfb,0x05,0x44,0x44,0x44,0x44,0x33,0x33,0x33,0x33,0x33,0x33,0x33,0x33,0x33,0x33,0x33,0x33,
  0x33,0x33,0x33,0x33,0x33,0x33,0x33,0x33,0x33,0x33,0x33,0x33,0x33,0x33,0x33,0x33,0x33,0x33,0x33,0x33,
  0x33,0x33,0x33,0x33,0x33,0x33,0x33,0x33,0x33,0x33,0x33,0x33,0x40,0xbf,0xff,0xdd,0xdd,0xdd,0xdd,0xdd,
  0xdd,0xdd,0xdd,0xdd,0xdd,0xdc,0xdd,0xdd,0xcb,0xbb,0xaa,0xaa,0xaa,0xaa,0xaa,0xaa,0xaa,0xaa,0xaa,0xaa,
  0xab,0xbb,0xbb,0xcd,0xdd,0xcc,0xcc,0xbb,0xbc,0xcd,0xdd,0xdd,0xdd,0xdf,0xff,0xff,0xff,0xff,0xc0,0x22,
  0x23,0x33,0x33,0x33,0x33,0x33,0x33,0x33,0x33,0x33,0x33,0x33,0x33,0x33,0x33,0x33,0x33,0x33,0x33,0x33,
  0x33,0x33,0x33,0x33,0x33,0x33,0x33,0x33,0x33,0x33,0x33,0x33,0x33,0x33,0x33,0x33,0x33,0x33,0x33,0x33,
  0x33,0x33,0x33,0x33,0x33,0x33,0x33,0x33,0x14,0x0b,0xff,0xfd,0xdd,0xdd,0xdd,0xdd,0xdd,0xdd,0xdd,0xdd,
  0xdd,0xcc,0xdc,0xcd,0xdd,0xdc,0xbb,0xbb,0xba,0xbb,0xaa,0xaa,0xaa,0xbb,0xbb,0xbb,0xbb,0xbc,0xdd,0xdc,
  0xcc,0xcc,0xbb,0xbc,0xcc,0xdd,0xdd,0xdd,0xdd,0xff,0xff,0xff,0xff,0xfd,0x12,0x22,0x23,0x33,0x33,0x33,
  0x33,0x33,0x33,0x33,0x33,0x33,0x33,0x33,0x33,0x33,0x33,0x33,0x33,0x33,0x33,0x33,0x33,0x33,0x33,0x33,
  0x33,0x33,0x33,0x33,0x33,0x33,0x33,0x33,0x33,0x33,0x33,0x33,0x33,0x33,0x33,0x33,0x33,0x33,0x33,0x33,
  0x33,0x33,0x33,0x33,0x34,0x40,0xbf,0xff,0xfd,0xdd,0xdd,0xdd,0xdd,0xdd,0xdd,0xdd,0xdd,0xcc,0xcd,0xdd,
  0xcd,0xdd,0xdd,0xdc,0xcb,0xbb,0xbb,0xbb,0xbb,0xbb,0xbb,0xcc,0xdd,0xdd,0xdc,0xcc,0xcc,0xcb,0xbc,0xcc,
  0xdd,0xdd,0xdd,0xdd,0xdf,0xff,0xff,0xff,0xff,0xd0,0x25,0x23,0x33,0x33,0x33,0x33,0x33,0x33,0x33,0x33,
  0x33,0x33,0x33,0x33,0x33,0x33,0x33,0x33,0x33,0x33,0x33,0x33,0x33,0x33,0x33,0x33,0x33,0x33,0x33,0x33,
  0x33,0x33,0x33,0x33,0x33,0x33,0x33,0x33,0x33,0x33,0x33,0x33,0x33,0x33,0x33,0x33,0x33,0x33,0x33,0x33,
  0x33,0x33,0x0b,0xff,0xff,0xdd,0xdd,0xdd,0xdd,0xdd,0xdd,0xdd,0xdd,0xdd,0xcc,0xcc,0xdd,0xcc,0xcc,0xdd,
  0xdd,0xdd,0xdd,0xdd,0xdd,0xdd,0xdd,0xdd,0xdc,0xcc,0xcc,0xcb,0xbb,0xcc,0xcc,0xdd,0xdd,0xdd,0xdd,0xdd,
  0xff,0xff,0xff,0xff,0xfd,0x12,0x33,0x54,0x43,0x33,0x33,0x33,0x33,0x33,0x33,0x33,0x33,0x33,0x33,0x33,
  0x33,0x33,0x33,0x33,0x33,0x33,0x33,0x33,0x33,0x33,0x33,0x33,0x33,0x33,0x33,0x33,0x33,0x33,0x33,0x33,
  0x33,0x33,0x33,0x33,0x33,0x33,0x33,0x33,0x33,0x33,0x33,0x33,0x33,0x33,0x33,0x33,0x33,0x33,0x50,0xbf,
  0xff,0xfd,0xdd,0xdd,0xdd,0xdd,0xdd,0xdd,0xdd,0xdd,0xdd,0xcc,0xcc,0xcc,0xcc,0xcc,0xcc,0xcd,0xdd,0xdd,
  0xdc,0xcc,0xcc,0xcc,0xcc,0xcc,0xcc,0xbb,0xcc,0xcc,0xdd,0xdd,0xdd,0xdd,0xdd,0xff,0xff,0xff,0xff,0xff,
  0xd1,0x02,0x23,0x45,0x53,0x33,0x33,0x33,0x33,0x33,0x33,0x33,0x33,0x33,0x33,0x33,0x33,0x33,0x33,0x33,
  0x33,0x33,0x33,0x33,0x33,0x33,0x33,0x33,0x33,0x33,0x33,0x33,0x33,0x33,0x33,0x33,0x33,0x33,0x33,0x33,
  0x33,0x33,0x33,0x33,0x33,0x33,0x33,0x33,0x33,0x33,0x33,0x33,0x33,0x33,0x34,0x0b,0xff,0xff,0xfd,0xdd,
  0xdd,0xdd,0xdd,0xdd,0xdd,0xdd,0xdd,0xdc,0xcc,0xcc,0xcc,0xcc,0xcc,0xcc,0xcc,0xcc,0xcc,0xcc,0xcc,0xcc,
  0xcc,0xcc,0xcc,0xcc,0xcc,0xdd,0xdd,0xdd,0xdd,0xdd,0xff,0xff,0xff,0xff,0xff,0xfc,0x02,0x32,0x23,0x45,
  0x53,0x33,0x33,0x33,0x33,0x33,0x33,0x33,0x33,0x33,0x33,0x33,0x33,0x33,0x33,0x33,0x33,0x33,0x33,0x33,
  0x33,0x33,0x33,0x33,0x33,0x33,0x33,0x33,0x33,0x33,0x33,0x33,0x33,0x33,0x33,0x33,0x33,0x33,0x33,0x33,
  0x33,0x33,0x33,0x33,0x33,0x33,0x33,0x33,0x33,0x33,0x33,0x50,0xad,0xff,0xfd,0xdd,0xdd,0xdd,0xdd,0xdd,
  0xdd,0xdd,0xdd,0xdd,0xdd,0xdc,0xcc,0xcc,0xcc,0xcc,0xcc,0xcc,0xcc,0xcc,0xcc,0xcb,0xcc,0xcc,0xcc,0xdd,
  0xdd,0xdd,0xdd,0xdd,0xdd,0xff,0xff,0xff,0xff,0xff,0xff,0xb0,0x14,0x33,0x33,0x33,0x33,0x33,0x33,0x33,
  0x33,0x33,0x33,0x33,0x33,0x33,0x33,0x33,0x33,0x33,0x33,0x33,0x33,0x33,0x33,0x33,0x33,0x33,0x33,0x33,
  0x33,0x33,0x33,0x33,0x33,0x33,0x33,0x33,0x33,0x33,0x33,0x33,0x33,0x33,0x33,0x33,0x33,0x33,0x33,0x33,
  0x33,0x33,0x33,0x33,0x33,0x33,0x33,0x34,0x09,0xcf,0xff,0xff,0xdd,0xdd,0xdd,0xdd,0xdd,0xdd,0xdd,0xdd,
  0xdd,0xdd,0xdd,0xcd,0xcc,0xcc,0xcc,0xcc,0xcc,0xcc,0xcc,0xcc,0xcc,0xcd,0xdd,0xdd,0xdd,0xdd,0xdd,0xdd,
  0xff,0xff,0xff,0xff,0xff,0xff,0xfa,0x01,0x11,0x33,0x33,0x33,0x33,0x33,0x33,0x33,0x33,0x33,0x33,0x33,
  0x33,0x33,0x33,0x33,0x33,0x33,0x33,0x33,0x33,0x33,0x33,0x33,0x33,0x33,0x33,0x33,0x33,0x33,0x33,0x33,
  0x33,0x33,0x33,0x33,0x33,0x33,0x33,0x33,0x33,0x33,0x33,0x33,0x33,0x33,0x33,0x33,0x33,0x33,0x33,0x33,
  0x33,0x33,0x33,0x32,0x22,0x0b,0xff,0xff,0xff,0xdd,0xdd,0xdd,0xdd,0xdd,0xdd,0xdd,0xdd,0xdd,0xdd,0xdd,
  0xdd,0xdd,0xdd,0xdd,0xdd,0xcd,0xcc,0xdd,0xdd,0xdd,0xdd,0xdd,0xdd,0xdd,0xdd,0xdf,0xff,0xff,0xff,0xff,
  0xff,0xfd,0x90,0x54,0x33,0x33,0x33,0x33,0x33,0x33,0x33,0x33,0x33,0x33,0x33,0x33,0x33,0x33,0x33,0x33,
  0x33,0x33,0x33,0x33,0x33,0x33,0x33,0x33,0x33,0x33,0x33,0x33,0x33,0x33,0x33,0x33,0x33,0x33,0x33,0x33,
  0x33,0x33,0x33,0x33,0x33,0x33,0x33,0x33,0x33,0x33,0x33,0x33,0x33,0x33,0x33,0x33,0x33,0x33,0x33,0x33,
  0x25,0x50,0xad,0xff,0xff,0xff,0xfd,0xdd,0xdd,0xdd,0xdd,0xdd,0xdd,0xdd,0xdd,0xdd,0xdd,0xdd,0xdd,0xdd,
  0xdd,0xdd,0xdd,0xdd,0xdd,0xdd,0xdd,0xdd,0xdd,0xdd,0xdf,0xff,0xff,0xff,0xff,0xff,0xff,0xb0,0x05,0x33,
  0x33,0x33,0x33,0x33,0x33,0x33,0x33,0x33,0x33,0x33,0x33,0x33,0x33,0x33,0x33,0x33,0x33,0x33,0x33,0x33,
  0x33,0x33,0x33,0x33,0x33,0x33,0x33,0x33,0x33,0x33,0x33,0x33,0x33,0x33,0x33,0x33,0x33,0x33,0x33,0x33,
  0x33,0x33,0x33,0x33,0x33,0x33,0x33,0x33,0x33,0x33,0x33,0x33,0x33,0x33,0x33,0x33,0x33,0x25,0x09,0xbf,
  0xff,0xff,0xff,0xfd,0xdd,0xdd,0xdd,0xdd,0xdd,0xdd,0xdd,0xdd,0xdd,0xdd,0xdd,0xdd,0xdd,0xdd,0xdd,0xdd,
  0xdd,0xdd,0xdd,0xdd,0xdd,0xff,0xff,0xff,0xff,0xff,0xff,0xff,0xda,0x03,0x41,0x33,0x33,0x33,0x33,0x33,
  0x33,0x33,0x33,0x33,0x33,0x33,0x33,0x33,0x33,0x33,0x33,0x33,0x33,0x33,0x33,0x33,0x33,0x33,0x33,0x33,
  0x33,0x33,0x33,0x33,0x33,0x33,0x33,0x33,0x33,0x33,0x33,0x33,0x33,0x33,0x33,0x33,0x33,0x33,0x33,0x33,
  0x33,0x33,0x33,0x33,0x33,0x33,0x33,0x33,0x33,0x33,0x33,0x33,0x33,0x33,0x42,0x0a,0xdf,0xff,0xff,0xff,
  0xff,0xdd,0xdd,0xdd,0xdd,0xdd,0xdd,0xdd,0xdd,0xdd,0xdd,0xdd,0xdd,0xdd,0xdd,0xdd,0xdd,0xdd,0xdd,0xff,
  0xff,0xff,0xff,0xff,0xff,0xff,0xff,0xfb,0x00,0x52,0x22,0x33,0x33,0x33,0x33,0x33,0x33,0x33,0x33,0x33,
  0x33,0x33,0x33,0x33,0x33,0x33,0x33,0x33,0x33,0x33,0x33,0x33,0x33,0x33,0x33,0x33,0x33,0x33,0x33,0x33,
  0x33,0x33,0x33,0x33,0x33,0x33,0x33,0x33,0x33,0x33,0x33,0x33,0x33,0x33,0x33,0x33,0x33,0x33,0x33,0x33,
  0x33,0x33,0x33,0x33,0x33,0x33,0x33,0x33,0x33,0x33,0x34,0x50,0x0b,0xdf,0xff,0xff,0xff,0xff,0xff,0xdd,
  0xdd,0xdd,0xdd,0xdd,0xdd,0xdd,0xdd,0xdd,0xdd,0xdd,0xdd,0xdd,0xdf,0xff,0xff,0xff,0xff,0xff,0xff,0xff,
  0xff,0xff,0xfc,0x90,0x15,0x44,0x33,0x33,0x33,0x33,0x33,0x33,0x33,0x33,0x33,0x33,0x33,0x33,0x33,0x33,
  0x33,0x33,0x33,0x33,0x33,0x33,0x33,0x33,0x33,0x33,0x33,0x33,0x33,0x33,0x33,0x33,0x33,0x33,0x33,0x33,
  0x33,0x33,0x33,0x33,0x33,0x33,0x33,0x33,0x33,0x33,0x33,0x33,0x33,0x33,0x33,0x33,0x33,0x33,0x33,0x33,
  0x33,0x33,0x33,0x33,0x33,0x33,0x33,0x35,0x30,0x9b,0xdf,0xff,0xff,0xff,0xff,0xff,0xff,0xff,0xdd,0xdd,
  0xdd,0xdd,0xdd,0xdd,0xdd,0xdd,0xdd,0xdf,0xff,0xff,0xff,0xff,0xff,0xff,0xff,0xff,0xff,0xfd,0xa0,0x11,
  0x11,0x11,0x23,0x33,0x33,0x33,0x33,0x33,0x33,0x33,0x33,0x33,0x33,0x33,0x33,0x33,0x33,0x33,0x33,0x33,
  0x33,0x33,0x33,0x33,0x33,0x33,0x33,0x33,0x33,0x33,0x33,0x33,0x33,0x33,0x33,0x33,0x33,0x33,0x33,0x33,
  0x33,0x33,0x33,0x33,0x33,0x33,0x33,0x33,0x33,0x33,0x33,0x33,0x33,0x33,0x33,0x33,0x33,0x33,0x33,0x33,
  0x33,0x32,0x34,0x55,0x99,0x99,0x9b,0xdf,0xff,0xff,0xff,0xff,0xff,0xff,0xff,0xff,0xff,0xff,0xff,0xff,
  0xff,0xff,0xff,0xff,0xff,0xff,0xff,0xff,0xff,0xff,0xff,0xff,0xfc,0xa9,0x99,0x99,0x99,0x99,0x55,0x33,
  0x33,0x33,0x33,0x33,0x33,0x33,0x33,0x33,0x33,0x33,0x33,0x33,0x33,0x33,0x33,0x33,0x33,0x33,0x33,0x33,
  0x33,0x33,0x33,0x33,0x33,0x33,0x33,0x33,0x33,0x33,0x33,0x33,0x33,0x33,0x33,0x33,0x33,0x33,0x33,0x33,
  0x33,0x33,0x33,0x33,0x33,0x33,0x33,0x33,0x33,0x33,0x33,0x33,0x33,0x33,0x33,0x33,0x33,0x35,0x99,0x99,
  0x99,0x9a,0xa9,0x9b,0xdf,0xff,0xff,0xff,0xff,0xff,0xff,0xff,0xff,0xff,0xff,0xff,0xff,0xff,0xff,0xff,
  0xff,0xff,0xff,0xff,0xff,0xff,0xff,0xfc,0xa9,0xaa,0xa9,0x99,0x99,0x99,0x99,0x95,0x43,0x33,0x33,0x33,
  0x33,0x33,0x33,0x33,0x33,0x33,0x33,0x33,0x33,0x33,0x33,0x33,0x33,0x33,0x33,0x33,0x33,0x33,0x33,0x33,
  0x33,0x33,0x33,0x33,0x33,0x33,0x33,0x33,0x33,0x33,0x33,0x33,0x33,0x33,0x33,0x33,0x33,0x33,0x33,0x33,
  0x33,0x33,0x33,0x33,0x33,0x33,0x33,0x33,0x33,0x33,0x33,0x33,0x55,0x99,0x99,0x9a,0xaa,0xaa,0xaa,0xaa,
  0xab,0xcf,0xff,0xff,0xff,0xff,0xff,0xff,0xff,0xff,0xff,0xff,0xff,0xff,0xff,0xff,0xff,0xff,0xff,0xff,
  0xff,0xff,0xdb,0xaa,0xaa,0xaa,0xaa,0xaa,0xaa,0x99,0x99,0x99,0x99,0x43,0x33,0x33,0x33,0x33,0x33,0x33,
  0x33,0x33,0x33,0x33,0x33,0x33,0x33,0x33,0x33,0x33,0x33,0x33,0x33,0x33,0x33,0x33,0x33,0x33,0x33,0x33,
  0x33,0x33,0x33,0x33,0x33,0x33,0x33,0x33,0x33,0x33,0x33,0x33,0x33,0x33,0x33,0x33,0x33,0x33,0x33,0x33,
  0x33,0x33,0x33,0x33,0x33,0x33,0x33,0x33,0x59,0x99,0x99,0xaa,0xaa,0xaa,0xab,0xbb,0xbb,0xbb,0xcd,0xff,
  0xff,0xff,0xff,0xff,0xff,0xff,0xff,0xff,0xff,0xff,0xff,0xff,0xff,0xff,0xff,0xff,0xfd,0xdc,0xbb,0xbb,
  0xbb,0xaa,0xaa,0xaa,0xaa,0xaa,0xa9,0x99,0x99,0x52,0x33,0x33,0x33,0x33,0x33,0x33,0x33,0x33,0x33,0x33,
  0x33,0x33,0x33,0x33,0x33,0x33,0x33,0x33,0x33,0x33,0x33,0x33,0x33,0x33,0x33,0x33,0x33,0x33,0x33,0x33,
  0x33,0x33,0x33,0x33,0x33,0x33,0x33,0x33,0x33,0x33,0x33,0x33,0x33,0x33,0x33,0x33,0x33,0x33,0x33,0x33,
  0x33,0x33,0x33,0x33,0x59,0x99,0x99,0xaa,0xaa,0xaa,0xbb,0xbb,0xbb,0xbb,0xbb,0xbc,0xdf,0xff,0xff,0xff,
  0xff,0xff,0xff,0xff,0xff,0xff,0xff,0xff,0xff,0xff,0xff,0xdd,0xcb,0xcc,0xcb,0xbb,0xbb,0xbb,0xba,0xaa,
  0xaa,0xaa,0xa9,0x99,0x99,0x53,0x33,0x33,0x33,0x33,0x33,0x33,0x33,0x33,0x33,0x33,0x33,0x33,0x33,0x33,
  0x33,0x33,0x33,0x33,0x33,0x33,0x33,0x33,0x33,0x33,0x33,0x33,0x33,0x33,0x33,0x33,0x33,0x33,0x33,0x33,
  0x33,0x33,0x33,0x33,0x33,0x33,0x33,0x33,0x33,0x33,0x33,0x33,0x33,0x33,0x33,0x33,0x33,0x33,0x33,0x33,
  0x55,0x99,0x99,0x9a,0xaa,0xaa,0xaa,0xbb,0xbb,0xbb,0xbb,0xbc,0xcd,0xdd,0xff,0xff,0xff,0xff,0xff,0xff,
  0xff,0xff,0xff,0xff,0xff,0xfd,0xdd,0xdc,0xcc,0xcc,0xcb,0xbb,0xbb,0xbb,0xba,0xaa,0xaa,0xaa,0x99,0x99,
  0x95,0x33,0x33,0x33,0x33,0x33,0x33,0x33,0x33,0x33,0x33,0x33,0x33,0x33,0x33,0x33,0x33,0x33,0x33,0x33,
  0x33,0x33,0x33,0x33,0x33,0x33,0x33,0x33,0x33,0x33,0x33,0x33,0x33,0x33,0x33,0x33,0x33,0x33,0x33,0x33,
  0x33,0x33,0x33,0x33,0x33,0x33,0x33,0x33,0x33,0x33,0x33,0x33,0x33,0x33,0x33,0x33,0x32,0x33,0x55,0x99,
  0x99,0x99,0xaa,0xaa,0xaa,0xbb,0xbb,0xbb,0xbb,0xbc,0xcc,0xcd,0xdd,0xdd,0xdf,0xff,0xff,0xfd,0xdd,0xdd,
  0xdc,0xcc,0xcc,0xcb,0xbb,0xbb,0xbb,0xbb,0xbb,0xaa,0xaa,0xaa,0x99,0x99,0x99,0x95,0x43,0x33,0x33,0x33,
  0x33,0x33,0x33,0x33,0x33,0x33,0x33,0x33,0x33,0x33,0x33,0x33,0x33,0x33,0x33,0x33,0x33,0x33,0x33,0x33,
  0x33,0x33,0x33,0x33,0x33,0x33,0x33,0x33,0x33,0x33,0x33,0x33,0x33,0x33,0x33,0x33,0x33,0x33,0x33,0x33,
  0x33,0x33,0x33,0x33,0x33,0x33,0x33,0x33,0x33,0x33,0x33,0x33,0x33,0x33,0x33,0x34,0x49,0x99,0x99,0x99,
  0x99,0xaa,0xaa,0xaa,0xaa,0xaa,0xaa,0xbb,0xbb,0xbb,0xbb,0xbb,0xbb,0xbb,0xbb,0xbb,0xbb,0xbb,0xba,0xaa,
  0xaa,0xaa,0xaa,0xaa,0xaa,0x99,0x99,0x99,0x55,0x31,0x11,0x13,0x33,0x33,0x33,0x33,0x33,0x33,0x33,0x33,
  0x33,0x33,0x33,0x33,0x33,0x33,0x33,0x33,0x33,0x33,0x33,0x33,0x33,0x33,0x33,0x33,0x33,0x33,0x33,0x33,
  0x33,0x33,0x33,0x33,0x33,0x33,0x33,0x33,0x33,0x33,0x33,0x33,0x33,0x33,0x33,0x33,0x33,0x33,0x33,0x33,
  0x33,0x33,0x33,0x33,0x33,0x33,0x33,0x33,0x33,0x33,0x33,0x33,0x33,0x33,0x24,0x44,0x33,0x55,0x55,0x99,
  0x99,0x99,0x99,0x99,0x99,0xaa,0xaa,0xaa,0xaa,0xaa,0xaa,0xaa,0xa9,0x99,0x99,0x99,0x99,0x95,0x55,0x55,
  0x55,0x54,0x15,0x53,0x33,0x55,0x44,0x43,0x33,0x33,0x33,0x33,0x33,0x33,0x33,0x33,0x33,0x33,0x33,0x33,
  0x33,0x33,0x33,0x33,0x33,0x33,0x33,0x33,0x33,0x33,0x33,0x33,0x33,0x33,0x33,0x33,0x33,0x33,0x33,0x33,
  0x33,0x33,0x33,0x33,0x33,0x33,0x33,0x33,0x33,0x33,0x33,0x33,0x33,0x33,0x33,0x33,0x33,0x33,0x33,0x33,
  0x33,0x33,0x33,0x33,0x33,0x33,0x33,0x33,0x33,0x33,0x33,0x33,0x33,0x22,0x22,0x22,0x33,0x35,0x55,0x55,
  0x55,0x55,0x55,0x55,0x59,0x95,0x55,0x55,0x55,0x55,0x55,0x55,0x55,0x52,0x22,0x22,0x23,0x33,0x33,0x33,
  0x33,0x33,0x33,0x33,0x33,0x33,0x33,0x33,0x33,0x33,0x33,0x33,0x33,0x33,0x33,0x33,0x33,0x33,0x33,0x33,
  0x33,0x33,0x33,0x33,0x33,0x33,0x33,0x33,0x33,0x33,0x33,0x33,0x33,0x33,0x33,0x33,0x33,0x33,0x33,0x33,
  0x33,0x33,0x33,0x33,0x33,0x33,0x33,0x33,0x33,0x33,0x33,0x33,0x33,0x33,0x33,0x33,0x33,0x33,0x33,0x33,
  0x33,0x33,0x33,0x33,0x33,0x33,0x33,0x33,0x33,0x33,0x33,0x33,0x33,0x33,0x33,0x23,0x33,0x33,0x33,0x33,
  0x33,0x33,0x33,0x22,0x22,0x23,0x33,0x33,0x33,0x33,0x33,0x33,0x33,0x33,0x33,0x33,0x33,0x33,0x33,0x33,
  0x33,0x33,0x33,0x33,0x33,0x33,0x33,0x33,0x33,0x33,0x33,0x33,0x33,0x33,0x33,0x33,0x33,0x33,0x33,0x33,
  0x33,0x33,0x33,0x33,0x33,0x33,0x33,0x33,0x33,0x33,0x33,0x33,0x33,0x33,0x33,0x33,0x33,0x33,0x33,0x33,
  0x33,0x33,0x33,0x33,0x33,0x33,0x33,0x33,0x33,0x33,0x33,0x33,0x33,0x33,0x33,0x33,0x33,0x33,0x33,0x33,
  0x33,0x33,0x33,0x33,0x33,0x33,0x33,0x33,0x33,0x33,0x33,0x33,0x33,0x33,0x33,0x33,0x33,0x33,0x33,0x33,
  0x33,0x33,0x33,0x33,0x33,0x33,0x33,0x33,0x33,0x33,0x33,0x33,0x33,0x33,0x33,0x33,0x33,0x33,0x33,0x33,
  0x33,0x33,0x33,0x33,0x33,0x33,0x33,0x33,0x33,0x33,0x33,0x33,0x33,0x33,0x33,0x33,0x33,0x33,0x33,0x33,
  0x33,0x33,0x33,0x33,0x33,0x33,0x33,0x33,0x33,0x33,0x33,0x33,0x33,0x33,0x33,0x33,0x33,0x33,0x33,0x33,
  0x33,0x33,0x33,0x33,0x33,0x33,0x33,0x33,0x33,0x33,0x33,0x33,0x33,0x33,0x33,0x33,0x33,0x33,0x33,0x33,
  0x33,0x33,0x33,0x33,0x33,0x33,0x33,0x33,0x33,0x33,0x33,0x33,0x33,0x33,0x33,0x33,0x33,0x33,0x33,0x33,
  0x33,0x33,0x33,0x33,0x33,0x33,0x33,0x33,0x33,0x33,0x33,0x33,0x33,0x33,0x33,0x33,0x33,0x33,0x33,0x33,
  0x33,0x33,0x33,0x33,0x33,0x33,0x33,0x33,0x33,0x33,0x33,0x33,0x33,0x33,0x33,0x33,0x33,0x33,0x33,0x33,
  0x33,0x33,0x33,0x33,0x33,0x33,0x33,0x33,0x33,0x33,0x33,0x33,0x33,0x33,0x33,0x33,0x33,0x33,0x33,0x33,
  0x33,0x33,0x33,0x33,0x33,0x33,0x33,0x33,0x33,0x33,0x33,0x33,0x33,0x33,0x33,0x33,0x33,0x33,0x33,0x33,
  0x33,0x33,0x33,0x33,0x33,0x33,0x33,0x33,0x33,0x33,0x33,0x33,0x33,0x33,0x33,0x33,0x33,0x33,0x33,0x33,
  0x33,0x33,0x33,0x33,0x33,0x33,0x33,0x33,0x33,0x33,0x33,0x33,0x33,0x33,0x33,0x33,0x33,0x33,0x33,0x33,
  0x33,0x33,0x33,0x33,0x33,0x33,0x33,0x33,0x33,0x33,0x33,0x33,0x33,0x33,0x33,0x33,0x33,0x33,0x33,0x33,
  0x33,0x33,0x33,0x33,0x33,0x33,0x33,0x33,0x33,0x33,0x33,0x33,0x33,0x33,0x33,0x33,0x33,0x33,0x33,0x33,
  0x33,0x33,0x33,0x33,0x33,0x33,0x33,0x33,0x33,0x33,0x33,0x33,0x33,0x33,0x33,0x33,0x33,0x33,0x33,0x33,
  0x33,0x33,0x33,0x33,0x33,0x33,0x33,0x33,0x33,0x33,0x33,0x33,0x33,0x33,0x33,0x33,0x33,0x33,0x33,0x33,
  0x33,0x33,0x33,0x33,0x33,0x33,0x33,0x33,0x33,0x33,0x33,0x33,0x33,0x33,0x33,0x33,0x33,0x33,0x33,0x33,
  0x33,0x33,0x33,0x33,0x33,0x33,0x33,0x33,0x33,0x33,0x33,0x33,0x33,0x33,0x33,0x33,0x33,0x33,0x33,0x33,
  0x33,0x33,0x33,0x33,0x33,0x33,0x33,0x33,0x33,0x33,0x33,0x33,0x33,0x33,0x33,0x33,0x33,0x33,0x33,0x33,
  0x33,0x33,0x33,0x33,0x33,0x33,0x33,0x33,0x33,0x33,0x33,0x33,0x33,0x33,0x33,0x33,0x33,0x33,0x33,0x33,
  0x33,0x33,0x33,0x33,0x33,0x33,0x33,0x33,0x33,0x33,0x33,0x33,0x33,0x33,0x33,0x33,0x33,0x33,0x33,0x33,
  0x33,0x33,0x33,0x33,0x33,0x33,0x33,0x33,0x33,0x33,0x33,0x33,0x33,0x33,0x33,0x33,0x33,0x33,0x33,0x33,
  0x33,0x33,0x33,0x33,0x33,0x33,0x33,0x33,0x33,0x33,0x33,0x33,0x33,0x33,0x33,0x33,0x33,0x33,0x33,0x33,
  0x33,0x33,0x33,0x33,0x33,0x33,0x33,0x33,0x33,0x33,0x33,0x33,0x33,0x33,0x33,0x33,0x33,0x33,0x33,0x33,
  0x33,0x33,0x33,0x33,0x33,0x33,0x33,0x33,0x33,0x33,0x33,0x33,0x33,0x33,0x33,0x33,0x33,0x33,0x33,0x33,
  0x33,0x33,0x33,0x33,0x33,0x33,0x33,0x33,0x33,0x33,0x33,0x33,0x33,0x33,0x33,0x33,0x33,0x33,0x33,0x33,
  0x33,0x33,0x33,0x33,0x33,0x33,0x33,0x33,0x33,0x33,0x33,0x33,0x33,0x33,0x33,0x33,0x33,0x33,0x33,0x33,
  0x33,0x33,0x33,0x33,0x33,0x33,0x33,0x33,0x33,0x33,0x33,0x33,0x33,0x33,0x33,0x33,0x33,0x33,0x33,0x33,
  0x33,0x33,0x33,0x33,0x33,0x33,0x33,0x33,0x33,0x33,0x33,0x33,0x33,0x33,0x33,0x33,0x33,0x33,0x33,0x33,
  0x33,0x33,0x33,0x33,0x33,0x33,0x33,0x33,0x33,0x33,0x33,0x33,0x33,0x33,0x33,0x33,0x33,0x33,0x33,0x33,
  0x33,0x33,0x33,0x33,0x33,0x33,0x33,0x33,0x33,0x33,0x33,0x33,0x33,0x33,0x33,0x33,0x33,0x33,0x33,0x33,
  0x33,0x33,0x33,0x33,0x33,0x33,0x33,0x33,0x33,0x33,0x33,0x33,0x33,0x33,0x33,0x33,0x33,0x33,0x33,0x33,
  0x33,0x33,0x33,0x33,0x33,0x33,0x33,0x33,0x33,0x33,0x33,0x33,0x33,0x33,0x33,0x33,0x33,0x33,0x33,0x33,
  0x33,0x33,0x33,0x33,0x33,0x33,0x33,0x33,0x33,0x33,0x33,0x33,0x33,0x33,0x33,0x33,0x33,0x33,0x33,0x33,
  0x33,0x33,0x33,0x33,0x33,0x33,0x33,0x33,0x33,0x33,0x33,0x33,0x33,0x33,0x33,0x33,0x33,0x33,0x33,0x33,
  0x33,0x33,0x33,0x33,0x33,0x33,0x33,0x33,0x33,0x33,0x33,0x33,0x33,0x33,0x33,0x33,0x33,0x33,0x33,0x33,
  0x33,0x33,0x33,0x33,0x33,0x33,0x33,0x33,0x33,0x33,0x33,0x33,0x33,0x33,0x33,0x33,0x33,0x33,0x33,0x33,
  0x33,0x33,0x33,0x33,0x33,0x33,0x33,0x33,0x33,0x33,0x33,0x33,0x33,0x33,0x33,0x33,0x33,0x33,0x33,0x33,
  0x33,0x33,0x33,0x33,0x33,0x33,0x33,0x33,0x33,0x33,0x33,0x33,0x33,0x33,0x33,0x33,0x33,0x33,0x33,0x33,
  0x33,0x33,0x33,0x33,0x33,0x33,0x33,0x33,0x33,0x33,0x33,0x33,0x33,0x33,0x33,0x33,0x33,0x33,0x33,0x33,
  0x33,0x33,0x33,0x33,0x33,0x33,0x33,0x33,0x33,0x33,0x33,0x33,0x33,0x33,0x33,0x33,0x33,0x33,0x33,0x33,
  0x33,0x33,0x33,0x33,0x33,0x33,0x33,0x33,0x33,0x33,0x33,0x33,0x33,0x33,0x33,0x33,0x33,0x33,0x33,0x33,
  0x33,0x33,0x33,0x33,0x33,0x33,0x33,0x33,0x33,0x33,0x33,0x33,0x33,0x33,0x33,0x33,0x33,0x33,0x33,0x33,
  0x33,0x33,0x33,0x33,0x33,0x33,0x33,0x33,0x33,0x33,0x33,0x33,0x33,0x33,0x33,0x33,0x33,0x33,0x33,0x33,
  0x33,0x33,0x33,0x33,0x33,0x33,0x33,0x33,0x33,0x33,0x33,0x33,0x33,0x33,0x33,0x33,0x33,0x33,0x33,0x33,
  0x33,0x33,0x33,0x33,0x33,0x33,0x33,0x33,0x33,0x33,0x33,0x33,0x33,0x33,0x33,0x33,0x33,0x33,0x33,0x33,
  0x33,0x33,0x33,0x33,0x33,0x33,0x33,0x33,0x33,0x33,0x33,0x33,0x33,0x33,0x33,0x33,0x33,0x33,0x33,0x33,
  0x33,0x33,0x33,0x33,0x33,0x33,0x33,0x33,0x33,0x33,0x33,0x33,0x33,0x33,0x33,0x33,0x33,0x33,0x33,0x33,
  0x33,0x33,0x33,0x33,0x33,0x33,0x33,0x33,0x33,0x33,0x33,0x33,0x33,0x33,0x33,0x33,0x33,0x33,0x33,0x33,
  0x33,0x33,0x33,0x33,0x33,0x33,0x33,0x33,0x33,0x33,0x33,0x33,0x33,0x33,0x33,0x33,0x33,0x33,0x33,0x33,
  0x33,0x33,0x33,0x33,0x33,0x33,0x33,0x33,0x33,0x33,0x33,0x33,0x33,0x33,0x33,0x33,0x33,0x33,0x33,0x33,
  0x33,0x33,0x33,0x33,0x33,0x33,0x33,0x33,0x33,0x33,0x33,0x33,0x33,0x33,0x33,0x33,0x33,0x33,0x33,0x33,
  0x33,0x33,0x33,0x33,0x33,0x33,0x33,0x33,0x33,0x33,0x33,0x33,0x33,0x33,0x33,0x33,0x33,0x33,0x33,0x33,
  0x33,0x33,0x33,0x33,0x33,0x33,0x33,0x33,0x33,0x33,0x33,0x33,0x33,0x33,0x33,0x33,0x33,0x33,0x33,0x33,
  0x33,0x33,0x33,0x33,0x33,0x33,0x33,0x33,0x33,0x33,0x33,0x33,0x33,0x33,0x33,0x33,0x33,0x33,0x33,0x33,
  0x33,0x33,0x33,0x33,0x33,0x33,0x33,0x33,0x33,0x33,0x33,0x33,0x33,0x33,0x33,0x33,0x33,0x33,0x33,0x33,
  0x33,0x33,0x33,0x33,0x33,0x33,0x33,0x33,0x33,0x33,0x33,0x33,0x33,0x33,0x33,0x33,0x33,0x33,0x33,0x33,
  0x33,0x33,0x33,0x33,0x33,0x33,0x33,0x33,0x33,0x33,0x33,0x33,0x33,0x33,0x33,0x33,0x33,0x33,0x33,0x33,
  0x33,0x33,0x33,0x33,0x33,0x33,0x33,0x33,0x33,0x33,0x33,0x33,0x33,0x33,0x33,0x33,0x33,0x33,0x33,0x33,
  0x33,0x33,0x33,0x33,0x33,0x33,0x33,0x33,0x33,0x33,0x33,0x33,0x33,0x33,0x33,0x33,0x33,0x33,0x33,0x33,
  0x33,0x33,0x33,0x33,0x33,0x33,0x33,0x33,0x33,0x33,0x33,0x33,0x33,0x33,0x33,0x33,0x33,0x33,0x33,0x33,
  0x33,0x33,0x33,0x33,0x33,0x33,0x33,0x33,0x33,0x33,0x33,0x33,0x33,0x33,0x33,0x33,0x33,0x33,0x33,0x33,
  0x33,0x33,0x33,0x33,0x33,0x33,0x33,0x33,0x33,0x33,0x33,0x33,0x33,0x33,0x33,0x33,0x33,0x33,0x33,0x33,
  0x33,0x33,0x33,0x33,0x33,0x33,0x33,0x33,0x33,0x33,0x33,0x33,0x33,0x33,0x33,0x33,0x33,0x33,0x33,0x33,
  0x33,0x33,0x33,0x33,0x33,0x33,0x33,0x33,0x33,0x33,0x33,0x33,0x33,0x33,0x33,0x33,0x33,0x33,0x33,0x33,
  0x33,0x33,0x33,0x33,0x33,0x33,0x33,0x33,0x33,0x33,0x33,0x33,0x33,0x33,0x33,0x33,0x33,0x33,0x33,0x33,
  0x33,0x33,0x33,0x33,0x33,0x33,0x33,0x33,0x33,0x33,0x33,0x33,0x33,0x33,0x33,0x33,0x33,0x33,0x33,0x33,
  0x33,0x33,0x33,0x33,0x33,0x33,0x33,0x33,0x33,0x33,0x33,0x33,0x33,0x33,0x33,0x33,0x33,0x33,0x33,0x33,
  0x33,0x33,0x33,0x33,0x33,0x33,0x33,0x33,0x33,0x33,0x33,0x33,0x33,0x33,0x33,0x33,0x33,0x33,0x33,0x33,
  0x33,0x33,0x33,0x33,0x33,0x33,0x33,0x33,0x33,0x33,0x33,0x33,0x33,0x33,0x33,0x33,0x33,0x33,0x33,0x33,
  0x33,0x33,0x33,0x33,0x33,0x33,0x33,0x33,0x33,0x33,0x33,0x33,0x33,0x33,0x33,0x33,0x33,0x33,0x33,0x33,
  0x33,0x33,0x33,0x33,0x33,0x33,0x33,0x33,0x33,0x33,0x33,0x33,0x33,0x33,0x33,0x33,0x33,0x33,0x33,0x33,
  0x33,0x33,0x33,0x33,0x33,0x33,0x33,0x33,0x33,0x33,0x33,0x33,0x33,0x33,0x33,0x33,0x33,0x33,0x33,0x33,
  0x33,0x33,0x33,0x33,0x33,0x33,0x33,0x33,0x33,0x33,0x33,0x33,0x33,0x33,0x33,0x33,0x33,0x33,0x33,0x33,
  0x33,0x33,0x33,0x33,0x33,0x33,0x33,0x33,0x33,0x33,0x33,0x33,0x33,0x33,0x33,0x33,0x33,0x33,0x33,0x33,
  0x33,0x33,0x33,0x33,0x33,0x33,0x33,0x33,0x33,0x33,0x33,0x33,0x33,0x33,0x33,0x33,0x33,0x33,0x33,0x33,
  0x33,0x33,0x33,0x33,0x33,0x33,0x33,0x33,0x33,0x33,0x33,0x33,0x33,0x33,0x33,0x33,0x33,0x33,0x33,0x33,
  0x33,0x33,0x33,0x33,0x33,0x33,0x33,0x33,0x33,0x33,0x33,0x33,0x33,0x33,0x33,0x33,0x33,0x33,0x33,0x33,
  0x33,0x33,0x33,0x33,0x33,0x33,0x33,0x33,0x33,0x33,0x33,0x33,0x33,0x33,0x33,0x33,0x33,0x33,0x33,0x33,
  0x33,0x33,0x33,0x33,0x33,0x33,0x33,0x33,0x33,0x33,0x33,0x33,0x33,0x33,0x33,0x33,0x33,0x33,0x33,0x33,
  0x33,0x33,0x33,0x33,0x33,0x33,0x33,0x33,0x33,0x33,0x33,0x33,0x33,0x33,0x33,0x33,0x33,0x33,0x33,0x33,
  0x33,0x33,0x33,0x33,0x33,0x33,0x33,0x33,0x33,0x33,0x33,0x33,0x33,0x33,0x33,0x33,0x33,0x33,0x33,0x33,
  0x33,0x33,0x33,0x33,0x33,0x33,0x33,0x33,0x33,0x33,0x33,0x33,0x33,0x33,0x33,0x33,0x33,0x33,0x33,0x33,
  0x33,0x33,0x33,0x33,0x33,0x33,0x33,0x33,0x33,0x33,0x33,0x33,0x33,0x33,0x33,0x33,0x33,0x33,0x33,0x33,
  0x33,0x33,0x33,0x33,0x33,0x33,0x33,0x33,0x33,0x33,0x33,0x33,0x33,0x33,0x33,0x33,0x33,0x33,0x33,0x33,
  0x33,0x33,0x33,0x33,0x33,0x33,0x33,0x33,0x33,0x33,0x33,0x33,0x33,0x33,0x33,0x33,0x33,0x33,0x33,0x33,
  0x33,0x33,0x33,0x33,0x33,0x33,0x33,0x33,0x33,0x33,0x33,0x33,0x33,0x33,0x33,0x33,0x33,0x33,0x33,0x33,
  0x33,0x33,0x33,0x33,0x33,0x33,0x33,0x33,0x33,0x33,0x33,0x33,0x33,0x33,0x33,0x33,0x33,0x33,0x33,0x33,
  0x33,0x33,0x33,0x33,0x33,0x33,0x33,0x33,0x33,0x33,0x33,0x33,0x33,0x33,0x33,0x33,0x33,0x33,0x33,0x33,
  0x33,0x33,0x33,0x33,0x33,0x33,0x33,0x33,0x33,0x33,0x33,0x33,0x33,0x33,0x33,0x33,0x33,0x33,0x33,0x33,
  0x33,0x33,0x33,0x33,0x33,0x33,0x33,0x33,0x33,0x33,0x33,0x33,0x33,0x33,0x33,0x33,0x33,0x33,0x33,0x33,
  0x33,0x33,0x33,0x33,0x33,0x33,0x33,0x33,0x33,0x33,0x33,0x33,0x33,0x33,0x33,0x33,0x33,0x33,0x33,0x33,
  0x33,0x33,0x33,0x33,0x33,0x33,0x33,0x33,0x33,0x33,0x33,0x33,0x33,0x33,0x33,0x33,0x33,0x33,0x33,0x33,
  0x33,0x33,0x33,0x33,0x33,0x33,0x33,0x33,0x33,0x33,0x33,0x33,0x33,0x33,0x33,0x33,0x33,0x33,0x33,0x33,
  0x33,0x33,0x33,0x33,0x33,0x33,0x33,0x33,0x33,0x33,0x33,0x33,0x33,0x33,0x33,0x33,0x33,0x33,0x33,0x33,
  0x33,0x33,0x33,0x33,0x33,0x33,0x33,0x33,0x33,0x33,0x33,0x33,0x33,0x33,0x33,0x33,0x33,0x33,0x33,0x33,
  0x33,0x33,0x33,0x33,0x33,0x33,0x33,0x33,0x33,0x33,0x33,0x33,0x33,0x33,0x33,0x33,0x33,0x33,0x33,0x33,
  0x33,0x33,0x33,0x33,0x33,0x33,0x33,0x33,0x33,0x33,0x33,0x33,0x33,0x33,0x33,0x33,0x33,0x33,0x33,0x33,
  0x33,0x33,0x33,0x33,0x33,0x33,0x33,0x33,0x33,0x33,0x33,0x33,0x33,0x33,0x33,0x33,0x33,0x33,0x33,0x33,
  0x33,0x33,0x33,0x33,0x33,0x33,0x33,0x33,0x33,0x33,0x33,0x33,0x33,0x33,0x33,0x33,0x33,0x33,0x33,0x33,
  0x33,0x33,0x33,0x33,0x33,0x33,0x33,0x33,0x33,0x33,0x33,0x33,0x33,0x33,0x33,0x33,0x33,0x33,0x33,0x33,
  0x33,0x33,0x33,0x33,0x33,0x33,0x33,0x33,0x33,0x33,0x33,0x33,0x33,0x33,0x33,0x33,0x33,0x33,0x33,0x33,
  0x33,0x33,0x33,0x33,0x33,0x33,0x33,0x33,0x33,0x33,0x33,0x33,0x33,0x33,0x33,0x33,0x33,0x33,0x33,0x33,
  0x33,0x33,0x33,0x33,0x33,0x33,0x33,0x33,0x33,0x33,0x33,0x33,0x33,0x33,0x33,0x33,0x33,0x33,0x33,0x33,
  0x33,0x33,0x33,0x33,0x33,0x33,0x33,0x33,0x33,0x33,0x33,0x33,0x33,0x33,0x33,0x33,0x33,0x33,0x33,0x33,
  0x33,0x33,0x33,0x33,0x33,0x33,0x33,0x33,0x33,0x33,0x33,0x33,0x33,0x33,0x33,0x33,0x33,0x33,0x33,0x33,
  0x33,0x33,0x33,0x33,0x33,0x33,0x33,0x33,0x33,0x33,0x33,0x33,0x33,0x33,0x33,0x33,0x33,0x33,0x33,0x33,
  0x33,0x33,0x33,0x33,0x33,0x33,0x33,0x33,0x33,0x33,0x33,0x33,0x33,0x33,0x33,0x33,0x33,0x33,0x33,0x33,
  0x33,0x33,0x33,0x33,0x33,0x33,0x33,0x33,0x33,0x33,0x33,0x33,0x33,0x33,0x33,0x33,0x33,0x33,0x33,0x33,
  0x33,0x33,0x33,0x33,0x33,0x33,0x33,0x33,0x33,0x33,0x33,0x33,0x33,0x33,0x33,0x33,0x33,0x33,0x33,0x33,
  0x33,0x33,0x33,0x33,0x33,0x33,0x33,0x33,0x33,0x33,0x33,0x33,0x33,0x33,0x33,0x33,0x33,0x33,0x33,0x33,
  0x33,0x33,0x33,0x33,0x33,0x33,0x33,0x33,0x33,0x33,0x33,0x33,0x33,0x33,0x33,0x33,0x33,0x33,0x33,0x33,
  0x33,0x33,0x33,0x33,0x33,0x33,0x33,0x33,0x33,0x33,0x33,0x33,0x33,0x33,0x33,0x33,0x33,0x33,0x33,0x33,
  0x33,0x33,0x33,0x33,0x33,0x33,0x33,0x33,0x33,0x33,0x33,0x33,0x33,0x33,0x33,0x33,0x33,0x33,0x33,0x33,
  0x33,0x33,0x33,0x33,0x33,0x33,0x33,0x33,0x33,0x33,0x33,0x33,0x33,0x33,0x33,0x33,0x33,0x33,0x33,0x33,
  0x33,0x33,0x33,0x33,0x33,0x33,0x33,0x33,0x33,0x33,0x33,0x33,0x33,0x33,0x33,0x33,0x33,0x33,0x33,0x33,
  0x33,0x33,0x33,0x33,0x33,0x33,0x33,0x33,0x33,0x33,0x33,0x33,0x33,0x33,0x33,0x33,0x33,0x33,0x33,0x33,
  0x33,0x33,0x33,0x33,0x33,0x33,0x33,0x33,0x33,0x33,0x33,0x33,0x33,0x33,0x33,0x33,0x33,0x33,0x33,0x33,
  0x33,0x33,0x33,0x33,0x33,0x33,0x33,0x33,0x33,0x33,0x33,0x33,0x33,0x33,0x33,0x33,0x33,0x33,0x33,0x33,
  0x33,0x33,0x33,0x33,0x33,0x33,0x33,0x33,0x33,0x33,0x33,0x33,0x33,0x33,0x33,0x33,0x33,0x33,0x33,0x33,
  0x33,0x33,0x33,0x33,0x33,0x33,0x33,0x33,0x33,0x33,0x33,0x33,0x33,0x33,0x33,0x33,0x33,0x33,0x33,0x33,
  0x33,0x33,0x33,0x33,0x33,0x33,0x33,0x33,0x33,0x33,0x33,0x33,0x33,0x33,0x33,0x33,0x33,0x33,0x33,0x33,
  0x33,0x33,0x33,0x33,0x33,0x33,0x33,0x33,0x33,0x33,0x33,0x33,0x33,0x33,0x33,0x33,0x33,0x33,0x33,0x33,
  0x33,0x33,0x33,0x33,0x33,0x33,0x33,0x33,0x33,0x33,0x33,0x33,0x33,0x33,0x33,0x33,0x33,0x33,0x33,0x33,
  0x33,0x33,0x33,0x33,0x33,0x33,0x33,0x33,0x33,0x33,0x33,0x33,0x33,0x33,0x33,0x33,0x33,0x33,0x33,0x33,
  0x33,0x33,0x33,0x33,0x33,0x33,0x33,0x33,0x33,0x33,0x33,0x33,0x33,0x33,0x33,0x33,0x33,0x33,0x33,0x33,
  0x33,0x33,0x33,0x33,0x33,0x33,0x33,0x33,0x33,0x33,0x33,0x33,0x33,0x33,0x33,0x33,0x33,0x33,0x33,0x33,
  0x33,0x33,0x33,0x33,0x33,0x33,0x33,0x33,0x33,0x33,0x33,0x33,0x33,0x33,0x33,0x33,0x33,0x33,0x33,0x33,
  0x33,0x33,0x33,0x33,0x33,0x33,0x33,0x33,0x33,0x33,0x33,0x33,0x33,0x33,0x33,0x33,0x33,0x33,0x33,0x33,
  0x33,0x33,0x33,0x33,0x33,0x33,0x33,0x33,0x33,0x33,0x33,0x33,0x33,0x33,0x33,0x33,0x33,0x33,0x33,0x33,
  0x33,0x33,0x33,0x33,0x33,0x33,0x33,0x33,0x33,0x33,0x33,0x33,0x33,0x33,0x33,0x33,0x33,0x33,0x33,0x33,
  0x33,0x33,0x33,0x33,0x33,0x33,0x33,0x33,0x33,0x33,0x33,0x33,0x33,0x33,0x33,0x33,0x33,0x33,0x33,0x33,
  0x33,0x33,0x33,0x33,0x33,0x33,0x33,0x33,0x33,0x33,0x33,0x33,0x33,0x33,0x33,0x33,
};
constexpr std::uint8_t cover_timmy[] = {
  0xef,0xf6,0xf9,0xff,0xef,0xf4,0xf8,0xff,0xee,0xf4,0xf9,0xff,0xee,0xf4,0xf8,0xff,0xec,0xf4,0xf9,0xff,
  0xee,0xf4,0xf7,0xff,0xe9,0xf0,0xf7,0xff,0xdf,0xe9,0xf2,0xff,0xd1,0xdc,0xe8,0xff,0xc6,0xd1,0xdb,0xff,
  0xb5,0xc7,0xd5,0xff,0x9f,0xba,0xcc,0xff,0x79,0x8c,0xa5,0xff,0x38,0x3e,0x56,0xff,0x26,0x28,0x2f,0xff,
  0x19,0x1a,0x20,0xff,0x55,0x33,0x32,0x23,0x33,0x33,0x33,0x33,0x33,0x33,0x33,0x33,0x33,0x33,0x33,0x33,
  0x33,0x33,0x33,0x33,0x33,0x33,0x33,0x33,0x33,0x33,0x33,0x33,0x33,0x33,0x33,0x33,0x33,0x33,0x33,0x33,
  0x33,0x33,0x33,0x33,0x33,0x33,0x33,0x33,0x33,0x33,0x33,0x33,0x33,0x33,0x33,0x33,0x33,0x33,0x33,0x33,
  0x33,0x33,0x33,0x33,0x33,0x33,0x33,0x33,0x33,0x33,0x33,0x33,0x33,0x33,0x33,0x33,0x33,0x33,0x33,0x33,
  0x33,0x33,0x33,0x33,0x33,0x33,0x33,0x33,0x33,0x33,0x33,0x33,0x33,0x33,0x33,0x33,0x33,0x33,0x33,0x33,
  0x55,0x33,0x32,0x23,0x33,0x33,0x33,0x33,0x33,0x33,0x33,0x33,0x33,0x33,0x33,0x33,0x33,0x33,0x33,0x33,
  0x33,0x33,0x33,0x33,0x33,0x33,0x33,0x33,0x33,0x33,0x33,0x33,0x33,0x33,0x33,0x33,0x33,0x33,0x33,0x33,
  0x33,0x33,0x33,0x33,0x33,0x33,0x33,0x33,0x33,0x33,0x33,0x33,0x33,0x33,0x33,0x33,0x33,0x33,0x33,0x33,
  0x33,0x33,0x33,0x33,0x33,0x33,0x33,0x33,0x33,0x33,0x33,0x33,0x33,0x33,0x33,0x33,0x33,0x33,0x33,0x33,
  0x33,0x33,0x33,0x33,0x33,0x33,0x33,0x33,0x33,0x33,0x33,0x33,0x33,0x33,0x33,0x33,0x55,0x33,0x33,0x33,
  0x33,0x33,0x33,0x33,0x33,0x33,0x33,0x33,0x33,0x33,0x33,0x33,0x33,0x33,0x33,0x33,0x33,0x33,0x33,0x33,
  0x33,0x33,0x33,0x33,0x33,0x33,0x33,0x33,0x33,0x33,0x33,0x33,0x33,0x33,0x33,0x33,0x33,0x33,0x33,0x33,
  0x33,0x33,0x33,0x33,0x33,0x33,0x33,0x33,0x33,0x33,0x33,0x33,0x33,0x33,0x33,0x33,0x33,0x33,0x33,0x33,
  0x33,0x33,0x33,0x33,0x33,0x33,0x33,0x33,0x33,0x33,0x33,0x33,0x33,0x33,0x33,0x33,0x33,0x33,0x33,0x33,
  0x33,0x33,0x33,0x33,0x33,0x33,0x33,0x33,0x33,0x33,0x33,0x33,0x55,0x55,0x53,0x33,0x33,0x33,0x33,0x33,
  0x33,0x33,0x33,0x33,0x33,0x33,0x33,0x33,0x33,0x33,0x33,0x33,0x33,0x33,0x33,0x33,0x33,0x33,0x33,0x33,
  0x33,0x33,0x33,0x33,0x33,0x33,0x33,0x33,0x33,0x33,0x33,0x33,0x33,0x33,0x33,0x33,0x33,0x33,0x33,0x33,
  0x33,0x33,0x33,0x33,0x33,0x33,0x33,0x33,0x33,0x33,0x33,0x33,0x33,0x33,0x33,0x33,0x33,0x33,0x33,0x33,
  0x33,0x33,0x33,0x33,0x33,0x33,0x33,0x33,0x33,0x33,0x33,0x33,0x33,0x33,0x33,0x33,0x33,0x33,0x33,0x33,
  0x33,0x33,0x33,0x33,0x33,0x33,0x33,0x33,0x55,0x55,0x55,0x53,0x33,0x33,0x33,0x33,0x33,0x33,0x33,0x33,
  0x33,0x33,0x33,0x33,0x33,0x33,0x33,0x33,0x33,0x33,0x33,0x33,0x33,0x33,0x33,0x33,0x33,0x33,0x33,0x33,
  0x33,0x33,0x33,0x33,0x33,0x33,0x33,0x33,0x33,0x33,0x33,0x33,0x33,0x33,0x33,0x33,0x33,0x33,0x33,0x33,
  0x33,0x33,0x33,0x33,0x33,0x33,0x33,0x33,0x33,0x33,0x33,0x33,0x33,0x33,0x33,0x33,0x33,0x33,0x33,0x33,
  0x33,0x33,0x33,0x33,0x33,0x33,0x33,0x33,0x33,0x33,0x33,0x33,0x33,0x33,0x33,0x33,0x33,0x33,0x33,0x33,
  0x33,0x33,0x33,0x33,0x55,0x55,0x55,0x53,0x33,0x33,0x33,0x33,0x33,0x33,0x33,0x33,0x33,0x33,0x33,0x33,
  0x33,0x33,0x33,0x33,0x33,0x33,0x33,0x33,0x33,0x33,0x33,0x33,0x33,0x33,0x33,0x33,0x33,0x33,0x33,0x33,
  0x33,0x33,0x33,0x33,0x33,0x33,0x33,0x33,0x33,0x33,0x33,0x33,0x33,0x33,0x33,0x33,0x33,0x33,0x33,0x33,
  0x33,0x33,0x33,0x33,0x33,0x33,0x33,0x33,0x33,0x33,0x33,0x33,0x33,0x33,0x33,0x33,0x33,0x33,0x33,0x33,
  0x33,0x33,0x33,0x33,0x33,0x33,0x33,0x33,0x33,0x33,0x33,0x33,0x33,0x33,0x33,0x33,0x33,0x33,0x33,0x33,
  0x55,0x55,0x55,0x53,0x33,0x33,0x33,0x33,0x33,0x33,0x33,0x33,0x33,0x33,0x33,0x33,0x33,0x33,0x33,0x33,
  0x33,0x33,0x33,0x33,0x33,0x33,0x33,0x33,0x33,0x33,0x33,0x33,0x33,0x33,0x33,0x33,0x33,0x33,0x33,0x33,
  0x33,0x33,0x33,0x33,0x33,0x33,0x33,0x33,0x33,0x33,0x33,0x33,0x33,0x33,0x33,0x33,0x33,0x33,0x33,0x33,
  0x33,0x33,0x33,0x33,0x33,0x33,0x33,0x33,0x33,0x33,0x33,0x33,0x33,0x33,0x33,0x33,0x33,0x33,0x33,0x33,
  0x33,0x33,0x33,0x33,0x33,0x33,0x33,0x33,0x33,0x33,0x33,0x33,0x33,0x33,0x33,0x33,0x33,0x33,0x33,0x33,
  0x33,0x33,0x33,0x33,0x33,0x33,0x33,0x33,0x33,0x33,0x33,0x33,0x33,0x33,0x33,0x33,0x33,0x33,0x33,0x33,
  0x33,0x33,0x33,0x33,0x33,0x33,0x33,0x33,0x33,0x33,0x33,0x33,0x33,0x33,0x33,0x33,0x33,0x33,0x33,0x33,
  0x33,0x33,0x33,0x33,0x33,0x33,0x33,0x33,0x33,0x33,0x33,0x33,0x33,0x33,0x33,0x33,0x33,0x33,0x33,0x33,
  0x33,0x33,0x33,0x33,0x33,0x33,0x33,0x33,0x33,0x33,0x33,0x33,0x33,0x33,0x33,0x33,0x33,0x33,0x33,0x33,
  0x33,0x33,0x33,0x33,0x33,0x33,0x33,0x33,0x33,0x33,0x33,0x33,0x33,0x33,0x33,0x33,0x33,0x33,0x33,0x33,
  0x33,0x33,0x33,0x33,0x33,0x33,0x33,0x33,0x33,0x33,0x33,0x33,0x33,0x33,0x33,0x33,0x33,0x33,0x33,0x33,
  0x33,0x33,0x33,0x33,0x33,0x33,0x33,0x33,0x33,0x33,0x33,0x33,0x33,0x33,0x33,0x33,0x33,0x33,0x33,0x33,
  0x33,0x33,0x33,0x33,0x33,0x33,0x33,0x33,0x33,0x33,0x33,0x33,0x33,0x33,0x33,0x33,0x33,0x33,0x33,0x33,
  0x33,0x33,0x33,0x33,0x33,0x33,0x33,0x33,0x33,0x33,0x33,0x33,0x33,0x33,0x33,0x33,0x33,0x33,0x33,0x33,
  0x33,0x33,0x33,0x33,0x33,0x33,0x33,0x33,0x33,0x33,0x33,0x33,0x33,0x33,0x33,0x33,0x33,0x33,0x33,0x33,
  0x33,0x33,0x33,0x33,0x33,0x33,0x33,0x33,0x33,0x33,0x33,0x33,0x33,0x33,0x33,0x33,0x33,0x33,0x33,0x33,
  0x33,0x33,0x33,0x33,0x33,0x33,0x33,0x33,0x33,0x33,0x33,0x33,0x33,0x33,0x33,0x33,0x33,0x33,0x33,0x33,
  0x33,0x33,0x33,0x33,0x33,0x33,0x33,0x33,0x33,0x33,0x33,0x33,0x33,0x33,0x33,0x33,0x33,0x33,0x33,0x33,
  0x33,0x33,0x33,0x33,0x33,0x33,0x33,0x33,0x33,0x33,0x33,0x33,0x33,0x33,0x33,0x33,0x33,0x33,0x33,0x33,
  0x33,0x33,0x33,0x33,0x33,0x33,0x33,0x33,0x33,0x33,0x33,0x33,0x33,0x33,0x33,0x33,0x33,0x33,0x33,0x33,
  0x33,0x33,0x33,0x33,0x33,0x33,0x33,0x33,0x33,0x33,0x33,0x33,0x33,0x33,0x33,0x33,0x33,0x33,0x33,0x33,
  0x33,0x33,0x33,0x33,0x33,0x33,0x33,0x33,0x33,0x33,0x33,0x33,0x33,0x33,0x33,0x33,0x33,0x33,0x33,0x33,
  0x33,0x33,0x33,0x33,0x33,0x33,0x33,0x33,0x33,0x33,0x33,0x33,0x33,0x33,0x33,0x33,0x33,0x33,0x33,0x33,
  0x33,0x33,0x33,0x33,0x33,0x33,0x33,0x33,0x33,0x33,0x33,0x33,0x33,0x33,0x33,0x33,0x33,0x33,0x33,0x33,
  0x33,0x33,0x33,0x33,0x33,0x33,0x33,0x33,0x33,0x33,0x33,0x33,0x33,0x33,0x33,0x33,0x33,0x33,0x33,0x33,
  0x33,0x33,0x33,0x33,0x33,0x33,0x33,0x33,0x33,0x33,0x33,0x33,0x33,0x33,0x33,0x33,0x33,0x33,0x33,0x33,
  0x33,0x33,0x33,0x33,0x33,0x33,0x33,0x33,0x33,0x33,0x33,0x33,0x33,0x33,0x33,0x33,0x33,0x33,0x33,0x33,
  0x33,0x33,0x33,0x33,0x33,0x33,0x33,0x33,0x33,0x33,0x33,0x33,0x33,0x33,0x33,0x33,0x33,0x33,0x33,0x33,
  0x33,0x33,0x33,0x33,0x33,0x33,0x33,0x33,0x33,0x33,0x33,0x33,0x33,0x33,0x33,0x33,0x33,0x33,0x33,0x33,
  0x33,0x33,0x33,0x33,0x33,0x33,0x33,0x33,0x33,0x33,0x33,0x33,0x33,0x33,0x33,0x33,0x33,0x33,0x33,0x33,
  0x33,0x33,0x33,0x33,0x33,0x33,0x33,0x33,0x33,0x33,0x33,0x33,0x33,0x33,0x33,0x33,0x33,0x33,0x33,0x33,
  0x33,0x33,0x33,0x33,0x33,0x33,0x33,0x33,0x33,0x33,0x33,0x33,0x33,0x33,0x33,0x33,0x33,0x33,0x33,0x33,
  0x33,0x33,0x33,0x33,0x33,0x33,0x33,0x33,0x33,0x33,0x33,0x33,0x33,0x33,0x33,0x33,0x33,0x33,0x33,0x33,
  0x33,0x33,0x33,0x33,0x33,0x33,0x33,0x33,0x33,0x33,0x33,0x33,0x33,0x33,0x33,0x33,0x33,0x33,0x33,0x33,
  0x33,0x33,0x33,0x33,0x33,0x33,0x33,0x33,0x33,0x33,0x33,0x33,0x33,0x33,0x33,0x33,0x33,0x33,0x33,0x33,
  0x33,0x33,0x33,0x33,0x33,0x33,0x33,0x33,0x33,0x33,0x33,0x33,0x33,0x33,0x33,0x33,0x33,0x33,0x33,0x33,
  0x33,0x33,0x33,0x33,0x33,0x33,0x33,0x33,0x33,0x33,0x33,0x33,0x33,0x33,0x33,0x33,0x33,0x33,0x33,0x33,
  0x33,0x33,0x33,0x33,0x33,0x33,0x33,0x33,0x33,0x33,0x33,0x33,0x33,0x33,0x33,0x33,0x33,0x33,0x33,0x33,
  0x33,0x33,0x33,0x33,0x33,0x33,0x33,0x33,0x33,0x33,0x33,0x33,0x33,0x33,0x33,0x33,0x33,0x33,0x33,0x33,
  0x33,0x33,0x33,0x33,0x33,0x33,0x33,0x33,0x33,0x33,0x33,0x33,0x33,0x33,0x33,0x33,0x33,0x33,0x33,0x33,
  0x33,0x33,0x33,0x33,0x33,0x33,0x33,0x33,0x33,0x33,0x33,0x33,0x33,0x33,0x33,0x33,0x33,0x33,0x33,0x33,
  0x33,0x33,0x33,0x33,0x33,0x33,0x33,0x33,0x33,0x33,0x33,0x33,0x33,0x33,0x33,0x33,0x33,0x33,0x33,0x33,
  0x33,0x33,0x33,0x33,0x33,0x33,0x33,0x33,0x33,0x33,0x33,0x33,0x33,0x33,0x33,0x33,0x33,0x33,0x33,0x33,
  0x33,0x33,0x33,0x33,0x33,0x33,0x33,0x33,0x33,0x33,0x33,0x33,0x33,0x33,0x33,0x33,0x33,0x33,0x33,0x33,
  0x33,0x33,0x33,0x33,0x33,0x33,0x33,0x33,0x33,0x33,0x33,0x33,0x33,0x33,0x33,0x33,0x33,0x33,0x33,0x33,
  0x33,0x33,0x33,0x33,0x33,0x33,0x33,0x33,0x33,0x33,0x33,0x33,0x33,0x33,0x33,0x33,0x33,0x33,0x33,0x33,
  0x33,0x33,0x33,0x33,0x33,0x33,0x33,0x33,0x33,0x33,0x33,0x33,0x33,0x33,0x33,0x33,0x33,0x33,0x33,0x33,
  0x33,0x33,0x33,0x33,0x33,0x33,0x33,0x33,0x33,0x33,0x33,0x33,0x33,0x33,0x33,0x33,0x33,0x33,0x33,0x33,
  0x33,0x33,0x33,0x33,0x33,0x33,0x33,0x33,0x33,0x33,0x33,0x33,0x33,0x33,0x33,0x33,0x33,0x33,0x33,0x33,
  0x33,0x33,0x33,0x33,0x33,0x33,0x33,0x33,0x33,0x33,0x33,0x33,0x33,0x33,0x33,0x33,0x33,0x33,0x33,0x33,
  0x33,0x33,0x33,0x33,0x33,0x33,0x33,0x33,0x33,0x33,0x33,0x33,0x33,0x33,0x33,0x33,0x33,0x33,0x33,0x33,
  0x33,0x33,0x33,0x33,0x33,0x33,0x33,0x33,0x33,0x33,0x33,0x33,0x33,0x33,0x33,0x33,0x33,0x33,0x33,0x33,
  0x33,0x33,0x33,0x33,0x33,0x33,0x33,0x33,0x33,0x33,0x33,0x33,0x33,0x33,0x33,0x33,0x33,0x33,0x33,0x33,
  0x33,0x33,0x33,0x33,0x33,0x33,0x33,0x33,0x33,0x33,0x33,0x33,0x33,0x33,0x33,0x33,0x33,0x33,0x33,0x33,
  0x33,0x33,0x33,0x33,0x33,0x33,0x33,0x33,0x33,0x33,0x33,0x33,0x33,0x33,0x33,0x33,0x33,0x33,0x33,0x33,
  0x33,0x33,0x33,0x33,0x33,0x33,0x33,0x33,0x33,0x33,0x33,0x33,0x33,0x33,0x33,0x33,0x33,0x33,0x33,0x33,
  0x33,0x33,0x33,0x33,0x33,0x33,0x33,0x33,0x33,0x33,0x33,0x33,0x33,0x33,0x33,0x33,0x33,0x33,0x33,0x33,
  0x33,0x33,0x33,0x33,0x33,0x33,0x33,0x33,0x33,0x33,0x33,0x33,0x33,0x33,0x33,0x33,0x33,0x33,0x33,0x33,
  0x33,0x33,0x33,0x33,0x33,0x33,0x33,0x33,0x33,0x33,0x33,0x33,0x33,0x33,0x33,0x33,0x33,0x33,0x33,0x33,
  0x33,0x33,0x33,0x33,0x33,0x33,0x33,0x33,0x33,0x33,0x33,0x33,0x33,0x33,0x33,0x33,0x33,0x33,0x33,0x33,
  0x33,0x33,0x33,0x33,0x33,0x33,0x33,0x33,0x33,0x33,0x33,0x33,0x33,0x33,0x33,0x33,0x33,0x33,0x33,0x33,
  0x33,0x33,0x33,0x33,0x33,0x33,0x33,0x33,0x33,0x33,0x33,0x33,0x33,0x33,0x33,0x33,0x33,0x33,0x33,0x33,
  0x33,0x33,0x33,0x33,0x33,0x33,0x33,0x33,0x33,0x33,0x33,0x33,0x33,0x33,0x33,0x33,0x33,0x33,0x33,0x33,
  0x33,0x33,0x33,0x33,0x33,0x33,0x33,0x33,0x33,0x33,0x33,0x33,0x33,0x33,0x33,0x33,0x33,0x33,0x33,0x33,
  0x33,0x33,0x33,0x33,0x33,0x33,0x33,0x33,0x33,0x33,0x33,0x33,0x33,0x33,0x33,0x33,0x33,0x33,0x33,0x33,
  0x33,0x33,0x33,0x33,0x33,0x33,0x33,0x33,0x33,0x33,0x33,0x33,0x33,0x33,0x33,0x33,0x33,0x33,0x33,0x33,
  0x33,0x33,0x33,0x33,0x33,0x33,0x33,0x33,0x33,0x33,0x33,0x33,0x33,0x33,0x33,0x33,0x33,0x33,0x33,0x33,
  0x33,0x33,0x33,0x33,0x33,0x33,0x33,0x33,0x33,0x33,0x33,0x33,0x33,0x33,0x33,0x33,0x33,0x33,0x33,0x33,
  0x33,0x33,0x33,0x33,0x33,0x33,0x33,0x33,0x33,0x33,0x33,0x33,0x33,0x33,0x33,0x33,0x33,0x33,0x33,0x33,
  0x33,0x33,0x33,0x33,0x33,0x33,0x33,0x33,0x33,0x33,0x33,0x33,0x33,0x33,0x33,0x33,0x33,0x33,0x33,0x33,
  0x33,0x33,0x33,0x33,0x33,0x33,0x33,0x33,0x33,0x33,0x33,0x33,0x33,0x33,0x33,0x33,0x33,0x33,0x33,0x33,
  0x33,0x33,0x33,0x33,0x33,0x33,0x33,0x33,0x33,0x33,0x33,0x33,0x33,0x33,0x33,0x33,0x33,0x33,0x33,0x33,
  0x33,0x33,0x33,0x33,0x33,0x33,0x33,0x33,0x33,0x33,0x33,0x33,0x33,0x33,0x33,0x33,0x33,0x33,0x33,0x33,
  0x33,0x33,0x33,0x33,0x33,0x33,0x33,0x33,0x33,0x33,0x33,0x33,0x33,0x33,0x33,0x33,0x33,0x33,0x33,0x33,
  0x33,0x33,0x33,0x33,0x33,0x33,0x33,0x33,0x33,0x33,0x33,0x33,0x33,0x33,0x33,0x33,0x33,0x33,0x33,0x33,
  0x33,0x33,0x33,0x33,0x33,0x33,0x33,0x33,0x33,0x33,0x33,0x33,0x33,0x33,0x33,0x33,0x33,0x33,0x33,0x33,
  0x33,0x33,0x33,0x33,0x33,0x33,0x33,0x33,0x33,0x33,0x33,0x33,0x33,0x33,0x33,0x33,0x33,0x33,0x33,0x33,
  0x33,0x33,0x33,0x33,0x33,0x33,0x33,0x33,0x33,0x33,0x33,0x33,0x33,0x33,0x33,0x33,0x33,0x33,0x33,0x33,
  0x33,0x33,0x33,0x33,0x33,0x33,0x33,0x33,0x33,0x33,0x33,0x33,0x33,0x33,0x33,0x33,0x33,0x33,0x33,0x33,
  0x33,0x33,0x33,0x33,0x33,0x33,0x33,0x33,0x33,0x33,0x33,0x33,0x33,0x33,0x33,0x33,0x33,0x33,0x33,0x33,
  0x33,0x33,0x33,0x33,0x33,0x33,0x33,0x33,0x33,0x33,0x33,0x33,0x33,0x33,0x33,0x33,0x33,0x33,0x33,0x33,
  0x33,0x33,0x33,0x33,0x33,0x33,0x33,0x33,0x33,0x33,0x33,0x33,0x33,0x33,0x33,0x33,0x33,0x33,0x33,0x33,
  0x33,0x33,0x33,0x33,0x33,0x33,0x33,0x33,0x33,0x33,0x33,0x33,0x33,0x33,0x33,0x33,0x33,0x33,0x33,0x33,
  0x33,0x33,0x33,0x33,0x33,0x33,0x33,0x33,0x33,0x33,0x33,0x33,0x33,0x33,0x33,0x33,0x33,0x33,0x33,0x33,
  0x33,0x33,0x33,0x33,0x33,0x33,0x33,0x33,0x33,0x33,0x33,0x33,0x33,0x33,0x33,0x33,0x33,0x33,0x55,0x53,
  0x35,0x53,0x33,0x33,0x33,0x33,0x33,0x33,0x33,0x33,0x33,0x33,0x33,0x33,0x33,0x33,0x33,0x33,0x33,0x33,
  0x33,0x33,0x33,0x33,0x33,0x33,0x33,0x33,0x33,0x33,0x33,0x33,0x33,0x33,0x33,0x33,0x33,0x33,0x33,0x33,
  0x33,0x33,0x33,0x33,0x33,0x33,0x33,0x33,0x33,0x33,0x33,0x33,0x33,0x33,0x33,0x33,0x33,0x33,0x33,0x33,
  0x33,0x33,0x33,0x33,0x33,0x33,0x33,0x33,0x33,0x33,0x33,0x33,0x33,0x33,0x33,0x33,0x33,0x33,0x33,0x33,
  0x33,0x33,0x33,0x33,0x33,0x33,0x33,0x33,0x33,0x33,0x33,0x33,0x33,0x33,0x55,0x00,0x01,0x33,0x33,0x33,
  0x33,0x33,0x33,0x33,0x33,0x33,0x33,0x33,0x33,0x33,0x33,0x33,0x33,0x33,0x33,0x33,0x33,0x33,0x33,0x33,
  0x33,0x33,0x33,0x33,0x33,0x33,0x33,0x33,0x33,0x33,0x33,0x33,0x33,0x33,0x33,0x33,0x33,0x33,0x33,0x33,
  0x33,0x33,0x33,0x33,0x33,0x33,0x33,0x33,0x33,0x33,0x33,0x33,0x33,0x33,0x33,0x33,0x33,0x33,0x33,0x33,
  0x33,0x33,0x33,0x33,0x33,0x33,0x33,0x33,0x33,0x33,0x33,0x33,0x33,0x33,0x33,0x33,0x33,0x33,0x33,0x33,
  0x33,0x33,0x33,0x33,0x33,0x33,0x33,0x33,0x33,0x10,0x07,0x78,0x74,0x13,0x33,0x33,0x33,0x33,0x33,0x33,
  0x33,0x33,0x33,0x33,0x33,0x33,0x33,0x33,0x33,0x33,0x33,0x33,0x33,0x33,0x33,0x33,0x33,0x33,0x33,0x33,
  0x33,0x33,0x33,0x33,0x33,0x33,0x33,0x33,0x33,0x33,0x33,0x33,0x33,0x33,0x33,0x33,0x33,0x33,0x33,0x33,
  0x33,0x33,0x33,0x33,0x33,0x33,0x33,0x33,0x33,0x33,0x33,0x33,0x33,0x33,0x33,0x33,0x33,0x33,0x33,0x33,
  0x33,0x33,0x33,0x33,0x33,0x33,0x33,0x33,0x33,0x33,0x33,0x33,0x33,0x33,0x33,0x33,0x33,0x33,0x33,0x33,
  0x33,0x33,0x35,0x34,0x50,0x68,0xbb,0xbb,0xba,0x03,0x33,0x33,0x33,0x33,0x33,0x33,0x33,0x33,0x33,0x33,
  0x33,0x33,0x33,0x33,0x33,0x33,0x33,0x33,0x33,0x33,0x33,0x33,0x33,0x33,0x33,0x33,0x33,0x33,0x33,0x33,
  0x33,0x33,0x33,0x33,0x33,0x33,0x33,0x33,0x33,0x33,0x33,0x33,0x33,0x33,0x33,0x33,0x33,0x33,0x33,0x33,
  0x33,0x33,0x33,0x33,0x33,0x33,0x33,0x33,0x33,0x33,0x33,0x33,0x33,0x33,0x33,0x33,0x33,0x33,0x33,0x33,
  0x33,0x33,0x33,0x33,0x33,0x33,0x33,0x33,0x33,0x33,0x33,0x33,0x33,0x33,0x33,0x33,0x33,0x33,0x34,0x50,
  0x48,0xbb,0xbb,0xbb,0xbb,0x04,0x33,0x33,0x33,0x33,0x33,0x33,0x33,0x33,0x33,0x33,0x33,0x33,0x33,0x33,
  0x33,0x33,0x33,0x33,0x33,0x33,0x33,0x33,0x33,0x33,0x33,0x33,0x33,0x33,0x33,0x33,0x33,0x33,0x33,0x33,
  0x33,0x33,0x33,0x33,0x33,0x33,0x33,0x33,0x33,0x33,0x33,0x33,0x33,0x33,0x33,0x33,0x33,0x33,0x33,0x33,
  0x33,0x33,0x33,0x33,0x33,0x33,0x33,0x33,0x33,0x33,0x33,0x33,0x33,0x33,0x33,0x33,0x33,0x33,0x33,0x33,
  0x33,0x33,0x33,0x33,0x33,0x33,0x33,0x33,0x33,0x33,0x33,0x33,0x33,0x33,0x33,0x06,0xbb,0xbb,0xbb,0xbc,
  0xc8,0x03,0x33,0x33,0x33,0x33,0x33,0x33,0x33,0x33,0x33,0x33,0x33,0x33,0x33,0x33,0x33,0x33,0x33,0x33,
  0x33,0x33,0x33,0x33,0x33,0x33,0x33,0x33,0x33,0x33,0x33,0x33,0x33,0x33,0x33,0x33,0x33,0x33,0x33,0x33,
  0x33,0x33,0x33,0x33,0x33,0x33,0x33,0x33,0x33,0x33,0x33,0x33,0x33,0x33,0x33,0x33,0x33,0x33,0x33,0x33,
  0x33,0x33,0x33,0x33,0x33,0x33,0x33,0x33,0x33,0x33,0x33,0x33,0x33,0x33,0x33,0x33,0x33,0x33,0x33,0x33,
  0x33,0x33,0x33,0x33,0x33,0x33,0x33,0x33,0x33,0x23,0x31,0x7b,0xbb,0xbb,0xbb,0xbc,0xb0,0x53,0x33,0x33,
  0x33,0x33,0x33,0x33,0x33,0x33,0x33,0x33,0x33,0x33,0x33,0x33,0x33,0x33,0x33,0x33,0x33,0x33,0x33,0x33,
  0x33,0x33,0x33,0x33,0x33,0x33,0x33,0x33,0x33,0x33,0x33,0x33,0x33,0x33,0x33,0x33,0x33,0x33,0x33,0x33,
  0x33,0x33,0x33,0x33,0x33,0x33,0x33,0x33,0x33,0x33,0x33,0x33,0x33,0x33,0x33,0x33,0x33,0x33,0x33,0x33,
  0x33,0x33,0x33,0x33,0x33,0x33,0x33,0x33,0x33,0x33,0x33,0x33,0x33,0x33,0x33,0x33,0x33,0x33,0x33,0x33,
  0x33,0x33,0x33,0x33,0x32,0x23,0x16,0xbb,0xbb,0xbb,0xbb,0xcb,0x41,0x13,0x33,0x33,0x33,0x33,0x33,0x33,
  0x33,0x33,0x33,0x33,0x33,0x33,0x33,0x33,0x33,0x33,0x33,0x33,0x33,0x33,0x33,0x33,0x33,0x33,0x33,0x33,
  0x33,0x33,0x33,0x33,0x33,0x33,0x33,0x33,0x33,0x33,0x33,0x33,0x33,0x33,0x33,0x33,0x33,0x33,0x33,0x33,
  0x33,0x33,0x33,0x33,0x33,0x33,0x33,0x33,0x33,0x33,0x33,0x33,0x33,0x33,0x33,0x33,0x33,0x33,0x33,0x33,
  0x33,0x33,0x33,0x33,0x33,0x33,0x33,0x33,0x33,0x33,0x33,0x33,0x33,0x33,0x33,0x33,0x33,0x33,0x33,0x33,
  0x33,0x32,0x2b,0xbb,0xbb,0xbb,0xbb,0xca,0x04,0x23,0x33,0x33,0x33,0x33,0x33,0x33,0x33,0x33,0x33,0x33,
  0x33,0x33,0x33,0x33,0x33,0x33,0x33,0x33,0x33,0x33,0x33,0x33,0x33,0x33,0x33,0x33,0x33,0x33,0x33,0x33,
  0x33,0x33,0x33,0x33,0x33,0x33,0x33,0x33,0x33,0x33,0x33,0x33,0x33,0x33,0x33,0x33,0x33,0x33,0x33,0x33,
  0x33,0x33,0x33,0x33,0x33,0x33,0x33,0x33,0x33,0x33,0x33,0x33,0x33,0x33,0x33,0x33,0x33,0x33,0x33,0x33,
  0x33,0x33,0x33,0x33,0x33,0x33,0x33,0x33,0x33,0x33,0x33,0x33,0x33,0x33,0x33,0x33,0x33,0x30,0x8b,0xbb,
  0xbb,0xbc,0xcc,0xb7,0x14,0x13,0x33,0x33,0x33,0x33,0x33,0x33,0x33,0x33,0x33,0x33,0x33,0x33,0x33,0x33,
  0x33,0x33,0x33,0x33,0x33,0x33,0x33,0x33,0x33,0x33,0x33,0x33,0x33,0x33,0x33,0x33,0x33,0x33,0x33,0x33,
  0x33,0x33,0x33,0x33,0x33,0x33,0x33,0x33,0x33,0x33,0x33,0x33,0x33,0x33,0x33,0x33,0x33,0x33,0x33,0x33,
  0x33,0x33,0x33,0x33,0x33,0x33,0x33,0x33,0x33,0x33,0x33,0x33,0x33,0x33,0x33,0x33,0x33,0x33,0x33,0x33,
  0x33,0x33,0x33,0x33,0x33,0x33,0x33,0x33,0x33,0x33,0x33,0x33,0x33,0x14,0xbb,0xbb,0xbb,0xcb,0xbc,0xb6,
  0x44,0x13,0x33,0x33,0x33,0x33,0x33,0x33,0x33,0x33,0x33,0x33,0x33,0x33,0x33,0x33,0x33,0x33,0x33,0x33,
  0x33,0x33,0x33,0x33,0x33,0x33,0x33,0x33,0x33,0x33,0x33,0x33,0x33,0x33,0x33,0x33,0x33,0x33,0x33,0x33,
  0x33,0x33,0x33,0x33,0x33,0x33,0x33,0x33,0x33,0x33,0x33,0x33,0x33,0x33,0x33,0x33,0x33,0x33,0x33,0x33,
  0x33,0x33,0x33,0x33,0x33,0x33,0x33,0x33,0x33,0x33,0x33,0x33,0x33,0x33,0x33,0x33,0x33,0x33,0x33,0x33,
  0x33,0x33,0x33,0x33,0x33,0x33,0x33,0x33,0x34,0x08,0xbb,0xbb,0xbb,0xcb,0xbc,0xb0,0x44,0x33,0x33,0x33,
  0x33,0x33,0x33,0x33,0x33,0x33,0x33,0x33,0x33,0x33,0x33,0x33,0x33,0x33,0x33,0x33,0x33,0x33,0x33,0x33,
  0x33,0x33,0x33,0x33,0x33,0x33,0x33,0x33,0x33,0x33,0x33,0x33,0x33,0x33,0x33,0x33,0x33,0x33,0x33,0x33,
  0x33,0x33,0x33,0x33,0x33,0x33,0x33,0x33,0x33,0x33,0x33,0x33,0x33,0x33,0x33,0x33,0x33,0x33,0x33,0x33,
  0x33,0x33,0x33,0x33,0x33,0x33,0x33,0x33,0x33,0x33,0x33,0x33,0x33,0x33,0x33,0x33,0x33,0x33,0x33,0x33,
  0x33,0x33,0x33,0x33,0x33,0x4b,0xbb,0xbb,0xbb,0xcb,0xbc,0xb0,0x44,0x33,0x33,0x33,0x33,0x33,0x33,0x33,
  0x33,0x33,0x33,0x33,0x33,0x33,0x33,0x33,0x33,0x33,0x33,0x33,0x33,0x33,0x33,0x33,0x33,0x33,0x33,0x33,
  0x33,0x33,0x33,0x33,0x33,0x33,0x33,0x33,0x33,0x33,0x33,0x33,0x33,0x33,0x33,0x33,0x33,0x33,0x33,0x33,
  0x33,0x33,0x33,0x33,0x33,0x33,0x33,0x33,0x33,0x33,0x33,0x33,0x33,0x33,0x33,0x33,0x33,0x33,0x33,0x33,
  0x33,0x33,0x33,0x33,0x33,0x33,0x33,0x33,0x33,0x33,0x33,0x33,0x33,0x33,0x33,0x33,0x33,0x33,0x33,0x33,
  0x31,0x7b,0xbb,0xbb,0xbb,0xcb,0xbc,0xb4,0x55,0x33,0x33,0x33,0x33,0x33,0x33,0x33,0x33,0x33,0x33,0x33,
  0x33,0x33,0x33,0x33,0x33,0x33,0x33,0x33,0x33,0x33,0x33,0x33,0x33,0x33,0x33,0x33,0x33,0x33,0x33,0x33,
  0x33,0x33,0x33,0x33,0x33,0x33,0x33,0x33,0x33,0x33,0x33,0x33,0x33,0x33,0x33,0x33,0x33,0x33,0x33,0x33,
  0x33,0x33,0x33,0x33,0x33,0x33,0x33,0x33,0x33,0x33,0x33,0x33,0x33,0x33,0x33,0x33,0x33,0x33,0x33,0x33,
  0x33,0x33,0x33,0x33,0x33,0x33,0x33,0x33,0x33,0x33,0x33,0x33,0x33,0x33,0x33,0x33,0x40,0x8b,0xbb,0xbc,
  0xcb,0xcb,0xbb,0xb6,0x54,0x33,0x33,0x33,0x33,0x33,0x33,0x33,0x33,0x33,0x33,0x33,0x33,0x33,0x33,0x33,
  0x33,0x33,0x33,0x33,0x33,0x33,0x33,0x33,0x33,0x33,0x33,0x33,0x33,0x33,0x33,0x33,0x33,0x33,0x33,0x33,
  0x33,0x33,0x33,0x33,0x33,0x33,0x33,0x33,0x33,0x33,0x33,0x33,0x33,0x33,0x33,0x33,0x33,0x33,0x33,0x33,
  0x33,0x33,0x33,0x33,0x33,0x33,0x33,0x33,0x33,0x33,0x33,0x33,0x33,0x33,0x33,0x33,0x33,0x33,0x33,0x33,
  0x33,0x33,0x33,0x33,0x33,0x33,0x33,0x33,0x33,0x33,0x33,0x33,0x40,0x9c,0xbb,0xbc,0xcb,0xbb,0xbb,0xb7,
  0x00,0x13,0x33,0x33,0x33,0x33,0x33,0x35,0x33,0x33,0x33,0x33,0x33,0x33,0x33,0x33,0x33,0x33,0x33,0x33,
  0x33,0x33,0x33,0x33,0x33,0x33,0x33,0x33,0x33,0x33,0x33,0x33,0x33,0x33,0x33,0x33,0x33,0x33,0x33,0x33,
  0x33,0x33,0x33,0x33,0x33,0x33,0x33,0x33,0x33,0x33,0x33,0x33,0x33,0x33,0x33,0x33,0x33,0x33,0x33,0x33,
  0x33,0x33,0x33,0x33,0x33,0x33,0x33,0x33,0x33,0x33,0x33,0x33,0x33,0x33,0x33,0x33,0x33,0x33,0x33,0x33,
  0x33,0x33,0x33,0x33,0x33,0x33,0x33,0x33,0x30,0xac,0xbb,0xbc,0xcb,0xbb,0xbb,0xca,0x78,0x40,0x33,0x33,
  0x21,0x53,0x24,0x20,0x03,0x33,0x33,0x33,0x33,0x33,0x33,0x33,0x33,0x33,0x33,0x33,0x33,0x33,0x33,0x33,
  0x33,0x33,0x33,0x33,0x33,0x33,0x33,0x33,0x33,0x33,0x33,0x33,0x33,0x33,0x33,0x33,0x33,0x33,0x33,0x33,
  0x33,0x33,0x33,0x33,0x33,0x33,0x33,0x33,0x33,0x33,0x33,0x33,0x33,0x33,0x33,0x33,0x33,0x33,0x33,0x33,
  0x33,0x33,0x33,0x33,0x33,0x33,0x33,0x33,0x33,0x33,0x33,0x33,0x33,0x33,0x33,0x33,0x33,0x33,0x33,0x33,
  0x33,0x33,0x33,0x33,0x30,0xac,0xbb,0xbc,0xcb,0xbb,0xbb,0xbb,0xbc,0xa4,0x55,0x33,0x31,0x55,0x40,0x68,
  0x86,0x05,0x33,0x33,0x33,0x33,0x33,0x33,0x33,0x33,0x33,0x33,0x33,0x33,0x33,0x33,0x33,0x33,0x33,0x33,
  0x33,0x33,0x33,0x33,0x33,0x33,0x33,0x33,0x33,0x33,0x33,0x33,0x33,0x33,0x33,0x33,0x33,0x33,0x33,0x33,
  0x33,0x33,0x33,0x33,0x33,0x33,0x33,0x33,0x33,0x33,0x33,0x33,0x33,0x33,0x33,0x33,0x33,0x33,0x33,0x33,
  0x33,0x33,0x33,0x33,0x33,0x33,0x33,0x33,0x33,0x33,0x33,0x33,0x33,0x33,0x33,0x33,0x33,0x33,0x33,0x33,
  0x40,0x9c,0xbb,0xbb,0xbb,0xbb,0xbb,0xac,0xcb,0xb6,0x15,0x43,0x10,0x01,0x07,0xbb,0xcb,0x70,0x33,0x33,
  0x33,0x33,0x33,0x33,0x33,0x33,0x33,0x33,0x33,0x33,0x33,0x33,0x33,0x33,0x33,0x33,0x33,0x33,0x33,0x33,
  0x33,0x33,0x33,0x33,0x33,0x33,0x33,0x33,0x33,0x33,0x33,0x33,0x33,0x33,0x33,0x33,0x33,0x33,0x33,0x33,
  0x33,0x33,0x33,0x33,0x33,0x33,0x33,0x33,0x33,0x33,0x33,0x33,0x33,0x33,0x33,0x33,0x33,0x33,0x33,0x33,
  0x33,0x33,0x33,0x33,0x33,0x33,0x33,0x33,0x33,0x33,0x33,0x33,0x33,0x33,0x33,0x33,0x40,0x8b,0xbb,0xbb,
  0xbb,0xbb,0xbb,0xaa,0xcc,0xb6,0x20,0x04,0x68,0xa7,0x0b,0xbb,0xbc,0xa0,0x53,0x33,0x33,0x33,0x33,0x33,
  0x33,0x33,0x33,0x33,0x33,0x33,0x33,0x33,0x33,0x33,0x33,0x33,0x33,0x33,0x33,0x33,0x33,0x33,0x33,0x33,
  0x33,0x33,0x33,0x33,0x33,0x33,0x33,0x33,0x33,0x33,0x33,0x33,0x33,0x33,0x33,0x33,0x33,0x33,0x33,0x33,
  0x33,0x33,0x33,0x33,0x33,0x33,0x33,0x33,0x33,0x33,0x33,0x33,0x33,0x33,0x33,0x33,0x33,0x33,0x33,0x33,
  0x33,0x33,0x33,0x33,0x33,0x33,0x33,0x33,0x33,0x33,0x33,0x33,0x30,0x7b,0xcb,0xbb,0xbb,0xbc,0xcb,0xba,
  0x8b,0xbb,0xba,0xab,0xbb,0xbb,0x7b,0xbc,0xcb,0xb6,0x13,0x33,0x33,0x33,0x33,0x33,0x33,0x33,0x33,0x33,
  0x33,0x33,0x33,0x33,0x33,0x33,0x33,0x33,0x33,0x33,0x33,0x33,0x33,0x33,0x33,0x33,0x33,0x33,0x33,0x33,
  0x33,0x33,0x33,0x33,0x33,0x33,0x33,0x33,0x33,0x33,0x33,0x33,0x33,0x33,0x33,0x33,0x33,0x33,0x33,0x33,
  0x33,0x33,0x33,0x33,0x33,0x33,0x33,0x33,0x33,0x33,0x33,0x33,0x33,0x33,0x33,0x33,0x33,0x33,0x33,0x33,
  0x33,0x33,0x33,0x33,0x33,0x33,0x33,0x33,0x33,0x6b,0xcb,0xbb,0xbb,0xcc,0xcb,0xbb,0xb8,0x8b,0xbb,0xbb,
  0xbb,0xbb,0x6b,0xcb,0xbc,0xb2,0x53,0x33,0x33,0x33,0x33,0x33,0x33,0x33,0x33,0x33,0x33,0x33,0x33,0x33,
  0x33,0x33,0x33,0x33,0x33,0x33,0x33,0x33,0x33,0x33,0x33,0x33,0x33,0x33,0x33,0x33,0x33,0x33,0x33,0x33,
  0x33,0x33,0x33,0x33,0x33,0x33,0x33,0x33,0x33,0x33,0x33,0x33,0x33,0x33,0x33,0x33,0x33,0x33,0x33,0x33,
  0x33,0x33,0x33,0x33,0x33,0x33,0x33,0x33,0x31,0x11,0x13,0x33,0x53,0x00,0x30,0x00,0x33,0x33,0x33,0x33,
  0x33,0x33,0x33,0x33,0x34,0x0a,0xcc,0xbb,0xcb,0xbb,0xcc,0xbb,0xbb,0xbb,0xbb,0xbb,0xbb,0xcb,0x08,0xbc,
  0xcb,0x85,0x33,0x33,0x33,0x33,0x33,0x33,0x33,0x33,0x33,0x33,0x33,0x33,0x33,0x33,0x33,0x33,0x33,0x33,
  0x33,0x33,0x33,0x33,0x33,0x33,0x33,0x33,0x33,0x33,0x33,0x33,0x33,0x33,0x33,0x33,0x33,0x33,0x33,0x33,
  0x33,0x33,0x33,0x33,0x33,0x33,0x33,0x33,0x33,0x33,0x33,0x33,0x33,0x33,0x33,0x33,0x33,0x33,0x33,0x33,
  0x33,0x33,0x55,0x55,0x55,0x11,0x11,0x01,0x01,0x66,0x66,0x66,0x51,0x01,0x15,0x55,0x33,0x33,0x33,0x33,
  0x33,0x17,0xbc,0xcc,0xbc,0xbb,0xbb,0xbc,0xbb,0xbb,0xbb,0xbc,0xbc,0xc7,0x24,0x7a,0xa8,0x44,0x33,0x33,
  0x33,0x33,0x33,0x33,0x33,0x33,0x33,0x33,0x33,0x33,0x33,0x33,0x33,0x33,0x33,0x33,0x33,0x33,0x33,0x33,
  0x33,0x33,0x33,0x33,0x33,0x33,0x33,0x33,0x33,0x33,0x33,0x33,0x33,0x33,0x33,0x33,0x33,0x33,0x33,0x33,
  0x33,0x33,0x33,0x33,0x33,0x33,0x33,0x33,0x33,0x33,0x33,0x33,0x33,0x33,0x33,0x33,0x33,0x33,0x33,0x02,
  0x02,0x23,0x36,0x66,0x77,0x77,0x77,0x77,0x76,0x63,0x20,0x33,0x33,0x33,0x33,0x33,0x35,0x40,0x9c,0xcc,
  0xcb,0xbc,0xbb,0xbb,0xbb,0xcc,0xcb,0xbb,0xcc,0xb0,0x66,0x00,0x00,0x44,0x33,0x33,0x33,0x33,0x33,0x33,
  0x33,0x33,0x33,0x33,0x33,0x33,0x33,0x33,0x33,0x33,0x33,0x33,0x33,0x33,0x33,0x33,0x33,0x33,0x33,0x33,
  0x33,0x33,0x33,0x33,0x33,0x33,0x33,0x33,0x33,0x33,0x33,0x33,0x33,0x33,0x33,0x33,0x33,0x33,0x33,0x33,
  0x33,0x33,0x33,0x33,0x33,0x33,0x33,0x33,0x33,0x33,0x33,0x34,0x20,0x01,0x56,0x77,0x77,0x77,0x88,0x89,
  0x99,0x99,0x99,0x88,0x88,0x77,0x76,0x42,0x03,0x33,0x33,0x33,0x35,0x54,0x4b,0xcc,0xcc,0xcb,0xcc,0xcc,
  0xcc,0xcc,0xbb,0xbc,0xcc,0x70,0x64,0x00,0x34,0x43,0x33,0x33,0x33,0x33,0x33,0x33,0x33,0x33,0x33,0x33,
  0x33,0x33,0x33,0x33,0x33,0x33,0x33,0x33,0x33,0x33,0x33,0x33,0x33,0x33,0x33,0x33,0x33,0x33,0x33,0x33,
  0x33,0x33,0x33,0x33,0x33,0x33,0x33,0x33,0x33,0x33,0x33,0x33,0x33,0x33,0x33,0x33,0x33,0x33,0x33,0x33,
  0x33,0x33,0x33,0x33,0x33,0x33,0x32,0x20,0x66,0x77,0x78,0x88,0x88,0x88,0x88,0xaa,0xaa,0xaa,0xa9,0x99,
  0x88,0x88,0x88,0x77,0x60,0x03,0x33,0x33,0x33,0x55,0x16,0xbc,0xcc,0xcc,0xcb,0xbb,0xbb,0xbc,0xbc,0xcc,
  0xc8,0x06,0x06,0x88,0x70,0x13,0x33,0x33,0x33,0x33,0x33,0x33,0x33,0x33,0x33,0x33,0x33,0x33,0x33,0x33,
  0x33,0x33,0x33,0x33,0x33,0x33,0x33,0x33,0x33,0x33,0x33,0x33,0x33,0x33,0x33,0x33,0x33,0x33,0x33,0x33,
  0x33,0x33,0x33,0x33,0x33,0x33,0x33,0x33,0x33,0x33,0x33,0x33,0x33,0x33,0x33,0x33,0x33,0x33,0x33,0x33,
  0x34,0x42,0x26,0x77,0x78,0x88,0x88,0x99,0x98,0x89,0x89,0xab,0xbb,0xbb,0xba,0xa9,0x99,0x88,0x88,0x88,
  0x88,0x74,0x22,0x43,0x33,0x33,0x30,0x6b,0xcc,0xcc,0xcc,0xcc,0xcc,0xcc,0xcc,0xcb,0x84,0x61,0x7b,0xcc,
  0xca,0x05,0x33,0x33,0x33,0x33,0x33,0x33,0x33,0x33,0x33,0x33,0x33,0x33,0x33,0x33,0x33,0x33,0x33,0x33,
  0x33,0x33,0x33,0x33,0x33,0x33,0x33,0x33,0x33,0x33,0x33,0x33,0x33,0x33,0x33,0x33,0x33,0x33,0x33,0x33,
  0x33,0x33,0x33,0x33,0x33,0x33,0x33,0x33,0x33,0x33,0x33,0x33,0x33,0x33,0x33,0x33,0x20,0x47,0x78,0x88,
  0x89,0x99,0x99,0x99,0x99,0x99,0x99,0x88,0x99,0xaa,0xbb,0xbb,0xaa,0x99,0x87,0x88,0x88,0x88,0x77,0x44,
  0x33,0x33,0x14,0x04,0xab,0xcc,0xcc,0xcc,0xcc,0xcc,0xcc,0xb7,0x05,0x46,0xbc,0xba,0xcc,0x80,0x53,0x33,
  0x33,0x33,0x33,0x33,0x33,0x33,0x33,0x33,0x33,0x33,0x33,0x33,0x33,0x33,0x33,0x33,0x33,0x33,0x33,0x33,
  0x33,0x33,0x33,0x33,0x33,0x33,0x33,0x33,0x33,0x33,0x33,0x33,0x33,0x33,0x33,0x33,0x33,0x33,0x33,0x33,
  0x33,0x33,0x33,0x33,0x33,0x33,0x33,0x33,0x33,0x33,0x33,0x00,0x67,0x88,0x88,0x99,0x99,0x99,0x99,0x99,
  0x99,0x99,0x99,0x99,0x88,0x88,0x88,0x9a,0xbb,0xba,0xa9,0x87,0x88,0x89,0x88,0x87,0x62,0x13,0x54,0x54,
  0x07,0xbb,0xcc,0xcc,0xcc,0xcc,0xb8,0x02,0x55,0x09,0xcb,0xcc,0xcc,0xb0,0x53,0x33,0x33,0x33,0x33,0x33,
  0x33,0x33,0x33,0x33,0x33,0x33,0x33,0x33,0x33,0x33,0x33,0x33,0x33,0x33,0x33,0x33,0x33,0x33,0x33,0x33,
  0x33,0x33,0x33,0x33,0x33,0x33,0x33,0x33,0x33,0x33,0x33,0x33,0x33,0x33,0x33,0x33,0x33,0x33,0x33,0x33,
  0x33,0x33,0x33,0x33,0x33,0x33,0x30,0x37,0x88,0x89,0x99,0x99,0x99,0x99,0x99,0x99,0x99,0x99,0x99,0x99,
  0x88,0x88,0x88,0x88,0x89,0xab,0xba,0xa9,0x88,0x88,0x98,0x88,0x87,0x61,0x55,0x44,0x42,0x06,0x8a,0xbb,
  0xba,0x86,0x00,0x53,0x55,0x0a,0xcc,0xcc,0xcc,0xc2,0x33,0x33,0x33,0x33,0x33,0x33,0x33,0x33,0x33,0x33,
  0x33,0x33,0x33,0x33,0x33,0x33,0x33,0x33,0x33,0x33,0x33,0x33,0x33,0x33,0x33,0x33,0x33,0x33,0x33,0x33,
  0x33,0x33,0x33,0x33,0x33,0x33,0x33,0x33,0x33,0x33,0x33,0x33,0x33,0x33,0x33,0x33,0x33,0x33,0x33,0x33,
  0x33,0x31,0x47,0x88,0x89,0x99,0x99,0x99,0x99,0x99,0x99,0x99,0x99,0x98,0x88,0x88,0x88,0x88,0x88,0x88,
  0x88,0x88,0x9a,0xbb,0xa9,0x99,0x88,0x88,0x88,0x87,0x55,0x53,0x33,0x40,0x00,0x00,0x00,0x01,0x33,0x33,
  0x34,0x09,0xcc,0xcc,0xcd,0xb0,0x53,0x33,0x33,0x33,0x33,0x33,0x33,0x33,0x33,0x33,0x33,0x33,0x33,0x33,
  0x33,0x33,0x33,0x33,0x33,0x33,0x33,0x33,0x33,0x33,0x33,0x33,0x33,0x33,0x33,0x33,0x33,0x33,0x33,0x33,
  0x33,0x33,0x33,0x33,0x33,0x33,0x33,0x33,0x33,0x33,0x33,0x33,0x33,0x33,0x33,0x33,0x33,0x26,0x88,0x88,
  0x99,0x99,0x99,0x99,0x99,0x99,0x99,0x88,0x88,0x88,0x88,0x88,0x88,0x78,0x88,0x88,0x88,0x88,0x88,0x9a,
  0xba,0xa9,0x99,0x98,0x88,0x88,0x76,0x01,0x33,0x23,0x51,0x46,0x44,0x24,0x41,0x33,0x44,0x56,0xbc,0xcc,
  0xcc,0x80,0x53,0x33,0x33,0x33,0x33,0x33,0x33,0x33,0x33,0x33,0x33,0x33,0x33,0x33,0x33,0x33,0x33,0x33,
  0x33,0x33,0x33,0x33,0x33,0x33,0x33,0x33,0x33,0x33,0x33,0x33,0x33,0x33,0x33,0x33,0x33,0x33,0x33,0x33,
  0x33,0x33,0x33,0x33,0x33,0x33,0x33,0x33,0x33,0x33,0x33,0x33,0x24,0x78,0x88,0x99,0x99,0xaa,0xa9,0xa9,
  0x99,0x99,0x98,0x89,0x99,0x99,0x99,0x99,0x99,0x88,0x88,0x77,0x88,0x88,0x88,0x78,0x9b,0xba,0xa9,0x98,
  0x88,0x88,0x88,0x74,0x04,0x33,0x31,0x33,0x32,0x35,0x36,0x00,0x23,0x50,0x6b,0xcc,0xc8,0x06,0x33,0x33,
  0x33,0x33,0x33,0x33,0x33,0x33,0x33,0x33,0x33,0x33,0x33,0x33,0x33,0x33,0x33,0x33,0x33,0x33,0x33,0x33,
  0x33,0x33,0x33,0x33,0x33,0x33,0x33,0x33,0x33,0x33,0x33,0x33,0x33,0x33,0x33,0x33,0x33,0x33,0x33,0x33,
  0x33,0x33,0x33,0x33,0x33,0x33,0x33,0x42,0x68,0x88,0x99,0x9a,0xaa,0xaa,0xaa,0xa9,0x99,0x99,0x9a,0xaa,
  0xaa,0xaa,0xaa,0xaa,0xa9,0x99,0x99,0x98,0x77,0x78,0x88,0x88,0x78,0xab,0xba,0x98,0x88,0x88,0x88,0x87,
  0x60,0x33,0x33,0x33,0x35,0x55,0x50,0x77,0x41,0x33,0x30,0x77,0x40,0x54,0x33,0x33,0x33,0x33,0x33,0x33,
  0x33,0x33,0x33,0x33,0x33,0x33,0x33,0x33,0x33,0x33,0x33,0x33,0x33,0x33,0x33,0x33,0x33,0x33,0x33,0x33,
  0x33,0x33,0x33,0x33,0x33,0x33,0x33,0x33,0x33,0x33,0x33,0x33,0x33,0x33,0x33,0x33,0x33,0x33,0x33,0x33,
  0x33,0x33,0x32,0x47,0x88,0x89,0x9a,0xaa,0xaa,0xaa,0xa9,0x99,0x99,0x9a,0xaa,0xaa,0xaa,0xaa,0xaa,0xaa,
  0xaa,0xaa,0x9a,0x99,0x98,0x87,0x78,0x88,0x88,0x78,0xbb,0xa9,0x88,0x88,0x88,0x88,0x86,0x04,0x33,0x33,
  0x33,0x45,0x09,0xbb,0xb6,0x13,0x12,0x10,0x55,0x53,0x33,0x33,0x33,0x33,0x33,0x33,0x33,0x33,0x33,0x33,
  0x33,0x33,0x33,0x33,0x33,0x33,0x33,0x33,0x33,0x33,0x33,0x33,0x33,0x33,0x33,0x33,0x33,0x33,0x33,0x33,
  0x33,0x33,0x33,0x33,0x33,0x33,0x33,0x33,0x33,0x33,0x33,0x33,0x33,0x33,0x33,0x33,0x33,0x24,0x20,0x78,
  0x88,0x99,0xaa,0xaa,0xaa,0xa9,0x99,0x9a,0xaa,0xaa,0xaa,0xbb,0xbb,0xbc,0xcb,0xcb,0xbb,0xbb,0xba,0xaa,
  0xa9,0x99,0x87,0x78,0x88,0x88,0x8a,0xb9,0x88,0x88,0x88,0x88,0x88,0x72,0x13,0x33,0x33,0x50,0x7c,0xcb,
  0xca,0x05,0x12,0x55,0x51,0x53,0x33,0x33,0x33,0x33,0x33,0x33,0x33,0x33,0x33,0x33,0x33,0x33,0x33,0x33,
  0x33,0x33,0x33,0x33,0x33,0x33,0x33,0x33,0x33,0x33,0x33,0x33,0x33,0x33,0x33,0x33,0x33,0x33,0x33,0x33,
  0x33,0x33,0x33,0x33,0x33,0x33,0x33,0x33,0x33,0x33,0x33,0x33,0x33,0x24,0x47,0x88,0x99,0x9a,0xaa,0xaa,
  0xaa,0x99,0x9a,0xaa,0xaa,0xab,0xbc,0xcc,0xcd,0xdd,0xdd,0xdd,0xdc,0xcc,0xcc,0xbb,0xaa,0xa9,0x98,0x87,
  0x88,0x88,0x88,0x88,0x88,0x88,0x88,0x88,0x88,0x87,0x21,0x33,0x33,0x50,0x8c,0xcc,0xcb,0x05,0x33,0x33,
  0x33,0x33,0x33,0x33,0x33,0x33,0x33,0x33,0x33,0x33,0x33,0x33,0x33,0x33,0x33,0x33,0x33,0x33,0x33,0x33,
  0x33,0x33,0x33,0x33,0x33,0x33,0x33,0x33,0x33,0x33,0x33,0x33,0x33,0x33,0x33,0x33,0x33,0x33,0x33,0x33,
  0x33,0x33,0x33,0x33,0x33,0x33,0x33,0x33,0x33,0x22,0x78,0x89,0xa9,0xaa,0xaa,0xaa,0xa9,0x99,0xaa,0xaa,
  0xbb,0xbc,0xdd,0xef,0xff,0xff,0xff,0xff,0xff,0xfe,0xdc,0xcc,0xcb,0xba,0x99,0x98,0x77,0x88,0x88,0x88,
  0x88,0x88,0x88,0x88,0x88,0x88,0x74,0x33,0x33,0x40,0x6c,0xcc,0xda,0x04,0x33,0x33,0x33,0x33,0x33,0x33,
  0x33,0x33,0x33,0x33,0x33,0x33,0x33,0x33,0x33,0x33,0x33,0x33,0x33,0x33,0x33,0x33,0x33,0x33,0x33,0x33,
  0x33,0x33,0x33,0x33,0x33,0x33,0x33,0x33,0x33,0x33,0x33,0x33,0x33,0x33,0x33,0x33,0x33,0x33,0x33,0x33,
  0x33,0x33,0x33,0x33,0x34,0x47,0x88,0x9a,0xaa,0xaa,0xaa,0xaa,0x99,0xaa,0xaa,0xab,0xcc,0xdf,0xff,0xfe,
  0xed,0xdd,0xdd,0xdd,0xde,0xee,0xff,0xfd,0xcc,0xcb,0xba,0x99,0x98,0x78,0x88,0x88,0x88,0x88,0x88,0x88,
  0x88,0x88,0x87,0x03,0x33,0x35,0x08,0xcc,0xb6,0x43,0x35,0x53,0x33,0x33,0x33,0x33,0x33,0x33,0x33,0x33,
  0x33,0x33,0x33,0x33,0x33,0x33,0x33,0x33,0x33,0x33,0x33,0x33,0x33,0x33,0x33,0x33,0x33,0x33,0x33,0x33,
  0x33,0x33,0x33,0x33,0x33,0x33,0x33,0x33,0x33,0x33,0x33,0x33,0x33,0x33,0x33,0x33,0x33,0x33,0x33,0x33,
  0x34,0x78,0x88,0x9a,0xaa,0xaa,0xaa,0xa9,0x9a,0xaa,0xab,0xbc,0xef,0xfe,0xee,0xee,0xee,0xed,0xee,0xee,
  0xdd,0xdd,0xdd,0xef,0xfe,0xdc,0xcb,0xa9,0x99,0x87,0x88,0x88,0x88,0x98,0x88,0x88,0x88,0x88,0x88,0x70,
  0x33,0x55,0x30,0x55,0x04,0x33,0x55,0x55,0x33,0x33,0x33,0x33,0x33,0x33,0x33,0x33,0x33,0x33,0x33,0x33,
  0x33,0x33,0x33,0x33,0x33,0x33,0x33,0x33,0x33,0x33,0x33,0x33,0x33,0x33,0x33,0x33,0x33,0x33,0x33,0x33,
  0x33,0x33,0x33,0x33,0x33,0x33,0x33,0x33,0x33,0x33,0x33,0x33,0x33,0x33,0x33,0x33,0x27,0x88,0x89,0x9a,
  0xaa,0xaa,0xaa,0x9a,0xaa,0xaa,0xbc,0xdf,0xfe,0xee,0xee,0xee,0xee,0xee,0xdd,0xdd,0xdd,0xdd,0xdd,0xdd,
  0xde,0xff,0xdc,0xcb,0xa9,0x98,0x77,0x88,0x88,0x89,0x88,0x88,0x88,0x88,0x88,0x86,0x24,0x33,0x36,0x64,
  0x64,0x33,0x55,0x55,0x33,0x33,0x33,0x33,0x33,0x33,0x33,0x33,0x33,0x33,0x33,0x33,0x33,0x33,0x33,0x33,
  0x33,0x33,0x33,0x33,0x33,0x33,0x33,0x33,0x33,0x33,0x33,0x33,0x33,0x33,0x33,0x33,0x33,0x33,0x33,0x33,
  0x33,0x33,0x33,0x33,0x33,0x33,0x33,0x33,0x33,0x33,0x33,0x30,0x68,0x88,0x99,0xaa,0xaa,0xaa,0xa9,0xaa,
  0xaa,0xab,0xcf,0xfe,0xee,0xee,0xee,0xee,0xee,0xee,0xee,0xdd,0xdd,0xde,0xee,0xed,0xdd,0xde,0xfe,0xcc,
  0xba,0x99,0x97,0x88,0x88,0x88,0x98,0x88,0x88,0x88,0x88,0x88,0x64,0x53,0x50,0x00,0x04,0x33,0x55,0x55,
  0x33,0x33,0x33,0x33,0x33,0x33,0x33,0x33,0x33,0x33,0x33,0x33,0x33,0x33,0x33,0x33,0x33,0x33,0x33,0x33,
  0x33,0x33,0x33,0x33,0x33,0x33,0x33,0x33,0x33,0x33,0x33,0x33,0x33,0x33,0x33,0x33,0x33,0x33,0x33,0x33,
  0x33,0x33,0x33,0x33,0x33,0x33,0x33,0x33,0x78,0x89,0xaa,0xaa,0xaa,0xaa,0xaa,0xaa,0xaa,0xbd,0xff,0xee,
  0xee,0xee,0xee,0xee,0xee,0xee,0xee,0xee,0xdd,0xdd,0xdd,0xee,0xed,0xdd,0xdf,0xfd,0xcb,0xa9,0x99,0x77,
  0x88,0x88,0x88,0x88,0x88,0x88,0x88,0x88,0x74,0x56,0x09,0xcc,0xb0,0x45,0x53,0x33,0x33,0x33,0x33,0x33,
  0x33,0x33,0x33,0x33,0x33,0x33,0x33,0x33,0x33,0x33,0x33,0x33,0x33,0x33,0x33,0x33,0x33,0x33,0x33,0x33,
  0x33,0x33,0x33,0x33,0x33,0x33,0x33,0x33,0x33,0x33,0x33,0x33,0x33,0x33,0x33,0x33,0x33,0x33,0x33,0x33,
  0x33,0x33,0x33,0x07,0x88,0x9a,0xaa,0xaa,0xaa,0xaa,0xaa,0xaa,0xab,0xdf,0xee,0xee,0xee,0xee,0xee,0xee,
  0xee,0xee,0xee,0xed,0xdd,0xdd,0xdd,0xdd,0xde,0xdd,0xdd,0xdf,0xec,0xcb,0x99,0x87,0x88,0x88,0x88,0x88,
  0x88,0x88,0x88,0x88,0x87,0x00,0x7d,0xdc,0xdb,0x05,0x53,0x33,0x33,0x33,0x33,0x33,0x33,0x33,0x33,0x33,
  0x33,0x33,0x33,0x33,0x33,0x33,0x33,0x33,0x33,0x33,0x33,0x33,0x33,0x33,0x33,0x33,0x33,0x33,0x33,0x33,
  0x33,0x33,0x33,0x33,0x33,0x33,0x33,0x33,0x33,0x33,0x33,0x33,0x33,0x33,0x33,0x33,0x33,0x33,0x33,0x47,
  0x88,0x9a,0xaa,0xaa,0xaa,0xaa,0xaa,0xaa,0xbe,0xfe,0xee,0xee,0xee,0xee,0xee,0xee,0xee,0xee,0xee,0xed,
  0xed,0xdd,0xdd,0xdd,0xdd,0xdd,0xdd,0xdd,0xff,0xcc,0xba,0x98,0x78,0x88,0x88,0x98,0x88,0x88,0x88,0x88,
  0x87,0x7a,0xce,0xed,0xdd,0x35,0x53,0x33,0x33,0x33,0x33,0x33,0x33,0x33,0x33,0x33,0x33,0x33,0x33,0x33,
  0x33,0x33,0x33,0x33,0x33,0x33,0x33,0x33,0x33,0x33,0x33,0x33,0x33,0x33,0x33,0x33,0x33,0x33,0x33,0x33,
  0x33,0x33,0x33,0x33,0x33,0x33,0x33,0x33,0x33,0x33,0x33,0x33,0x33,0x33,0x50,0x78,0x89,0xaa,0xaa,0xaa,
  0xaa,0xaa,0xaa,0xab,0xdf,0xee,0xee,0xee,0xee,0xee,0xee,0xee,0xee,0xee,0xee,0xee,0xee,0xed,0xdd,0xdd,
  0xed,0xdd,0xdd,0xdc,0xdf,0xfc,0xcb,0x99,0x87,0x88,0x88,0x89,0x88,0x88,0x88,0x88,0x8b,0xcc,0xce,0xee,
  0xed,0x05,0x33,0x33,0x33,0x33,0x33,0x33,0x33,0x33,0x33,0x33,0x33,0x33,0x33,0x33,0x33,0x33,0x33,0x33,
  0x33,0x33,0x33,0x33,0x33,0x33,0x33,0x33,0x33,0x33,0x33,0x33,0x33,0x33,0x33,0x33,0x33,0x33,0x33,0x33,
  0x33,0x33,0x33,0x33,0x33,0x33,0x33,0x33,0x33,0x33,0x33,0x88,0x8a,0xaa,0xaa,0xaa,0xaa,0xaa,0xaa,0xad,
  0xfe,0xee,0xee,0xee,0xee,0xee,0xee,0xee,0xee,0xee,0xee,0xee,0xee,0xee,0xdd,0xdd,0xdd,0xdd,0xdd,0xdd,
  0xdd,0xef,0xcb,0xa9,0x98,0x88,0x88,0x88,0x88,0x99,0x88,0x88,0xac,0xcc,0xdd,0xef,0xda,0x05,0x33,0x33,
  0x33,0x33,0x33,0x33,0x33,0x33,0x33,0x33,0x33,0x33,0x33,0x33,0x33,0x33,0x33,0x33,0x33,0x33,0x33,0x33,
  0x33,0x33,0x33,0x33,0x33,0x33,0x33,0x33,0x33,0x33,0x33,0x33,0x33,0x33,0x33,0x33,0x33,0x33,0x33,0x33,
  0x33,0x33,0x33,0x33,0x33,0x33,0x07,0x88,0x9a,0xaa,0xaa,0xaa,0xaa,0xaa,0xaa,0xcf,0xee,0xee,0xee,0xee,
  0xee,0xee,0xee,0xee,0xee,0xee,0xee,0xee,0xee,0xee,0xed,0xdd,0xdd,0xdd,0xdd,0xdd,0xdd,0xde,0xfc,0xba,
  0x99,0x78,0x88,0x88,0x89,0x99,0xbb,0x98,0xbc,0xdc,0xcb,0xbc,0x90,0x43,0x33,0x33,0x33,0x33,0x33,0x33,
  0x33,0x33,0x33,0x33,0x33,0x33,0x33,0x33,0x33,0x33,0x33,0x33,0x33,0x33,0x33,0x33,0x33,0x33,0x33,0x33,
  0x33,0x33,0x33,0x33,0x33,0x33,0x33,0x33,0x33,0x33,0x33,0x33,0x33,0x33,0x33,0x33,0x33,0x33,0x33,0x33,
  0x33,0x33,0x27,0x88,0xaa,0xaa,0xaa,0xaa,0xaa,0xaa,0xac,0xff,0xef,0xee,0xee,0xee,0xee,0xee,0xee,0xee,
  0xee,0xee,0xee,0xee,0xee,0xee,0xee,0xed,0xdd,0xed,0xdd,0xdd,0xdd,0xdc,0xfe,0xcb,0xa9,0x87,0x88,0x7b,
  0xca,0x9a,0xdd,0xcb,0xcc,0xcc,0x00,0x00,0x05,0x33,0x33,0x33,0x33,0x33,0x33,0x33,0x33,0x33,0x33,0x33,
  0x33,0x33,0x33,0x33,0x33,0x33,0x33,0x33,0x33,0x33,0x33,0x33,0x33,0x33,0x33,0x33,0x33,0x33,0x33,0x33,
  0x33,0x33,0x33,0x33,0x33,0x33,0x33,0x33,0x33,0x33,0x33,0x33,0x33,0x33,0x33,0x33,0x33,0x34,0x68,0x89,
  0xaa,0xaa,0xaa,0xaa,0xaa,0xaa,0xad,0xfe,0xef,0xee,0xee,0xee,0xee,0xee,0xee,0xee,0xee,0xee,0xee,0xee,
  0xee,0xee,0xee,0xde,0xde,0xed,0xdd,0xdd,0xdd,0xdc,0xdf,0xdc,0xb9,0x97,0x88,0x7b,0xca,0xa9,0xdd,0xdc,
  0xcc,0xcb,0x06,0x55,0x13,0x33,0x33,0x33,0x33,0x33,0x33,0x33,0x33,0x33,0x33,0x33,0x33,0x33,0x33,0x33,
  0x33,0x33,0x33,0x33,0x33,0x33,0x33,0x33,0x33,0x33,0x33,0x33,0x33,0x33,0x33,0x33,0x33,0x33,0x33,0x33,
  0x33,0x33,0x33,0x33,0x33,0x33,0x33,0x33,0x33,0x33,0x33,0x33,0x33,0x34,0x68,0x8a,0xaa,0xaa,0xaa,0xaa,
  0xaa,0xa9,0xcf,0xef,0xfe,0xee,0xfe,0xee,0xee,0xee,0xee,0xee,0xee,0xee,0xee,0xee,0xee,0xee,0xee,0xde,
  0xdd,0xdd,0xdd,0xdd,0xdd,0xdd,0xcd,0xfc,0xba,0x98,0x78,0x89,0xcb,0xa8,0xcd,0xdc,0xcc,0xca,0x24,0x10,
  0x03,0x33,0x33,0x33,0x33,0x33,0x33,0x33,0x33,0x33,0x33,0x33,0x33,0x33,0x33,0x33,0x33,0x33,0x33,0x33,
  0x33,0x33,0x33,0x33,0x33,0x33,0x33,0x33,0x33,0x33,0x33,0x33,0x33,0x33,0x33,0x33,0x33,0x33,0x33,0x33,
  0x33,0x33,0x33,0x33,0x33,0x33,0x33,0x33,0x33,0x32,0x78,0x9a,0xaa,0xaa,0xaa,0xaa,0xaa,0x9a,0xdf,0xef,
  0xff,0xee,0xee,0xef,0xee,0xee,0xee,0xee,0xee,0xee,0xee,0xee,0xee,0xee,0xee,0xee,0xee,0xee,0xdd,0xdd,
  0xdd,0xdd,0xdd,0xef,0xcb,0x99,0x88,0x87,0xcc,0xba,0x9d,0xdd,0xcc,0xb8,0x74,0x50,0x03,0x33,0x33,0x33,
  0x33,0x33,0x33,0x33,0x33,0x33,0x33,0x33,0x33,0x33,0x33,0x33,0x33,0x33,0x33,0x33,0x33,0x33,0x33,0x33,
  0x33,0x33,0x33,0x33,0x33,0x33,0x33,0x33,0x33,0x33,0x33,0x33,0x33,0x33,0x33,0x33,0x33,0x33,0x33,0x33,
  0x33,0x33,0x33,0x33,0x33,0x34,0x78,0x9a,0xaa,0xaa,0xaa,0xaa,0xaa,0x9c,0xff,0xef,0xff,0xff,0xef,0xfe,
  0xef,0xee,0xee,0xee,0xee,0xee,0xee,0xee,0xee,0xee,0xee,0xee,0xee,0xdd,0xdd,0xdd,0xdd,0xdd,0xdd,0xdf,
  0xdb,0xa9,0x87,0x87,0xbc,0xbb,0x9a,0xdd,0xdd,0xb8,0x75,0x10,0x03,0x33,0x33,0x33,0x33,0x33,0x33,0x33,
  0x33,0x33,0x33,0x33,0x33,0x33,0x33,0x33,0x33,0x33,0x33,0x33,0x33,0x33,0x33,0x33,0x33,0x33,0x33,0x33,
  0x33,0x33,0x33,0x33,0x33,0x33,0x33,0x33,0x33,0x33,0x33,0x33,0x33,0x33,0x33,0x33,0x33,0x33,0x33,0x33,
  0x33,0x34,0x88,0xaa,0xaa,0xaa,0xaa,0xaa,0xa9,0x9d,0xfe,0xff,0xff,0xfe,0xff,0xff,0xff,0xee,0xee,0xee,
  0xee,0xee,0xee,0xee,0xee,0xee,0xee,0xee,0xee,0xed,0xdd,0xdd,0xdd,0xdd,0xdd,0xde,0xfc,0xb9,0x98,0x87,
  0xac,0xcb,0xb9,0xbd,0xdd,0xc9,0x85,0x10,0x03,0x33,0x33,0x33,0x33,0x33,0x33,0x33,0x33,0x33,0x33,0x33,
  0x33,0x33,0x33,0x33,0x33,0x33,0x33,0x33,0x33,0x33,0x33,0x33,0x33,0x33,0x33,0x33,0x33,0x33,0x33,0x33,
  0x33,0x33,0x33,0x33,0x33,0x33,0x33,0x33,0x33,0x33,0x33,0x33,0x33,0x33,0x33,0x33,0x33,0x36,0x88,0xaa,
  0xaa,0xaa,0xaa,0xaa,0xa9,0xbf,0xff,0xff,0xff,0xff,0xef,0xff,0xff,0xef,0xee,0xee,0xee,0xee,0xee,0xee,
  0xee,0xee,0xee,0xee,0xde,0xee,0xdd,0xdd,0xdd,0xdd,0xdd,0xdd,0xfd,0xba,0x98,0x88,0x8c,0xcb,0xbb,0x9a,
  0xcd,0xc9,0x83,0x10,0x03,0x33,0x33,0x33,0x33,0x33,0x33,0x33,0x33,0x33,0x33,0x33,0x33,0x33,0x33,0x33,
  0x33,0x33,0x33,0x33,0x33,0x33,0x33,0x33,0x33,0x33,0x33,0x33,0x33,0x33,0x33,0x33,0x33,0x33,0x33,0x33,
  0x33,0x33,0x33,0x33,0x33,0x33,0x33,0x33,0x33,0x33,0x33,0x33,0x31,0x16,0x88,0xaa,0xaa,0xaa,0xaa,0xaa,
  0xa9,0xcf,0xff,0xff,0xff,0xfe,0xed,0xde,0xef,0xff,0xff,0xee,0xee,0xee,0xee,0xee,0xee,0xee,0xee,0xee,
  0xee,0xee,0xed,0xdd,0xdd,0xdd,0xdd,0xdd,0xef,0xcb,0x98,0x78,0x7c,0xcb,0xbb,0xba,0x8a,0xa9,0x86,0x21,
  0x03,0x33,0x33,0x33,0x33,0x33,0x33,0x33,0x33,0x33,0x33,0x33,0x33,0x33,0x33,0x33,0x33,0x33,0x33,0x33,
  0x33,0x33,0x33,0x33,0x33,0x33,0x33,0x33,0x33,0x33,0x33,0x33,0x33,0x33,0x33,0x33,0x33,0x33,0x33,0x33,
  0x33,0x33,0x33,0x33,0x33,0x33,0x33,0x33,0x31,0x16,0x88,0xaa,0xaa,0xaa,0xaa,0xaa,0x98,0xdf,0xff,0xff,
  0xff,0xfe,0xdc,0xcd,0xee,0xff,0xff,0xee,0xee,0xee,0xee,0xee,0xee,0xee,0xee,0xee,0xee,0xde,0xee,0xdd,
  0xdd,0xdd,0xdd,0xdd,0xdf,0xdb,0xa9,0x88,0x7b,0xdb,0xbb,0xbb,0xba,0xaa,0x86,0x21,0x03,0x33,0x33,0x33,
  0x33,0x33,0x33,0x33,0x33,0x33,0x33,0x33,0x33,0x33,0x33,0x33,0x33,0x33,0x33,0x33,0x33,0x33,0x33,0x33,
  0x33,0x33,0x33,0x33,0x33,0x33,0x33,0x33,0x33,0x33,0x33,0x33,0x33,0x33,0x33,0x33,0x33,0x33,0x33,0x33,
  0x33,0x33,0x33,0x33,0x31,0x16,0x89,0xaa,0xaa,0xaa,0xaa,0xaa,0x99,0xdf,0xef,0xff,0xff,0xee,0xdc,0xcd,
  0xee,0xef,0xff,0xfe,0xee,0xee,0xee,0xee,0xee,0xee,0xee,0xee,0xee,0xee,0xee,0xed,0xed,0xdd,0xdd,0xdd,
  0xdf,0xdb,0xa9,0x88,0x8a,0xdc,0xbb,0xbb,0xbb,0xa8,0x86,0x11,0x03,0x33,0x33,0x33,0x33,0x33,0x33,0x33,
  0x33,0x33,0x33,0x33,0x33,0x33,0x33,0x33,0x33,0x33,0x33,0x33,0x33,0x33,0x33,0x33,0x33,0x33,0x33,0x33,
  0x33,0x33,0x33,0x33,0x33,0x33,0x33,0x33,0x33,0x33,0x33,0x33,0x33,0x33,0x33,0x33,0x33,0x33,0x33,0x33,
  0x33,0x36,0x79,0xaa,0xaa,0xaa,0xaa,0xaa,0x9a,0xef,0xff,0xff,0xff,0xee,0xdc,0xcd,0xee,0xee,0xff,0xee,
  0xee,0xee,0xee,0xee,0xee,0xee,0xee,0xee,0xee,0xee,0xee,0xee,0xed,0xed,0xed,0xdd,0xde,0xfc,0xb9,0x87,
  0x88,0xdc,0xbb,0xbb,0xba,0x88,0x84,0x30,0x03,0x33,0x33,0x33,0x33,0x33,0x33,0x33,0x33,0x33,0x33,0x33,
  0x33,0x33,0x33,0x33,0x33,0x33,0x33,0x33,0x33,0x33,0x33,0x33,0x33,0x33,0x33,0x33,0x33,0x33,0x33,0x33,
  0x33,0x33,0x33,0x33,0x33,0x33,0x33,0x33,0x33,0x33,0x33,0x33,0x33,0x33,0x33,0x33,0x33,0x36,0x79,0xaa,
  0xaa,0xaa,0xaa,0xa9,0x8b,0xff,0xff,0xff,0xff,0xff,0xdc,0xcc,0xde,0xee,0xee,0xee,0xee,0xee,0xee,0xee,
  0xee,0xee,0xee,0xee,0xee,0xee,0xee,0xee,0xed,0xde,0xdd,0xde,0xdd,0xfc,0xb9,0x88,0x87,0xcd,0xbb,0xbb,
  0xa8,0x88,0x82,0x30,0x03,0x33,0x33,0x33,0x33,0x33,0x33,0x33,0x33,0x33,0x33,0x33,0x33,0x33,0x33,0x33,
  0x33,0x33,0x33,0x33,0x33,0x33,0x33,0x33,0x33,0x33,0x33,0x33,0x33,0x33,0x33,0x33,0x33,0x33,0x33,0x33,
  0x33,0x33,0x33,0x33,0x33,0x33,0x33,0x33,0x33,0x33,0x33,0x33,0x33,0x34,0x79,0xaa,0xbb,0xba,0xaa,0xaa,
  0x8b,0xff,0xff,0xff,0xff,0xfe,0xdc,0xcc,0xcd,0xee,0xee,0xdd,0xde,0xff,0xee,0xee,0xee,0xee,0xee,0xee,
  0xee,0xee,0xee,0xee,0xee,0xdd,0xdd,0xdd,0xdd,0xfd,0xb9,0x98,0x88,0xbd,0xcb,0xba,0x88,0x88,0x70,0x30,
  0x03,0x33,0x33,0x33,0x33,0x33,0x33,0x33,0x33,0x33,0x33,0x33,0x33,0x33,0x33,0x33,0x33,0x33,0x33,0x33,
  0x33,0x33,0x33,0x33,0x33,0x33,0x33,0x33,0x33,0x33,0x33,0x33,0x33,0x33,0x33,0x33,0x33,0x33,0x33,0x33,
  0x33,0x33,0x33,0x33,0x33,0x33,0x33,0x33,0x33,0x34,0x79,0xaa,0xbb,0xba,0xaa,0xa9,0x8b,0xff,0xff,0xff,
  0xff,0xfe,0xed,0xcc,0xcc,0xdd,0xdd,0xcc,0xcd,0xef,0xee,0xee,0xee,0xee,0xee,0xee,0xee,0xee,0xee,0xee,
  0xee,0xee,0xdd,0xdd,0xdd,0xed,0xba,0x98,0x88,0xbc,0xdc,0xa8,0x88,0x88,0x70,0x30,0x03,0x33,0x33,0x33,
  0x33,0x33,0x33,0x33,0x33,0x33,0x33,0x33,0x33,0x33,0x33,0x33,0x33,0x33,0x33,0x33,0x33,0x33,0x33,0x33,
  0x33,0x33,0x33,0x33,0x33,0x33,0x33,0x33,0x33,0x33,0x33,0x33,0x33,0x33,0x33,0x33,0x33,0x33,0x33,0x33,
  0x33,0x33,0x33,0x33,0x33,0x32,0x69,0xaa,0xab,0xbb,0xba,0xa9,0x8b,0xff,0xff,0xff,0xff,0xff,0xee,0xcc,
  0xcc,0xcc,0xcc,0xcc,0xcd,0xef,0xef,0xee,0xee,0xee,0xee,0xee,0xee,0xee,0xee,0xee,0xee,0xee,0xee,0xdd,
  0xdd,0xee,0xb9,0x98,0x89,0x9c,0xcc,0xa7,0x88,0x88,0x70,0x30,0x03,0x33,0x33,0x33,0x33,0x33,0x33,0x33,
  0x33,0x33,0x33,0x33,0x33,0x33,0x33,0x33,0x33,0x33,0x33,0x33,0x33,0x33,0x33,0x33,0x33,0x33,0x33,0x33,
  0x33,0x33,0x33,0x33,0x33,0x33,0x33,0x33,0x33,0x33,0x33,0x33,0x33,0x33,0x33,0x33,0x33,0x33,0x33,0x33,
  0x33,0x34,0x68,0xaa,0xbb,0xbb,0xaa,0xaa,0x8a,0xff,0xff,0xff,0xff,0xff,0xee,0xed,0xcc,0xcc,0xcc,0xcc,
  0xde,0xef,0xff,0xee,0xee,0xee,0xee,0xee,0xee,0xee,0xee,0xee,0xee,0xee,0xee,0xee,0xed,0xee,0xca,0x98,
  0x89,0x7c,0xdc,0x98,0x88,0x88,0x63,0x30,0x03,0x33,0x33,0x33,0x33,0x33,0x33,0x33,0x33,0x33,0x33,0x33,
  0x33,0x33,0x33,0x33,0x33,0x33,0x33,0x33,0x33,0x33,0x33,0x33,0x33,0x33,0x33,0x33,0x33,0x33,0x33,0x33,
  0x33,0x33,0x33,0x33,0x33,0x33,0x33,0x33,0x33,0x33,0x33,0x33,0x33,0x33,0x33,0x33,0x33,0x34,0x28,0xaa,
  0xbb,0xbb,0xba,0xaa,0x89,0xef,0xff,0xff,0xff,0xff,0xff,0xee,0xdd,0xcc,0xcc,0xde,0xee,0xff,0xff,0xfe,
  0xee,0xee,0xee,0xee,0xee,0xee,0xee,0xee,0xee,0xee,0xee,0xee,0xed,0xef,0xca,0x98,0x89,0x99,0xcb,0x88,
  0x88,0x88,0x43,0x30,0x03,0x33,0x33,0x33,0x33,0x33,0x33,0x33,0x33,0x33,0x33,0x33,0x33,0x33,0x33,0x33,
  0x33,0x33,0x33,0x33,0x33,0x33,0x33,0x33,0x33,0x33,0x33,0x33,0x33,0x33,0x33,0x33,0x33,0x33,0x33,0x33,
  0x33,0x33,0x33,0x33,0x33,0x33,0x33,0x33,0x33,0x33,0x33,0x33,0x33,0x33,0x07,0xaa,0xbb,0xbb,0xba,0xaa,
  0x98,0xdf,0xff,0xff,0xff,0xff,0xff,0xfe,0xee,0xed,0xee,0xee,0xef,0xff,0xff,0xff,0xfe,0xee,0xee,0xee,
  0xee,0xee,0xee,0xee,0xee,0xee,0xee,0xee,0xed,0xef,0xca,0x98,0x89,0x99,0x88,0x98,0x88,0x87,0x01,0x30,
  0x03,0x33,0x33,0x33,0x33,0x33,0x33,0x33,0x33,0x33,0x33,0x33,0x33,0x33,0x33,0x33,0x33,0x33,0x33,0x33,
  0x33,0x33,0x33,0x33,0x33,0x33,0x33,0x33,0x33,0x33,0x33,0x33,0x33,0x33,0x33,0x33,0x33,0x33,0x33,0x33,
  0x33,0x33,0x33,0x33,0x33,0x33,0x33,0x33,0x33,0x33,0x53,0x9a,0xab,0xbb,0xba,0xaa,0x97,0xcf,0xff,0xff,
  0xff,0xff,0xff,0xff,0xee,0xee,0xee,0xee,0xff,0xff,0xff,0xff,0xff,0xee,0xee,0xdd,0xee,0xee,0xee,0xee,
  0xee,0xee,0xee,0xee,0xed,0xef,0xca,0x98,0x89,0x99,0x99,0x98,0x88,0x84,0x21,0x30,0x03,0x33,0x33,0x33,
  0x33,0x33,0x33,0x33,0x33,0x33,0x33,0x33,0x33,0x33,0x33,0x33,0x33,0x33,0x33,0x33,0x33,0x33,0x33,0x33,
  0x33,0x33,0x33,0x33,0x33,0x33,0x33,0x33,0x33,0x33,0x33,0x33,0x33,0x33,0x33,0x33,0x33,0x33,0x33,0x33,
  0x33,0x33,0x33,0x33,0x33,0x33,0x50,0x8a,0xbb,0xbb,0xbb,0xaa,0x97,0xbf,0xff,0xff,0xff,0xff,0xff,0xff,
  0xff,0xff,0xff,0xef,0xff,0xff,0xff,0xff,0xff,0xff,0xed,0xcc,0xde,0xee,0xee,0xee,0xee,0xee,0xee,0xee,
  0xee,0xef,0xca,0x99,0x89,0x99,0x99,0x98,0x88,0x72,0x31,0x30,0x03,0x33,0x33,0x33,0x33,0x33,0x33,0x33,
  0x33,0x33,0x33,0x33,0x33,0x33,0x33,0x33,0x33,0x33,0x33,0x33,0x33,0x33,0x33,0x33,0x33,0x33,0x33,0x33,
  0x33,0x33,0x33,0x33,0x33,0x33,0x33,0x33,0x33,0x33,0x33,0x33,0x33,0x33,0x33,0x33,0x33,0x33,0x33,0x33,
  0x33,0x33,0x53,0x4a,0xab,0xbb,0xbb,0xaa,0x98,0x8d,0xff,0xff,0xff,0xff,0xff,0xff,0xff,0xff,0xff,0xff,
  0xff,0xff,0xff,0xff,0xff,0xfe,0xed,0xcc,0xde,0xee,0xee,0xee,0xee,0xee,0xee,0xee,0xee,0xef,0xca,0x99,
  0x99,0x99,0x99,0x98,0x88,0x42,0x33,0x33,0x13,0x33,0x33,0x33,0x33,0x33,0x33,0x33,0x33,0x33,0x33,0x33,
  0x33,0x33,0x33,0x33,0x33,0x33,0x33,0x33,0x33,0x33,0x33,0x33,0x33,0x33,0x33,0x33,0x33,0x33,0x33,0x33,
  0x33,0x33,0x33,0x33,0x33,0x33,0x33,0x33,0x33,0x33,0x33,0x33,0x33,0x33,0x33,0x33,0x33,0x33,0x55,0x08,
  0xab,0xbb,0xbb,0xaa,0x99,0x7c,0xff,0xff,0xff,0xff,0xff,0xff,0xff,0xff,0xff,0xfe,0xdd,0xee,0xff,0xff,
  0xff,0xfe,0xed,0xcc,0xcd,0xee,0xee,0xee,0xee,0xee,0xee,0xee,0xee,0xff,0xba,0x99,0x99,0x99,0x99,0x98,
  0x87,0x03,0x33,0x33,0x33,0x33,0x33,0x33,0x33,0x33,0x33,0x33,0x33,0x33,0x33,0x33,0x33,0x33,0x33,0x33,
  0x33,0x33,0x33,0x33,0x33,0x33,0x33,0x33,0x33,0x33,0x33,0x33,0x33,0x33,0x33,0x33,0x33,0x33,0x33,0x33,
  0x33,0x33,0x33,0x33,0x33,0x33,0x33,0x33,0x33,0x33,0x33,0x33,0x33,0x53,0x00,0x37,0xab,0xbb,0xbb,0xba,
  0xa9,0x89,0xef,0xff,0xff,0xff,0xff,0xff,0xff,0xff,0xff,0xfe,0xcc,0xde,0xee,0xff,0xff,0xfe,0xed,0xcc,
  0xcd,0xde,0xee,0xee,0xdd,0xee,0xee,0xee,0xee,0xfe,0xba,0x98,0x99,0x99,0x99,0x98,0x86,0x33,0x33,0x33,
  0x33,0x33,0x33,0x33,0x33,0x33,0x33,0x33,0x33,0x33,0x33,0x33,0x33,0x33,0x33,0x33,0x33,0x33,0x33,0x33,
  0x33,0x33,0x33,0x33,0x33,0x33,0x33,0x33,0x33,0x33,0x33,0x33,0x33,0x33,0x33,0x33,0x33,0x33,0x33,0x33,
  0x33,0x33,0x33,0x33,0x33,0x33,0x33,0x33,0x33,0x04,0x78,0x9a,0xbb,0xbb,0xbb,0xba,0xaa,0x97,0xcf,0xff,
  0xff,0xff,0xff,0xff,0xff,0xff,0xff,0xfe,0xcc,0xcd,0xee,0xde,0xff,0xff,0xee,0xcc,0xcc,0xdd,0xdd,0xdd,
  0xcc,0xde,0xee,0xee,0xee,0xfd,0xa9,0x99,0x99,0x99,0x99,0x98,0x64,0x33,0x33,0x33,0x33,0x33,0x33,0x33,
  0x33,0x33,0x33,0x33,0x33,0x33,0x33,0x33,0x33,0x33,0x33,0x33,0x33,0x33,0x33,0x33,0x33,0x33,0x33,0x33,
  0x33,0x33,0x33,0x33,0x33,0x33,0x33,0x33,0x33,0x33,0x33,0x33,0x33,0x33,0x33,0x33,0x33,0x33,0x33,0x33,
  0x33,0x33,0x33,0x44,0x22,0x78,0x9a,0xaa,0xbc,0xbb,0xbb,0xbb,0xaa,0xa8,0x9e,0xff,0xff,0xff,0xff,0xff,
  0xff,0xff,0xff,0xfe,0xdc,0xcc,0xcc,0xcd,0xff,0xff,0xfe,0xdc,0xcc,0xcc,0xcd,0xcc,0xcc,0xce,0xee,0xee,
  0xee,0xfd,0xaa,0x99,0x99,0x99,0x99,0x96,0x04,0x33,0x33,0x44,0x43,0x33,0x33,0x33,0x33,0x33,0x33,0x33,
  0x33,0x33,0x33,0x33,0x33,0x33,0x33,0x33,0x33,0x33,0x33,0x33,0x33,0x33,0x33,0x33,0x33,0x33,0x33,0x33,
  0x33,0x33,0x33,0x33,0x33,0x33,0x33,0x33,0x33,0x33,0x33,0x33,0x33,0x33,0x33,0x33,0x33,0x33,0x33,0x40,
  0x67,0x89,0xaa,0xbc,0xdd,0xbb,0xbb,0xbb,0xaa,0xa9,0x7b,0xff,0xff,0xff,0xff,0xff,0xff,0xff,0xff,0xff,
  0xed,0xcc,0xcc,0xcd,0xff,0xff,0xfe,0xed,0xcc,0xcc,0xcc,0xcc,0xcc,0xde,0xee,0xee,0xee,0xfc,0x99,0x99,
  0x99,0x99,0x99,0x80,0x44,0x33,0x33,0x44,0x43,0x33,0x33,0x33,0x33,0x33,0x33,0x33,0x33,0x33,0x33,0x33,
  0x33,0x33,0x33,0x33,0x33,0x33,0x33,0x33,0x33,0x33,0x33,0x33,0x33,0x33,0x33,0x33,0x33,0x33,0x33,0x33,
  0x33,0x33,0x33,0x33,0x33,0x33,0x33,0x33,0x33,0x33,0x33,0x33,0x33,0x33,0x33,0x47,0x88,0x89,0xab,0xcd,
  0xdd,0xcb,0xbb,0xbb,0xba,0xaa,0x97,0xcf,0xff,0xff,0xff,0xff,0xff,0xff,0xff,0xff,0xfe,0xdd,0xdd,0xde,
  0xff,0xff,0xff,0xee,0xdc,0xcc,0xcc,0xcc,0xcd,0xee,0xee,0xee,0xef,0xeb,0xa9,0x99,0x99,0x99,0x99,0x70,
  0x44,0x33,0x33,0x44,0x43,0x33,0x33,0x33,0x33,0x33,0x33,0x33,0x33,0x33,0x33,0x33,0x33,0x33,0x33,0x33,
  0x33,0x33,0x33,0x33,0x33,0x33,0x33,0x33,0x33,0x33,0x33,0x33,0x33,0x33,0x33,0x33,0x33,0x33,0x33,0x33,
  0x33,0x33,0x33,0x33,0x33,0x33,0x33,0x33,0x33,0x33,0x30,0x68,0x88,0x99,0xbc,0xdd,0xdd,0xec,0xbb,0xbb,
  0xbb,0xaa,0xa8,0x7d,0xff,0xff,0xff,0xff,0xff,0xff,0xff,0xff,0xff,0xff,0xee,0xff,0xff,0xff,0xff,0xfe,
  0xee,0xdd,0xcc,0xdd,0xde,0xee,0xfe,0xee,0xef,0xda,0x99,0x99,0x99,0x99,0x98,0x63,0x33,0x33,0x33,0x33,
  0x33,0x33,0x33,0x33,0x33,0x33,0x33,0x33,0x33,0x33,0x33,0x33,0x33,0x33,0x33,0x33,0x33,0x33,0x33,0x33,
  0x33,0x33,0x33,0x33,0x33,0x33,0x33,0x33,0x33,0x33,0x33,0x33,0x33,0x33,0x33,0x33,0x33,0x33,0x33,0x33,
  0x33,0x33,0x33,0x33,0x33,0x33,0x07,0x78,0x88,0x9b,0xdd,0xdd,0xdd,0xee,0xcb,0xbb,0xbb,0xba,0xaa,0x88,
  0xdf,0xff,0xff,0xff,0xff,0xff,0xff,0xff,0xff,0xff,0xff,0xff,0xff,0xff,0xff,0xff,0xfe,0xee,0xee,0xee,
  0xee,0xef,0xef,0xee,0xff,0xc9,0x99,0x99,0xa9,0xa9,0x87,0x23,0x33,0x33,0x33,0x33,0x33,0x33,0x33,0x33,
  0x33,0x33,0x33,0x33,0x33,0x33,0x33,0x33,0x33,0x33,0x33,0x33,0x33,0x33,0x33,0x33,0x33,0x33,0x33,0x33,
  0x33,0x33,0x33,0x33,0x33,0x33,0x33,0x33,0x33,0x33,0x33,0x33,0x33,0x33,0x33,0x33,0x33,0x33,0x33,0x33,
  0x33,0x30,0x67,0x78,0x88,0xbc,0xdd,0xdd,0xee,0xee,0xec,0xbb,0xbb,0xbb,0xaa,0x98,0x8d,0xff,0xff,0xff,
  0xff,0xff,0xff,0xff,0xff,0xff,0xff,0xff,0xff,0xff,0xff,0xff,0xff,0xee,0xee,0xee,0xef,0xff,0xff,0xfe,
  0xfd,0xa9,0x99,0x9a,0xaa,0x98,0x87,0x03,0x33,0x33,0x33,0x33,0x33,0x33,0x33,0x33,0x33,0x33,0x33,0x33,
  0x33,0x33,0x33,0x33,0x33,0x33,0x33,0x33,0x33,0x33,0x33,0x33,0x33,0x33,0x33,0x33,0x33,0x33,0x33,0x33,
  0x33,0x33,0x33,0x33,0x33,0x33,0x33,0x33,0x33,0x33,0x33,0x33,0x33,0x33,0x33,0x33,0x33,0x06,0x76,0x78,
  0x89,0xcd,0xcc,0xdd,0xde,0xee,0xfe,0xcb,0xbb,0xbb,0xba,0xa9,0x88,0xdf,0xff,0xff,0xff,0xff,0xff,0xff,
  0xff,0xff,0xff,0xff,0xff,0xff,0xff,0xff,0xff,0xff,0xff,0xff,0xff,0xff,0xff,0xef,0xfc,0x99,0x99,0xaa,
  0xa9,0x88,0x86,0x05,0x44,0x33,0x33,0x33,0x33,0x33,0x33,0x33,0x33,0x33,0x33,0x33,0x33,0x33,0x33,0x33,
  0x33,0x33,0x33,0x33,0x33,0x33,0x33,0x33,0x33,0x33,0x33,0x33,0x33,0x33,0x33,0x33,0x33,0x33,0x33,0x33,
  0x33,0x33,0x33,0x33,0x33,0x33,0x33,0x33,0x33,0x33,0x33,0x33,0x30,0x57,0x67,0x78,0x8c,0xdc,0xcd,0xdd,
  0xee,0xee,0xff,0xfc,0xab,0xbb,0xbb,0xaa,0xa8,0x7c,0xff,0xff,0xff,0xff,0xff,0xff,0xff,0xff,0xff,0xff,
  0xff,0xff,0xff,0xff,0xff,0xff,0xff,0xff,0xff,0xff,0xff,0xef,0xda,0x99,0x99,0xaa,0x98,0x88,0x84,0x53,
  0x44,0x33,0x33,0x33,0x33,0x33,0x33,0x33,0x33,0x33,0x33,0x33,0x33,0x33,0x33,0x33,0x33,0x33,0x33,0x33,
  0x33,0x33,0x33,0x33,0x33,0x33,0x33,0x33,0x33,0x33,0x33,0x33,0x33,0x33,0x33,0x33,0x33,0x33,0x33,0x33,
  0x33,0x33,0x33,0x33,0x33,0x33,0x33,0x33,0x31,0x76,0x77,0x77,0xad,0xdc,0xdd,0xde,0xee,0xef,0xfd,0xcd,
  0xca,0xbb,0xbb,0xba,0xa9,0x87,0xcf,0xff,0xff,0xff,0xff,0xff,0xff,0xff,0xff,0xff,0xff,0xff,0xff,0xff,
  0xff,0xff,0xff,0xff,0xff,0xff,0xff,0xfe,0xb9,0x99,0x9a,0xa9,0x88,0x98,0x70,0x53,0x44,0x33,0x33,0x33,
  0x33,0x33,0x33,0x33,0x33,0x33,0x33,0x33,0x33,0x33,0x33,0x33,0x33,0x33,0x33,0x33,0x33,0x33,0x33,0x33,
  0x33,0x33,0x33,0x33,0x33,0x33,0x33,0x33,0x33,0x33,0x33,0x33,0x33,0x33,0x33,0x33,0x33,0x33,0x33,0x33,
  0x33,0x33,0x33,0x35,0x06,0x76,0x77,0x77,0xcd,0xcc,0xdd,0xde,0xee,0xfd,0xcb,0xbd,0xdc,0xab,0xbb,0xbb,
  0xaa,0xa9,0x7a,0xdf,0xff,0xff,0xff,0xff,0xff,0xff,0xff,0xff,0xff,0xff,0xff,0xff,0xff,0xff,0xff,0xff,
  0xff,0xff,0xff,0xfc,0x99,0x99,0xa9,0x88,0x89,0x98,0x62,0x33,0x33,0x33,0x33,0x33,0x33,0x33,0x33,0x33,
  0x33,0x33,0x33,0x33,0x33,0x33,0x33,0x33,0x33,0x33,0x33,0x33,0x33,0x33,0x33,0x33,0x33,0x33,0x33,0x33,
  0x33,0x33,0x33,0x33,0x33,0x33,0x33,0x33,0x33,0x33,0x33,0x33,0x33,0x33,0x33,0x33,0x33,0x33,0x33,0x35,
  0x57,0x67,0x77,0x78,0xcc,0xcc,0xdd,0xde,0xee,0xcc,0xbb,0xcc,0xde,0xdb,0xab,0xcb,0xba,0xaa,0xa8,0x8c,
  0xff,0xff,0xff,0xff,0xff,0xff,0xff,0xff,0xff,0xff,0xff,0xff,0xff,0xff,0xff,0xff,0xff,0xff,0xff,0xc9,
  0x99,0x99,0x98,0x88,0x88,0x88,0x23,0x23,0x33,0x33,0x33,0x33,0x33,0x33,0x33,0x33,0x33,0x33,0x33,0x33,
  0x33,0x33,0x33,0x33,0x33,0x33,0x33,0x33,0x33,0x33,0x33,0x33,0x33,0x33,0x33,0x33,0x33,0x33,0x33,0x33,
  0x33,0x33,0x33,0x33,0x33,0x33,0x33,0x33,0x33,0x33,0x33,0x33,0x33,0x33,0x33,0x35,0x67,0x67,0x77,0x6a,
  0xcc,0xcc,0xdd,0xde,0xfc,0xcd,0xcb,0xbc,0xcc,0xdf,0xdb,0xbb,0xcb,0xba,0xaa,0x97,0x9c,0xff,0xff,0xff,
  0xff,0xff,0xff,0xff,0xff,0xff,0xff,0xff,0xff,0xff,0xff,0xff,0xff,0xff,0xfc,0x99,0x99,0x88,0x88,0x88,
  0x88,0x98,0x41,0x23,0x33,0x33,0x33,0x33,0x33,0x33,0x33,0x33,0x33,0x33,0x33,0x33,0x33,0x33,0x33,0x33,
  0x33,0x33,0x33,0x33,0x33,0x33,0x33,0x33,0x33,0x33,0x33,0x33,0x33,0x33,0x33,0x33,0x33,0x33,0x33,0x33,
  0x33,0x33,0x33,0x33,0x33,0x33,0x33,0x33,0x33,0x33,0x33,0x30,0x66,0x77,0x77,0x6c,0xcb,0xcc,0xdd,0xdf,
  0xdc,0xdd,0xba,0xaa,0xbc,0xde,0xfe,0xcb,0xbc,0xcb,0xba,0xaa,0x87,0xad,0xff,0xff,0xff,0xff,0xff,0xff,
  0xff,0xff,0xff,0xff,0xff,0xff,0xff,0xff,0xff,0xff,0xc9,0x99,0x88,0x89,0x99,0x89,0x89,0x97,0x73,0x23,
  0x33,0x33,0x33,0x33,0x33,0x33,0x33,0x33,0x33,0x33,0x33,0x33,0x33,0x33,0x33,0x33,0x33,0x33,0x33,0x33,
  0x33,0x33,0x33,0x33,0x33,0x33,0x33,0x33,0x33,0x33,0x33,0x33,0x33,0x33,0x33,0x33,0x33,0x33,0x33,0x33,
  0x33,0x33,0x33,0x33,0x33,0x33,0x33,0x14,0x76,0x77,0x77,0x7c,0xcb,0xcc,0xdd,0xde,0xcc,0xdc,0x9a,0x99,
  0x9a,0xcd,0xef,0xfd,0xcb,0xbb,0xcb,0xba,0xa9,0x87,0xad,0xff,0xff,0xff,0xff,0xff,0xff,0xff,0xff,0xff,
  0xff,0xff,0xff,0xff,0xff,0xec,0x88,0x88,0x89,0x99,0x99,0x99,0x99,0x98,0x77,0x53,0x33,0x33,0x33,0x33,
  0x33,0x33,0x33,0x33,0x33,0x33,0x33,0x33,0x33,0x33,0x33,0x33,0x33,0x33,0x33,0x33,0x33,0x33,0x33,0x33,
  0x33,0x33,0x33,0x33,0x33,0x33,0x33,0x33,0x33,0x33,0x33,0x33,0x33,0x33,0x33,0x33,0x33,0x33,0x33,0x33,
  0x33,0x33,0x33,0x26,0x76,0x77,0x76,0x8c,0xcb,0xcc,0xdd,0xed,0xcd,0xeb,0xa9,0x99,0x99,0xac,0xdf,0xff,
  0xfd,0xcb,0xbb,0xcb,0xaa,0xaa,0x87,0x9c,0xdf,0xff,0xff,0xff,0xff,0xff,0xff,0xff,0xff,0xff,0xff,0xff,
  0xfd,0x97,0x88,0x88,0x99,0x9a,0xaa,0x99,0xa9,0x88,0x87,0x60,0x33,0x33,0x33,0x33,0x33,0x33,0x33,0x33,
  0x33,0x33,0x33,0x33,0x33,0x33,0x33,0x33,0x33,0x33,0x33,0x33,0x33,0x33,0x33,0x33,0x33,0x33,0x33,0x33,
  0x33,0x33,0x33,0x33,0x33,0x33,0x33,0x33,0x33,0x33,0x33,0x33,0x33,0x33,0x33,0x33,0x33,0x33,0x33,0x07,
  0x76,0x77,0x76,0x8c,0xcb,0xcc,0xdd,0xed,0xcd,0xdb,0xa9,0xcc,0xdd,0xdc,0xde,0xff,0xef,0xfe,0xcb,0xbb,
  0xbb,0xba,0xaa,0x97,0x8a,0xcd,0xff,0xff,0xff,0xff,0xff,0xff,0xff,0xff,0xff,0xed,0xa6,0x78,0x88,0x89,
  0xaa,0xaa,0xaa,0xa9,0xa9,0x88,0x87,0x75,0x33,0x33,0x33,0x33,0x33,0x33,0x33,0x33,0x33,0x33,0x33,0x33,
  0x33,0x33,0x33,0x33,0x33,0x33,0x33,0x33,0x33,0x33,0x33,0x33,0x33,0x33,0x33,0x33,0x33,0x33,0x33,0x33,
  0x33,0x33,0x33,0x33,0x33,0x33,0x33,0x33,0x33,0x33,0x33,0x33,0x33,0x35,0x55,0x48,0x76,0x77,0x76,0x9c,
  0xcb,0xcc,0xdd,0xed,0xcd,0xda,0xbc,0xdc,0xcb,0xbc,0xcd,0xff,0xdd,0xde,0xfe,0xdc,0xbb,0xbb,0xaa,0xaa,
  0x98,0x78,0xac,0xcd,0xef,0xff,0xff,0xff,0xff,0xfd,0xdc,0x84,0x68,0x88,0x88,0x9a,0xaa,0xaa,0xaa,0x9b,
  0xc8,0x88,0x87,0x66,0x33,0x33,0x33,0x33,0x33,0x33,0x33,0x33,0x33,0x33,0x33,0x33,0x33,0x33,0x33,0x33,
  0x33,0x33,0x33,0x33,0x33,0x33,0x33,0x33,0x33,0x33,0x33,0x33,0x33,0x33,0x33,0x33,0x33,0x33,0x33,0x33,
  0x33,0x33,0x33,0x33,0x33,0x33,0x33,0x33,0x33,0x35,0x50,0x69,0x66,0x77,0x76,0x9c,0xcb,0xcc,0xcd,0xed,
  0xcd,0xdb,0xcd,0xb9,0x88,0x88,0x9b,0xdf,0xfe,0xdc,0xcd,0xef,0xec,0xcb,0xbb,0xba,0x99,0x98,0x76,0x47,
  0x89,0xab,0xcc,0xcc,0xba,0x96,0x00,0x67,0x88,0x88,0x9a,0xaa,0xaa,0xaa,0xa9,0xad,0xd9,0x88,0x87,0x66,
  0x53,0x33,0x33,0x33,0x33,0x33,0x33,0x33,0x33,0x33,0x33,0x33,0x33,0x33,0x33,0x33,0x33,0x33,0x33,0x33,
  0x33,0x33,0x33,0x33,0x33,0x33,0x33,0x33,0x33,0x33,0x33,0x33,0x33,0x33,0x33,0x33,0x33,0x33,0x33,0x33,
  0x33,0x33,0x33,0x33,0x33,0x35,0x50,0x78,0x66,0x77,0x76,0x9c,0xcb,0xcc,0xcd,0xed,0xcd,0xdc,0xdb,0x89,
  0x99,0x99,0x99,0x9b,0xde,0xee,0xed,0xdd,0xdf,0xfd,0xcc,0xbb,0xbb,0xa9,0x98,0x88,0x77,0x40,0x00,0x00,
  0x04,0x67,0x88,0x88,0x89,0x9a,0xaa,0xaa,0xaa,0xaa,0x9b,0xcd,0xda,0x88,0x77,0x76,0x60,0x33,0x33,0x33,
  0x33,0x33,0x33,0x33,0x33,0x33,0x33,0x33,0x33,0x33,0x33,0x33,0x33,0x33,0x33,0x33,0x33,0x33,0x33,0x33,
  0x33,0x33,0x33,0x33,0x33,0x33,0x33,0x33,0x33,0x33,0x33,0x33,0x33,0x33,0x33,0x33,0x33,0x33,0x33,0x33,
  0x33,0x33,0x50,0x79,0x76,0x77,0x76,0x8c,0xcb,0xcc,0xcd,0xed,0xcd,0xdd,0xc9,0x99,0x99,0x99,0x99,0x98,
  0x7a,0xcc,0xc9,0x88,0x9b,0xce,0xfe,0xdc,0xcb,0xbb,0xba,0xa9,0x99,0x89,0x89,0x98,0x88,0x99,0x88,0x99,
  0xaa,0xaa,0xaa,0xaa,0xaa,0xa9,0xbd,0xcc,0xdb,0x78,0x77,0x76,0x72,0x33,0x33,0x33,0x33,0x33,0x33,0x33,
  0x33,0x33,0x33,0x33,0x33,0x33,0x33,0x33,0x33,0x33,0x33,0x33,0x33,0x33,0x33,0x33,0x33,0x33,0x33,0x33,
  0x33,0x33,0x33,0x33,0x33,0x33,0x33,0x33,0x33,0x33,0x33,0x33,0x33,0x33,0x33,0x33,0x33,0x33,0x32,0x89,
  0x76,0x67,0x76,0x7c,0xcb,0xbc,0xcd,0xed,0xcd,0xed,0xba,0xa9,0x99,0x99,0x99,0x98,0xcc,0x90,0x04,0x66,
  0x60,0x07,0xcf,0xff,0xfd,0xcc,0xcc,0xcb,0xbb,0xaa,0xa9,0x99,0x99,0x99,0xaa,0xaa,0xaa,0xaa,0xaa,0xaa,
  0xaa,0xac,0xdd,0xcc,0xdc,0x77,0x77,0x76,0x74,0x33,0x33,0x33,0x33,0x33,0x33,0x33,0x33,0x33,0x33,0x33,
  0x33,0x33,0x33,0x33,0x33,0x33,0x33,0x33,0x33,0x33,0x33,0x33,0x33,0x33,0x33,0x33,0x33,0x33,0x33,0x33,
  0x33,0x33,0x33,0x33,0x33,0x33,0x33,0x33,0x33,0x33,0x33,0x33,0x33,0x33,0x06,0x89,0x70,0x67,0x66,0x6c,
  0xcb,0xbc,0xcd,0xdf,0xdd,0xed,0xab,0xaa,0xa9,0x99,0x99,0x8c,0xda,0x27,0x77,0x77,0x66,0x66,0x0a,0xde,
  0xef,0xfe,0xdc,0xbb,0xbb,0xcc,0xbb,0xbb,0xbb,0xbb,0xba,0xaa,0xaa,0xaa,0xaa,0xaa,0xab,0xde,0xdc,0xcc,
  0xdc,0x76,0x77,0x76,0x76,0x03,0x33,0x33,0x33,0x33,0x33,0x33,0x33,0x33,0x33,0x33,0x33,0x33,0x33,0x33,
  0x33,0x33,0x33,0x33,0x33,0x33,0x33,0x33,0x33,0x33,0x33,0x33,0x33,0x33,0x33,0x33,0x33,0x33,0x33,0x33,
  0x33,0x33,0x33,0x33,0x33,0x33,0x33,0x33,0x33,0x33,0x06,0x99,0x84,0x67,0x67,0x4c,0xcb,0xbc,0xcd,0xdf,
  0xec,0xdd,0xbb,0xba,0xaa,0x99,0x99,0xcd,0xa6,0x77,0x77,0x76,0x43,0x44,0x60,0xae,0xfd,0xc9,0x74,0x46,
  0x67,0x8a,0xcc,0xbb,0xbb,0xbb,0xbb,0xbb,0xbb,0xbb,0xbb,0xbb,0xce,0xed,0xcc,0xcc,0xcc,0x76,0x77,0x76,
  0x77,0x03,0x33,0x33,0x33,0x33,0x33,0x33,0x33,0x33,0x33,0x33,0x33,0x33,0x33,0x33,0x33,0x33,0x33,0x33,
  0x33,0x33,0x33,0x33,0x33,0x33,0x33,0x33,0x33,0x33,0x33,0x33,0x33,0x33,0x33,0x33,0x33,0x33,0x33,0x33,
  0x33,0x33,0x33,0x33,0x33,0x33,0x07,0x99,0x84,0x67,0x66,0x4a,0xcb,0xbc,0xcd,0xde,0xfd,0xdc,0xbb,0xbb,
  0xba,0xaa,0x9a,0xcc,0x88,0x87,0x77,0x76,0x21,0x52,0x47,0x0a,0xc8,0x77,0x77,0x77,0x76,0x60,0x7c,0xed,
  0xcc,0xcc,0xcb,0xbb,0xbb,0xbb,0xcc,0xdf,0xfe,0xdd,0xcc,0xcb,0xcc,0x77,0x77,0x76,0x77,0x03,0x33,0x33,
  0x33,0x33,0x33,0x33,0x33,0x33,0x33,0x33,0x33,0x33,0x33,0x33,0x33,0x33,0x33,0x33,0x33,0x33,0x33,0x33,
  0x33,0x33,0x33,0x33,0x33,0x33,0x33,0x33,0x33,0x33,0x33,0x33,0x33,0x33,0x33,0x33,0x33,0x33,0x33,0x33,
  0x33,0x35,0x07,0x99,0x86,0x66,0x66,0x67,0xcc,0xbc,0xcd,0xde,0xfe,0xcb,0xcb,0xbb,0xbb,0xba,0xac,0xdc,
  0x78,0x88,0x77,0x77,0x66,0x22,0x46,0x77,0x99,0x87,0x77,0x76,0x04,0x46,0x60,0xcd,0xcc,0xdd,0xdd,0xdd,
  0xdd,0xde,0xff,0xfe,0xdd,0xdc,0xcc,0xcb,0xcc,0x76,0x77,0x76,0x67,0x03,0x33,0x33,0x33,0x33,0x33,0x33,
  0x33,0x33,0x33,0x33,0x33,0x33,0x33,0x33,0x33,0x33,0x33,0x33,0x33,0x33,0x33,0x33,0x33,0x33,0x33,0x33,
  0x33,0x33,0x33,0x33,0x33,0x33,0x33,0x33,0x33,0x33,0x33,0x33,0x33,0x33,0x33,0x33,0x33,0x35,0x08,0x99,
  0x97,0x26,0x66,0x74,0xcc,0xbc,0xcd,0xde,0xfc,0xab,0xcc,0xbb,0xbb,0xbb,0xac,0xdb,0x88,0x88,0x88,0x77,
  0x77,0x64,0x47,0x76,0x9a,0x88,0x77,0x74,0x05,0x54,0x76,0x4c,0xc8,0x99,0xab,0xbc,0xcd,0xff,0xff,0xed,
  0xdd,0xcc,0xcc,0xcb,0xcc,0x77,0x77,0x76,0x67,0x13,0x33,0x33,0x33,0x33,0x33,0x33,0x33,0x33,0x33,0x33,
  0x33,0x33,0x33,0x33,0x33,0x33,0x33,0x33,0x33,0x33,0x33,0x33,0x33,0x33,0x33,0x33,0x33,0x33,0x33,0x33,
  0x33,0x33,0x33,0x33,0x33,0x33,0x33,0x33,0x33,0x33,0x33,0x33,0x33,0x33,0x58,0x99,0x98,0x44,0x67,0x74,
  0xac,0xbc,0xcd,0xdf,0xc9,0xaa,0xbc,0xcc,0xcc,0xbb,0xbc,0xdb,0x89,0x88,0x88,0x88,0x77,0x77,0x77,0x77,
  0x9a,0x98,0x87,0x76,0x44,0x46,0x77,0x2a,0xdb,0x89,0x99,0x99,0xab,0xef,0xfe,0xed,0xdd,0xcc,0xcc,0xbb,
  0xcc,0x67,0x77,0x76,0x77,0x41,0x33,0x33,0x33,0x33,0x33,0x33,0x33,0x33,0x33,0x33,0x33,0x33,0x33,0x33,
  0x33,0x33,0x33,0x33,0x33,0x33,0x33,0x33,0x33,0x33,0x33,0x33,0x33,0x33,0x33,0x33,0x33,0x33,0x33,0x33,
  0x33,0x33,0x33,0x33,0x33,0x33,0x33,0x33,0x33,0x33,0x48,0x99,0x99,0x76,0x77,0x77,0x6c,0xcb,0xcd,0xed,
  0xaa,0xaa,0xbc,0xcc,0xcc,0xcc,0xbd,0xdb,0x9a,0x99,0x98,0x88,0x88,0x88,0x78,0x87,0xbb,0xaa,0x98,0x88,
  0x76,0x66,0x77,0x68,0xcc,0x79,0x99,0x9a,0xaa,0xdf,0xee,0xdd,0xdc,0xcc,0xcc,0xbb,0xdc,0x47,0x77,0x74,
  0x77,0x61,0x33,0x33,0x33,0x33,0x33,0x33,0x33,0x33,0x33,0x33,0x33,0x33,0x33,0x33,0x33,0x33,0x33,0x33,
  0x33,0x33,0x33,0x33,0x33,0x33,0x33,0x33,0x33,0x33,0x33,0x33,0x33,0x33,0x33,0x33,0x33,0x33,0x33,0x33,
  0x33,0x33,0x33,0x33,0x33,0x33,0x48,0x99,0x99,0x84,0x66,0x77,0x2a,0xcb,0xcd,0xec,0x99,0x9a,0xcd,0xfe,
  0xcc,0xcc,0xcd,0xec,0x9a,0xaa,0xa9,0x99,0x88,0x88,0x88,0x99,0xbb,0x88,0x88,0x88,0x88,0x77,0x77,0x78,
  0xcc,0x99,0xaa,0xab,0xbb,0xdf,0xed,0xdd,0xdc,0xcc,0xcc,0xbb,0xdb,0x47,0x77,0x73,0x78,0x60,0x33,0x33,
  0x33,0x33,0x33,0x33,0x33,0x33,0x33,0x33,0x33,0x33,0x33,0x33,0x33,0x33,0x33,0x33,0x33,0x33,0x33,0x33,
  0x33,0x33,0x33,0x33,0x33,0x33,0x33,0x33,0x33,0x33,0x33,0x33,0x33,0x33,0x33,0x33,0x33,0x33,0x33,0x33,
  0x33,0x31,0x69,0x99,0x99,0x97,0x27,0x77,0x76,0xcc,0xcd,0xda,0x98,0xac,0xef,0xdd,0xdd,0xcc,0xcc,0xed,
  0x9a,0xaa,0xaa,0xaa,0x99,0x99,0x9a,0x98,0x76,0x66,0x67,0x77,0x78,0x98,0x88,0x89,0xdc,0xaa,0xbb,0xaa,
  0x99,0xcd,0xde,0xdd,0xdc,0xcc,0xcc,0xac,0xd9,0x67,0x77,0x66,0x88,0x60,0x33,0x33,0x33,0x33,0x33,0x33,
  0x33,0x33,0x33,0x33,0x33,0x33,0x33,0x33,0x33,0x33,0x33,0x33,0x33,0x33,0x33,0x33,0x33,0x33,0x33,0x33,
  0x33,0x33,0x33,0x33,0x33,0x33,0x33,0x33,0x33,0x33,0x33,0x33,0x33,0x33,0x33,0x33,0x33,0x30,0x69,0x99,
  0x99,0x98,0x06,0x77,0x74,0x9c,0xcd,0xca,0x99,0xce,0xfc,0xcc,0xdd,0xdd,0xdc,0xde,0xc9,0xaa,0xaa,0xaa,
  0xaa,0xab,0xb8,0x76,0x77,0x77,0x76,0x66,0x67,0x89,0x99,0x8a,0xdc,0xbc,0xa8,0x76,0x66,0x00,0x9c,0xdd,
  0xcc,0xcc,0xcb,0xac,0xd7,0x77,0x77,0x56,0x87,0x60,0x33,0x33,0x33,0x33,0x33,0x33,0x33,0x33,0x33,0x33,
  0x33,0x33,0x33,0x33,0x33,0x33,0x33,0x33,0x33,0x33,0x33,0x33,0x33,0x33,0x33,0x33,0x33,0x33,0x33,0x33,
  0x33,0x33,0x33,0x33,0x33,0x33,0x33,0x33,0x33,0x33,0x33,0x33,0x33,0x30,0x69,0x99,0x99,0x98,0x70,0x77,
  0x77,0x4b,0xcd,0xca,0x9b,0xdf,0xcc,0xcc,0xcd,0xdd,0xee,0xee,0xec,0xaa,0xbb,0xbb,0xbb,0xcb,0x87,0x77,
  0x77,0x76,0x44,0x45,0x56,0x68,0xaa,0x9c,0xec,0xb8,0x66,0x77,0x76,0x66,0x40,0x9d,0xdc,0xcc,0xcb,0xbd,
  0xc4,0x77,0x77,0x17,0x88,0x70,0x33,0x33,0x33,0x33,0x33,0x33,0x33,0x33,0x33,0x33,0x33,0x33,0x33,0x33,
  0x33,0x33,0x33,0x33,0x33,0x33,0x33,0x33,0x33,0x33,0x33,0x33,0x33,0x33,0x33,0x33,0x33,0x33,0x33,0x33,
  0x33,0x33,0x33,0x33,0x33,0x33,0x33,0x33,0x33,0x30,0x68,0x99,0x99,0x99,0x86,0x67,0x77,0x76,0xcd,0xca,
  0xac,0xfd,0xcd,0xcd,0xdc,0xbb,0xcd,0xdd,0xdd,0xcc,0xbb,0xbc,0xcc,0xc7,0x87,0x77,0x77,0x64,0x40,0x44,
  0x66,0x76,0x9b,0xbe,0xda,0x77,0x77,0x77,0x60,0x55,0x56,0x09,0xdc,0xcc,0xcb,0xcd,0xa4,0x77,0x76,0x47,
  0x88,0x70,0x33,0x33,0x33,0x33,0x33,0x33,0x33,0x33,0x33,0x33,0x33,0x33,0x33,0x33,0x33,0x33,0x33,0x33,
  0x33,0x33,0x33,0x33,0x33,0x33,0x33,0x33,0x33,0x33,0x33,0x33,0x33,0x33,0x33,0x33,0x33,0x33,0x33,0x33,
  0x33,0x33,0x33,0x33,0x33,0x30,0x79,0x99,0x99,0x99,0x98,0x47,0x77,0x76,0x8d,0xca,0xbe,0xec,0xcc,0xdc,
  0x98,0x9a,0x9a,0xaa,0xbc,0xcd,0xdd,0xdd,0xdc,0x78,0x88,0x77,0x77,0x44,0x67,0x89,0x98,0x87,0x6c,0xee,
  0xb7,0x87,0x77,0x76,0x03,0x13,0x67,0x70,0xad,0xcc,0xcb,0xcd,0x77,0x77,0x76,0x78,0x88,0x70,0x33,0x33,
  0x33,0x33,0x33,0x33,0x33,0x33,0x33,0x33,0x33,0x33,0x33,0x33,0x33,0x33,0x33,0x33,0x33,0x33,0x33,0x33,
  0x33,0x33,0x33,0x33,0x33,0x33,0x33,0x33,0x33,0x33,0x33,0x33,0x33,0x33,0x33,0x33,0x33,0x33,0x33,0x33,
  0x33,0x30,0x79,0x99,0x99,0x99,0x99,0x76,0x77,0x77,0x49,0xcb,0xcf,0xdd,0xcd,0xb8,0x88,0x88,0x88,0x9a,
  0xab,0xce,0xee,0xee,0xd8,0x88,0x88,0x77,0x77,0x78,0x9a,0xaa,0xaa,0x99,0x4b,0xdb,0x88,0x87,0x77,0x76,
  0x04,0x78,0x88,0x88,0x6c,0xcc,0xcc,0xdc,0x47,0x77,0x74,0x78,0x88,0x70,0x33,0x33,0x33,0x33,0x33,0x33,
  0x33,0x33,0x33,0x33,0x33,0x33,0x33,0x33,0x33,0x33,0x33,0x33,0x33,0x33,0x33,0x33,0x33,0x33,0x33,0x33,
  0x33,0x33,0x33,0x33,0x33,0x33,0x33,0x33,0x33,0x33,0x33,0x33,0x33,0x33,0x33,0x33,0x33,0x30,0x79,0x99,
  0x99,0x99,0x99,0x97,0x67,0x77,0x74,0xab,0xdf,0xdd,0xdc,0x88,0x88,0x88,0x88,0x88,0x9c,0xdd,0xdc,0xcc,
  0xa8,0x98,0x88,0x88,0x77,0x9a,0xaa,0xaa,0x99,0xa9,0x89,0xc9,0x98,0x88,0x77,0x74,0x68,0x99,0x99,0x99,
  0x8b,0xdc,0xcc,0xd8,0x67,0x77,0x66,0x88,0x88,0x70,0x33,0x33,0x33,0x33,0x33,0x33,0x33,0x33,0x33,0x33,
  0x33,0x33,0x33,0x33,0x33,0x33,0x33,0x33,0x33,0x33,0x33,0x33,0x33,0x33,0x33,0x33,0x33,0x33,0x33,0x33,
  0x33,0x33,0x33,0x33,0x33,0x33,0x33,0x33,0x33,0x33,0x33,0x33,0x33,0x30,0x69,0x99,0x99,0x99,0x99,0x98,
  0x76,0x77,0x77,0x69,0xdf,0xde,0xd8,0x88,0x88,0x88,0x88,0x87,0x9d,0xdc,0xcc,0xcb,0x89,0x88,0x88,0x88,
  0x89,0xaa,0xa9,0xaa,0xa9,0xa9,0x98,0xaa,0x98,0x88,0x77,0x78,0x9a,0x9a,0xa9,0x9a,0x9a,0xcc,0xcd,0xc2,
  0x77,0x76,0x47,0x88,0x88,0x72,0x43,0x33,0x33,0x33,0x33,0x33,0x33,0x33,0x33,0x33,0x33,0x33,0x33,0x33,
  0x33,0x33,0x33,0x33,0x33,0x33,0x33,0x33,0x33,0x33,0x33,0x33,0x33,0x33,0x33,0x33,0x33,0x33,0x33,0x33,
  0x33,0x33,0x33,0x33,0x33,0x33,0x33,0x33,0x33,0x30,0x69,0x99,0xa9,0x99,0x99,0x99,0x87,0x67,0x77,0x70,
  0xcf,0xde,0xc8,0x88,0x88,0x88,0x88,0x88,0xbd,0xcc,0xcc,0xca,0x88,0x88,0x88,0x88,0x9a,0x99,0xaa,0x9a,
  0xaa,0xa9,0x98,0xaa,0x98,0x88,0x87,0x89,0xaa,0xaa,0xaa,0xaa,0x9a,0xcc,0xdd,0x77,0x77,0x74,0x68,0x88,
  0x88,0x72,0x43,0x33,0x33,0x33,0x33,0x33,0x33,0x33,0x33,0x33,0x33,0x33,0x33,0x33,0x33,0x33,0x33,0x33,
  0x33,0x33,0x33,0x33,0x33,0x33,0x33,0x33,0x33,0x33,0x33,0x33,0x33,0x33,0x33,0x33,0x33,0x33,0x33,0x33,
  0x33,0x33,0x33,0x33,0x33,0x31,0x49,0x9a,0xaa,0xa9,0x99,0x99,0x98,0x76,0x77,0x77,0x0b,0xed,0x9a,0x98,
  0x88,0x88,0x88,0x88,0xcd,0xcc,0xcc,0xc9,0x99,0x88,0x88,0x89,0xa9,0xaa,0xaa,0xa9,0xaa,0x9a,0xa9,0xaa,
  0xa9,0x88,0x88,0xaa,0xa9,0x9a,0xaa,0xaa,0x9a,0xdc,0xdb,0x47,0x77,0x64,0x78,0x88,0x88,0x70,0x43,0x33,
  0x33,0x33,0x33,0x33,0x33,0x33,0x33,0x33,0x33,0x33,0x33,0x33,0x33,0x33,0x33,0x33,0x33,0x33,0x33,0x33,
  0x33,0x33,0x33,0x33,0x33,0x33,0x33,0x33,0x33,0x33,0x33,0x33,0x33,0x33,0x33,0x33,0x33,0x33,0x33,0x33,
  0x33,0x33,0x69,0x9a,0x99,0xa9,0x99,0x99,0x98,0x87,0x47,0x77,0x70,0xac,0xaa,0xa9,0x98,0x88,0x88,0x89,
  0xdc,0xcc,0xcc,0xa9,0x99,0x98,0x88,0x9a,0xaa,0xaa,0xaa,0xaa,0xaa,0xaa,0xa9,0xba,0xa9,0x88,0x89,0xaa,
  0xaa,0x9a,0xaa,0xaa,0x9b,0xdd,0xc0,0x77,0x77,0x47,0x88,0x88,0x88,0x70,0x33,0x33,0x33,0x33,0x33,0x33,
  0x33,0x33,0x33,0x33,0x33,0x33,0x33,0x33,0x33,0x33,0x33,0x33,0x33,0x33,0x33,0x33,0x33,0x33,0x33,0x33,
  0x33,0x33,0x33,0x33,0x33,0x33,0x33,0x33,0x33,0x33,0x33,0x33,0x33,0x33,0x33,0x33,0x33,0x33,0x49,0xaa,
  0xa9,0x9a,0x99,0x99,0x98,0x88,0x76,0x67,0x77,0x47,0xbb,0xaa,0xa9,0x99,0x89,0x89,0xdd,0xcc,0xcc,0x9a,
  0xaa,0x99,0x89,0x9a,0xaa,0xaa,0xaa,0xaa,0xaa,0xaa,0xa9,0xbb,0xa9,0x88,0x9a,0xaa,0xaa,0xaa,0xaa,0xaa,
  0x9c,0xec,0x67,0x77,0x76,0x68,0x88,0x88,0x88,0x70,0x33,0x33,0x33,0x33,0x33,0x33,0x33,0x33,0x33,0x33,
  0x33,0x33,0x33,0x33,0x33,0x33,0x33,0x33,0x33,0x33,0x33,0x33,0x33,0x33,0x33,0x33,0x33,0x33,0x33,0x33,
  0x33,0x33,0x33,0x33,0x33,0x33,0x33,0x33,0x33,0x33,0x33,0x33,0x33,0x35,0x28,0xaa,0xaa,0xaa,0x99,0x99,
  0x99,0x99,0x98,0x66,0x77,0x77,0x6a,0xba,0xaa,0xaa,0xaa,0x9a,0xdd,0xcc,0xdc,0x9a,0x9a,0xa9,0x99,0xaa,
  0xaa,0xaa,0xaa,0xaa,0xaa,0xaa,0xaa,0xcb,0xaa,0x99,0xaa,0xaa,0xaa,0xaa,0xaa,0xaa,0x9d,0xd6,0x67,0x77,
  0x66,0x88,0x88,0x88,0x88,0x60,0x33,0x33,0x33,0x33,0x33,0x33,0x33,0x33,0x33,0x33,0x33,0x33,0x33,0x33,
  0x33,0x33,0x33,0x33,0x33,0x33,0x33,0x33,0x33,0x33,0x33,0x33,0x33,0x33,0x33,0x33,0x33,0x33,0x33,0x33,
  0x33,0x33,0x33,0x33,0x33,0x33,0x33,0x33,0x33,0x35,0x07,0x9a,0xaa,0xaa,0xa9,0x99,0x99,0x99,0x99,0x87,
  0x66,0x77,0x76,0x8b,0xba,0xaa,0xaa,0xaa,0xdd,0xcc,0xdc,0x9a,0xaa,0xa9,0x9a,0xaa,0xaa,0xaa,0xaa,0xaa,
  0xaa,0xaa,0x9b,0xcb,0xaa,0x9a,0xaa,0xaa,0xaa,0xaa,0xaa,0xaa,0xcc,0x66,0x77,0x76,0x68,0x88,0x88,0x88,
  0x88,0x60,0x33,0x33,0x33,0x33,0x33,0x33,0x33,0x33,0x33,0x33,0x33,0x33,0x33,0x33,0x33,0x33,0x33,0x33,
  0x33,0x33,0x33,0x33,0x33,0x33,0x33,0x33,0x33,0x33,0x33,0x33,0x33,0x33,0x33,0x33,0x33,0x33,0x33,0x33,
  0x33,0x33,0x33,0x33,0x33,0x33,0x07,0xaa,0xaa,0xaa,0xaa,0xa9,0x99,0x99,0x98,0x88,0x76,0x67,0x77,0x66,
  0x9b,0xba,0xaa,0xa9,0xdd,0xdd,0xdb,0x9a,0xaa,0xaa,0xaa,0xaa,0xaa,0xaa,0xaa,0xaa,0xaa,0xaa,0x9b,0xcb,
  0xaa,0xaa,0xaa,0xaa,0xaa,0xaa,0xaa,0xbc,0xa6,0x77,0x77,0x66,0x78,0x88,0x88,0x88,0x87,0x61,0x33,0x33,
  0x33,0x33,0x33,0x33,0x33,0x33,0x33,0x33,0x33,0x33,0x33,0x33,0x33,0x33,0x33,0x33,0x33,0x33,0x33,0x33,
  0x33,0x33,0x33,0x33,0x33,0x33,0x33,0x33,0x33,0x33,0x33,0x33,0x33,0x33,0x33,0x33,0x33,0x33,0x33,0x33,
  0x33,0x33,0x06,0x9a,0xaa,0xaa,0xaa,0xa9,0x99,0x99,0x99,0x98,0x98,0x76,0x67,0x77,0x67,0xab,0xbb,0xba,
  0xce,0xdd,0xdb,0xaa,0xaa,0xaa,0xaa,0xaa,0xaa,0xaa,0xaa,0xaa,0xaa,0xaa,0xac,0xcb,0xaa,0xaa,0xaa,0xaa,
  0xaa,0xab,0xbc,0xb8,0x67,0x77,0x74,0x67,0x88,0x88,0x88,0x88,0x88,0x23,0x33,0x33,0x33,0x33,0x33,0x33,
  0x33,0x33,0x33,0x33,0x33,0x33,0x33,0x33,0x33,0x33,0x33,0x33,0x33,0x33,0x33,0x33,0x33,0x33,0x33,0x33,
  0x33,0x33,0x33,0x33,0x33,0x33,0x33,0x33,0x33,0x33,0x33,0x33,0x33,0x33,0x33,0x33,0x33,0x33,0x34,0x9a,
  0xaa,0xaa,0xaa,0xaa,0x99,0x99,0x99,0x99,0x99,0x88,0x76,0x77,0x76,0x67,0xac,0xcc,0xce,0xed,0xdb,0xaa,
  0xaa,0xaa,0xaa,0xaa,0xaa,0xaa,0xaa,0xaa,0xaa,0xaa,0xbd,0xcb,0xaa,0xaa,0xaa,0xab,0xbb,0xcb,0xb8,0x66,
  0x77,0x76,0x67,0x88,0x88,0x88,0x88,0x88,0x88,0x43,0x33,0x33,0x33,0x33,0x33,0x33,0x33,0x33,0x33,0x33,
  0x33,0x33,0x33,0x33,0x33,0x33,0x33,0x33,0x33,0x33,0x33,0x33,0x33,0x33,0x33,0x33,0x33,0x33,0x33,0x33,
  0x33,0x33,0x33,0x33,0x33,0x33,0x33,0x33,0x33,0x33,0x33,0x33,0x33,0x35,0x50,0x8a,0xaa,0xaa,0xaa,0xaa,
  0xaa,0x99,0x99,0x99,0x99,0x99,0x97,0x66,0x77,0x76,0x67,0x9b,0xcd,0xff,0xec,0xaa,0xaa,0xaa,0xaa,0xaa,
  0xaa,0xaa,0xaa,0xaa,0xaa,0xaa,0xcd,0xcb,0xbb,0xbb,0xbb,0xbc,0xbb,0xa7,0x66,0x77,0x76,0x66,0x78,0x88,
  0x88,0x88,0x88,0x88,0x97,0x03,0x33,0x33,0x33,0x33,0x33,0x33,0x33,0x33,0x33,0x33,0x33,0x33,0x33,0x33,
  0x33,0x33,0x33,0x33,0x33,0x33,0x33,0x33,0x33,0x33,0x33,0x33,0x33,0x33,0x33,0x33,0x33,0x33,0x33,0x33,
  0x33,0x33,0x33,0x33,0x33,0x33,0x33,0x33,0x33,0x35,0x50,0x7a,0xaa,0xaa,0xaa,0xaa,0xaa,0xa9,0x99,0x99,
  0x99,0x9a,0x99,0x88,0x76,0x77,0x77,0x66,0x8a,0xcd,0xfc,0xbc,0xbb,0xaa,0xaa,0xaa,0xab,0xaa,0xbb,0xbb,
  0xbb,0xbc,0xdd,0xcc,0xcc,0xcb,0xbb,0xa8,0x76,0x67,0x77,0x76,0x66,0x78,0x88,0x88,0x88,0x88,0x88,0x89,
  0x87,0x03,0x33,0x33,0x33,0x33,0x33,0x33,0x33,0x33,0x33,0x33,0x33,0x33,0x33,0x33,0x33,0x33,0x33,0x33,
  0x33,0x33,0x33,0x33,0x33,0x33,0x33,0x33,0x33,0x33,0x33,0x33,0x33,0x33,0x33,0x33,0x33,0x33,0x33,0x33,
  0x33,0x33,0x33,0x33,0x33,0x35,0x53,0x69,0xaa,0xaa,0xaa,0xaa,0xaa,0x9a,0xa9,0x99,0x99,0x9a,0x89,0x98,
  0x88,0x77,0x67,0x77,0x77,0x77,0x9a,0xab,0xbb,0xbb,0xbc,0xcc,0xcc,0xcc,0xcc,0xcc,0xcc,0xbd,0xdc,0xbb,
  0xa9,0x87,0x76,0x66,0x77,0x77,0x66,0x67,0x78,0x88,0x88,0x88,0x88,0x88,0x89,0x89,0x86,0x13,0x33,0x33,
  0x33,0x33,0x33,0x33,0x33,0x33,0x33,0x33,0x33,0x33,0x33,0x33,0x33,0x33,0x33,0x33,0x33,0x33,0x33,0x33,
  0x33,0x33,0x33,0x33,0x33,0x33,0x33,0x33,0x33,0x33,0x33,0x33,0x33,0x33,0x33,0x33,0x33,0x33,0x33,0x33,
  0x33,0x33,0x33,0x08,0xaa,0xaa,0xaa,0xaa,0xaa,0xaa,0xaa,0xaa,0x99,0xa9,0x99,0x99,0x99,0x98,0x87,0x76,
  0x67,0x77,0x77,0x77,0x77,0x88,0x99,0x99,0x99,0x99,0x99,0x98,0x88,0x87,0x64,0x66,0x66,0x66,0x77,0x77,
  0x66,0x66,0x77,0x88,0x88,0x88,0x88,0x88,0x88,0x88,0x89,0x99,0x84,0x33,0x33,0x33,0x33,0x33,0x33,0x33,
  0x33,0x33,0x33,0x33,0x33,0x33,0x33,0x33,0x33,0x33,0x33,0x33,0x33,0x33,0x33,0x33,0x33,0x33,0x33,0x33,
  0x33,0x33,0x33,0x33,0x33,0x33,0x33,0x33,0x33,0x33,0x33,0x33,0x33,0x33,0x33,0x33,0x33,0x33,0x33,0x07,
  0xaa,0xaa,0xaa,0xaa,0xaa,0xaa,0xaa,0xaa,0x9a,0xa9,0xa9,0x99,0x99,0x99,0x99,0x88,0x87,0x76,0x66,0x77,
  0x77,0x76,0x77,0x77,0x77,0x76,0x77,0x77,0x77,0x77,0x77,0x77,0x66,0x66,0x44,0x66,0x77,0x88,0x88,0x88,
  0x88,0x88,0x88,0x88,0x88,0x88,0x99,0x99,0x70,0x33,0x33,0x33,0x33,0x33,0x33,0x33,0x33,0x33,0x33,0x33,
  0x33,0x33,0x33,0x33,0x33,0x33,0x33,0x33,0x33,0x33,0x33,0x33,0x33,0x33,0x33,0x33,0x33,0x33,0x33,0x33,
  0x33,0x33,0x33,0x33,0x33,0x33,0x33,0x33,0x33,0x33,0x33,0x33,0x33,0x33,0x33,0x42,0x9a,0xaa,0xaa,0xaa,
  0xaa,0xaa,0xaa,0xaa,0xaa,0xaa,0x9a,0x99,0x99,0x99,0x99,0x99,0x99,0x88,0x87,0x77,0x77,0x77,0x66,0x66,
  0x66,0x66,0x66,0x66,0x66,0x66,0x66,0x66,0x67,0x77,0x88,0x88,0x88,0x88,0x88,0x88,0x88,0x88,0x88,0x88,
  0x99,0x99,0x99,0x99,0x61,0x13,0x33,0x33,0x33,0x33,0x33,0x33,0x33,0x33,0x33,0x33,0x33,0x33,0x33,0x33,
  0x33,0x33,0x33,0x33,0x33,0x33,0x33,0x33,0x33,0x33,0x33,0x33,0x33,0x33,0x33,0x33,0x33,0x33,0x33,0x33,
  0x33,0x33,0x33,0x33,0x33,0x33,0x33,0x33,0x33,0x33,0x33,0x50,0x8a,0xaa,0xaa,0xaa,0xaa,0xaa,0xaa,0xaa,
  0xaa,0xaa,0xa9,0xa9,0x99,0x99,0x99,0x99,0x99,0x99,0x99,0x99,0x89,0x88,0x88,0x88,0x88,0x88,0x88,0x88,
  0x88,0x88,0x88,0x88,0x88,0x88,0x88,0x88,0x88,0x88,0x88,0x88,0x88,0x88,0x88,0x88,0x99,0x99,0x99,0x98,
  0x43,0x33,0x33,0x33,0x33,0x33,0x33,0x33,0x33,0x33,0x33,0x33,0x33,0x33,0x33,0x33,0x33,0x33,0x33,0x33,
  0x33,0x33,0x33,0x33,0x33,0x33,0x33,0x33,0x33,0x33,0x33,0x33,0x33,0x33,0x33,0x33,0x33,0x33,0x33,0x33,
  0x33,0x33,0x33,0x33,0x33,0x33,0x33,0x55,0x49,0xaa,0xaa,0xaa,0xaa,0xaa,0xaa,0xaa,0xaa,0xaa,0xaa,0xaa,
  0x9a,0xa9,0xa9,0x99,0x99,0x99,0x99,0x99,0x99,0x99,0x88,0x88,0x89,0x99,0x99,0x99,0x88,0x88,0x88,0x88,
  0x88,0x88,0x88,0x88,0x88,0x88,0x88,0x88,0x88,0x88,0x99,0x99,0x99,0x99,0xaa,0x97,0x23,0x33,0x33,0x33,
  0x33,0x33,0x33,0x33,0x33,0x33,0x33,0x33,0x33,0x33,0x33,0x33,0x33,0x33,0x33,0x33,0x33,0x33,0x33,0x33,
  0x33,0x33,0x33,0x33,0x33,0x33,0x33,0x33,0x33,0x33,0x33,0x33,0x33,0x33,0x33,0x33,0x33,0x33,0x33,0x33,
  0x33,0x33,0x33,0x55,0x07,0xaa,0xaa,0xaa,0xaa,0xaa,0xaa,0xaa,0xaa,0xaa,0xaa,0xaa,0xaa,0x9a,0xa9,0x99,
  0x99,0x99,0xa9,0x99,0x99,0x99,0x98,0x99,0x88,0x98,0x88,0x88,0x88,0x88,0x88,0x88,0x98,0x88,0x88,0x88,
  0x88,0x88,0x88,0x89,0x99,0x99,0x99,0x99,0x9a,0xaa,0xaa,0x84,0x33,0x33,0x33,0x33,0x33,0x33,0x33,0x33,
  0x33,0x33,0x33,0x33,0x33,0x33,0x33,0x33,0x33,0x33,0x33,0x33,0x33,0x33,0x33,0x33,0x33,0x33,0x33,0x33,
  0x33,0x33,0x33,0x33,0x33,0x33,0x33,0x33,0x33,0x33,0x33,0x33,0x33,0x33,0x33,0x33,0x33,0x33,0x33,0x55,
  0x44,0x9a,0xaa,0xaa,0xaa,0xaa,0xaa,0xaa,0xaa,0xaa,0xaa,0xaa,0xaa,0xaa,0xaa,0xaa,0x99,0xa9,0xa9,0x99,
  0x99,0x99,0x99,0x99,0x99,0x98,0x88,0x88,0x88,0x88,0x88,0x88,0x88,0x88,0x88,0x88,0x88,0x99,0x99,0x99,
  0x99,0x99,0x99,0x99,0x9a,0xaa,0xa9,0x72,0x33,0x33,0x33,0x33,0x33,0x33,0x33,0x33,0x33,0x33,0x33,0x33,
  0x33,0x33,0x33,0x33,0x33,0x33,0x33,0x33,0x33,0x33,0x33,0x33,0x33,0x33,0x33,0x33,0x33,0x33,0x33,0x33,
  0x33,0x33,0x33,0x33,0x33,0x33,0x33,0x33,0x33,0x33,0x33,0x33,0x33,0x33,0x33,0x33,0x40,0x7a,0xaa,0xaa,
  0xaa,0xaa,0xaa,0xaa,0xaa,0xaa,0xaa,0xaa,0xaa,0xaa,0xaa,0xaa,0xaa,0xaa,0x9a,0xaa,0xa9,0x99,0x99,0x99,
  0x99,0xab,0xbb,0xbb,0xbb,0xbb,0xbb,0xab,0xbb,0xa9,0x88,0x88,0x88,0x99,0x99,0x99,0x9a,0x99,0xaa,0xaa,
  0xaa,0xaa,0xa8,0x03,0x33,0x33,0x33,0x33,0x33,0x33,0x33,0x33,0x33,0x33,0x33,0x33,0x33,0x33,0x33,0x33,
  0x33,0x33,0x33,0x33,0x33,0x33,0x33,0x33,0x33,0x33,0x33,0x33,0x33,0x33,0x33,0x33,0x33,0x33,0x33,0x33,
  0x33,0x33,0x33,0x33,0x33,0x33,0x33,0x33,0x33,0x33,0x33,0x33,0x44,0x08,0xaa,0xaa,0xaa,0xaa,0xaa,0xaa,
  0xaa,0xaa,0xaa,0xaa,0xaa,0xaa,0xaa,0xaa,0xaa,0xaa,0xaa,0xa9,0xaa,0x99,0xaa,0xaa,0x9a,0xcc,0xcc,0xcc,
  0xcc,0xcc,0xcc,0xcc,0xcc,0xca,0x99,0x99,0x99,0x99,0x99,0x99,0xaa,0xaa,0xaa,0xaa,0xaa,0xaa,0x96,0x15,
  0x33,0x33,0x33,0x33,0x33,0x33,0x33,0x33,0x33,0x33,0x33,0x33,0x33,0x33,0x33,0x33,0x33,0x33,0x33,0x33,
  0x33,0x33,0x33,0x33,0x33,0x33,0x33,0x33,0x33,0x33,0x33,0x33,0x33,0x33,0x33,0x33,0x33,0x33,0x33,0x33,
  0x33,0x33,0x33,0x33,0x33,0x33,0x33,0x33,0x44,0x40,0x9a,0xaa,0xaa,0xaa,0xaa,0xaa,0xaa,0xaa,0xaa,0xaa,
  0xaa,0xaa,0xaa,0xaa,0xaa,0xaa,0xaa,0xaa,0xaa,0xaa,0xaa,0xaa,0x9b,0xcc,0xcc,0xcc,0xcc,0xcc,0xcc,0xbb,
  0xbb,0xcb,0x99,0x99,0xaa,0xa9,0xaa,0xaa,0xaa,0xaa,0xaa,0xaa,0xaa,0xaa,0x70,0x55,0x33,0x33,0x33,0x33,
  0x33,0x33,0x33,0x33,0x33,0x33,0x33,0x33,0x33,0x33,0x33,0x33,0x33,0x33,0x33,0x33,0x33,0x33,0x33,0x33,
  0x33,0x33,0x33,0x33,0x33,0x33,0x33,0x33,0x33,0x33,0x33,0x33,0x33,0x33,0x33,0x33,0x33,0x33,0x33,0x33,
  0x33,0x33,0x33,0x33,0x44,0x42,0x6a,0xba,0xaa,0xaa,0xaa,0xaa,0xaa,0xaa,0xaa,0xaa,0xaa,0xaa,0xaa,0xaa,
  0xaa,0xaa,0xaa,0xaa,0xaa,0xaa,0xaa,0xaa,0xaa,0xcc,0xcc,0xcc,0xcc,0xcc,0xcc,0xbb,0xbb,0xba,0x99,0xaa,
  0xaa,0xaa,0xaa,0xaa,0xaa,0xaa,0xaa,0xaa,0xaa,0xa8,0x03,0x33,0x33,0x33,0x33,0x33,0x33,0x33,0x33,0x33,
  0x33,0x33,0x33,0x33,0x33,0x33,0x33,0x33,0x33,0x33,0x33,0x33,0x33,0x33,0x33,0x33,0x33,0x33,0x33,0x33,
  0x33,0x33,0x33,0x33,0x33,0x33,0x33,0x33,0x33,0x33,0x33,0x33,0x33,0x33,0x33,0x33,0x33,0x33,0x33,0x33,
  0x42,0x44,0x47,0xab,0xbb,0xbb,0xbb,0xbb,0xaa,0xaa,0xaa,0xaa,0xaa,0xaa,0xaa,0xaa,0xaa,0xaa,0xaa,0xaa,
  0xaa,0xaa,0xaa,0xaa,0xaa,0xab,0xbb,0xbb,0xbb,0xcb,0xcb,0xbb,0xbb,0xaa,0xaa,0xaa,0xaa,0xaa,0xaa,0xaa,
  0xaa,0xaa,0xaa,0xaa,0xab,0x90,0x43,0x33,0x33,0x33,0x33,0x33,0x33,0x33,0x33,0x33,0x33,0x33,0x33,0x33,
  0x33,0x33,0x33,0x33,0x33,0x33,0x33,0x33,0x33,0x33,0x33,0x33,0x33,0x33,0x33,0x33,0x33,0x33,0x33,0x33,
  0x33,0x33,0x33,0x33,0x33,0x33,0x33,0x33,0x33,0x33,0x33,0x33,0x33,0x33,0x33,0x33,0x44,0x67,0x77,0x8b,
  0xbb,0xbb,0xbb,0xbb,0xbb,0xaa,0xaa,0xaa,0xaa,0xaa,0xaa,0xaa,0xaa,0xaa,0xaa,0xaa,0xaa,0xaa,0xaa,0xaa,
  0xaa,0xaa,0x99,0xaa,0xaa,0x99,0xa9,0x88,0x89,0xaa,0xaa,0xaa,0xaa,0xaa,0xaa,0xaa,0xaa,0xaa,0xaa,0xaa,
  0xba,0x76,0x43,0x33,0x33,0x33,0x33,0x33,0x33,0x33,0x33,0x33,0x33,0x33,0x33,0x33,0x33,0x33,0x33,0x33,
  0x33,0x33,0x33,0x33,0x33,0x33,0x33,0x33,0x33,0x33,0x33,0x33,0x33,0x33,0x33,0x33,0x33,0x33,0x33,0x33,
  0x33,0x33,0x33,0x33,0x33,0x33,0x33,0x33,0x33,0x33,0x33,0x33,0x36,0x77,0x78,0x89,0xbb,0xbb,0xbb,0xbb,
  0xbb,0xbb,0xbb,0xbb,0xaa,0xaa,0xaa,0xaa,0xaa,0xaa,0xaa,0xaa,0xaa,0xaa,0xaa,0xaa,0xaa,0xaa,0xaa,0xaa,
  0xaa,0xaa,0xaa,0xaa,0xaa,0xaa,0xaa,0xaa,0xaa,0xaa,0xaa,0xaa,0xaa,0xaa,0xaa,0xbb,0xa7,0x77,0x44,0x53,
  0x33,0x33,0x33,0x33,0x33,0x33,0x33,0x33,0x33,0x33,0x33,0x33,0x33,0x33,0x33,0x33,0x33,0x33,0x33,0x33,
  0x33,0x33,0x33,0x33,0x33,0x33,0x33,0x33,0x33,0x33,0x33,0x33,0x33,0x33,0x33,0x33,0x33,0x33,0x33,0x33,
  0x33,0x33,0x33,0x33,0x33,0x33,0x33,0x35,0x67,0x77,0x89,0x9a,0xbc,0xcb,0xbb,0xbb,0xbb,0xbb,0xbb,0xbb,
  0xbb,0xba,0xaa,0xaa,0xaa,0xba,0xaa,0xaa,0xaa,0xaa,0xaa,0xaa,0xaa,0xaa,0xaa,0xaa,0xaa,0xaa,0xaa,0xaa,
  0xaa,0xaa,0xaa,0xaa,0xaa,0xaa,0xaa,0xaa,0xbb,0xbb,0xbb,0xcb,0x98,0x77,0x74,0x53,0x33,0x33,0x33,0x33,
  0x33,0x33,0x33,0x33,0x33,0x33,0x33,0x33,0x33,0x33,0x33,0x33,0x33,0x33,0x33,0x33,0x33,0x33,0x33,0x33,
  0x33,0x33,0x33,0x33,0x33,0x33,0x33,0x33,0x33,0x33,0x33,0x33,0x33,0x33,0x33,0x33,0x33,0x33,0x33,0x33,
  0x33,0x33,0x33,0x33,0x66,0x78,0x88,0x9a,0xab,0xcc,0xcc,0xcb,0xbb,0xbb,0xbb,0xbb,0xbb,0xbb,0xbb,0xbb,
  0xbb,0xba,0xaa,0xba,0xaa,0xaa,0xaa,0xaa,0xaa,0xaa,0xaa,0xaa,0xaa,0xaa,0xaa,0xaa,0xaa,0xaa,0xaa,0xaa,
  0xaa,0xab,0xaa,0xbb,0xbb,0xbc,0xcc,0xba,0x98,0x77,0x74,0x53,0x33,0x33,0x33,0x33,0x33,0x33,0x33,0x33,
  0x33,0x33,0x33,0x33,0x33,0x33,0x33,0x33,0x33,0x33,0x33,0x33,0x33,0x33,0x33,0x33,0x33,0x33,0x33,0x33,
  0x33,0x33,0x33,0x33,0x33,0x33,0x33,0x33,0x33,0x33,0x33,0x33,0x33,0x33,0x33,0x33,0x33,0x33,0x33,0x33,
  0x46,0x67,0x78,0x89,0x9a,0xbc,0xcc,0xcc,0xcc,0xcb,0xbb,0xbb,0xbb,0xbb,0xbb,0xbb,0xbb,0xbb,0xbb,0xbb,
  0xbb,0xbb,0xbb,0xba,0xab,0xba,0xaa,0xaa,0xaa,0xaa,0xaa,0xaa,0xab,0xab,0xab,0xbb,0xbb,0xbb,0xbb,0xcc,
  0xcc,0xcc,0xca,0x98,0x87,0x77,0x64,0x53,0x33,0x33,0x33,0x33,0x33,0x33,0x33,0x33,0x33,0x33,0x33,0x33,
  0x33,0x33,0x33,0x33,0x33,0x33,0x33,0x33,0x33,0x33,0x33,0x33,0x33,0x33,0x33,0x33,0x33,0x33,0x33,0x33,
  0x33,0x33,0x33,0x33,0x33,0x33,0x33,0x33,0x33,0x33,0x33,0x33,0x33,0x33,0x33,0x33,0x44,0x66,0x67,0x78,
  0x89,0xaa,0xbb,0xcc,0xcc,0xcc,0xcc,0xcc,0xcc,0xcc,0xbb,0xbb,0xbb,0xbb,0xbb,0xbb,0xbb,0xbb,0xbb,0xbb,
  0xbb,0xbb,0xbb,0xbb,0xbb,0xbb,0xbb,0xbb,0xbb,0xbb,0xbb,0xbb,0xcc,0xcc,0xcc,0xcc,0xcc,0xba,0x99,0x87,
  0x66,0x64,0x33,0x33,0x33,0x33,0x33,0x33,0x33,0x33,0x33,0x33,0x33,0x33,0x33,0x33,0x33,0x33,0x33,0x33,
  0x33,0x33,0x33,0x33,0x33,0x33,0x33,0x33,0x33,0x33,0x33,0x33,0x33,0x33,0x33,0x33,0x33,0x33,0x33,0x33,
  0x33,0x33,0x33,0x33,0x33,0x33,0x33,0x33,0x33,0x33,0x33,0x33,0x44,0x42,0x46,0x66,0x77,0x88,0x99,0x99,
  0xab,0xcc,0xcc,0xdd,0xdd,0xcc,0xcc,0xcc,0xcc,0xcc,0xcc,0xcc,0xcc,0xbb,0xbb,0xbb,0xbb,0xbb,0xbb,0xbb,
  0xbb,0xbc,0xcc,0xcc,0xcc,0xcc,0xcc,0xcd,0xcc,0xcc,0xcb,0xa9,0x98,0x87,0x77,0x66,0x64,0x44,0x33,0x33,
  0x33,0x33,0x33,0x33,0x33,0x33,0x33,0x33,0x33,0x33,0x33,0x33,0x33,0x33,0x33,0x33,0x33,0x33,0x33,0x33,
  0x33,0x33,0x33,0x33,0x33,0x33,0x33,0x33,0x33,0x33,0x33,0x33,0x33,0x33,0x33,0x33,0x33,0x33,0x33,0x33,
  0x33,0x33,0x33,0x33,0x33,0x33,0x33,0x33,0x44,0x31,0x13,0x34,0x44,0x66,0x77,0x78,0x88,0x99,0x9a,0xbb,
  0xcc,0xcc,0xcc,0xdd,0xdd,0xdd,0xdd,0xdc,0xcc,0xcc,0xcc,0xcc,0xcc,0xcc,0xcc,0xcc,0xcc,0xcd,0xdd,0xcd,
  0xcc,0xcc,0xcc,0xcb,0xba,0x99,0x88,0x77,0x77,0x66,0x64,0x44,0x05,0x55,0x33,0x33,0x33,0x33,0x33,0x33,
  0x33,0x33,0x33,0x33,0x33,0x33,0x33,0x33,0x33,0x33,0x33,0x33,0x33,0x33,0x33,0x33,0x33,0x33,0x33,0x33,
  0x33,0x33,0x33,0x33,0x33,0x33,0x33,0x33,0x33,0x33,0x33,0x33,0x33,0x33,0x33,0x33,0x33,0x33,0x33,0x33,
  0x33,0x33,0x33,0x33,0x33,0x33,0x33,0x33,0x33,0x13,0x52,0x36,0x67,0x77,0x77,0x88,0x88,0x88,0x88,0x9a,
  0xaa,0xbb,0xbb,0xbc,0xcc,0xcc,0xcc,0xcc,0xcc,0xcc,0xcc,0xcc,0xbb,0xbb,0xbb,0xaa,0x99,0x88,0x87,0x77,
  0x77,0x77,0x66,0x66,0x42,0x55,0x55,0x55,0x55,0x55,0x33,0x33,0x33,0x33,0x33,0x33,0x33,0x33,0x33,0x33,
  0x33,0x33,0x33,0x33,0x33,0x33,0x33,0x33,0x33,0x33,0x33,0x33,0x33,0x33,0x33,0x33,0x33,0x33,0x33,0x33,
  0x33,0x33,0x33,0x33,0x33,0x33,0x33,0x33,0x33,0x33,0x33,0x33,0x33,0x33,0x33,0x33,0x33,0x33,0x33,0x33,
  0x33,0x33,0x33,0x33,0x33,0x33,0x33,0x11,0x44,0x44,0x64,0x66,0x66,0x67,0x77,0x77,0x77,0x77,0x78,0x88,
  0x88,0x88,0x88,0x88,0x88,0x88,0x88,0x88,0x77,0x77,0x77,0x77,0x76,0x67,0x76,0x66,0x64,0x64,0x44,0x45,
  0x55,0x22,0x22,0x22,0x22,0x22,0x33,0x33,0x33,0x33,0x33,0x33,0x33,0x33,0x33,0x33,0x33,0x33,0x33,0x33,
  0x33,0x33,0x33,0x33,0x33,0x33,0x33,0x33,0x33,0x33,0x33,0x33,0x33,0x33,0x33,0x33,0x33,0x33,0x33,0x33,
  0x33,0x33,0x33,0x33,0x33,0x33,0x33,0x33,0x33,0x33,0x33,0x33,0x33,0x33,0x33,0x33,0x33,0x33,0x33,0x33,
  0x33,0x33,0x55,0x55,0x55,0x51,0x11,0x12,0x33,0x33,0x35,0x66,0x64,0x36,0x66,0x64,0x66,0x66,0x66,0x66,
  0x66,0x66,0x66,0x66,0x66,0x66,0x63,0x44,0x22,0x33,0x32,0x22,0x11,0x12,0x22,0x25,0x53,0x33,0x33,0x33,
  0x33,0x33,0x33,0x33,0x33,0x33,0x33,0x33,0x33,0x33,0x33,0x33,0x33,0x33,0x33,0x33,0x33,0x33,0x33,0x33,
  0x33,0x33,0x33,0x33,0x33,0x33,0x33,0x33,0x33,0x33,0x33,0x33,0x33,0x33,0x33,0x33,0x33,0x33,0x33,0x33,
  0x33,0x33,0x33,0x33,0x33,0x33,0x33,0x33,0x33,0x33,0x33,0x33,0x33,0x33,0x33,0x33,0x33,0x33,0x33,0x33,
  0x33,0x33,0x33,0x33,0x33,0x33,0x35,0x53,0x33,0x33,0x33,0x33,0x33,0x34,0x44,0x44,0x44,0x44,0x33,0x33,
  0x33,0x33,0x33,0x33,0x33,0x33,0x33,0x33,0x33,0x33,0x33,0x33,0x33,0x33,0x33,0x33,0x33,0x33,0x33,0x33,
  0x33,0x33,0x33,0x33,0x33,0x33,0x33,0x33,0x33,0x33,0x33,0x33,0x33,0x33,0x33,0x33,0x33,0x33,0x33,0x33,
  0x33,0x33,0x33,0x33,0x33,0x33,0x33,0x33,0x33,0x33,0x33,0x33,0x33,0x33,0x33,0x33,0x33,0x33,0x33,0x33,
  0x33,0x33,0x33,0x33,0x33,0x33,0x33,0x33,0x33,0x33,0x33,0x33,0x33,0x33,0x33,0x33,0x33,0x33,0x33,0x33,
  0x33,0x33,0x33,0x33,0x33,0x33,0x33,0x33,0x33,0x33,0x33,0x34,0x44,0x44,0x33,0x33,0x33,0x33,0x33,0x33,
  0x33,0x33,0x33,0x33,0x33,0x33,0x33,0x33,0x33,0x33,0x33,0x33,0x33,0x33,0x33,0x33,0x33,0x33,0x33,0x33,
  0x33,0x33,0x33,0x33,0x33,0x33,0x33,0x33,0x33,0x33,0x33,0x33,0x33,0x33,0x33,0x33,0x33,0x33,0x33,0x33,
  0x33,0x33,0x33,0x33,0x33,0x33,0x33,0x33,0x33,0x33,0x33,0x33,0x33,0x33,0x33,0x33,0x33,0x33,0x33,0x33,
  0x33,0x33,0x33,0x33,0x33,0x33,0x33,0x33,0x33,0x33,0x33,0x33,0x33,0x33,0x33,0x33,0x33,0x33,0x33,0x33,
  0x33,0x33,0x33,0x33,0x33,0x33,0x33,0x33,0x33,0x33,0x33,0x33,0x33,0x33,0x33,0x33,0x33,0x33,0x33,0x33,
  0x33,0x33,0x33,0x33,0x33,0x33,0x33,0x33,0x33,0x33,0x33,0x33,0x33,0x33,0x33,0x33,0x33,0x33,0x33,0x33,
  0x33,0x33,0x33,0x33,0x33,0x33,0x33,0x33,0x33,0x33,0x33,0x33,0x33,0x33,0x33,0x33,0x33,0x33,0x33,0x33,
  0x33,0x33,0x33,0x33,0x33,0x33,0x33,0x33,0x33,0x33,0x33,0x33,0x33,0x33,0x33,0x33,0x33,0x33,0x33,0x33,
  0x33,0x33,0x33,0x33,0x33,0x33,0x33,0x33,0x33,0x33,0x33,0x33,0x33,0x33,0x33,0x33,0x33,0x33,0x33,0x33,
  0x33,0x33,0x33,0x33,0x33,0x33,0x33,0x33,0x33,0x33,0x33,0x33,0x33,0x33,0x33,0x33,0x33,0x33,0x33,0x33,
  0x33,0x33,0x33,0x33,0x33,0x33,0x33,0x33,0x33,0x33,0x33,0x33,0x33,0x33,0x33,0x33,0x33,0x33,0x33,0x33,
  0x33,0x33,0x33,0x33,0x33,0x33,0x33,0x33,0x33,0x33,0x33,0x33,0x33,0x33,0x33,0x33,0x33,0x33,0x33,0x33,
  0x33,0x33,0x33,0x33,0x33,0x33,0x33,0x33,0x33,0x33,0x33,0x33,0x33,0x33,0x33,0x33,0x33,0x33,0x33,0x33,
  0x33,0x33,0x33,0x33,0x33,0x33,0x33,0x33,0x33,0x33,0x33,0x33,0x33,0x33,0x33,0x33,0x33,0x33,0x33,0x33,
  0x33,0x33,0x33,0x33,0x33,0x33,0x33,0x33,0x33,0x33,0x33,0x33,0x33,0x33,0x33,0x33,0x33,0x33,0x33,0x33,
  0x33,0x33,0x33,0x33,0x33,0x33,0x33,0x33,0x33,0x33,0x33,0x33,0x33,0x33,0x33,0x33,0x33,0x33,0x33,0x33,
  0x33,0x33,0x33,0x33,0x33,0x33,0x33,0x33,0x33,0x33,0x33,0x33,0x33,0x33,0x33,0x33,0x33,0x33,0x33,0x33,
  0x33,0x33,0x33,0x33,0x33,0x33,0x33,0x33,0x33,0x33,0x33,0x33,0x33,0x33,0x33,0x33,0x33,0x33,0x33,0x33,
  0x33,0x33,0x33,0x33,0x33,0x33,0x33,0x33,0x33,0x33,0x33,0x33,0x33,0x33,0x33,0x33,0x33,0x33,0x33,0x33,
  0x33,0x33,0x33,0x33,0x33,0x33,0x33,0x33,0x33,0x33,0x33,0x33,0x33,0x33,0x33,0x33,0x33,0x33,0x33,0x33,
  0x33,0x33,0x33,0x33,0x33,0x33,0x33,0x33,0x33,0x33,0x33,0x33,0x33,0x33,0x33,0x33,0x33,0x33,0x33,0x33,
  0x33,0x33,0x33,0x33,0x33,0x33,0x33,0x33,0x33,0x33,0x33,0x33,0x33,0x33,0x33,0x33,0x33,0x33,0x33,0x33,
  0x33,0x33,0x33,0x33,0x33,0x33,0x33,0x33,0x33,0x33,0x33,0x33,0x33,0x33,0x33,0x33,0x33,0x33,0x33,0x33,
  0x33,0x33,0x33,0x33,0x33,0x33,0x33,0x33,0x33,0x33,0x33,0x33,0x33,0x33,0x33,0x33,0x33,0x33,0x33,0x33,
  0x33,0x33,0x33,0x33,0x33,0x33,0x33,0x33,0x33,0x33,0x33,0x33,0x33,0x33,0x33,0x33,0x33,0x33,0x33,0x33,
  0x33,0x33,0x33,0x33,0x33,0x33,0x33,0x33,0x33,0x33,0x33,0x33,0x33,0x33,0x33,0x33,0x33,0x33,0x33,0x33,
  0x33,0x33,0x33,0x33,0x33,0x33,0x33,0x33,0x33,0x33,0x33,0x33,0x33,0x33,0x33,0x33,0x33,0x33,0x33,0x33,
  0x33,0x33,0x33,0x33,0x33,0x33,0x33,0x33,0x33,0x33,0x33,0x33,0x33,0x33,0x33,0x33,0x33,0x33,0x33,0x33,
  0x33,0x33,0x33,0x33,0x33,0x33,0x33,0x33,0x33,0x33,0x33,0x33,0x33,0x33,0x33,0x33,0x33,0x33,0x33,0x33,
  0x33,0x33,0x33,0x33,0x33,0x33,0x33,0x33,0x33,0x33,0x33,0x33,0x33,0x33,0x33,0x33,0x33,0x33,0x33,0x33,
  0x33,0x33,0x33,0x33,0x33,0x33,0x33,0x33,0x33,0x33,0x33,0x33,0x33,0x33,0x33,0x33,0x33,0x33,0x33,0x33,
  0x33,0x33,0x33,0x33,0x33,0x33,0x33,0x33,0x33,0x33,0x33,0x33,0x33,0x33,0x33,0x33,0x33,0x33,0x33,0x33,
  0x33,0x33,0x33,0x33,0x33,0x33,0x33,0x33,0x33,0x33,0x33,0x33,0x33,0x33,0x33,0x33,0x33,0x33,0x33,0x33,
  0x33,0x33,0x33,0x33,0x33,0x33,0x33,0x33,0x33,0x33,0x33,0x33,0x33,0x33,0x33,0x33,0x33,0x33,0x33,0x33,
  0x33,0x33,0x33,0x33,0x33,0x33,0x33,0x33,0x33,0x33,0x33,0x33,0x33,0x33,0x33,0x33,0x33,0x33,0x33,0x33,
  0x33,0x33,0x33,0x33,0x33,0x33,0x33,0x33,0x33,0x33,0x33,0x33,0x33,0x33,0x33,0x33,0x33,0x33,0x33,0x33,
  0x33,0x33,0x33,0x33,0x33,0x33,0x33,0x33,0x33,0x33,0x33,0x33,0x33,0x33,0x33,0x33,0x33,0x33,0x33,0x33,
  0x33,0x33,0x33,0x33,0x33,0x33,0x33,0x33,0x33,0x33,0x33,0x33,0x33,0x33,0x33,0x33,0x33,0x33,0x33,0x33,
  0x33,0x33,0x33,0x33,0x33,0x33,0x33,0x33,0x33,0x33,0x33,0x33,0x33,0x33,0x33,0x33,0x33,0x33,0x33,0x33,
  0x33,0x33,0x33,0x33,0x33,0x33,0x33,0x33,0x33,0x33,0x33,0x33,0x33,0x33,0x33,0x33,0x33,0x33,0x33,0x33,
  0x33,0x33,0x33,0x33,0x33,0x33,0x33,0x33,0x33,0x33,0x33,0x33,0x33,0x33,0x33,0x33,0x33,0x33,0x33,0x33,
  0x33,0x33,0x33,0x33,0x33,0x33,0x33,0x33,0x33,0x33,0x33,0x33,0x33,0x33,0x33,0x33,0x33,0x33,0x33,0x33,
  0x33,0x33,0x33,0x33,0x33,0x33,0x33,0x33,0x33,0x33,0x33,0x33,0x33,0x33,0x33,0x33,0x33,0x33,0x33,0x33,
  0x33,0x33,0x33,0x33,0x33,0x33,0x33,0x33,0x33,0x33,0x33,0x33,0x33,0x33,0x33,0x33,0x33,0x33,0x33,0x33,
  0x33,0x33,0x33,0x33,0x33,0x33,0x33,0x33,0x33,0x33,0x33,0x33,0x33,0x33,0x33,0x33,0x33,0x33,0x33,0x33,
  0x33,0x33,0x33,0x33,0x33,0x33,0x33,0x33,0x33,0x33,0x33,0x33,0x33,0x33,0x33,0x33,0x33,0x33,0x33,0x33,
  0x33,0x33,0x33,0x33,0x33,0x33,0x33,0x33,0x33,0x33,0x33,0x33,0x33,0x33,0x33,0x33,0x33,0x33,0x33,0x33,
  0x33,0x33,0x33,0x33,0x33,0x33,0x33,0x33,0x33,0x33,0x33,0x33,0x33,0x33,0x33,0x33,0x33,0x33,0x33,0x33,
  0x33,0x33,0x33,0x33,0x33,0x33,0x33,0x33,0x33,0x33,0x33,0x33,0x33,0x33,0x33,0x33,0x33,0x33,0x33,0x33,
  0x33,0x33,0x33,0x33,0x33,0x33,0x33,0x33,0x33,0x33,0x33,0x33,0x33,0x33,0x33,0x33,0x33,0x33,0x33,0x33,
  0x33,0x33,0x33,0x33,0x33,0x33,0x33,0x33,0x33,0x33,0x33,0x33,0x33,0x33,0x33,0x33,0x33,0x33,0x33,0x33,
  0x33,0x33,0x33,0x33,0x33,0x33,0x33,0x33,0x33,0x33,0x33,0x33,0x33,0x33,0x33,0x33,0x33,0x33,0x33,0x33,
  0x33,0x33,0x33,0x33,0x33,0x33,0x33,0x33,0x33,0x33,0x33,0x33,0x33,0x33,0x33,0x33,0x33,0x33,0x33,0x33,
  0x33,0x33,0x33,0x33,0x33,0x33,0x33,0x33,0x33,0x33,0x33,0x33,0x33,0x33,0x33,0x33,0x33,0x33,0x33,0x33,
  0x33,0x33,0x33,0x33,0x33,0x33,0x33,0x33,0x33,0x33,0x33,0x33,0x33,0x33,0x33,0x33,0x33,0x33,0x33,0x33,
  0x33,0x33,0x33,0x33,0x33,0x33,0x33,0x33,0x33,0x33,0x33,0x33,0x33,0x33,0x33,0x33,0x33,0x33,0x33,0x33,
  0x33,0x33,0x33,0x33,0x33,0x33,0x33,0x33,0x33,0x33,0x33,0x33,0x33,0x33,0x33,0x33,0x33,0x33,0x33,0x33,
  0x33,0x33,0x33,0x33,0x33,0x33,0x33,0x33,0x33,0x33,0x33,0x33,0x33,0x33,0x33,0x33,0x33,0x33,0x33,0x33,
  0x33,0x33,0x33,0x33,0x33,0x33,0x33,0x33,0x33,0x33,0x33,0x33,0x33,0x33,0x33,0x33,0x33,0x33,0x33,0x33,
  0x33,0x33,0x33,0x33,0x33,0x33,0x33,0x33,0x33,0x33,0x33,0x33,0x33,0x33,0x33,0x33,0x33,0x33,0x33,0x33,
  0x33,0x33,0x33,0x33,0x33,0x33,0x33,0x33,0x33,0x33,0x33,0x33,0x33,0x33,0x33,0x33,0x33,0x33,0x33,0x33,
  0x33,0x33,0x33,0x33,0x33,0x33,0x33,0x33,0x33,0x33,0x33,0x33,0x33,0x33,0x33,0x33,0x33,0x33,0x33,0x33,
  0x33,0x33,0x33,0x33,0x33,0x33,0x33,0x33,0x33,0x33,0x33,0x33,0x33,0x33,0x33,0x33,0x33,0x33,0x33,0x33,
  0x33,0x33,0x33,0x33,0x33,0x33,0x33,0x33,0x33,0x33,0x33,0x33,0x33,0x33,0x33,0x33,0x33,0x33,0x33,0x33,
  0x33,0x33,0x33,0x33,0x33,0x33,0x33,0x33,0x33,0x33,0x33,0x33,0x33,0x33,0x33,0x33,0x33,0x33,0x33,0x33,
  0x33,0x33,0x33,0x33,0x33,0x33,0x33,0x33,0x33,0x33,0x33,0x33,0x33,0x33,0x33,0x33,0x33,0x33,0x33,0x33,
  0x33,0x33,0x33,0x33,0x33,0x33,0x33,0x33,0x33,0x33,0x33,0x33,0x33,0x33,0x33,0x33,0x33,0x33,0x33,0x33,
  0x33,0x33,0x33,0x33,0x33,0x33,0x33,0x33,0x33,0x33,0x33,0x33,0x33,0x33,0x33,0x33,0x33,0x33,0x33,0x33,
  0x33,0x33,0x33,0x33,0x33,0x33,0x33,0x33,0x33,0x33,0x33,0x33,0x33,0x33,0x33,0x33,0x33,0x33,0x33,0x33,
  0x33,0x33,0x33,0x33,0x33,0x33,0x33,0x33,0x33,0x33,0x33,0x33,0x33,0x33,0x33,0x33,0x33,0x33,0x33,0x33,
  0x33,0x33,0x33,0x33,0x33,0x33,0x33,0x33,0x33,0x33,0x33,0x33,0x33,0x33,0x33,0x33,0x33,0x33,0x33,0x33,
  0x33,0x33,0x33,0x33,0x33,0x33,0x33,0x33,0x33,0x33,0x33,0x33,0x33,0x33,0x33,0x33,0x33,0x33,0x33,0x33,
  0x33,0x33,0x33,0x33,0x33,0x33,0x33,0x33,0x33,0x33,0x33,0x33,0x33,0x33,0x33,0x33,0x33,0x33,0x33,0x33,
  0x33,0x33,0x33,0x33,0x33,0x33,0x33,0x33,0x33,0x33,0x33,0x33,0x33,0x33,0x33,0x33,0x33,0x33,0x33,0x33,
  0x33,0x33,0x33,0x33,0x33,0x33,0x33,0x33,0x33,0x33,0x33,0x33,0x33,0x33,0x33,0x33,0x33,0x33,0x33,0x33,
  0x33,0x33,0x33,0x33,0x33,0x33,0x33,0x33,0x33,0x33,0x33,0x33,0x33,0x33,0x33,0x33,0x33,0x33,0x33,0x33,
  0x33,0x33,0x33,0x33,0x33,0x33,0x33,0x33,0x33,0x33,0x33,0x33,0x33,0x33,0x33,0x33,0x33,0x33,0x33,0x33,
  0x33,0x33,0x33,0x33,0x33,0x33,0x33,0x33,0x33,0x33,0x33,0x33,0x33,0x33,0x33,0x33,0x33,0x33,0x33,0x33,
  0x33,0x33,0x33,0x33,0x33,0x33,0x33,0x33,0x33,0x33,0x33,0x33,0x33,0x33,0x33,0x33,0x33,0x33,0x33,0x33,
  0x33,0x33,0x33,0x33,0x33,0x33,0x33,0x33,0x33,0x33,0x33,0x33,0x33,0x33,0x33,0x33,0x33,0x33,0x33,0x33,
  0x33,0x33,0x33,0x33,0x33,0x33,0x33,0x33,0x33,0x33,0x33,0x33,0x33,0x33,0x33,0x33,0x33,0x33,0x33,0x33,
  0x33,0x33,0x33,0x33,0x33,0x33,0x33,0x33,0x33,0x33,0x33,0x33,0x33,0x33,0x33,0x33,0x33,0x33,0x33,0x33,
  0x33,0x33,0x33,0x33,0x33,0x33,0x33,0x33,0x33,0x33,0x33,0x33,0x33,0x33,0x33,0x33,0x33,0x33,0x33,0x33,
  0x33,0x33,0x33,0x33,0x33,0x33,0x33,0x33,0x33,0x33,0x33,0x33,0x33,0x33,0x33,0x33,0x33,0x33,0x33,0x33,
  0x33,0x33,0x33,0x33,0x33,0x33,0x33,0x33,0x33,0x33,0x33,0x33,0x33,0x33,0x33,0x33,0x33,0x33,0x33,0x33,
  0x33,0x33,0x33,0x33,0x33,0x33,0x33,0x33,0x33,0x33,0x33,0x33,0x33,0x33,0x33,0x33,0x33,0x33,0x33,0x33,
  0x33,0x33,0x33,0x33,0x33,0x33,0x33,0x33,0x33,0x33,0x33,0x33,0x33,0x33,0x33,0x33,0x33,0x33,0x33,0x33,
  0x33,0x33,0x33,0x33,0x33,0x33,0x33,0x33,0x33,0x33,0x33,0x33,0x33,0x33,0x33,0x33,0x33,0x33,0x33,0x33,
  0x33,0x33,0x33,0x33,0x33,0x33,0x33,0x33,0x33,0x33,0x33,0x33,0x33,0x33,0x33,0x33,0x33,0x33,0x33,0x33,
  0x33,0x33,0x33,0x33,0x33,0x33,0x33,0x33,0x33,0x33,0x33,0x33,0x33,0x33,0x33,0x33,0x33,0x33,0x33,0x33,
  0x33,0x33,0x33,0x33,0x33,0x33,0x33,0x33,0x33,0x33,0x33,0x33,0x33,0x33,0x33,0x33,0x33,0x33,0x33,0x33,
  0x33,0x33,0x33,0x33,0x33,0x33,0x33,0x33,0x33,0x33,0x33,0x33,0x33,0x33,0x33,0x33,0x33,0x33,0x33,0x33,
  0x33,0x33,0x33,0x33,0x33,0x33,0x33,0x33,0x33,0x33,0x33,0x33,0x33,0x33,0x33,0x33,0x33,0x33,0x33,0x33,
  0x33,0x33,0x33,0x33,0x33,0x33,0x33,0x33,0x33,0x33,0x33,0x33,0x33,0x33,0x33,0x33,0x33,0x33,0x33,0x33,
  0x33,0x33,0x33,0x33,0x33,0x33,0x33,0x33,0x33,0x33,0x33,0x33,0x33,0x33,0x33,0x33,0x33,0x33,0x33,0x33,
  0x33,0x33,0x33,0x33,0x33,0x33,0x33,0x33,0x33,0x33,0x33,0x33,0x33,0x33,0x33,0x33,0x33,0x33,0x33,0x33,
  0x33,0x33,0x33,0x33,0x33,0x33,0x33,0x33,0x33,0x33,0x33,0x33,0x33,0x33,0x33,0x33,0x33,0x33,0x33,0x33,
  0x33,0x33,0x33,0x33,0x33,0x33,0x33,0x33,0x33,0x33,0x33,0x33,0x33,0x33,0x33,0x33,0x33,0x33,0x33,0x33,
  0x33,0x33,0x33,0x33,0x33,0x33,0x33,0x33,0x33,0x33,0x33,0x33,0x33,0x33,0x33,0x33,0x33,0x33,0x33,0x33,
  0x33,0x33,0x33,0x33,0x33,0x33,0x33,0x33,0x33,0x33,0x33,0x33,0x33,0x33,0x33,0x33,0x33,0x33,0x33,0x33,
  0x33,0x33,0x33,0x33,0x33,0x33,0x33,0x33,0x33,0x33,0x33,0x33,0x33,0x33,0x33,0x33,0x33,0x33,0x33,0x33,
  0x33,0x33,0x33,0x33,0x33,0x33,0x33,0x33,0x33,0x33,0x33,0x33,0x33,0x33,0x33,0x33,0x33,0x33,0x33,0x33,
  0x33,0x33,0x33,0x33,0x33,0x33,0x33,0x33,0x33,0x33,0x33,0x33,0x33,0x33,0x33,0x33,0x33,0x33,0x33,0x33,
  0x33,0x33,0x33,0x33,0x33,0x33,0x33,0x33,0x33,0x33,0x33,0x33,0x33,0x33,0x33,0x33,0x33,0x33,0x33,0x33,
  0x33,0x33,0x33,0x33,0x33,0x33,0x33,0x33,0x33,0x33,0x33,0x33,0x33,0x33,0x33,0x33,0x33,0x33,0x33,0x33,
  0x33,0x33,0x33,0x33,0x33,0x33,0x33,0x33,0x33,0x33,0x33,0x33,0x33,0x33,0x33,0x33,0x33,0x33,0x33,0x33,
  0x33,0x33,0x33,0x33,0x33,0x33,0x33,0x33,0x33,0x33,0x33,0x33,0x33,0x33,0x33,0x33,0x33,0x33,0x33,0x33,
  0x33,0x33,0x33,0x33,0x33,0x33,0x33,0x33,0x33,0x33,0x33,0x33,0x33,0x33,0x33,0x33,
};
#else
constexpr unsigned kReactionCoverSize = 88;
constexpr std::uint8_t cover_alloy_iris_green[] = {
  0x15,0x9d,0x68,0xff,0x0b,0x71,0x43,0xff,0x09,0x55,0x2d,0xff,0x07,0x3b,0x1c,0xff,0x06,0x27,0x11,0xff,
  0x05,0x1a,0x0b,0xff,0x04,0x13,0x08,0xff,0x03,0x0f,0x06,0xff,0x02,0x09,0x03,0xff,0x01,0x03,0x01,0xff,
  0x01,0x01,0x02,0xff,0x02,0x01,0x01,0xff,0x01,0x01,0x01,0xff,0x00,0x01,0x01,0xff,0x01,0x01,0x00,0xff,
  0x01,0x00,0x00,0xff,0xcc,0xcc,0xcc,0xcc,0xcc,0xcc,0xcc,0xcc,0xcc,0xcc,0xcc,0xcc,0xcc,0xcc,0xcc,0xcc,
  0xcc,0xcc,0xcc,0xcc,0xcc,0xcc,0xcc,0xcc,0xcc,0xcc,0xcc,0xcc,0xcc,0xcc,0xcc,0xcc,0xcc,0xcc,0xcc,0xcc,
  0xcc,0xcc,0xcc,0xcc,0xcc,0xcc,0xcc,0xcc,0xcc,0xcc,0xcc,0xcc,0xcc,0xcc,0xcc,0xcc,0xcc,0xcc,0xcc,0xcc,
  0xcc,0xcc,0xcc,0xcc,0xcc,0xcc,0xcc,0xcc,0xcc,0xcc,0xcc,0xcc,0xcc,0xcc,0xcc,0xcc,0xcc,0xcc,0xcc,0xcc,
  0xcc,0xcc,0xcc,0xcc,0xcc,0xcc,0xcc,0xcc,0xcc,0xcc,0xcc,0xcc,0xcc,0xcc,0xcc,0xcc,0xcc,0xcc,0xcc,0xcc,
  0xcc,0xcc,0xcc,0xcc,0xcc,0xcc,0xcc,0xcc,0xcc,0xcc,0xcc,0xcc,0xcc,0xcc,0xcc,0xcc,0xcc,0xcc,0xcc,0xcc,
  0xcc,0xcc,0xcc,0xcc,0xcc,0xcc,0xcc,0xcc,0xcc,0xcc,0xcc,0xcc,0xcc,0xcc,0xcc,0xcc,0xcc,0xcc,0xcc,0xcc,
  0xcc,0xcc,0xcc,0xcc,0xcc,0xcc,0xcc,0xcc,0xcc,0xcc,0xcc,0xcc,0xcc,0xcc,0xcc,0xcc,0xcc,0xcc,0xcc,0xcc,
  0xcc,0xcc,0xcc,0xcc,0xcc,0xcc,0xcc,0xcc,0xcc,0xcc,0xcc,0xcc,0xcc,0xcc,0xcc,0xcc,0xcc,0xcc,0xcc,0xcc,
  0xcc,0xcc,0xcc,0xcc,0xcc,0xcc,0xcc,0xcc,0xcc,0xcc,0xcc,0xcc,0xcc,0xcc,0xcc,0xcc,0xcc,0xcc,0xcc,0xcc,
  0xcc,0xcc,0xcc,0xcc,0xcc,0xcc,0xcc,0xcc,0xcc,0xcc,0xcc,0xcc,0xcc,0xcc,0xcc,0xcc,0xcc,0xcc,0xcc,0xcc,
  0xcc,0xcc,0xcc,0xcc,0xcc,0xcc,0xcc,0xcc,0xcc,0xcc,0xcc,0xcc,0xcc,0xcc,0xcc,0xcc,0xcc,0xcc,0xcc,0xcc,
  0xcc,0xcc,0xcc,0xff,0xff,0xff,0xff,0xff,0xaf,0xcc,0x9c,0xcc,0xcc,0xcc,0xcc,0xcc,0xcc,0xcc,0xcc,0xcc,
  0xcc,0xcc,0xcc,0xcc,0xcc,0xcc,0xcc,0xcc,0xcc,0xcc,0xcc,0xcc,0xcc,0xcc,0xcc,0xcc,0xcc,0xcc,0xcc,0xcc,
  0xcc,0xcc,0xcc,0xcc,0xac,0xff,0xfb,0x87,0x76,0x56,0x66,0x67,0x78,0x9e,0xff,0xcc,0xcc,0xcc,0xcc,0xcc,
  0xcc,0xcc,0xcc,0xcc,0xcc,0xcc,0xcc,0xcc,0xcc,0xcc,0xcc,0xcc,0xcc,0xcc,0xcc,0xcc,0xcc,0xcc,0xcc,0xcc,
  0xcc,0xcc,0xcc,0xcc,0xcc,0xcc,0xcc,0xcf,0xf9,0x76,0x54,0x44,0x55,0x55,0x55,0x55,0x54,0x45,0x58,0x9f,
  0xfc,0xcc,0xcc,0xcc,0xcc,0xcc,0xcc,0xcc,0xcc,0xcc,0xcc,0xcc,0xcc,0xcc,0xcc,0xcc,0xcc,0xcc,0xcc,0xcc,
  0xcc,0xcc,0xcc,0xcc,0xcc,0xcc,0xcc,0xcc,0xcc,0xbb,0xff,0x97,0x54,0x55,0x56,0x67,0x78,0x86,0x89,0x87,
  0x77,0x76,0x54,0x45,0x89,0xfb,0xac,0xcc,0xcc,0xcc,0xcc,0xcc,0xcc,0xcc,0xcc,0xcc,0xcc,0xcc,0xcc,0xcc,
  0xcc,0xcc,0xcc,0xcc,0xcc,0xcc,0xcc,0xcc,0xcc,0xcc,0xcc,0xcc,0xcc,0xbf,0x96,0x44,0x56,0x67,0x66,0x66,
  0x57,0x66,0x88,0x86,0x87,0x66,0x88,0x65,0x45,0x69,0xfc,0xac,0xcc,0xcc,0xcc,0xcc,0xcc,0xcc,0xcc,0xcc,
  0xcc,0xcc,0xcc,0xcc,0xcc,0xcc,0xcc,0xcc,0xcc,0xcc,0xcc,0xcc,0xcc,0xcc,0xcc,0xcc,0xbf,0x95,0x44,0x57,
  0x76,0x65,0x45,0x55,0x66,0x76,0x78,0x76,0x78,0x65,0x67,0x78,0x65,0x44,0x69,0xfb,0xcc,0xcc,0xcc,0xcc,
  0xcc,0xcc,0xcc,0xcc,0xcc,0xcc,0xcc,0xcc,0xcc,0xcc,0xcc,0xcc,0xcc,0xcc,0xcc,0xcc,0xcc,0xcc,0xcc,0x9f,
  0xf6,0x44,0x55,0x55,0x55,0x56,0x43,0x25,0x55,0x56,0x57,0x86,0x57,0x67,0x65,0x56,0x67,0x86,0x44,0x6e,
  0xfc,0xcc,0xcc,0xcc,0xcc,0xcc,0xcc,0xcc,0xcc,0xcc,0xcc,0xcc,0xcc,0xcc,0xcc,0xcc,0xcc,0xcc,0xcc,0xcc,
  0xcc,0xcc,0xcb,0xf8,0x44,0x56,0x66,0x34,0x44,0x45,0x63,0x12,0x54,0x65,0x35,0x76,0x45,0x87,0x65,0x55,
  0x57,0x88,0x86,0x45,0x8e,0x9c,0xcc,0xcc,0xcc,0xcc,0xcc,0xcc,0xcc,0xcc,0xcc,0xcc,0xcc,0xcc,0xcc,0xcc,
  0xcc,0xcc,0xcc,0xcc,0xcc,0xcc,0xbf,0x64,0x46,0x76,0x66,0x32,0x53,0x35,0x55,0x11,0x53,0x43,0x46,0x64,
  0x36,0x75,0x54,0x33,0x56,0x88,0x68,0x85,0x47,0xed,0xcc,0xcc,0xcc,0xcc,0xcc,0xcc,0xcc,0xcc,0xcc,0xcc,
  0xcc,0xcc,0xcc,0xcc,0xcc,0xcc,0xcc,0xcc,0xcc,0xcf,0x95,0x45,0x66,0x75,0x45,0x42,0x12,0x34,0x55,0x21,
  0x31,0x24,0x65,0x54,0x24,0x55,0x43,0x12,0x45,0x55,0x57,0x78,0x64,0x5d,0xed,0xcc,0xcc,0xcc,0xcc,0xcc,
  0xcc,0xcc,0xcc,0xcc,0xcc,0xcc,0xcc,0xcc,0xcc,0xcc,0xcc,0xcc,0xca,0xd9,0x44,0x56,0x46,0x66,0x45,0x42,
  0x01,0x22,0x57,0x11,0x21,0x33,0x46,0x42,0x13,0x44,0x41,0x13,0x44,0x54,0x46,0x87,0x87,0x55,0x9e,0xbc,
  0xcc,0xcc,0xcc,0xcc,0xcc,0xcc,0xcc,0xcc,0xcc,0xcc,0xcc,0xcc,0xcc,0xcc,0xcc,0xcc,0x9f,0x84,0x56,0x85,
  0x55,0x55,0x74,0x44,0x10,0x01,0x55,0x10,0x10,0x23,0x55,0x41,0x02,0x44,0x30,0x24,0x53,0x32,0x45,0x76,
  0x87,0x95,0x58,0xec,0xcc,0xcc,0xcc,0xcc,0xcc,0xcc,0xcc,0xcc,0xcc,0xcc,0xcc,0xcc,0xcc,0xcc,0xcc,0xca,
  0xb7,0x35,0x87,0x76,0x52,0x44,0x55,0x43,0x20,0x00,0x34,0x30,0x00,0x12,0x54,0x40,0x01,0x32,0x10,0x35,
  0x42,0x12,0x44,0x44,0x67,0x88,0x65,0x9e,0x9c,0xcc,0xcc,0xcc,0xcc,0xcc,0xcc,0xcc,0xcc,0xcc,0xcc,0xcc,
  0xcc,0xcc,0xcc,0xcf,0x83,0x46,0x68,0x77,0x53,0x11,0x23,0x44,0x31,0x00,0x13,0x30,0x00,0x00,0x23,0x20,
  0x02,0x21,0x11,0x44,0x21,0x02,0x31,0x24,0x67,0x88,0x85,0x59,0xee,0xcc,0xcc,0xcc,0xcc,0xcc,0xcc,0xcc,
  0xcc,0xcc,0xcc,0xcc,0xcc,0xcc,0xca,0xa8,0x34,0x66,0x66,0x87,0x55,0x32,0x01,0x23,0x41,0x00,0x01,0x10,
  0x00,0x10,0x12,0x10,0x02,0x12,0x12,0x42,0x10,0x01,0x00,0x14,0x45,0x88,0x88,0x55,0xe9,0xcc,0xcc,0xcc,
  0xcc,0xcc,0xcc,0xcc,0xcc,0xcc,0xcc,0xcc,0xcc,0xcc,0xca,0xe4,0x47,0x76,0x54,0x55,0x55,0x32,0x21,0x11,
  0x32,0x00,0x00,0x10,0x01,0x11,0x00,0x00,0x01,0x11,0x13,0x31,0x00,0x00,0x00,0x02,0x34,0x57,0x88,0x85,
  0x7e,0xcc,0xcc,0xcc,0xcc,0xcc,0xcc,0xcc,0xcc,0xcc,0xcc,0xcc,0xcc,0xcc,0xaf,0x54,0x58,0x77,0x54,0x34,
  0x56,0x52,0x12,0x11,0x12,0x00,0x00,0x10,0x00,0x21,0x10,0x00,0x10,0x11,0x23,0x20,0x00,0x00,0x00,0x03,
  0x55,0x56,0x56,0x87,0x59,0xec,0xcc,0xcc,0xcc,0xcc,0xcc,0xcc,0xcc,0xcc,0xcc,0xcc,0xcc,0xcc,0xf8,0x35,
  0x67,0x87,0x54,0x32,0x35,0x55,0x11,0x32,0x11,0x20,0x00,0x00,0x00,0x21,0x10,0x00,0x10,0x12,0x22,0x00,
  0x11,0x00,0x00,0x14,0x45,0x54,0x46,0x78,0x55,0xec,0xcc,0xcc,0xcc,0xcc,0xcc,0xcc,0xcc,0xcc,0xcc,0xcc,
  0xcc,0xc9,0xe3,0x46,0x87,0x66,0x75,0x52,0x02,0x46,0x20,0x13,0x21,0x10,0x00,0x00,0x00,0x11,0x30,0x00,
  0x21,0x12,0x10,0x00,0x11,0x10,0x01,0x34,0x44,0x43,0x48,0x88,0x75,0x7f,0xcc,0xcc,0xcc,0xcc,0xcc,0xcc,
  0xcc,0xcc,0xcc,0xcc,0xcc,0xaf,0x54,0x67,0x77,0x58,0x75,0x66,0x10,0x22,0x20,0x02,0x22,0x10,0x00,0x00,
  0x00,0x02,0x70,0x01,0x21,0x01,0x00,0x00,0x31,0x10,0x12,0x44,0x44,0x33,0x58,0x99,0x86,0x59,0xcc,0xcc,
  0xcc,0xcc,0xcc,0xcc,0xcc,0xcc,0xcc,0xcc,0xcc,0xb9,0x35,0x77,0x76,0x46,0x65,0x76,0x40,0x12,0x11,0x00,
  0x24,0x10,0x00,0x00,0x10,0x03,0x51,0x00,0x21,0x00,0x01,0x01,0x20,0x02,0x21,0x23,0x22,0x24,0x57,0x88,
  0x88,0x57,0xf9,0xcc,0xcc,0xcc,0xcc,0xcc,0xcc,0xcc,0xcc,0xcc,0xca,0xf4,0x46,0x77,0x86,0x44,0x54,0x67,
  0x61,0x02,0x32,0x00,0x03,0x20,0x00,0x00,0x00,0x02,0x32,0x00,0x21,0x00,0x21,0x01,0x10,0x14,0x31,0x10,
  0x01,0x24,0x55,0x66,0x78,0x75,0x9e,0xcc,0xcc,0xcc,0xcc,0xcc,0xcc,0xcc,0xcc,0xcc,0xce,0x94,0x57,0x68,
  0x77,0x54,0x33,0x45,0x52,0x00,0x23,0x10,0x00,0x20,0x00,0x31,0x00,0x41,0x11,0x30,0x11,0x10,0x10,0x10,
  0x01,0x35,0x21,0x00,0x00,0x24,0x45,0x54,0x68,0x75,0x7e,0x9c,0xcc,0xcc,0xcc,0xcc,0xcc,0xcc,0xcc,0xcc,
  0x9f,0x54,0x66,0x68,0x78,0x85,0x32,0x23,0x32,0x00,0x01,0x11,0x00,0x00,0x01,0x45,0x12,0x43,0x02,0x30,
  0x04,0x30,0x10,0x00,0x13,0x31,0x10,0x10,0x00,0x22,0x24,0x33,0x78,0x87,0x59,0xde,0xec,0xcc,0xcc,0xcc,
  0xcc,0xcc,0xcc,0xcc,0xc9,0x35,0x55,0x58,0x67,0x87,0x53,0x32,0x23,0x10,0x00,0x02,0x10,0x10,0x01,0x42,
  0x33,0x24,0x11,0x12,0x34,0x20,0x00,0x00,0x12,0x11,0x11,0x22,0x11,0x11,0x12,0x24,0x68,0x98,0x67,0xee,
  0xcc,0xcc,0xcc,0xcc,0xcc,0xcc,0xcc,0xcc,0xf6,0x36,0x55,0x54,0x44,0x77,0x53,0x33,0x22,0x11,0x10,0x01,
  0x10,0x43,0x21,0x32,0x23,0x14,0x11,0x33,0x12,0x11,0x16,0x25,0x10,0x03,0x43,0x21,0x21,0x00,0x13,0x36,
  0x78,0xd9,0x76,0xdc,0xcc,0xcc,0xcc,0xcc,0xcc,0xcc,0xcc,0xc9,0xf4,0x47,0x89,0x84,0x22,0x23,0x43,0x32,
  0x33,0x21,0x12,0x10,0x10,0x23,0x32,0x22,0x13,0x13,0x21,0x42,0x11,0x32,0x53,0x35,0x10,0x28,0x52,0x11,
  0x00,0x00,0x11,0x46,0x9d,0xd9,0x86,0x8a,0xac,0xcc,0xcc,0xcc,0xcc,0xcc,0xcc,0xcf,0x93,0x56,0x88,0x56,
  0x42,0x11,0x11,0x12,0x24,0x33,0x11,0x22,0x41,0x21,0x33,0x13,0x23,0x23,0x22,0x32,0x23,0x23,0x32,0x33,
  0x00,0x35,0x30,0x00,0x01,0x33,0x21,0x58,0x89,0xa9,0x96,0x8a,0xac,0xcc,0xcc,0xcc,0xcc,0xcc,0xcc,0x9f,
  0x73,0x68,0x67,0x88,0x65,0x44,0x21,0x01,0x12,0x55,0x30,0x11,0x53,0x32,0x14,0x23,0x33,0x45,0x44,0x33,
  0x33,0x33,0x12,0x32,0x00,0x00,0x00,0x00,0x36,0x54,0x22,0x45,0x79,0x98,0x87,0x69,0x9c,0xcc,0xcc,0xcc,
  0xcc,0xcc,0xcc,0xaf,0x44,0x76,0x7d,0x88,0x86,0x45,0x44,0x10,0x01,0x12,0x22,0x10,0x22,0x23,0x32,0x34,
  0x8a,0xbf,0xf9,0x86,0x43,0x43,0x32,0x21,0x33,0x21,0x11,0x02,0x46,0x83,0x24,0x24,0x55,0x58,0x89,0x68,
  0xec,0xcc,0xcc,0xcc,0xcc,0xcc,0xcc,0xbb,0x44,0x78,0xd9,0x97,0x86,0x43,0x43,0x20,0x01,0x11,0x05,0x83,
  0x11,0x42,0x34,0x6f,0xfc,0x9a,0xaa,0xbd,0xa5,0x33,0x32,0x12,0x56,0x32,0x10,0x02,0x34,0x31,0x32,0x11,
  0x23,0x59,0xb9,0x68,0xdc,0xcc,0xcc,0xcc,0xcc,0xcc,0xcc,0xe9,0x35,0x8a,0x88,0x99,0x76,0x53,0x33,0x31,
  0x00,0x11,0x12,0x44,0x32,0x24,0x4f,0xfa,0xcc,0xcc,0xcb,0xb9,0xdf,0x63,0x32,0x24,0x42,0x23,0x10,0x10,
  0x11,0x12,0x11,0x24,0x56,0x77,0x88,0x67,0xdd,0xcc,0xcc,0xcc,0xcc,0xcc,0xcc,0xf8,0x35,0x78,0x88,0x77,
  0x66,0x58,0x33,0x42,0x10,0x14,0x63,0x13,0x44,0x23,0xa9,0x9c,0xaa,0xcc,0xca,0xdc,0xcb,0xf5,0x34,0x43,
  0x12,0x43,0x01,0x11,0x00,0x00,0x01,0x35,0x68,0x88,0x99,0x66,0xec,0xcc,0xcc,0xcc,0xcc,0xcc,0xc9,0xf7,
  0x36,0x55,0x65,0x55,0x66,0x44,0x32,0x11,0x11,0x15,0x45,0x31,0x13,0x47,0xb9,0x9d,0xaa,0xcc,0xca,0xdc,
  0xbb,0xa9,0x54,0x22,0x35,0x32,0x42,0x01,0x00,0x11,0x11,0x23,0x56,0x67,0x98,0x76,0x9c,0xcc,0xcc,0xcc,
  0xcc,0xcc,0xc9,0xf6,0x47,0x77,0x43,0x22,0x21,0x21,0x11,0x23,0x13,0x12,0x32,0x33,0x22,0x4f,0xad,0xec,
  0xcc,0xcc,0xcc,0xcc,0xcc,0x9f,0x73,0x44,0x31,0x14,0x44,0x00,0x12,0x34,0x43,0x13,0x33,0x48,0x88,0x76,
  0x9e,0xcc,0xcc,0xcc,0xcc,0xcc,0xc9,0xf5,0x47,0x97,0x55,0x33,0x32,0x01,0x23,0x12,0x13,0x42,0x32,0x11,
  0x23,0x6f,0x9c,0xcc,0xcc,0xcc,0xcc,0xcc,0xcc,0x9d,0x94,0x32,0x11,0x33,0x31,0x02,0x44,0x33,0x22,0x33,
  0x23,0x44,0x78,0x76,0x8e,0xcc,0xcc,0xcc,0xcc,0xcc,0xc9,0xf5,0x48,0x78,0x87,0x75,0x44,0x31,0x01,0x11,
  0x11,0x15,0x74,0x53,0x23,0x8e,0xca,0xac,0xcc,0xcc,0xcc,0xcc,0xcc,0xcc,0xf4,0x32,0x23,0x45,0x50,0x13,
  0x34,0x32,0x10,0x11,0x23,0x44,0x46,0x86,0x8e,0xcc,0xcc,0xcc,0xcc,0xcc,0xc9,0xf4,0x47,0x87,0x87,0x55,
  0x54,0x44,0x21,0x00,0x24,0x63,0x23,0x33,0x23,0x8e,0xcc,0xcc,0xcc,0xcc,0xcc,0xcc,0xcc,0xcc,0xf6,0x43,
  0x54,0x32,0x00,0x01,0x21,0x01,0x12,0x23,0x54,0x58,0x67,0xe7,0x8e,0xcc,0xcc,0xcc,0xcc,0xcc,0xc9,0xf4,
  0x48,0x77,0x65,0x56,0x55,0x55,0x43,0x11,0x12,0x34,0x21,0x23,0x33,0xdc,0xcc,0xcc,0xcc,0xcc,0xcc,0xcc,
  0xcc,0xc9,0xf6,0x33,0x32,0x12,0x01,0x20,0x01,0x00,0x22,0x35,0x56,0x78,0x99,0x98,0x8e,0xcc,0xcc,0xcc,
  0xcc,0xcc,0xc9,0xf4,0x47,0x78,0x97,0x75,0x66,0x88,0x64,0x31,0x13,0x34,0x53,0x13,0x33,0x9f,0xcc,0xcc,
  0xcc,0xcc,0xcc,0xcc,0xcc,0xca,0xf4,0x22,0x12,0x35,0x51,0x12,0x10,0x00,0x12,0x45,0x57,0x86,0x89,0x97,
  0x8f,0xcc,0xcc,0xcc,0xcc,0xcc,0xc9,0xf4,0x47,0x88,0xbb,0x76,0x66,0x89,0x74,0x11,0x12,0x85,0x32,0x22,
  0x33,0x7d,0x9c,0xcc,0xcc,0xcc,0xcc,0xcc,0xcc,0xca,0xf3,0x22,0x23,0x45,0x55,0x12,0x22,0x22,0x02,0x45,
  0x88,0x78,0xd9,0x97,0x8f,0xcc,0xcc,0xcc,0xcc,0xcc,0xc9,0xf5,0x47,0x8d,0x99,0x86,0x44,0x54,0x21,0x11,
  0x10,0x12,0x21,0x23,0x32,0x5f,0x9a,0xac,0xcc,0xcc,0xcc,0xcc,0xcc,0xcc,0xb3,0x33,0x32,0x13,0x53,0x10,
  0x12,0x33,0x32,0x14,0x78,0x99,0x9b,0x97,0x8f,0xcc,0xcc,0xcc,0xcc,0xcc,0xc9,0xf6,0x47,0x88,0x85,0x45,
  0x43,0x10,0x11,0x22,0x21,0x11,0x13,0x32,0x23,0x39,0xba,0xac,0xcc,0xcc,0xcc,0xcc,0xcc,0xaf,0x53,0x22,
  0x34,0x32,0x34,0x20,0x12,0x22,0x32,0x11,0x45,0x89,0x89,0x97,0x9c,0xcc,0xcc,0xcc,0xcc,0xcc,0xcc,0xf7,
  0x36,0x77,0x64,0x55,0x33,0x32,0x34,0x33,0x31,0x12,0x74,0x22,0x31,0x28,0xb9,0xac,0xcc,0xcc,0xcc,0xcc,
  0xcc,0xae,0x33,0x21,0x22,0x44,0x31,0x00,0x01,0x34,0x43,0x33,0x23,0x66,0x99,0x98,0x9b,0xcc,0xcc,0xcc,
  0xcc,0xcc,0xcc,0xf8,0x45,0x88,0x68,0x87,0x84,0x45,0x42,0x22,0x10,0x11,0x11,0x33,0x12,0x42,0x9e,0x9c,
  0xcc,0xcc,0xcc,0xcc,0xca,0xf4,0x22,0x31,0x11,0x12,0x10,0x01,0x00,0x13,0x44,0x44,0x44,0x46,0x99,0x98,
  0xbc,0xcc,0xcc,0xcc,0xcc,0xcc,0xcc,0xce,0x45,0x99,0x89,0x89,0x74,0x44,0x33,0x10,0x00,0x21,0x28,0x52,
  0x25,0x12,0x38,0xfa,0x9c,0xcc,0xcc,0x9a,0xab,0x42,0x21,0x23,0x22,0x21,0x02,0x45,0x31,0x01,0x24,0x43,
  0x47,0x67,0x89,0x88,0xba,0xcc,0xcc,0xcc,0xcc,0xcc,0xcc,0xaf,0x44,0x87,0x88,0x78,0x65,0x43,0x21,0x00,
  0x01,0x11,0x11,0x12,0x72,0x23,0x33,0x7f,0xfb,0x99,0x9c,0xff,0x93,0x23,0x21,0x11,0x34,0x32,0x02,0x58,
  0x73,0x00,0x13,0x44,0x44,0x68,0x88,0x88,0xec,0xcc,0xcc,0xcc,0xcc,0xcc,0xcc,0x9f,0x54,0x76,0x65,0x44,
  0x43,0x31,0x10,0x00,0x02,0x23,0x32,0x12,0x31,0x22,0x22,0x34,0x79,0xff,0xfe,0x85,0x32,0x12,0x22,0x10,
  0x12,0x33,0x01,0x36,0x64,0x22,0x22,0x34,0x55,0x68,0x98,0x78,0xec,0xcc,0xcc,0xcc,0xcc,0xcc,0xcc,0xcf,
  0x83,0x67,0x86,0x54,0x32,0x01,0x12,0x21,0x12,0x34,0x21,0x10,0x23,0x31,0x22,0x22,0x23,0x33,0x33,0x22,
  0x32,0x11,0x22,0x11,0x00,0x01,0x11,0x12,0x43,0x33,0x33,0x35,0x8d,0x88,0x98,0x69,0xec,0xcc,0xcc,0xcc,
  0xcc,0xcc,0xcc,0xcc,0xe4,0x48,0x79,0x97,0x63,0x34,0x35,0x64,0x12,0x32,0x32,0x00,0x55,0x11,0x32,0x11,
  0x22,0x22,0x22,0x21,0x21,0x10,0x14,0x23,0x10,0x12,0x43,0x21,0x22,0x34,0x44,0x34,0x67,0x9d,0xe8,0x8e,
  0xec,0xcc,0xcc,0xcc,0xcc,0xcc,0xcc,0xcc,0xf5,0x47,0x68,0x75,0x43,0x53,0x47,0x43,0x12,0x23,0x31,0x01,
  0x52,0x14,0x21,0x01,0x21,0x12,0x21,0x22,0x00,0x10,0x02,0x32,0x40,0x01,0x23,0x33,0x22,0x13,0x55,0x44,
  0x57,0xde,0xd7,0x8e,0xec,0xcc,0xcc,0xcc,0xcc,0xcc,0xcc,0xcc,0xf8,0x47,0x87,0x55,0x46,0x54,0x45,0x41,
  0x21,0x34,0x10,0x01,0x30,0x21,0x02,0x10,0x31,0x02,0x30,0x13,0x10,0x12,0x00,0x12,0x31,0x01,0x11,0x34,
  0x53,0x22,0x34,0x56,0x77,0x8e,0x98,0x9e,0xec,0xcc,0xcc,0xcc,0xcc,0xcc,0xcc,0xcc,0x9e,0x44,0x77,0x78,
  0xe8,0x54,0x33,0x32,0x22,0x41,0x00,0x00,0x00,0x00,0x23,0x00,0x31,0x02,0x31,0x14,0x20,0x02,0x11,0x10,
  0x00,0x00,0x01,0x23,0x46,0x52,0x24,0x58,0xf9,0x9e,0x88,0xdd,0xcc,0xcc,0xcc,0xcc,0xcc,0xcc,0xcc,0xcc,
  0xcf,0x74,0x58,0x88,0x97,0x65,0x55,0x43,0x23,0x21,0x00,0x12,0x22,0x10,0x24,0x10,0x30,0x04,0x32,0x13,
  0x40,0x00,0x01,0x33,0x21,0x00,0x00,0x02,0x45,0x54,0x44,0x48,0xa9,0x9d,0x78,0xfc,0xcc,0xcc,0xcc,0xcc,
  0xcc,0xcc,0xcc,0xcc,0xce,0xe5,0x68,0x87,0x74,0x45,0x75,0x44,0x32,0x10,0x01,0x22,0x32,0x10,0x22,0x00,
  0x10,0x04,0x43,0x21,0x50,0x11,0x12,0x37,0x54,0x10,0x11,0x00,0x12,0x45,0x57,0x77,0x8a,0x98,0x6a,0xec,
  0xac,0xcc,0xcc,0xcc,0xcc,0xcc,0xcc,0xcc,0xcc,0xf7,0x47,0x89,0x85,0x66,0x44,0x54,0x21,0x00,0x23,0x42,
  0x10,0x10,0x01,0x22,0x02,0x02,0x53,0x41,0x11,0x21,0x12,0x35,0x57,0x31,0x01,0x11,0x12,0x24,0x69,0xd9,
  0x8d,0x96,0x8a,0xbd,0xdc,0xcc,0xcc,0xcc,0xcc,0xcc,0xcc,0xcc,0xcc,0xc9,0x55,0x89,0x99,0x75,0x56,0x43,
  0x31,0x02,0x33,0x21,0x00,0x11,0x12,0x34,0x01,0x10,0x34,0x32,0x13,0x43,0x11,0x36,0x67,0x43,0x20,0x01,
  0x22,0x42,0x56,0x99,0x9a,0x87,0x9a,0xbd,0xdc,0xcc,0xcc,0xcc,0xcc,0xcc,0xcc,0xcc,0xcc,0x9e,0x85,0x77,
  0x88,0x88,0x74,0x44,0x20,0x03,0x44,0x20,0x01,0x21,0x13,0x44,0x11,0x11,0x13,0x11,0x24,0x44,0x20,0x13,
  0x45,0x53,0x32,0x11,0x21,0x14,0x46,0x88,0xd9,0x69,0xfc,0xbc,0xdc,0xcc,0xcc,0xcc,0xcc,0xcc,0xcc,0xcc,
  0xcc,0xcc,0xe6,0x57,0x87,0x77,0x44,0x43,0x10,0x24,0x63,0x10,0x24,0x31,0x13,0x43,0x10,0x10,0x11,0x11,
  0x24,0x44,0x32,0x02,0x42,0x34,0x33,0x54,0x43,0x24,0x68,0x99,0x97,0x7f,0xcc,0xcc,0xcc,0xcc,0xcc,0xcc,
  0xcc,0xcc,0xcc,0xcc,0xcc,0xcc,0x99,0x55,0x78,0x66,0x55,0x43,0x23,0x48,0x53,0x02,0x46,0x31,0x13,0x43,
  0x00,0x21,0x12,0x11,0x13,0x54,0x43,0x11,0x23,0x33,0x34,0x65,0x67,0x53,0x46,0x7e,0x86,0xdd,0xcc,0xcc,
  0xcc,0xcc,0xcc,0xcc,0xcc,0xcc,0xcc,0xcc,0xcc,0xcc,0xae,0x84,0x79,0x89,0x64,0x65,0x45,0x57,0x41,0x13,
  0x45,0x32,0x12,0x33,0x10,0x21,0x02,0x31,0x12,0x45,0x73,0x31,0x12,0x65,0x44,0x56,0x57,0x74,0x58,0x88,
  0x68,0xdc,0xcc,0xcc,0xcc,0xcc,0xcc,0xcc,0xcc,0xcc,0xcc,0xcc,0xcc,0xcc,0xa9,0xb7,0x57,0x89,0x76,0x75,
  0x57,0x85,0x31,0x26,0x33,0x23,0x12,0x35,0x10,0x31,0x01,0x52,0x02,0x35,0x74,0x34,0x21,0x46,0x87,0x45,
  0x77,0x87,0x89,0x95,0x7a,0xac,0xcc,0xcc,0xcc,0xcc,0xcc,0xcc,0xcc,0xcc,0xcc,0xcc,0xcc,0xcc,0xcc,0xae,
  0x65,0x78,0x87,0x65,0x78,0x85,0x22,0x34,0x42,0x34,0x12,0x54,0x11,0x31,0x01,0x44,0x11,0x24,0x55,0x43,
  0x42,0x35,0x88,0x76,0x78,0x89,0x88,0x66,0xea,0xcc,0xcc,0xcc,0xcc,0xcc,0xcc,0xcc,0xcc,0xcc,0xcc,0xcc,
  0xcc,0xcc,0xcc,0xa9,0x95,0x57,0x87,0x78,0x88,0x53,0x34,0x45,0x32,0x32,0x12,0x55,0x11,0x32,0x11,0x26,
  0x41,0x13,0x56,0x54,0x72,0x24,0x57,0x89,0x88,0x99,0x86,0x5e,0x9a,0xcc,0xcc,0xcc,0xcc,0xcc,0xcc,0xcc,
  0xcc,0xcc,0xcc,0xcc,0xcc,0xcc,0xcc,0xaa,0x9e,0x55,0x78,0x89,0x87,0x43,0x44,0x54,0x23,0x44,0x23,0x75,
  0x01,0x34,0x33,0x24,0x52,0x13,0x46,0x85,0x56,0x24,0x65,0x69,0x98,0x99,0x66,0xba,0xaa,0xcc,0xcc,0xcc,
  0xcc,0xcc,0xcc,0xcc,0xcc,0xcc,0xcc,0xcc,0xcc,0xcc,0xcc,0xcc,0xa9,0xe6,0x57,0x88,0x75,0x46,0x68,0x54,
  0x46,0x43,0x23,0x42,0x02,0x46,0x44,0x34,0x53,0x24,0x45,0x77,0x75,0x46,0x88,0x78,0x8e,0x86,0x69,0xb9,
  0xcc,0xcc,0xcc,0xcc,0xcc,0xcc,0xcc,0xcc,0xcc,0xcc,0xcc,0xcc,0xcc,0xcc,0xcc,0xcc,0xcc,0xcf,0x65,0x78,
  0x66,0x78,0x78,0x55,0x68,0x73,0x44,0x21,0x23,0x56,0x55,0x55,0x44,0x45,0x54,0x58,0x96,0x46,0x99,0x98,
  0x98,0x56,0xd9,0xcc,0xcc,0xcc,0xcc,0xcc,0xcc,0xcc,0xcc,0xcc,0xcc,0xcc,0xcc,0xcc,0xcc,0xcc,0xcc,0xcc,
  0xcc,0xca,0xf7,0x55,0x78,0x88,0x78,0x65,0x98,0x64,0x86,0x21,0x44,0x56,0x55,0x47,0x55,0x45,0x77,0x67,
  0x89,0x46,0x88,0x99,0x75,0x8b,0x99,0xcc,0xcc,0xcc,0xcc,0xcc,0xcc,0xcc,0xcc,0xcc,0xcc,0xcc,0xcc,0xcc,
  0xcc,0xcc,0xcc,0xcc,0xcc,0xcc,0xbf,0x85,0x57,0x78,0x88,0x76,0x87,0x55,0x75,0x33,0x64,0x55,0x65,0x66,
  0x95,0x57,0x88,0x67,0x97,0x56,0x99,0x86,0x58,0xb9,0xaa,0xac,0xcc,0xcc,0xcc,0xcc,0xcc,0xcc,0xcc,0xcc,
  0xcc,0xcc,0xcc,0xcc,0xcc,0xcc,0xcc,0xcc,0xcc,0xcc,0xcb,0xee,0x75,0x57,0x99,0x88,0x86,0x66,0x65,0x75,
  0x68,0x75,0x68,0x78,0x86,0x67,0x98,0x89,0x97,0x88,0x76,0x57,0xde,0xbc,0xcc,0xcc,0xcc,0xcc,0xcc,0xcc,
  0xcc,0xcc,0xcc,0xcc,0xcc,0xcc,0xcc,0xcc,0xcc,0xcc,0xcc,0xcc,0xcc,0xcc,0xcc,0xcc,0xe9,0x65,0x57,0x88,
  0x88,0x87,0x57,0x76,0x78,0x77,0x78,0x77,0x97,0x69,0x99,0x99,0x89,0x96,0x46,0x8e,0xd9,0xcc,0xcc,0xcc,
  0xcc,0xcc,0xcc,0xcc,0xcc,0xcc,0xcc,0xcc,0xcc,0xcc,0xcc,0xcc,0xcc,0xcc,0xcc,0xcc,0xcc,0xcc,0xcc,0xcc,
  0xce,0x98,0x65,0x56,0x87,0x68,0x79,0x88,0x68,0x88,0x88,0x75,0x79,0x98,0x99,0x99,0x86,0x56,0x8f,0xd9,
  0xcc,0xcc,0xcc,0xcc,0xcc,0xcc,0xcc,0xcc,0xcc,0xcc,0xcc,0xcc,0xcc,0xcc,0xcc,0xcc,0xcc,0xcc,0xcc,0xcc,
  0xcc,0xcc,0xcc,0xcc,0xcb,0xbb,0xf8,0x75,0x55,0x67,0x88,0x99,0x88,0x99,0x98,0x89,0x99,0xe9,0x88,0x65,
  0x56,0x8b,0xba,0xdc,0xcc,0xcc,0xcc,0xcc,0xcc,0xcc,0xcc,0xcc,0xcc,0xcc,0xcc,0xcc,0xcc,0xcc,0xcc,0xcc,
  0xcc,0xcc,0xcc,0xcc,0xcc,0xcc,0xcc,0xcc,0xcc,0xc9,0x9e,0xf9,0x86,0x55,0x56,0x67,0x89,0x88,0x98,0x87,
  0x87,0x65,0x56,0x78,0x9f,0xec,0xcc,0xcc,0xcc,0xcc,0xcc,0xcc,0xcc,0xcc,0xcc,0xcc,0xcc,0xcc,0xcc,0xcc,
  0xcc,0xcc,0xcc,0xcc,0xcc,0xcc,0xcc,0xcc,0xcc,0xcc,0xcc,0xcc,0xcc,0xcc,0xcc,0xbc,0xff,0x98,0x86,0x66,
  0x55,0x55,0x55,0x55,0x56,0x67,0x89,0xec,0xc9,0xcc,0xcc,0xcc,0xcc,0xcc,0xcc,0xcc,0xcc,0xcc,0xcc,0xcc,
  0xcc,0xcc,0xcc,0xcc,0xcc,0xcc,0xcc,0xcc,0xcc,0xcc,0xcc,0xcc,0xcc,0xcc,0xcc,0xcc,0xcc,0xcc,0xcc,0xcc,
  0xcc,0xab,0xef,0xd9,0x99,0x88,0x89,0x9a,0xee,0xff,0xfa,0xaa,0xcc,0xcc,0xcc,0xcc,0xcc,0xcc,0xcc,0xcc,
  0xcc,0xcc,0xcc,0xcc,0xcc,0xcc,0xcc,0xcc,0xcc,0xcc,0xcc,0xcc,0xcc,0xcc,0xcc,0xcc,0xcc,0xcc,0xcc,0xcc,
  0xcc,0xcc,0xcc,0xcc,0xcc,0xcc,0xcc,0xcc,0xcf,0xff,0xff,0xff,0xcc,0xcc,0xcc,0xcc,0xcc,0xcc,0xcc,0xcc,
  0xcc,0xcc,0xcc,0xcc,0xcc,0xcc,0xcc,0xcc,0xcc,0xcc,0xcc,0xcc,0xcc,0xcc,0xcc,0xcc,0xcc,0xcc,0xcc,0xcc,
  0xcc,0xcc,0xcc,0xcc,0xcc,0xcc,0xcc,0xcc,0xcc,0xcc,0xcc,0xcc,0xcc,0xcc,0xcc,0xcc,0xcc,0xcc,0xcc,0xcc,
  0xcc,0xcc,0xcc,0xcc,0xcc,0xcc,0xcc,0xcc,0xcc,0xcc,0xcc,0xcc,0xcc,0xcc,0xcc,0xcc,0xcc,0xcc,0xcc,0xcc,
  0xcc,0xcc,0xcc,0xcc,0xcc,0xcc,0xcc,0xcc,0xcc,0xcc,0xcc,0xcc,0xcc,0xcc,0xcc,0xcc,0xcc,0xcc,0xcc,0xcc,
  0xcc,0xcc,0xcc,0xcc,0xcc,0xcc,0xcc,0xcc,0xcc,0xcc,0xcc,0xcc,0xcc,0xcc,0xcc,0xcc,0xcc,0xcc,0xcc,0xcc,
  0xcc,0xcc,0xcc,0xcc,0xcc,0xcc,0xcc,0xcc,0xcc,0xcc,0xcc,0xcc,0xcc,0xcc,0xcc,0xcc,0xcc,0xcc,0xcc,0xcc,
  0xcc,0xcc,0xcc,0xcc,0xcc,0xcc,0xcc,0xcc,0xcc,0xcc,0xcc,0xcc,0xcc,0xcc,0xcc,0xcc,0xcc,0xcc,0xcc,0xcc,
  0xcc,0xcc,0xcc,0xcc,0xcc,0xcc,0xcc,0xcc,0xcc,0xcc,0xcc,0xcc,0xcc,0xcc,0xcc,0xcc,0xcc,0xcc,0xcc,0xcc,
  0xcc,0xcc,0xcc,0xcc,0xcc,0xcc,0xcc,0xcc,0xcc,0xcc,0xcc,0xcc,0xcc,0xcc,0xcc,0xcc,0xcc,0xcc,0xcc,0xcc,
  0xcc,0xcc,0xcc,0xcc,0xcc,0xcc,0xcc,0xcc,0xcc,0xcc,0xcc,0xcc,0xcc,0xcc,0xcc,0xcc,0xcc,0xcc,0xcc,0xcc,
  0xcc,0xcc,0xcc,0xcc,0xcc,0xcc,0xcc,0xcc,0xcc,0xcc,0xcc,0xcc,0xcc,0xcc,0xcc,0xcc,0xcc,0xcc,0xcc,0xcc,
  0xcc,0xcc,0xcc,0xcc,0xcc,0xcc,0xcc,0xcc,0xcc,0xcc,0xcc,0xcc,0xcc,0xcc,0xcc,0xcc,0xcc,0xcc,0xcc,0xcc,
  0xcc,0xcc,0xcc,0xcc,0xcc,0xcc,0xcc,0xcc,0xcc,0xcc,0xcc,0xcc,0xcc,0xcc,0xcc,0xcc,0xcc,0xcc,0xcc,0xcc,
  0xcc,0xcc,0xcc,0xcc,0xcc,0xcc,0xcc,0xcc,0xcc,0xcc,0xcc,0xcc,0xcc,0xcc,0xcc,0xcc,
};
constexpr std::uint8_t cover_cartoon[] = {
  0xfb,0xfd,0xfe,0xff,0xf4,0xf8,0xfd,0xff,0xf3,0xf8,0xfb,0xff,0xf2,0xf8,0xfb,0xff,0xf1,0xf8,0xfb,0xff,
  0xcd,0xfc,0xea,0xff,0xf0,0xf6,0xf9,0xff,0xee,0xf3,0xf5,0xff,0xea,0xee,0xf1,0xff,0xdc,0xe2,0xe4,0xff,
  0xda,0xcc,0x87,0xff,0x88,0x91,0x84,0xff,0xce,0x8d,0x1f,0xff,0xf1,0x97,0x03,0xff,0x66,0x52,0x32,0xff,
  0x2f,0x22,0x15,0xff,0x33,0x33,0x33,0x33,0x33,0x33,0x33,0x33,0x33,0x33,0x33,0x33,0x33,0x33,0x33,0x33,
  0x33,0x33,0x33,0x33,0x33,0x33,0x33,0x33,0x33,0x33,0x33,0x33,0x33,0x33,0x33,0x33,0x33,0x33,0x33,0x33,
  0x33,0x33,0x33,0x33,0x33,0x33,0x33,0x33,0x33,0x33,0x33,0x33,0x33,0x33,0x33,0x33,0x33,0x33,0x33,0x33,
  0x33,0x33,0x33,0x33,0x33,0x33,0x33,0x33,0x33,0x33,0x33,0x33,0x33,0x33,0x33,0x33,0x33,0x33,0x33,0x33,
  0x33,0x33,0x33,0x33,0x33,0x33,0x33,0x33,0x33,0x33,0x33,0x33,0x33,0x33,0x33,0x33,0x33,0x33,0x33,0x33,
  0x33,0x33,0x33,0x33,0x33,0x33,0x33,0x33,0x33,0x33,0x33,0x33,0x33,0x33,0x33,0x33,0x33,0x33,0x33,0x33,
  0x33,0x33,0x33,0x33,0x33,0x33,0x33,0x33,0x33,0x33,0x33,0x33,0x33,0x33,0x33,0x33,0x33,0x33,0x33,0x33,
  0x33,0x33,0x33,0x33,0x33,0x33,0x33,0x33,0x33,0x33,0x33,0x33,0x33,0x33,0x33,0x33,0x33,0x33,0x33,0x33,
  0x33,0x33,0x33,0x33,0x33,0x33,0x33,0x33,0x33,0x33,0x33,0x33,0x33,0x33,0x33,0x33,0x33,0x33,0x33,0x33,
  0x33,0x33,0x33,0x33,0x33,0x33,0x33,0x33,0x33,0x33,0x33,0x33,0x33,0x33,0x33,0x33,0x33,0x33,0x33,0x33,
  0x33,0x33,0x33,0x33,0x33,0x33,0x33,0x33,0x33,0x33,0x33,0x33,0x33,0x33,0x33,0x33,0x33,0x33,0x33,0x33,
  0x33,0x33,0x33,0x33,0x33,0x33,0x33,0x33,0x33,0x33,0x33,0x33,0x33,0x33,0x33,0x33,0x33,0x33,0x33,0x33,
  0x33,0x33,0x33,0x33,0x33,0x33,0x33,0x33,0x33,0x33,0x33,0x33,0x33,0x33,0x33,0x33,0x33,0x33,0x33,0x33,
  0x33,0x33,0x33,0x33,0x33,0x33,0x33,0x33,0x33,0x33,0x33,0x33,0x33,0x33,0x33,0x33,0x33,0x33,0x33,0x33,
  0x33,0x33,0x33,0x33,0x33,0x33,0x33,0x33,0x33,0x33,0x33,0x33,0x33,0x33,0x33,0x33,0x33,0x33,0x33,0x33,
  0x33,0x33,0x33,0x33,0x33,0x33,0x33,0x33,0x33,0x33,0x33,0x33,0x33,0x33,0x33,0x33,0x33,0x33,0x33,0x33,
  0x33,0x33,0x33,0x33,0x33,0x33,0x33,0x33,0x33,0x33,0x33,0x33,0x33,0x33,0x33,0x33,0x33,0x33,0x33,0x33,
  0x33,0x33,0x33,0x33,0x33,0x33,0x33,0x33,0x33,0x33,0x33,0x33,0x33,0x33,0x33,0x33,0x33,0x33,0x33,0x33,
  0x33,0x33,0x33,0x33,0x33,0x33,0x33,0x33,0x33,0x33,0x33,0x33,0x33,0x33,0x33,0x33,0x33,0x33,0x33,0x33,
  0x33,0x33,0x33,0x33,0x33,0x33,0x33,0x33,0x33,0x33,0x33,0x33,0x33,0x33,0x33,0x33,0x33,0x33,0x33,0x33,
  0x33,0x33,0x33,0x33,0x33,0x33,0x33,0x33,0x33,0x33,0x33,0x33,0x33,0x33,0x33,0x33,0x33,0x33,0x33,0x33,
  0x33,0x33,0x33,0x33,0x33,0x33,0x33,0x33,0x33,0x33,0x33,0x33,0x33,0x33,0x33,0x33,0x33,0x33,0x33,0x33,
  0x33,0x33,0x33,0x33,0x33,0x33,0x33,0x33,0x33,0x33,0x33,0x33,0x33,0x33,0x33,0x33,0x33,0x33,0x33,0x33,
  0x33,0x33,0x33,0x33,0x33,0x33,0x33,0x33,0x33,0x33,0x33,0x33,0x33,0x33,0x33,0x33,0x33,0x33,0x33,0x33,
  0x33,0x33,0x33,0x33,0x33,0x33,0x33,0x33,0x33,0x33,0x33,0x33,0x33,0x33,0x33,0x33,0x33,0x33,0x33,0x33,
  0x33,0x33,0x33,0x33,0x33,0x33,0x33,0x33,0x33,0x33,0x33,0x33,0x33,0x33,0x33,0x33,0x33,0x33,0x33,0x33,
  0x33,0x33,0x33,0x33,0x33,0x33,0x33,0x33,0x33,0x33,0x33,0x33,0x33,0x33,0x33,0x33,0x33,0x33,0x33,0x33,
  0x33,0x33,0x33,0x33,0x33,0x33,0x33,0x33,0x33,0x33,0x33,0x33,0x33,0x33,0x33,0x33,0x33,0x33,0x33,0x33,
  0x33,0x33,0x33,0x33,0x33,0x33,0x33,0x33,0x33,0x33,0x33,0x33,0x33,0x33,0x33,0x33,0x33,0x33,0x33,0x33,
  0x33,0x33,0x33,0x33,0x33,0x33,0x33,0x33,0x33,0x33,0x33,0x33,0x33,0x33,0x33,0x33,0x33,0x33,0x33,0x33,
  0x33,0x33,0x33,0x33,0x33,0x33,0x33,0x33,0x33,0x33,0x33,0x33,0x33,0x33,0x33,0x33,0x33,0x33,0x33,0x33,
  0x33,0x33,0x33,0x33,0x33,0x33,0x33,0x33,0x33,0x33,0x33,0x33,0x33,0x33,0x33,0x33,0x33,0x33,0x33,0x33,
  0x33,0x33,0x33,0x33,0x33,0x33,0x33,0x33,0x33,0x33,0x33,0x34,0x43,0x44,0x33,0x33,0x33,0x33,0x33,0x33,
  0x33,0x33,0x33,0x33,0x33,0x33,0x33,0x33,0x33,0x33,0x33,0x33,0x33,0x33,0x33,0x33,0x33,0x33,0x33,0x33,
  0x33,0x33,0x33,0x33,0x33,0x33,0x33,0x33,0x33,0x33,0x33,0x33,0x33,0x33,0x66,0x77,0x88,0x88,0x76,0x63,
  0x33,0x33,0x33,0x33,0x33,0x33,0x33,0x33,0x33,0x33,0x33,0x33,0x33,0x33,0x33,0x33,0x33,0x33,0x33,0x33,
  0x33,0x33,0x33,0x33,0x33,0x33,0x33,0x33,0x33,0x33,0x33,0x33,0x33,0x33,0x33,0x33,0x33,0x67,0x78,0x88,
  0x76,0x67,0x88,0x87,0x63,0x33,0x33,0x33,0x33,0x33,0x33,0x33,0x33,0x33,0x33,0x33,0x33,0x33,0x33,0x33,
  0x33,0x33,0x33,0x33,0x33,0x33,0x33,0x33,0x33,0x33,0x33,0x33,0x33,0x33,0x33,0x33,0x33,0x33,0x33,0x33,
  0x36,0x78,0x86,0x18,0x9a,0xa9,0x91,0x68,0x86,0x33,0x33,0x33,0x33,0x33,0x33,0x33,0x33,0x33,0x33,0x33,
  0x33,0x33,0x33,0x33,0x33,0x33,0x33,0x33,0x33,0x33,0x33,0x33,0x33,0x33,0x33,0x33,0x33,0x33,0x33,0x33,
  0x33,0x33,0x33,0x32,0x78,0x88,0x3a,0xee,0xfe,0xef,0xfe,0x91,0x88,0x62,0x33,0x33,0x33,0x33,0x33,0x33,
  0x33,0x33,0x33,0x33,0x33,0x33,0x33,0x33,0x33,0x33,0x33,0x33,0x33,0x33,0x33,0x33,0x33,0x33,0x33,0x33,
  0x33,0x33,0x33,0x67,0x77,0x43,0x33,0x37,0x88,0x89,0xef,0xbb,0x55,0x55,0xbb,0xfb,0x88,0x86,0x33,0x33,
  0x33,0x33,0x33,0x33,0x33,0x33,0x33,0x33,0x33,0x33,0x33,0x33,0x33,0x33,0x33,0x33,0x33,0x33,0x33,0x33,
  0x33,0x33,0x33,0x33,0x33,0x33,0x46,0x00,0x00,0x14,0x33,0x47,0x88,0x9e,0xb9,0x55,0x55,0x55,0x55,0x5e,
  0xe8,0x87,0x43,0x33,0x33,0x33,0x33,0x33,0x33,0x33,0x33,0x33,0x33,0x33,0x33,0x33,0x33,0x33,0x33,0x33,
  0x33,0x33,0x33,0x33,0x33,0x33,0x33,0x33,0x33,0x36,0x10,0x9b,0xbb,0x71,0x43,0x78,0x89,0xbb,0x48,0x95,
  0x55,0x55,0x55,0x55,0xfb,0x18,0x73,0x33,0x33,0x33,0x33,0x33,0x33,0x33,0x33,0x33,0x33,0x33,0x33,0x33,
  0x33,0x33,0x33,0x33,0x33,0x33,0x33,0x33,0x33,0x33,0x33,0x33,0x33,0x41,0x7e,0xff,0xff,0xe7,0x26,0x78,
  0x6b,0xb4,0x85,0x55,0x5b,0xff,0xfb,0x55,0xaf,0x97,0x83,0x33,0x33,0x33,0x33,0x33,0x33,0x33,0x33,0x33,
  0x33,0x33,0x33,0x33,0x33,0x33,0x33,0x33,0x33,0x33,0x33,0x33,0x33,0x33,0x33,0x33,0x34,0x32,0xff,0xbb,
  0xee,0xf9,0x07,0x88,0x9e,0x95,0x55,0x5b,0x5b,0xee,0xfb,0x55,0x5e,0xb1,0x83,0x33,0x33,0x33,0x33,0x33,
  0x33,0x33,0x33,0x33,0x33,0x33,0x33,0x33,0x33,0x33,0x33,0x33,0x33,0x33,0x33,0x33,0x33,0x33,0x33,0x46,
  0x78,0x0b,0xfa,0xbe,0xff,0xe2,0x47,0x82,0xbb,0x55,0xbf,0xff,0xe5,0x5f,0xe5,0x55,0x5e,0xb1,0x83,0x33,
  0x33,0x33,0x33,0x33,0x33,0x33,0x33,0x33,0x33,0x33,0x33,0x33,0x33,0x33,0x33,0x33,0x33,0x33,0x33,0x33,
  0x33,0x34,0x66,0x10,0x00,0x0f,0xeb,0xef,0xfa,0x07,0x67,0x81,0xbb,0x55,0xab,0xbf,0xb5,0xef,0x95,0x55,
  0x5e,0xb0,0x83,0x33,0x33,0x33,0x33,0x33,0x33,0x33,0x33,0x33,0x33,0x33,0x33,0x33,0x33,0x33,0x33,0x33,
  0x33,0x33,0x33,0x33,0x34,0x71,0x00,0x9a,0xbb,0xef,0xee,0xef,0xb0,0x00,0x07,0x91,0xbb,0x55,0x55,0xfe,
  0x5a,0xff,0xff,0x55,0x5e,0xb1,0x83,0x33,0x33,0x33,0x33,0x33,0x33,0x33,0x33,0x33,0x33,0x33,0x33,0x33,
  0x33,0x33,0x33,0x33,0x33,0x33,0x33,0x33,0x60,0x08,0xbe,0xff,0xee,0xef,0xbe,0xef,0xff,0xeb,0x92,0x01,
  0xae,0x55,0x5b,0xfb,0xb9,0xbb,0xba,0x55,0xaf,0x97,0x83,0x33,0x33,0x33,0x33,0x33,0x33,0x33,0x33,0x33,
  0x33,0x33,0x33,0x33,0x33,0x33,0x33,0x33,0x33,0x33,0x33,0x36,0x09,0xef,0xeb,0xaa,0xac,0xff,0xee,0xff,
  0xcc,0xee,0xff,0xb9,0x1e,0xb5,0x9f,0xff,0xfa,0x55,0x55,0x55,0xeb,0x18,0x73,0x33,0x33,0x33,0x33,0x33,
  0x33,0x33,0x33,0x33,0x33,0x33,0x33,0x33,0x33,0x33,0x33,0x33,0x33,0x33,0x33,0x60,0xbf,0xe9,0x9a,0xac,
  0xac,0xff,0xff,0xff,0xfa,0xaa,0xac,0xff,0xb9,0xe9,0x5b,0xbb,0x55,0x55,0x55,0x5e,0xe8,0x88,0x72,0x33,
  0x33,0x33,0x33,0x33,0x33,0x33,0x33,0x33,0x33,0x33,0x33,0x33,0x33,0x33,0x33,0x33,0x33,0x33,0x36,0x0b,
  0xf9,0x00,0x8a,0xaa,0xaa,0xaa,0xcc,0xcc,0xca,0xaa,0xaa,0xab,0xfb,0x9e,0xb5,0x55,0x55,0x55,0x5b,0xfe,
  0x98,0x87,0x43,0x33,0x33,0x33,0x33,0x33,0x33,0x33,0x33,0x33,0x33,0x33,0x33,0x33,0x33,0x33,0x33,0x33,
  0x33,0x33,0x60,0x9f,0x90,0x87,0x11,0x11,0x16,0x78,0x89,0x9a,0xaa,0xaa,0x99,0xaa,0xcf,0x2b,0xb5,0xbb,
  0xbb,0xbb,0xef,0xb8,0x88,0x76,0x33,0x33,0x33,0x33,0x33,0x33,0x33,0x33,0x33,0x33,0x33,0x33,0x33,0x33,
  0x33,0x33,0x33,0x33,0x33,0x33,0x70,0xbe,0x08,0x77,0x77,0x77,0x66,0x64,0x44,0x41,0x18,0xaa,0xac,0xcc,
  0xcf,0xbb,0xbe,0xee,0xee,0xee,0xb9,0x18,0x88,0x62,0x33,0x33,0x33,0x33,0x33,0x33,0x33,0x33,0x33,0x33,
  0x33,0x33,0x33,0x33,0x33,0x33,0x33,0x33,0x33,0x33,0x60,0xfa,0x08,0x77,0x77,0x77,0x77,0x88,0x88,0x87,
  0x71,0x7c,0xcc,0xcc,0xcf,0xbb,0xeb,0x81,0x88,0x71,0x18,0x88,0x76,0x23,0x33,0x33,0x33,0x33,0x33,0x33,
  0x33,0x33,0x33,0x33,0x33,0x33,0x33,0x33,0x33,0x33,0x33,0x33,0x33,0x34,0x09,0xf9,0x18,0x77,0x77,0x77,
  0x77,0x77,0x77,0x77,0x78,0x0a,0xcc,0xca,0xcf,0xb7,0x80,0x88,0x88,0x88,0x88,0x77,0x63,0x33,0x33,0x33,
  0x33,0x33,0x33,0x33,0x33,0x33,0x33,0x33,0x33,0x33,0x33,0x33,0x33,0x33,0x33,0x33,0x33,0x36,0x0a,0xf0,
  0x87,0x87,0x77,0x77,0x77,0x77,0x77,0x77,0x78,0x1a,0xcc,0xcc,0xcf,0xb0,0x77,0x77,0x77,0x77,0x76,0x43,
  0x33,0x33,0x33,0x33,0x33,0x33,0x33,0x33,0x33,0x33,0x33,0x33,0x33,0x33,0x33,0x33,0x33,0x33,0x33,0x33,
  0x33,0x37,0x0b,0xe0,0x87,0x77,0x88,0x77,0x77,0x77,0x77,0x77,0x78,0x4a,0xcc,0xcc,0xcf,0xb0,0x06,0x44,
  0x33,0x33,0x32,0x33,0x33,0x33,0x33,0x33,0x33,0x33,0x33,0x33,0x33,0x33,0x33,0x33,0x33,0x33,0x33,0x33,
  0x33,0x33,0x33,0x33,0x33,0x60,0x0e,0xb0,0x87,0x88,0x70,0x77,0x77,0x77,0x78,0x87,0x78,0x6c,0xcc,0xcc,
  0xcf,0xfe,0xa0,0x06,0x23,0x33,0x33,0x33,0x33,0x33,0x33,0x33,0x33,0x33,0x33,0x33,0x33,0x33,0x33,0x33,
  0x33,0x33,0x33,0x33,0x33,0x33,0x33,0x33,0x36,0x0b,0xff,0xb0,0x2a,0xf0,0x9b,0x87,0x87,0x78,0x80,0x18,
  0x77,0x8c,0xcc,0xff,0xcf,0xcc,0xfe,0x80,0x63,0x33,0x33,0x33,0x33,0x33,0x33,0x33,0x33,0x33,0x33,0x33,
  0x33,0x33,0x33,0x33,0x33,0x33,0x33,0x33,0x33,0x33,0x33,0x33,0x60,0xbf,0x9f,0xa0,0x19,0xfb,0xff,0x28,
  0x79,0xf9,0x0b,0x97,0x86,0x9c,0xcc,0xff,0xcf,0xdd,0xde,0xf9,0x06,0x33,0x33,0x33,0x33,0x33,0x33,0x33,
  0x33,0x33,0x33,0x33,0x33,0x33,0x33,0x33,0x33,0x33,0x33,0x33,0x33,0x33,0x33,0x33,0x60,0xfb,0x0f,0x93,
  0x99,0xbf,0xe7,0x28,0x06,0xfb,0xbf,0xb8,0x84,0x9c,0xce,0xff,0xff,0xed,0xdd,0xef,0x90,0x63,0x33,0x33,
  0x33,0x33,0x33,0x33,0x33,0x33,0x33,0x33,0x33,0x33,0x33,0x33,0x33,0x33,0x33,0x33,0x33,0x33,0x33,0x36,
  0x0a,0xff,0xff,0x89,0xbb,0x90,0x0b,0x90,0x99,0x9f,0xfb,0x08,0x84,0xac,0xce,0xfe,0x9a,0xee,0xdd,0xde,
  0xf9,0x16,0x33,0x33,0x33,0x33,0x33,0x33,0x33,0x33,0x33,0x33,0x33,0x33,0x33,0x33,0x33,0x33,0x33,0x33,
  0x33,0x33,0x33,0x41,0x9f,0xbb,0xff,0x18,0x99,0x88,0x0e,0xfb,0xfa,0x01,0x89,0x98,0x84,0xac,0xce,0xfa,
  0x00,0x1f,0xcd,0xdd,0xee,0x06,0x33,0x33,0x33,0x33,0x33,0x33,0x33,0x33,0x33,0x33,0x33,0x33,0x33,0x33,
  0x33,0x33,0x33,0x33,0x33,0x33,0x33,0x70,0xbe,0xbb,0xfe,0x08,0x66,0x78,0x76,0xbe,0x98,0xa7,0x9b,0xb9,
  0x84,0xac,0xce,0xe9,0x78,0x0b,0xed,0xdd,0xdf,0xb0,0x63,0x33,0x33,0x33,0x33,0x33,0x33,0x33,0x33,0x33,
  0x33,0x33,0x33,0x33,0x33,0x33,0x33,0x33,0x33,0x33,0x33,0x70,0xee,0xbb,0xfe,0x08,0x88,0x77,0x77,0x00,
  0x09,0x98,0x89,0x98,0x86,0xcc,0xcf,0x90,0x06,0x0b,0xfc,0xdd,0xdc,0xf6,0x23,0x33,0x33,0x33,0x33,0x33,
  0x33,0x33,0x33,0x33,0x33,0x33,0x33,0x33,0x33,0x33,0x33,0x33,0x33,0x33,0x33,0x70,0xbe,0xbb,0xff,0x76,
  0x88,0x88,0x78,0x88,0x87,0x68,0x87,0x78,0x88,0xcc,0xce,0xbb,0x91,0x0b,0xed,0xdd,0xdd,0xfb,0x06,0x33,
  0x33,0x33,0x33,0x33,0x33,0x33,0x33,0x33,0x33,0x33,0x33,0x33,0x33,0x33,0x33,0x33,0x33,0x33,0x33,0x70,
  0xbf,0xbe,0xef,0xe9,0x71,0x26,0x78,0x88,0x88,0x88,0x88,0x88,0x89,0xcc,0xcf,0xff,0xfb,0x9f,0xcd,0xdd,
  0xdd,0xee,0x06,0x33,0x33,0x33,0x33,0x33,0x33,0x33,0x33,0x33,0x33,0x33,0x33,0x33,0x33,0x33,0x33,0x33,
  0x33,0x33,0x36,0x09,0xff,0xee,0xee,0xff,0xeb,0xb9,0x97,0x21,0x67,0x88,0x88,0x88,0x8a,0xcc,0xff,0xbb,
  0xff,0xfe,0xdd,0xdd,0xdd,0xcf,0x90,0x43,0x33,0x33,0x33,0x33,0x33,0x33,0x33,0x33,0x33,0x33,0x33,0x33,
  0x33,0x33,0x33,0x33,0x33,0x33,0x36,0x0e,0xec,0xff,0xee,0xef,0xff,0xff,0xfe,0xbb,0xa9,0x98,0x66,0x67,
  0x9c,0xef,0xeb,0xbe,0xff,0xcd,0xdd,0xdd,0xdd,0xdf,0xb0,0x63,0x33,0x33,0x33,0x33,0x33,0x33,0x33,0x33,
  0x33,0x33,0x33,0x33,0x33,0x33,0x33,0x33,0x33,0x33,0x60,0x9f,0xdd,0xcf,0xff,0xff,0xce,0xff,0xff,0xff,
  0xff,0xfe,0xeb,0xbb,0xff,0xfe,0xbe,0xee,0xfe,0xdd,0xdd,0xdd,0xdd,0xdf,0xb0,0x73,0x33,0x33,0x33,0x33,
  0x33,0x33,0x33,0x33,0x33,0x33,0x33,0x33,0x33,0x33,0x33,0x33,0x33,0x36,0x60,0xbf,0xec,0xdd,0xcf,0xfc,
  0xce,0xee,0xee,0xee,0xff,0xff,0xff,0xff,0xee,0xbe,0xee,0xef,0xfd,0xdd,0xdd,0xdd,0xdd,0xde,0xe0,0x73,
  0x33,0x33,0x33,0x33,0x33,0x33,0x33,0x33,0x33,0x33,0x33,0x33,0x33,0x33,0x33,0x33,0x33,0x60,0x0e,0xea,
  0xcd,0xdd,0xef,0xcc,0xcc,0xee,0xcc,0xee,0xef,0xfe,0xef,0xeb,0xee,0xee,0xef,0xfe,0xdd,0xdd,0xdd,0xdd,
  0xdd,0xde,0xe0,0x63,0x33,0x33,0x33,0x33,0x33,0x33,0x33,0x33,0x33,0x33,0x33,0x33,0x33,0x33,0x33,0x33,
  0x36,0x09,0xef,0xed,0xdd,0xdc,0xfc,0xcc,0xcc,0xcc,0xcc,0xce,0xec,0xee,0xef,0xee,0xee,0xff,0xff,0xec,
  0xdd,0xdd,0xdd,0xdd,0xdd,0xde,0xf0,0x63,0x33,0x33,0x33,0x33,0x33,0x33,0x33,0x33,0x33,0x33,0x33,0x33,
  0x33,0x33,0x33,0x33,0x60,0xbf,0xeb,0xff,0xce,0xef,0xec,0xcc,0xcc,0xcc,0xcc,0xcc,0xcc,0xce,0xef,0xff,
  0xff,0xfe,0xcc,0xcc,0xcc,0xdd,0xdd,0xdd,0xdd,0xde,0xf0,0x63,0x33,0x33,0x33,0x33,0x33,0x33,0x33,0x33,
  0x33,0x33,0x33,0x33,0x33,0x33,0x33,0x34,0x09,0xfe,0xbb,0xbf,0xfe,0xec,0xef,0xee,0xfe,0xec,0xce,0xec,
  0xcc,0xce,0xef,0xff,0xcd,0xdd,0xdd,0xdd,0xdd,0xdd,0xdd,0xdd,0xdd,0xde,0xe0,0x63,0x33,0x33,0x33,0x33,
  0x33,0x33,0x33,0x33,0x33,0x33,0x33,0x33,0x33,0x33,0x33,0x37,0x0b,0xfe,0xee,0xee,0xfc,0xcc,0xce,0xfe,
  0xee,0xff,0xfe,0xee,0xec,0xee,0xff,0xed,0xdd,0xcd,0xdd,0xdd,0xdd,0xdd,0xdd,0xdd,0xdd,0xde,0xe0,0x73,
  0x33,0x33,0x33,0x33,0x33,0x33,0x33,0x33,0x33,0x33,0x33,0x33,0x33,0x33,0x33,0x37,0x0e,0xfe,0xee,0xee,
  0xff,0xcc,0xcf,0xeb,0xbb,0xef,0xec,0xcc,0xef,0xef,0xfc,0xdd,0xaa,0xad,0xdd,0xdd,0xdd,0xdd,0xdd,0xdd,
  0xdd,0xdf,0xb0,0x73,0x33,0x33,0x33,0x33,0x33,0x33,0x33,0x33,0x33,0x33,0x33,0x33,0x33,0x33,0x33,0x36,
  0x0e,0xfe,0xee,0xee,0xff,0xce,0xff,0xee,0xee,0xbf,0xfc,0xcc,0xef,0xff,0xdd,0xdc,0xaa,0xdd,0xdd,0xdd,
  0xdd,0xdd,0xdd,0xdd,0xdd,0xcf,0xa0,0x63,0x33,0x33,0x33,0x33,0x33,0x33,0x33,0x33,0x33,0x33,0x33,0x33,
  0x33,0x33,0x33,0x37,0x0b,0xfe,0xee,0xee,0xff,0xee,0xfe,0xee,0xee,0xee,0xfc,0xee,0xef,0xed,0xdd,0xdd,
  0xdd,0xdd,0xdd,0xdd,0xdd,0xdd,0xdd,0xdd,0xdd,0xef,0x81,0x43,0x33,0x33,0x33,0x33,0x33,0x33,0x33,0x33,
  0x33,0x33,0x33,0x33,0x33,0x33,0x33,0x36,0x0a,0xfe,0xee,0xee,0xff,0xff,0xff,0xee,0xee,0xee,0xfe,0xee,
  0xfe,0xdd,0xdd,0xdd,0xdd,0xdd,0xdd,0xdd,0xdd,0xdd,0xdd,0xdc,0xdc,0xfe,0x07,0x33,0x33,0x33,0x33,0x33,
  0x33,0x33,0x33,0x33,0x33,0x33,0x33,0x33,0x33,0x33,0x33,0x36,0x0a,0xff,0xee,0xef,0xff,0xcd,0xef,0xee,
  0xee,0xee,0xfe,0xef,0xed,0xdd,0xdd,0xdd,0xdd,0xdd,0xdd,0xdd,0xdd,0xdd,0xdd,0xdc,0xcc,0xf9,0x06,0x33,
  0x33,0x33,0x33,0x33,0x33,0x33,0x33,0x33,0x33,0x33,0x33,0x33,0x33,0x33,0x33,0x37,0x0b,0xff,0xff,0xff,
  0xed,0xdd,0xef,0xee,0xee,0xef,0xff,0xff,0xdd,0xdd,0xdd,0xdd,0xdd,0xdd,0xdd,0xdd,0xdd,0xdd,0xdd,0xdc,
  0xcf,0xe0,0x63,0x33,0x33,0x33,0x33,0x33,0x33,0x33,0x33,0x33,0x33,0x33,0x33,0x33,0x33,0x33,0x33,0x36,
  0x0b,0xfd,0xef,0xec,0xdd,0xdd,0xcf,0xee,0xee,0xef,0xfe,0xcd,0xdd,0xdd,0xdd,0xdd,0xdd,0xdd,0xdd,0xdd,
  0xdd,0xdd,0xdd,0xcc,0xef,0x90,0x63,0x33,0x33,0x33,0x33,0x33,0x33,0x33,0x33,0x33,0x33,0x33,0x33,0x33,
  0x33,0x33,0x33,0x34,0x18,0xfc,0xdd,0xdd,0xdd,0xdd,0xdf,0xfe,0xef,0xfe,0xdd,0xdd,0xdd,0xdd,0xdd,0xdd,
  0xdd,0xdd,0xdd,0xdd,0xdd,0xdd,0xdc,0xcc,0xfb,0x06,0x23,0x33,0x33,0x33,0x33,0x33,0x33,0x33,0x33,0x33,
  0x33,0x33,0x33,0x33,0x33,0x33,0x33,0x33,0x60,0xbf,0xdd,0xdd,0xdd,0xdd,0xdd,0xef,0xff,0xed,0xdd,0xdd,
  0xdd,0xdd,0xdd,0xdd,0xdd,0xdd,0xdd,0xdd,0xdd,0xdc,0xcc,0xef,0xb0,0x63,0x33,0x33,0x33,0x33,0x33,0x33,
  0x33,0x33,0x33,0x33,0x33,0x33,0x33,0x33,0x33,0x33,0x33,0x33,0x36,0x0b,0xfc,0xdd,0xdd,0xdd,0xdd,0xdd,
  0xcd,0xdd,0xdd,0xdd,0xdd,0xdd,0xdd,0xdd,0xdd,0xdd,0xdd,0xdd,0xdc,0xcc,0xcf,0xfb,0x06,0x43,0x33,0x33,
  0x33,0x33,0x33,0x33,0x33,0x33,0x33,0x33,0x33,0x33,0x33,0x33,0x33,0x33,0x33,0x33,0x34,0x60,0xbf,0xfc,
  0xdd,0xdd,0xdd,0xdd,0xdd,0xdd,0xdd,0xdd,0xdd,0xdd,0xdd,0xdd,0xdd,0xdd,0xdd,0xdc,0xcc,0xce,0xfe,0x90,
  0x64,0x33,0x33,0x33,0x33,0x33,0x33,0x33,0x33,0x33,0x33,0x33,0x33,0x33,0x33,0x33,0x33,0x33,0x33,0x33,
  0x33,0x36,0x08,0xbf,0xfe,0xcd,0xdd,0xdd,0xdd,0xdd,0xdd,0xdd,0xdd,0xdd,0xdd,0xdd,0xdd,0xdd,0xdc,0xcc,
  0xef,0xfe,0xb0,0x07,0x33,0x33,0x33,0x33,0x33,0x33,0x33,0x33,0x33,0x33,0x33,0x33,0x33,0x33,0x33,0x33,
  0x33,0x33,0x33,0x33,0x33,0x33,0x61,0x08,0xbe,0xff,0xfe,0xcc,0xdd,0xdd,0xdd,0xdd,0xdd,0xdd,0xdd,0xdd,
  0xdc,0xcc,0xee,0xff,0xfb,0x90,0x06,0x62,0x33,0x33,0x33,0x33,0x33,0x33,0x33,0x33,0x33,0x33,0x33,0x33,
  0x33,0x33,0x33,0x33,0x33,0x33,0x33,0x33,0x33,0x33,0x34,0x71,0x00,0x89,0xbe,0xff,0xff,0xfe,0xee,0xee,
  0xec,0xce,0xee,0xef,0xff,0xff,0xfe,0xb9,0x70,0x04,0x64,0x22,0x33,0x33,0x33,0x33,0x33,0x33,0x33,0x33,
  0x33,0x33,0x33,0x33,0x33,0x33,0x33,0x33,0x33,0x33,0x33,0x33,0x33,0x33,0x33,0x34,0x66,0x10,0x00,0x09,
  0x9b,0xbb,0xee,0xee,0xff,0xff,0xfe,0xee,0xbb,0xa9,0x70,0x00,0x16,0x63,0x33,0x33,0x33,0x33,0x33,0x33,
  0x33,0x33,0x33,0x33,0x33,0x33,0x33,0x33,0x33,0x33,0x33,0x33,0x33,0x33,0x33,0x33,0x33,0x33,0x33,0x33,
  0x33,0x46,0x77,0x30,0x00,0x00,0x00,0x00,0x00,0x10,0x00,0x00,0x00,0x00,0x16,0x76,0x63,0x33,0x33,0x33,
  0x33,0x33,0x33,0x33,0x33,0x33,0x33,0x33,0x33,0x33,0x33,0x33,0x33,0x33,0x33,0x33,0x33,0x33,0x33,0x33,
  0x33,0x33,0x33,0x33,0x33,0x33,0x33,0x34,0x66,0x66,0x66,0x64,0x43,0x33,0x66,0x67,0x66,0x64,0x32,0x23,
  0x22,0x32,0x23,0x33,0x33,0x33,0x33,0x33,0x33,0x33,0x33,0x33,0x33,0x33,0x33,0x33,0x33,0x33,0x33,0x33,
  0x33,0x33,0x33,0x33,0x33,0x33,0x32,0x33,0x36,0x44,0x66,0x66,0x67,0x77,0x77,0x77,0x77,0x77,0x77,0x77,
  0x77,0x77,0x77,0x77,0x77,0x66,0x66,0x44,0x33,0x32,0x33,0x33,0x33,0x33,0x33,0x33,0x33,0x33,0x33,0x33,
  0x33,0x33,0x33,0x33,0x33,0x33,0x33,0x33,0x33,0x46,0x67,0x77,0x78,0x88,0x88,0x88,0x88,0x88,0x88,0x88,
  0x88,0x88,0x88,0x88,0x88,0x88,0x88,0x88,0x88,0x88,0x88,0x87,0x77,0x77,0x66,0x43,0x33,0x33,0x33,0x33,
  0x33,0x33,0x33,0x33,0x33,0x33,0x33,0x33,0x33,0x33,0x33,0x33,0x67,0x78,0x88,0x88,0x88,0x88,0x88,0x88,
  0x88,0x88,0x99,0x88,0x99,0x99,0x99,0x99,0x99,0x89,0x98,0x88,0x88,0x88,0x88,0x88,0x88,0x88,0x88,0x87,
  0x43,0x33,0x33,0x33,0x33,0x33,0x33,0x33,0x33,0x33,0x33,0x33,0x33,0x33,0x33,0x33,0x78,0x88,0x88,0x99,
  0x99,0x99,0x99,0x99,0x99,0x99,0x99,0x99,0x99,0x99,0x99,0x99,0x99,0x99,0x99,0x99,0x99,0x99,0x99,0x99,
  0x99,0x88,0x88,0x87,0x33,0x33,0x33,0x33,0x33,0x33,0x33,0x33,0x33,0x33,0x33,0x33,0x33,0x33,0x33,0x33,
  0x27,0x89,0x99,0x99,0x99,0x99,0x99,0x99,0x99,0x99,0x99,0x99,0x99,0x99,0x99,0x99,0x99,0x99,0x99,0x99,
  0x99,0x99,0x99,0x99,0x99,0x99,0x99,0x72,0x33,0x33,0x33,0x33,0x33,0x33,0x33,0x33,0x33,0x33,0x33,0x33,
  0x33,0x33,0x33,0x33,0x32,0x79,0x99,0x99,0x99,0x99,0x99,0x99,0x99,0x99,0x99,0x99,0x99,0x99,0x99,0x99,
  0x99,0x99,0x99,0x99,0x99,0x99,0x99,0x99,0x99,0x99,0x96,0x23,0x33,0x33,0x33,0x33,0x33,0x33,0x33,0x33,
  0x33,0x33,0x33,0x33,0x33,0x33,0x33,0x33,0x33,0x22,0x89,0x99,0x99,0x99,0x99,0x99,0x99,0x99,0x99,0x99,
  0x99,0x99,0x99,0x99,0x99,0x99,0x99,0x99,0x99,0x99,0x99,0x99,0x99,0x98,0x32,0x33,0x33,0x33,0x33,0x33,
  0x33,0x33,0x33,0x33,0x33,0x33,0x33,0x33,0x33,0x33,0x33,0x33,0x33,0x33,0x16,0x99,0x99,0x99,0x99,0x99,
  0x99,0x99,0x99,0x99,0x99,0x99,0x99,0x99,0x99,0x99,0x99,0x99,0x99,0x99,0x99,0x99,0x99,0x71,0x33,0x33,
  0x33,0x33,0x33,0x33,0x33,0x33,0x33,0x33,0x33,0x33,0x33,0x33,0x33,0x33,0x33,0x33,0x33,0x33,0x32,0x27,
  0x99,0x99,0x99,0x99,0x99,0x99,0x99,0x99,0x99,0x99,0x99,0x99,0x99,0x99,0x99,0x99,0x99,0x99,0x99,0x99,
  0x72,0x23,0x33,0x33,0x33,0x33,0x33,0x33,0x33,0x33,0x33,0x33,0x33,0x33,0x33,0x33,0x33,0x33,0x33,0x33,
  0x33,0x33,0x33,0x32,0x37,0x88,0x88,0x99,0x99,0x99,0x99,0x99,0x99,0x99,0x99,0x99,0x99,0x99,0x99,0x99,
  0x99,0x99,0x88,0x73,0x23,0x33,0x33,0x33,0x33,0x33,0x33,0x33,0x33,0x33,0x33,0x33,0x33,0x33,0x33,0x33,
  0x33,0x33,0x33,0x33,0x33,0x33,0x33,0x33,0x32,0x36,0x78,0x88,0x88,0x88,0x88,0x88,0x88,0x88,0x88,0x88,
  0x88,0x88,0x88,0x88,0x88,0x88,0x62,0x23,0x33,0x33,0x33,0x33,0x33,0x33,0x33,0x33,0x33,0x33,0x33,0x33,
  0x33,0x33,0x33,0x33,0x33,0x33,0x33,0x33,0x33,0x33,0x33,0x33,0x33,0x32,0x33,0x67,0x77,0x77,0x88,0x88,
  0x87,0x88,0x87,0x88,0x87,0x77,0x77,0x77,0x76,0x43,0x33,0x33,0x33,0x33,0x33,0x33,0x33,0x33,0x33,0x33,
  0x33,0x33,0x33,0x33,0x33,0x33,0x33,0x33,0x33,0x33,0x33,0x33,0x33,0x33,0x33,0x33,0x33,0x33,0x33,0x33,
  0x33,0x33,0x33,0x33,0x44,0x44,0x23,0x42,0x33,0x33,0x33,0x33,0x33,0x33,0x33,0x33,0x33,0x33,0x33,0x33,
  0x33,0x33,0x33,0x33,0x33,0x33,0x33,0x33,0x33,0x33,0x33,0x33,0x33,0x33,0x33,0x33,0x33,0x33,0x33,0x33,
  0x33,0x33,0x33,0x33,0x33,0x33,0x33,0x33,0x33,0x33,0x33,0x33,0x33,0x33,0x33,0x33,0x33,0x33,0x33,0x33,
  0x33,0x33,0x33,0x33,0x33,0x33,0x33,0x33,0x33,0x33,0x33,0x33,0x33,0x33,0x33,0x33,0x33,0x33,0x33,0x33,
  0x33,0x33,0x33,0x33,0x33,0x33,0x33,0x33,0x33,0x33,0x33,0x33,0x33,0x33,0x33,0x33,0x33,0x33,0x33,0x33,
  0x33,0x33,0x33,0x33,0x33,0x33,0x33,0x33,0x33,0x33,0x33,0x33,0x33,0x33,0x33,0x33,
};
constexpr std::uint8_t cover_clay_frenzy[] = {
  0xf4,0xfd,0xfe,0xff,0xef,0xf8,0xfc,0xff,0xef,0xf8,0xfb,0xff,0xee,0xf8,0xfb,0xff,0xef,0xf9,0xf9,0xff,
  0xeb,0xf9,0xfb,0xff,0xee,0xf7,0xfa,0xff,0xe6,0xf6,0xf8,0xff,0x6d,0xca,0xf2,0xff,0x8b,0xb4,0xb5,0xff,
  0x99,0xa4,0x31,0xff,0x48,0x7b,0xcd,0xff,0x4e,0x5e,0xd1,0xff,0x7e,0x60,0x40,0xff,0x84,0x2f,0x95,0xff,
  0x36,0x2b,0x2d,0xff,0x42,0x13,0x33,0x33,0x33,0x33,0x33,0x33,0x33,0x33,0x33,0x33,0x33,0x33,0x33,0x33,
  0x33,0x33,0x33,0x33,0x33,0x33,0x33,0x33,0x33,0x33,0x33,0x33,0x33,0x33,0x33,0x33,0x33,0x33,0x33,0x33,
  0x33,0x33,0x33,0x33,0x33,0x33,0x33,0x33,0x42,0x23,0x33,0x33,0x33,0x33,0x33,0x33,0x33,0x33,0x33,0x33,
  0x33,0x33,0x33,0x33,0x33,0x33,0x33,0x33,0x33,0x33,0x33,0x33,0x33,0x33,0x33,0x33,0x33,0x33,0x33,0x33,
  0x33,0x33,0x33,0x33,0x33,0x33,0x33,0x33,0x33,0x33,0x33,0x33,0x44,0x43,0x33,0x33,0x33,0x33,0x33,0x33,
  0x33,0x33,0x33,0x33,0x33,0x33,0x33,0x33,0x33,0x33,0x33,0x33,0x33,0x33,0x33,0x33,0x33,0x33,0x33,0x33,
  0x33,0x33,0x33,0x33,0x33,0x33,0x33,0x33,0x33,0x33,0x33,0x33,0x33,0x33,0x33,0x33,0x33,0x33,0x33,0x33,
  0x33,0x33,0x33,0x33,0x33,0x33,0x33,0x33,0x33,0x33,0x33,0x33,0x33,0x33,0x33,0x33,0x33,0x33,0x33,0x33,
  0x33,0x33,0x33,0x33,0x33,0x33,0x33,0x33,0x33,0x33,0x33,0x33,0x33,0x33,0x33,0x33,0x33,0x33,0x33,0x33,
  0x33,0x33,0x33,0x33,0x33,0x33,0x33,0x33,0x33,0x33,0x33,0x33,0x33,0x33,0x33,0x33,0x33,0x33,0x33,0x33,
  0x33,0x33,0x33,0x33,0x33,0x33,0x33,0x33,0x33,0x33,0x33,0x33,0x33,0x33,0x33,0x33,0x33,0x33,0x33,0x33,
  0x33,0x33,0x33,0x33,0x33,0x33,0x33,0x33,0x33,0x33,0x33,0x33,0x33,0x33,0x33,0x33,0x33,0x33,0x33,0x33,
  0x33,0x33,0x33,0x33,0x33,0x33,0x33,0x33,0x33,0x33,0x33,0x33,0x33,0x33,0x33,0x33,0x33,0x33,0x33,0x33,
  0x33,0x33,0x33,0x33,0x33,0x33,0x33,0x33,0x33,0x33,0x33,0x33,0x33,0x33,0x33,0x33,0x33,0x33,0x33,0x33,
  0x33,0x33,0x33,0x33,0x33,0x33,0x33,0x33,0x33,0x33,0x33,0x33,0x33,0x33,0x33,0x33,0x33,0x33,0x33,0x33,
  0x33,0x33,0x33,0x33,0x33,0x33,0x33,0x33,0x33,0x33,0x33,0x33,0x33,0x33,0x33,0x33,0x33,0x33,0x33,0x33,
  0x33,0x33,0x33,0x33,0x33,0x36,0x66,0x63,0x33,0x33,0x33,0x33,0x33,0x33,0x33,0x33,0x33,0x33,0x33,0x33,
  0x33,0x33,0x33,0x33,0x33,0x33,0x33,0x33,0x33,0x33,0x33,0x33,0x33,0x33,0x33,0x33,0x33,0x33,0x33,0x33,
  0x33,0x33,0x33,0x33,0x33,0x33,0x33,0x33,0x33,0x30,0x00,0x06,0x33,0x33,0x33,0x36,0x66,0x63,0x33,0x33,
  0x33,0x33,0x33,0x33,0x33,0x33,0x33,0x33,0x33,0x33,0x33,0x33,0x33,0x33,0x33,0x33,0x33,0x33,0x33,0x33,
  0x33,0x33,0x33,0x33,0x33,0x33,0x33,0x33,0x33,0x33,0x33,0x33,0x36,0x17,0x89,0x75,0x63,0x33,0x36,0x61,
  0x00,0x06,0x66,0x33,0x33,0x33,0x33,0x33,0x33,0x33,0x33,0x33,0x33,0x33,0x33,0x33,0x33,0x33,0x33,0x33,
  0x33,0x33,0x33,0x33,0x33,0x33,0x33,0x33,0x33,0x33,0x33,0x33,0x33,0x33,0x33,0x33,0x36,0x09,0xcb,0xa7,
  0x06,0x66,0x60,0x06,0x79,0x70,0x01,0x66,0x63,0x33,0x33,0x33,0x33,0x33,0x33,0x33,0x33,0x33,0x33,0x33,
  0x33,0x33,0x33,0x33,0x33,0x33,0x33,0x33,0x33,0x33,0x33,0x33,0x33,0x33,0x33,0x33,0x33,0x33,0x33,0x33,
  0x33,0x30,0xcb,0xaa,0x70,0x01,0x07,0xdf,0xff,0xf9,0x77,0x00,0x16,0x66,0x63,0x33,0x33,0x33,0x33,0x33,
  0x33,0x33,0x33,0x33,0x33,0x33,0x33,0x33,0x33,0x33,0x33,0x33,0x33,0x33,0x33,0x33,0x33,0x33,0x33,0x33,
  0x33,0x33,0x33,0x33,0x33,0x60,0x7c,0xba,0xaa,0x77,0x7a,0xff,0xff,0xff,0xfd,0x97,0x70,0x00,0x06,0x33,
  0x33,0x33,0x33,0x33,0x33,0x33,0x33,0x33,0x33,0x33,0x33,0x33,0x33,0x33,0x33,0x33,0x33,0x33,0x33,0x33,
  0x33,0x33,0x33,0x33,0x33,0x33,0x33,0x33,0x33,0x36,0x07,0xcb,0xba,0xaa,0xaa,0xff,0xff,0xff,0xfd,0xdd,
  0xd9,0x99,0x70,0x63,0x33,0x33,0x33,0x33,0x33,0x33,0x33,0x33,0x33,0x33,0x33,0x33,0x33,0x33,0x33,0x33,
  0x33,0x33,0x33,0x33,0x33,0x33,0x33,0x33,0x33,0x33,0x33,0x33,0x33,0x33,0x60,0x7c,0xcb,0xbb,0xda,0xff,
  0xff,0xff,0xfd,0xdd,0xff,0xdf,0xf2,0x36,0x33,0x33,0x33,0x33,0x33,0x33,0x33,0x33,0x33,0x33,0x33,0x33,
  0x33,0x33,0x33,0x33,0x33,0x33,0x33,0x33,0x33,0x33,0x33,0x33,0x33,0x33,0x33,0x33,0x33,0x33,0x36,0x01,
  0x9c,0xcc,0xea,0xff,0xff,0xff,0xfd,0xdf,0xff,0xfd,0xf7,0x16,0x33,0x33,0x33,0x33,0x33,0x33,0x33,0x33,
  0x33,0x33,0x33,0x33,0x33,0x33,0x33,0x33,0x33,0x33,0x33,0x33,0x33,0x33,0x33,0x33,0x33,0x33,0x33,0x33,
  0x33,0x33,0x33,0x61,0x00,0x6d,0xdd,0xff,0xff,0xff,0xfd,0xdf,0xad,0xff,0x90,0x63,0x33,0x33,0x33,0x33,
  0x33,0x33,0x33,0x33,0x33,0x33,0x33,0x33,0x33,0x33,0x33,0x33,0x33,0x33,0x33,0x33,0x33,0x33,0x33,0x33,
  0x33,0x33,0x33,0x33,0x33,0x33,0x33,0x33,0x66,0x07,0xdf,0xfd,0xff,0xff,0xfd,0xfa,0xaa,0xff,0x97,0x16,
  0x33,0x33,0x33,0x33,0x33,0x33,0x33,0x33,0x33,0x33,0x33,0x33,0x33,0x33,0x33,0x33,0x33,0x33,0x33,0x33,
  0x33,0x33,0x33,0x33,0x33,0x33,0x33,0x33,0x33,0x33,0x33,0x33,0x36,0x17,0xbf,0xff,0xdf,0xff,0xfd,0xda,
  0xdd,0xdf,0xd6,0x16,0x33,0x33,0x33,0x33,0x33,0x33,0x33,0x33,0x33,0x33,0x33,0x33,0x33,0x33,0x33,0x33,
  0x33,0x33,0x33,0x33,0x33,0x33,0x33,0x33,0x33,0x33,0x33,0x33,0x33,0x33,0x33,0x33,0x36,0x17,0xbf,0xff,
  0xff,0xff,0xff,0xfa,0xdd,0xaf,0xd6,0x16,0x33,0x33,0x33,0x33,0x33,0x33,0x33,0x33,0x33,0x33,0x33,0x33,
  0x33,0x33,0x33,0x33,0x33,0x33,0x33,0x33,0x33,0x33,0x33,0x33,0x33,0x33,0x33,0x33,0x33,0x33,0x33,0x33,
  0x33,0x61,0x7d,0xff,0xff,0xbb,0xfb,0xdd,0xaa,0xdf,0xd7,0x16,0x33,0x33,0x33,0x33,0x33,0x33,0x33,0x33,
  0x33,0x33,0x33,0x33,0x33,0x33,0x33,0x33,0x33,0x33,0x33,0x33,0x33,0x33,0x33,0x33,0x33,0x33,0x33,0x33,
  0x33,0x33,0x33,0x33,0x33,0x35,0x0d,0xff,0xfb,0x99,0xc7,0x9f,0xfd,0xff,0xd7,0x06,0x36,0x33,0x33,0x33,
  0x33,0x33,0x33,0x33,0x33,0x33,0x33,0x33,0x33,0x33,0x33,0x33,0x33,0x33,0x33,0x33,0x33,0x33,0x33,0x33,
  0x33,0x33,0x33,0x33,0x33,0x33,0x33,0x33,0x33,0x36,0x17,0x9d,0xc9,0x99,0xf7,0x9f,0xff,0xff,0xd7,0x06,
  0x00,0x13,0x33,0x33,0x33,0x33,0x33,0x33,0x33,0x33,0x33,0x33,0x33,0x33,0x33,0x33,0x33,0x33,0x33,0x33,
  0x33,0x33,0x33,0x33,0x33,0x33,0x33,0x33,0x33,0x33,0x33,0x33,0x33,0x33,0x30,0x00,0xb9,0x9b,0xc8,0x9f,
  0xdd,0xdd,0xf7,0x02,0x77,0x31,0x33,0x33,0x33,0x33,0x33,0x33,0x33,0x33,0x33,0x33,0x33,0x33,0x33,0x33,
  0x33,0x33,0x33,0x33,0x33,0x33,0x33,0x33,0x33,0x33,0x33,0x33,0x33,0x33,0x33,0x33,0x33,0x33,0x36,0x70,
  0x9b,0xbf,0xcb,0xbf,0xfd,0xdd,0x96,0x50,0x99,0x71,0x33,0x33,0x33,0x33,0x33,0x33,0x33,0x33,0x33,0x33,
  0x33,0x33,0x33,0x33,0x33,0x33,0x33,0x33,0x33,0x33,0x33,0x33,0x33,0x33,0x33,0x33,0x33,0x33,0x33,0x33,
  0x33,0x33,0x33,0x31,0x7b,0xbb,0xbb,0xbf,0xdd,0x97,0x01,0x31,0x77,0x33,0x33,0x33,0x33,0x33,0x33,0x33,
  0x33,0x33,0x33,0x33,0x33,0x33,0x33,0x33,0x33,0x33,0x33,0x33,0x33,0x33,0x33,0x33,0x33,0x33,0x33,0x33,
  0x65,0x33,0x33,0x33,0x33,0x33,0x33,0x36,0x07,0xbb,0xb8,0x07,0x70,0x00,0x63,0x33,0x10,0x13,0x33,0x33,
  0x33,0x33,0x33,0x33,0x33,0x33,0x33,0x33,0x33,0x33,0x33,0x33,0x33,0x33,0x33,0x33,0x33,0x33,0x33,0x33,
  0x33,0x33,0x33,0x33,0x00,0x23,0x33,0x33,0x33,0x33,0x33,0x33,0x60,0x7c,0xb0,0x60,0x06,0x63,0x33,0x33,
  0x33,0x33,0x33,0x33,0x33,0x33,0x33,0x33,0x33,0x33,0x33,0x33,0x33,0x33,0x33,0x33,0x33,0x33,0x33,0x33,
  0x33,0x33,0x33,0x33,0x33,0x33,0x33,0x50,0x88,0x12,0x33,0x33,0x33,0x33,0x33,0x33,0x65,0x09,0x97,0x26,
  0x63,0x33,0x33,0x33,0x33,0x33,0x33,0x33,0x33,0x33,0x33,0x33,0x33,0x33,0x33,0x33,0x33,0x33,0x33,0x33,
  0x33,0x33,0x33,0x33,0x33,0x33,0x33,0x33,0x33,0x33,0x33,0x50,0x88,0x54,0x33,0x33,0x33,0x33,0x33,0x33,
  0x60,0x7c,0xc8,0x03,0x13,0x33,0x33,0x33,0x33,0x33,0x33,0x33,0x33,0x33,0x33,0x33,0x33,0x33,0x33,0x33,
  0x33,0x33,0x33,0x33,0x33,0x33,0x33,0x33,0x33,0x33,0x33,0x33,0x33,0x33,0x33,0x33,0x21,0x23,0x33,0x33,
  0x33,0x33,0x33,0x36,0x06,0x9e,0xcb,0x71,0x53,0x33,0x33,0x33,0x33,0x33,0x33,0x33,0x33,0x33,0x33,0x33,
  0x33,0x33,0x33,0x33,0x33,0x33,0x33,0x33,0x33,0x33,0x33,0x33,0x33,0x33,0x33,0x33,0x33,0x33,0x33,0x33,
  0x33,0x33,0x33,0x33,0x33,0x33,0x33,0x60,0x79,0xec,0xcb,0x85,0x23,0x33,0x33,0x33,0x33,0x33,0x33,0x33,
  0x33,0x33,0x33,0x33,0x33,0x33,0x33,0x33,0x33,0x33,0x33,0x33,0x33,0x33,0x33,0x33,0x33,0x33,0x33,0x33,
  0x33,0x33,0x33,0x33,0x33,0x33,0x33,0x33,0x33,0x33,0x36,0x07,0xee,0xcc,0xbb,0x88,0x56,0x33,0x33,0x33,
  0x33,0x33,0x33,0x33,0x33,0x33,0x33,0x33,0x33,0x33,0x33,0x33,0x33,0x33,0x33,0x33,0x33,0x33,0x33,0x33,
  0x33,0x33,0x33,0x33,0x33,0x33,0x33,0x33,0x33,0x33,0x33,0x33,0x33,0x33,0x36,0x09,0xcb,0xbb,0xbb,0xbb,
  0x80,0x53,0x33,0x33,0x33,0x33,0x33,0x33,0x33,0x33,0x33,0x33,0x33,0x33,0x33,0x33,0x33,0x33,0x33,0x33,
  0x33,0x33,0x33,0x33,0x33,0x33,0x33,0x33,0x33,0x33,0x33,0x33,0x33,0x33,0x33,0x33,0x33,0x33,0x31,0x5b,
  0xb8,0xcc,0xcb,0xb8,0x87,0x05,0x33,0x33,0x33,0x33,0x33,0x33,0x33,0x33,0x33,0x33,0x33,0x33,0x33,0x33,
  0x33,0x33,0x33,0x33,0x33,0x33,0x33,0x33,0x33,0x33,0x33,0x33,0x33,0x33,0x33,0x33,0x33,0x33,0x33,0x33,
  0x33,0x33,0x60,0x8b,0xbb,0xbb,0x88,0x88,0x89,0x71,0x33,0x33,0x33,0x33,0x33,0x33,0x33,0x33,0x33,0x33,
  0x33,0x33,0x33,0x33,0x33,0x33,0x33,0x33,0x33,0x33,0x33,0x33,0x33,0x33,0x33,0x33,0x33,0x33,0x33,0x33,
  0x33,0x33,0x33,0x33,0x33,0x35,0x07,0xbb,0xb8,0x88,0x88,0x88,0x8a,0x90,0x63,0x33,0x33,0x33,0x33,0x33,
  0x33,0x33,0x33,0x33,0x33,0x33,0x33,0x33,0x33,0x33,0x33,0x33,0x33,0x33,0x33,0x33,0x33,0x33,0x33,0x33,
  0x33,0x33,0x33,0x33,0x33,0x33,0x33,0x33,0x33,0x36,0x08,0xb8,0x88,0x88,0xbb,0xbb,0x99,0xa7,0x13,0x33,
  0x33,0x33,0x33,0x33,0x33,0x33,0x33,0x33,0x33,0x33,0x33,0x33,0x33,0x33,0x33,0x33,0x33,0x33,0x33,0x33,
  0x33,0x33,0x33,0x33,0x33,0x33,0x33,0x33,0x33,0x33,0x33,0x33,0x33,0x35,0x07,0x88,0x88,0xbb,0xbd,0xaa,
  0x99,0xa7,0x06,0x33,0x33,0x33,0x33,0x33,0x33,0x33,0x33,0x33,0x33,0x33,0x33,0x33,0x33,0x33,0x33,0x33,
  0x33,0x33,0x33,0x33,0x33,0x33,0x33,0x33,0x33,0x33,0x33,0x33,0x33,0x33,0x33,0x33,0x33,0x32,0x58,0x8b,
  0xb9,0xaa,0xad,0xaa,0x99,0xa7,0x06,0x33,0x33,0x33,0x33,0x33,0x33,0x33,0x33,0x33,0x33,0x33,0x33,0x33,
  0x33,0x33,0x33,0x33,0x33,0x33,0x33,0x33,0x33,0x33,0x33,0x33,0x33,0x33,0x33,0x33,0x33,0x33,0x33,0x33,
  0x33,0x32,0x78,0xba,0x9a,0xad,0xdd,0xdd,0x99,0xaa,0x71,0x33,0x33,0x33,0x33,0x33,0x33,0x33,0x33,0x33,
  0x33,0x33,0x33,0x33,0x33,0x33,0x33,0x33,0x33,0x33,0x33,0x33,0x33,0x33,0x33,0x33,0x33,0x33,0x33,0x33,
  0x33,0x33,0x33,0x33,0x33,0x60,0x7a,0xaa,0x9a,0xdf,0xff,0xfd,0xaa,0xaa,0x90,0x63,0x33,0x33,0x33,0x33,
  0x33,0x33,0x33,0x33,0x33,0x33,0x33,0x33,0x33,0x33,0x33,0x33,0x33,0x33,0x33,0x33,0x33,0x33,0x33,0x33,
  0x33,0x33,0x33,0x33,0x33,0x33,0x33,0x33,0x33,0x17,0xaa,0xaa,0xad,0xdd,0xdd,0xaa,0xaa,0xaa,0xa0,0x63,
  0x33,0x33,0x33,0x33,0x33,0x33,0x33,0x33,0x33,0x33,0x33,0x33,0x33,0x33,0x33,0x33,0x33,0x33,0x33,0x33,
  0x33,0x33,0x33,0x33,0x33,0x33,0x33,0x33,0x33,0x33,0x33,0x33,0x36,0x09,0xad,0xda,0xaa,0xaa,0xaa,0xaa,
  0xaa,0x9a,0x90,0x63,0x33,0x33,0x33,0x33,0x33,0x33,0x33,0x33,0x33,0x33,0x33,0x33,0x33,0x33,0x33,0x33,
  0x33,0x33,0x33,0x33,0x33,0x33,0x33,0x33,0x33,0x33,0x33,0x33,0x33,0x33,0x33,0x33,0x36,0x09,0xaa,0xaa,
  0xaa,0xaa,0xaa,0xaa,0xaa,0xad,0xe7,0x06,0x33,0x33,0x33,0x33,0x33,0x33,0x33,0x33,0x33,0x33,0x33,0x33,
  0x33,0x33,0x33,0x33,0x33,0x33,0x33,0x33,0x33,0x33,0x33,0x33,0x33,0x33,0x33,0x33,0x33,0x33,0x33,0x33,
  0x36,0x07,0xaa,0xaa,0xaa,0xad,0xdd,0xdd,0xde,0xee,0xe9,0x06,0x33,0x33,0x33,0x33,0x33,0x33,0x33,0x33,
  0x33,0x33,0x33,0x33,0x33,0x33,0x33,0x33,0x33,0x33,0x33,0x33,0x33,0x33,0x33,0x33,0x33,0x33,0x33,0x33,
  0x33,0x33,0x33,0x33,0x31,0x7a,0xaa,0xaa,0xdd,0xdd,0xee,0xee,0xee,0x99,0xe9,0x06,0x33,0x33,0x33,0x33,
  0x33,0x33,0x33,0x33,0x33,0x33,0x33,0x33,0x33,0x33,0x33,0x33,0x33,0x33,0x33,0x33,0x33,0x33,0x33,0x33,
  0x33,0x33,0x33,0x33,0x33,0x33,0x33,0x33,0x60,0x9a,0xad,0xde,0xee,0xee,0xee,0xee,0xee,0x9e,0xe9,0x06,
  0x33,0x33,0x33,0x33,0x33,0x33,0x33,0x33,0x33,0x33,0x33,0x33,0x33,0x33,0x33,0x33,0x33,0x33,0x33,0x33,
  0x33,0x33,0x33,0x33,0x33,0x33,0x33,0x33,0x33,0x33,0x33,0x33,0x65,0xaa,0xde,0xe9,0xee,0xee,0xee,0xee,
  0xee,0xee,0xec,0x70,0x63,0x33,0x33,0x33,0x33,0x33,0x33,0x33,0x33,0x33,0x33,0x33,0x33,0x33,0x33,0x33,
  0x33,0x33,0x33,0x33,0x33,0x33,0x33,0x33,0x33,0x33,0x33,0x33,0x33,0x33,0x33,0x33,0x60,0x7e,0xee,0xee,
  0xee,0xee,0xee,0xee,0xec,0x99,0xec,0x70,0x63,0x33,0x33,0x33,0x33,0x33,0x33,0x33,0x33,0x33,0x33,0x33,
  0x33,0x33,0x33,0x33,0x33,0x33,0x33,0x33,0x33,0x33,0x33,0x33,0x33,0x33,0x33,0x33,0x33,0x33,0x33,0x33,
  0x61,0xee,0xee,0xee,0xee,0xee,0xcc,0xcc,0xcc,0x99,0xcc,0x85,0x33,0x33,0x33,0x33,0x33,0x33,0x33,0x33,
  0x33,0x33,0x33,0x33,0x33,0x33,0x33,0x33,0x33,0x33,0x33,0x33,0x33,0x33,0x33,0x33,0x33,0x33,0x33,0x33,
  0x33,0x33,0x33,0x36,0x06,0xee,0xee,0xee,0xcc,0xcc,0xcc,0xce,0xec,0xcc,0xbb,0xb7,0x06,0x33,0x36,0x66,
  0x33,0x33,0x33,0x33,0x33,0x33,0x33,0x33,0x33,0x33,0x33,0x33,0x33,0x33,0x33,0x33,0x33,0x33,0x33,0x33,
  0x33,0x33,0x33,0x33,0x33,0x33,0x33,0x33,0x69,0xee,0xee,0xcc,0xcc,0xcc,0xcc,0xcc,0xcb,0x88,0xbb,0xb8,
  0x06,0x33,0x31,0x04,0x63,0x33,0x33,0x33,0x33,0x33,0x33,0x33,0x33,0x33,0x33,0x33,0x33,0x33,0x33,0x33,
  0x33,0x33,0x33,0x33,0x33,0x33,0x33,0x33,0x33,0x33,0x33,0x60,0x9c,0xce,0x99,0xec,0xcc,0xcc,0xcb,0xbb,
  0xbb,0x88,0xbb,0xb8,0x70,0x56,0x07,0x97,0x06,0x33,0x33,0x33,0x33,0x33,0x33,0x33,0x33,0x33,0x33,0x33,
  0x33,0x33,0x33,0x33,0x33,0x33,0x33,0x33,0x33,0x33,0x33,0x33,0x33,0x33,0x33,0x60,0x9e,0xee,0x9e,0xee,
  0xcc,0xcb,0xbb,0xbb,0xbb,0xb8,0xb8,0x88,0x80,0x56,0x07,0x97,0x16,0x33,0x33,0x33,0x33,0x33,0x33,0x33,
  0x33,0x33,0x33,0x33,0x33,0x33,0x33,0x33,0x33,0x33,0x33,0x33,0x33,0x33,0x33,0x33,0x33,0x33,0x33,0x67,
  0x8c,0xcc,0xcc,0xcc,0xbb,0xbb,0xcc,0xcc,0xcb,0xb8,0x88,0x88,0x99,0x03,0x11,0x01,0x63,0x33,0x33,0x33,
  0x33,0x33,0x33,0x33,0x33,0x33,0x33,0x33,0x33,0x33,0x33,0x33,0x33,0x33,0x33,0x33,0x33,0x33,0x33,0x33,
  0x33,0x33,0x35,0x08,0x8b,0xbb,0xbb,0x8b,0xbc,0xcc,0xcb,0xbb,0x88,0x88,0x88,0x88,0xba,0x70,0x36,0x66,
  0x33,0x33,0x33,0x33,0x33,0x33,0x33,0x33,0x33,0x33,0x33,0x33,0x33,0x33,0x33,0x33,0x33,0x33,0x33,0x33,
  0x33,0x33,0x33,0x33,0x33,0x33,0x14,0x78,0x88,0x88,0x88,0x8b,0xbb,0xbb,0x88,0x88,0x88,0x88,0x88,0xbb,
  0xaa,0x90,0x53,0x33,0x33,0x33,0x33,0x33,0x33,0x33,0x33,0x33,0x33,0x33,0x33,0x33,0x33,0x33,0x33,0x33,
  0x33,0x33,0x33,0x33,0x33,0x33,0x33,0x33,0x33,0x36,0x17,0xa9,0x88,0x88,0x88,0x88,0x88,0x88,0x88,0x8b,
  0xbb,0xbb,0xb9,0x99,0xaa,0x92,0x56,0x63,0x33,0x33,0x33,0x33,0x33,0x33,0x33,0x33,0x33,0x33,0x33,0x33,
  0x33,0x33,0x33,0x33,0x33,0x33,0x33,0x33,0x33,0x33,0x33,0x66,0x66,0x20,0x07,0xaa,0x98,0x88,0x88,0x88,
  0xbb,0xbb,0xbb,0xbb,0xbd,0xda,0xa9,0x79,0xaa,0xa9,0x00,0x13,0x56,0x55,0x33,0x33,0x33,0x33,0x33,0x33,
  0x33,0x33,0x33,0x33,0x33,0x33,0x33,0x33,0x33,0x33,0x33,0x33,0x33,0x33,0x61,0x10,0x00,0x67,0x99,0xaa,
  0xaa,0xaa,0x99,0xbb,0xbb,0xbd,0xdd,0xda,0xaa,0xaa,0xa9,0x9a,0xaa,0xaa,0x77,0x73,0x00,0x00,0x33,0x33,
  0x33,0x33,0x33,0x33,0x33,0x33,0x33,0x33,0x33,0x33,0x33,0x33,0x33,0x33,0x33,0x33,0x33,0x32,0x04,0x77,
  0x99,0x9b,0xb9,0xaa,0xaa,0xaa,0xaa,0xaa,0xad,0xdd,0xdf,0xdf,0xfd,0xdf,0xda,0xad,0xdd,0xda,0x9b,0x99,
  0x89,0x87,0x33,0x33,0x33,0x33,0x33,0x33,0x33,0x33,0x33,0x33,0x33,0x33,0x33,0x33,0x33,0x33,0x33,0x33,
  0x33,0x25,0x8b,0xbb,0xbb,0xbb,0xbb,0xda,0xaa,0xaa,0xaa,0xaa,0xaa,0xad,0xdd,0xff,0xfd,0xdd,0xde,0x9e,
  0xee,0xee,0x99,0x9b,0xbb,0xbb,0x70,0x63,0x33,0x33,0x33,0x33,0x33,0x33,0x33,0x33,0x33,0x33,0x33,0x33,
  0x33,0x33,0x33,0x33,0x36,0x07,0xbb,0xbc,0xb9,0x99,0x99,0xfd,0xaa,0xaa,0xaa,0xaa,0xaa,0xaa,0xad,0xdd,
  0xde,0xee,0xee,0x9e,0xee,0xdd,0x99,0x99,0xbc,0xbb,0x70,0x63,0x33,0x33,0x33,0x33,0x33,0x33,0x33,0x33,
  0x33,0x33,0x33,0x33,0x33,0x33,0x33,0x33,0x36,0x07,0xbb,0xcf,0xfd,0xbb,0x99,0x9d,0xdd,0xdd,0xaa,0xaa,
  0xdd,0xdd,0xde,0xee,0xee,0xee,0xee,0xee,0xed,0xd9,0x89,0xef,0xff,0xcb,0x71,0x63,0x33,0x33,0x33,0x33,
  0x33,0x33,0x33,0x33,0x33,0x33,0x33,0x33,0x33,0x33,0x33,0x33,0x36,0x07,0xbb,0xcf,0xff,0xff,0xfd,0xd9,
  0x9d,0xda,0xdd,0xff,0xff,0xff,0xff,0xff,0xff,0xff,0xfe,0xee,0xd9,0x99,0xdf,0xff,0xfc,0xb8,0x33,0x33,
  0x33,0x33,0x33,0x33,0x33,0x33,0x33,0x33,0x33,0x33,0x33,0x33,0x33,0x33,0x33,0x33,0x33,0x35,0x8b,0xbc,
  0xff,0xff,0xff,0xff,0xfd,0xd9,0x99,0x9d,0xdd,0xff,0xff,0xff,0xcc,0xcc,0xc9,0x99,0x9b,0xdf,0xff,0xf9,
  0xcc,0x70,0x53,0x33,0x33,0x33,0x33,0x33,0x33,0x33,0x33,0x33,0x33,0x33,0x33,0x33,0x33,0x33,0x33,0x33,
  0x33,0x35,0x08,0xbc,0x9a,0xad,0xff,0xff,0xff,0xff,0xfd,0xdb,0x99,0xbb,0xbb,0xbb,0xbb,0xbb,0x99,0x9d,
  0xff,0xff,0xff,0xfd,0xfb,0x86,0x33,0x33,0x33,0x33,0x33,0x33,0x33,0x33,0x33,0x33,0x33,0x33,0x33,0x33,
  0x33,0x33,0x33,0x33,0x33,0x60,0x7b,0xbf,0xfa,0xaa,0xff,0xff,0xff,0xff,0xff,0xff,0xff,0xdb,0xbb,0xbb,
  0xbb,0xbb,0xbd,0xff,0xff,0xfd,0xda,0xdf,0xff,0xf9,0x06,0x33,0x33,0x33,0x33,0x33,0x33,0x33,0x33,0x33,
  0x33,0x33,0x33,0x33,0x33,0x33,0x33,0x33,0x33,0x60,0x9f,0xff,0xfa,0xba,0xdf,0xff,0xff,0xff,0xff,0xff,
  0xff,0xff,0xfb,0xbb,0xbb,0xbb,0xff,0xff,0xfd,0xda,0xaa,0xaf,0xff,0xf9,0x06,0x33,0x33,0x33,0x33,0x33,
  0x33,0x33,0x33,0x33,0x33,0x33,0x33,0x33,0x33,0x33,0x33,0x33,0x33,0x60,0x9f,0xff,0xfa,0xaa,0xdf,0xff,
  0xff,0xff,0xff,0xff,0xff,0xff,0xfc,0xbc,0xcc,0xbb,0xff,0xff,0xff,0xda,0xaa,0x77,0x99,0x96,0x33,0x33,
  0x33,0x33,0x33,0x33,0x33,0x33,0x33,0x33,0x33,0x33,0x33,0x33,0x33,0x33,0x33,0x33,0x33,0x33,0x07,0x99,
  0x77,0xaa,0xa9,0x77,0x99,0xdf,0xff,0xff,0xff,0xfd,0xfb,0xbc,0xcc,0xcb,0xff,0x97,0xad,0xaa,0xa7,0x60,
  0x00,0x01,0x33,0x33,0x33,0x33,0x33,0x33,0x33,0x33,0x33,0x33,0x33,0x33,0x33,0x33,0x33,0x33,0x33,0x33,
  0x33,0x33,0x30,0x00,0x11,0x17,0x40,0x00,0x00,0x77,0x9d,0xff,0xff,0xaa,0xab,0xbc,0xcc,0xbb,0xf9,0x00,
  0x04,0x44,0x01,0x36,0x66,0x63,0x33,0x33,0x33,0x33,0x33,0x33,0x33,0x33,0x33,0x33,0x33,0x33,0x33,0x33,
  0x33,0x33,0x33,0x33,0x33,0x33,0x36,0x66,0x66,0x61,0x36,0x66,0x66,0x10,0x00,0x79,0xdf,0xaa,0xaa,0xfc,
  0xcc,0xb9,0x70,0x66,0x63,0x11,0x66,0x33,0x33,0x33,0x33,0x33,0x33,0x33,0x33,0x33,0x33,0x33,0x33,0x33,
  0x33,0x33,0x33,0x33,0x33,0x33,0x33,0x33,0x33,0x33,0x33,0x33,0x33,0x33,0x33,0x33,0x33,0x66,0x63,0x00,
  0x07,0xad,0xda,0xdb,0xbb,0x70,0x06,0x33,0x33,0x33,0x33,0x33,0x33,0x33,0x33,0x33,0x33,0x33,0x33,0x33,
  0x33,0x33,0x33,0x33,0x33,0x33,0x33,0x33,0x33,0x33,0x33,0x33,0x33,0x33,0x33,0x33,0x33,0x33,0x33,0x33,
  0x33,0x33,0x33,0x66,0x60,0xaa,0xaa,0xfb,0xbb,0xb7,0x13,0x33,0x33,0x33,0x33,0x33,0x33,0x33,0x33,0x33,
  0x33,0x33,0x33,0x33,0x33,0x33,0x33,0x33,0x33,0x33,0x33,0x33,0x33,0x33,0x33,0x33,0x33,0x33,0x33,0x33,
  0x33,0x33,0x33,0x33,0x33,0x33,0x33,0x33,0x61,0x7a,0xaa,0xff,0xff,0xf9,0x06,0x33,0x33,0x33,0x33,0x33,
  0x33,0x33,0x33,0x33,0x33,0x33,0x33,0x33,0x33,0x33,0x33,0x33,0x33,0x33,0x33,0x33,0x33,0x33,0x33,0x33,
  0x33,0x33,0x33,0x33,0x33,0x33,0x33,0x33,0x33,0x33,0x33,0x33,0x33,0x00,0x77,0xff,0xff,0xf9,0x06,0x23,
  0x33,0x33,0x33,0x33,0x33,0x33,0x33,0x33,0x33,0x33,0x33,0x33,0x33,0x33,0x33,0x33,0x33,0x33,0x33,0x33,
  0x33,0x33,0x33,0x33,0x33,0x33,0x33,0x33,0x33,0x33,0x33,0x33,0x33,0x33,0x33,0x33,0x33,0x44,0x50,0x9f,
  0xff,0xf7,0x06,0x23,0x33,0x33,0x33,0x33,0x33,0x33,0x33,0x33,0x33,0x33,0x33,0x33,0x33,0x33,0x33,0x33,
  0x33,0x33,0x33,0x33,0x33,0x33,0x33,0x33,0x33,0x33,0x33,0x33,0x33,0x33,0x33,0x33,0x33,0x33,0x33,0x33,
  0x33,0x33,0x66,0x07,0x77,0x10,0x63,0x33,0x33,0x33,0x33,0x33,0x33,0x33,0x33,0x33,0x33,0x33,0x33,0x33,
  0x33,0x33,0x33,0x33,0x33,0x33,0x33,0x33,0x33,0x33,0x33,0x33,0x33,0x33,0x33,0x33,0x33,0x33,0x33,0x33,
  0x33,0x33,0x33,0x33,0x33,0x33,0x33,0x61,0x00,0x36,0x33,0x33,0x33,0x33,0x33,0x33,0x33,0x33,0x33,0x33,
  0x33,0x33,0x33,0x33,0x33,0x33,0x33,0x33,0x33,0x33,0x33,0x33,0x33,0x33,0x33,0x33,0x33,0x33,0x33,0x33,
  0x33,0x33,0x33,0x33,0x33,0x33,0x33,0x33,0x33,0x33,0x33,0x36,0x66,0x33,0x33,0x33,0x33,0x33,0x33,0x33,
  0x33,0x33,0x33,0x33,0x33,0x33,0x33,0x33,0x33,0x33,0x33,0x33,0x33,0x33,0x33,0x33,0x33,0x33,0x33,0x33,
  0x33,0x33,0x33,0x33,0x33,0x33,0x33,0x33,0x33,0x33,0x33,0x33,0x33,0x33,0x33,0x33,0x33,0x33,0x33,0x33,
  0x33,0x33,0x33,0x33,0x33,0x33,0x33,0x33,0x33,0x33,0x33,0x33,0x33,0x33,0x33,0x33,0x33,0x33,0x33,0x33,
  0x33,0x33,0x33,0x33,0x33,0x33,0x33,0x33,0x33,0x33,0x33,0x33,0x33,0x33,0x33,0x33,0x33,0x33,0x33,0x33,
  0x33,0x33,0x33,0x33,0x33,0x33,0x33,0x33,0x33,0x33,0x33,0x33,0x33,0x33,0x33,0x33,0x33,0x33,0x33,0x33,
  0x33,0x33,0x33,0x33,0x33,0x33,0x33,0x33,0x33,0x33,0x33,0x33,0x33,0x33,0x33,0x33,0x33,0x33,0x33,0x33,
  0x33,0x33,0x33,0x33,0x33,0x33,0x33,0x33,0x33,0x33,0x33,0x33,0x33,0x33,0x33,0x33,0x33,0x33,0x33,0x33,
  0x33,0x33,0x33,0x33,0x33,0x33,0x33,0x33,0x33,0x33,0x33,0x33,0x33,0x33,0x33,0x33,0x33,0x33,0x33,0x33,
  0x33,0x33,0x33,0x33,0x33,0x33,0x33,0x33,0x33,0x33,0x33,0x33,0x33,0x33,0x33,0x33,0x33,0x33,0x33,0x33,
  0x33,0x33,0x33,0x33,0x33,0x33,0x33,0x33,0x33,0x33,0x33,0x33,0x33,0x33,0x33,0x33,0x33,0x33,0x33,0x33,
  0x33,0x33,0x33,0x33,0x33,0x33,0x33,0x33,0x33,0x33,0x33,0x33,0x33,0x33,0x33,0x33,0x33,0x33,0x33,0x33,
  0x33,0x33,0x33,0x33,0x33,0x33,0x33,0x33,0x33,0x33,0x33,0x33,0x33,0x33,0x33,0x33,0x33,0x33,0x33,0x33,
  0x33,0x33,0x33,0x33,0x33,0x33,0x33,0x33,0x33,0x33,0x33,0x33,0x33,0x33,0x33,0x33,0x33,0x33,0x33,0x33,
  0x33,0x33,0x33,0x33,0x33,0x33,0x33,0x33,0x33,0x33,0x33,0x33,0x33,0x33,0x33,0x33,
};
constexpr std::uint8_t cover_cookie[] = {
  0xec,0xef,0xed,0xff,0xe4,0xeb,0xec,0xff,0xe9,0xeb,0xe8,0xff,0xe8,0xeb,0xe8,0xff,0xe7,0xeb,0xe8,0xff,
  0xe7,0xeb,0xe7,0xff,0xcc,0xe6,0xf3,0xff,0xc8,0xe3,0xf1,0xff,0xc7,0xe3,0xf1,0xff,0xe0,0xe8,0xe8,0xff,
  0xc5,0xdf,0xeb,0xff,0xa4,0xc7,0xcc,0xff,0x6d,0xa8,0xb2,0xff,0x66,0x99,0x91,0xff,0x47,0x8a,0xa1,0xff,
  0x3f,0x6c,0x67,0xff,0x33,0x33,0x33,0x33,0x33,0x33,0x33,0x33,0x33,0x33,0x33,0x33,0x33,0x33,0x33,0x33,
  0x33,0x33,0x33,0x33,0x33,0x33,0x33,0x33,0x33,0x33,0x33,0x33,0x33,0x33,0x33,0x33,0x33,0x33,0x33,0x33,
  0x33,0x33,0x33,0x33,0x33,0x33,0x33,0x33,0x33,0x33,0x33,0x33,0x33,0x33,0x33,0x33,0x33,0x33,0x33,0x33,
  0x33,0x33,0x33,0x33,0x33,0x33,0x33,0x33,0x33,0x33,0x33,0x33,0x33,0x33,0x33,0x33,0x33,0x33,0x33,0x33,
  0x33,0x33,0x33,0x33,0x33,0x33,0x33,0x33,0x33,0x33,0x33,0x33,0x33,0x33,0x33,0x33,0x33,0x33,0x33,0x33,
  0x33,0x33,0x33,0x33,0x33,0x33,0x33,0x33,0x33,0x33,0x33,0x33,0x33,0x33,0x33,0x33,0x33,0x33,0x33,0x33,
  0x33,0x33,0x33,0x33,0x33,0x33,0x33,0x33,0x33,0x33,0x33,0x33,0x33,0x33,0x33,0x33,0x33,0x33,0x33,0x33,
  0x33,0x33,0x33,0x33,0x33,0x33,0x33,0x33,0x33,0x33,0x33,0x33,0x33,0x33,0x33,0x33,0x33,0x33,0x33,0x33,
  0x33,0x33,0x33,0x33,0x33,0x33,0x33,0x33,0x33,0x33,0x33,0x33,0x33,0x33,0x33,0x33,0x33,0x33,0x33,0x33,
  0x33,0x33,0x33,0x33,0x33,0x33,0x33,0x33,0x33,0x33,0x33,0x33,0x33,0x33,0x33,0x33,0x33,0x33,0x33,0x33,
  0x33,0x33,0x33,0x33,0x33,0x33,0x33,0x33,0x33,0x33,0x33,0x33,0x33,0x33,0x33,0x33,0x33,0x33,0x33,0x33,
  0x33,0x33,0x33,0x33,0x33,0x33,0x33,0x33,0x33,0x33,0x33,0x33,0x33,0x33,0x33,0x33,0x33,0x33,0x33,0x33,
  0x33,0x33,0x33,0x33,0x33,0x33,0x33,0x33,0x33,0x33,0x33,0x33,0x33,0x33,0x33,0x33,0x33,0x33,0x33,0x33,
  0x33,0x33,0x33,0x33,0x33,0x33,0x33,0x33,0x33,0x33,0x33,0x33,0x33,0x33,0x33,0x33,0x33,0x33,0x33,0x33,
  0x33,0x33,0x33,0x33,0x33,0x33,0x33,0x33,0x33,0x33,0x33,0x33,0x33,0x33,0x33,0x33,0x33,0x33,0x33,0x33,
  0x33,0x33,0x33,0x33,0x33,0x33,0x33,0x33,0x33,0x33,0x33,0x33,0x33,0x33,0x33,0x33,0x33,0x33,0x33,0x33,
  0x33,0x33,0x33,0x33,0x33,0x33,0x33,0x33,0x33,0x33,0x33,0x33,0x33,0x33,0x33,0x33,0x33,0x33,0x33,0x33,
  0x33,0x33,0x33,0x33,0x33,0x33,0x33,0x33,0x33,0x33,0x33,0x33,0x33,0x33,0x33,0x33,0x33,0x33,0x33,0x33,
  0x33,0x33,0x33,0x33,0x33,0x33,0x33,0x33,0x33,0x33,0x33,0x33,0x33,0x33,0x45,0x54,0x33,0x33,0x33,0x35,
  0x55,0x55,0x33,0x33,0x33,0x33,0x33,0x33,0x33,0x33,0x33,0x33,0x33,0x33,0x33,0x33,0x33,0x33,0x33,0x33,
  0x33,0x33,0x33,0x33,0x33,0x33,0x33,0x33,0x33,0x33,0x33,0x33,0x33,0x33,0x33,0x33,0x33,0x35,0x20,0x00,
  0x22,0x23,0x20,0x00,0x00,0x00,0x53,0x33,0x33,0x33,0x33,0x33,0x33,0x33,0x33,0x33,0x33,0x33,0x33,0x33,
  0x33,0x33,0x33,0x33,0x33,0x33,0x33,0x33,0x33,0x33,0x33,0x33,0x33,0x33,0x33,0x33,0x33,0x33,0x33,0x33,
  0x33,0x50,0x9b,0xbb,0xbb,0xcc,0xcb,0xbb,0xbb,0xba,0x03,0x33,0x33,0x33,0x33,0x33,0x33,0x33,0x33,0x33,
  0x33,0x33,0x33,0x33,0x33,0x33,0x33,0x33,0x33,0x33,0x33,0x33,0x33,0x33,0x33,0x33,0x33,0x33,0x33,0x33,
  0x33,0x33,0x33,0x33,0x35,0x29,0xcc,0xcc,0xcc,0xcc,0xcc,0xcc,0xdd,0xdd,0xb0,0x53,0x33,0x33,0x33,0x33,
  0x33,0x33,0x33,0x33,0x33,0x33,0x33,0x33,0x33,0x33,0x33,0x33,0x33,0x33,0x33,0x33,0x33,0x33,0x33,0x33,
  0x33,0x33,0x33,0x33,0x33,0x33,0x33,0x33,0x35,0x0b,0xcb,0xbc,0xcd,0xdd,0xcc,0xdd,0xdd,0xdd,0xf9,0x05,
  0x33,0x33,0x33,0x33,0x33,0x33,0x33,0x33,0x33,0x33,0x33,0x33,0x33,0x33,0x33,0x33,0x33,0x33,0x33,0x33,
  0x33,0x33,0x33,0x33,0x33,0x33,0x33,0x33,0x33,0x33,0x33,0x33,0x32,0x9c,0xcb,0xcd,0xdd,0xdd,0xdd,0xdd,
  0xdd,0xff,0xfb,0x05,0x33,0x33,0x33,0x33,0x33,0x33,0x33,0x33,0x33,0x33,0x33,0x33,0x33,0x33,0x33,0x33,
  0x33,0x33,0x33,0x33,0x33,0x33,0x33,0x33,0x33,0x33,0x33,0x33,0x33,0x33,0x33,0x33,0x42,0x9c,0xcc,0xdd,
  0xdd,0xdd,0xdd,0xdd,0xdf,0xff,0xfb,0x05,0x33,0x33,0x33,0x33,0x33,0x33,0x33,0x33,0x33,0x33,0x33,0x33,
  0x33,0x33,0x33,0x33,0x33,0x33,0x33,0x33,0x33,0x33,0x33,0x33,0x33,0x33,0x33,0x33,0x33,0x33,0x33,0x33,
  0x42,0x9c,0xdc,0xdd,0xdd,0xdd,0xdd,0xdd,0xff,0xff,0xfb,0x05,0x33,0x33,0x33,0x33,0x33,0x33,0x33,0x33,
  0x33,0x33,0x33,0x33,0x33,0x33,0x33,0x33,0x33,0x33,0x33,0x33,0x33,0x33,0x33,0x33,0x33,0x33,0x33,0x33,
  0x33,0x33,0x33,0x33,0x35,0x0c,0xdd,0xdd,0xff,0xff,0xff,0xff,0xff,0xff,0xfa,0x05,0x33,0x33,0x33,0x33,
  0x33,0x33,0x33,0x33,0x33,0x33,0x33,0x33,0x33,0x33,0x33,0x33,0x33,0x33,0x33,0x33,0x33,0x33,0x33,0x33,
  0x33,0x33,0x33,0x33,0x33,0x33,0x33,0x33,0x35,0x0b,0xff,0xff,0xff,0xff,0xff,0xff,0xff,0xff,0xd0,0x53,
  0x33,0x33,0x33,0x33,0x33,0x33,0x33,0x33,0x33,0x33,0x33,0x33,0x33,0x33,0x33,0x33,0x33,0x33,0x33,0x33,
  0x33,0x33,0x33,0x33,0x33,0x33,0x33,0x33,0x33,0x33,0x33,0x33,0x33,0x50,0xbd,0xdf,0xff,0xff,0xff,0xff,
  0xfd,0xdc,0x12,0x53,0x33,0x33,0x33,0x33,0x33,0x33,0x33,0x33,0x33,0x33,0x33,0x33,0x33,0x33,0x33,0x33,
  0x33,0x33,0x33,0x33,0x33,0x33,0x33,0x33,0x33,0x33,0x33,0x33,0x33,0x33,0x33,0x33,0x33,0x55,0x00,0x0b,
  0xff,0xff,0xff,0xff,0xd0,0x00,0x45,0x33,0x33,0x33,0x44,0x44,0x43,0x33,0x33,0x33,0x33,0x33,0x33,0x33,
  0x33,0x33,0x33,0x33,0x33,0x33,0x33,0x33,0x33,0x33,0x33,0x33,0x33,0x33,0x33,0x33,0x33,0x33,0x33,0x33,
  0x53,0x00,0x5a,0xbc,0xdd,0xdd,0xdd,0xff,0xdb,0xa5,0x00,0x55,0x33,0x34,0x20,0x00,0x24,0x33,0x33,0x33,
  0x33,0x33,0x33,0x33,0x33,0x33,0x33,0x33,0x33,0x33,0x33,0x33,0x33,0x33,0x33,0x33,0x33,0x33,0x33,0x33,
  0x33,0x33,0x33,0x52,0x01,0xab,0xcc,0xdc,0xcc,0xcc,0xcc,0xcc,0xdd,0xdc,0xb9,0x00,0x55,0x32,0x0b,0xcb,
  0x40,0x13,0x33,0x33,0x33,0x33,0x33,0x33,0x33,0x33,0x33,0x33,0x33,0x33,0x33,0x33,0x33,0x33,0x33,0x33,
  0x33,0x33,0x33,0x33,0x33,0x33,0x52,0x04,0xbb,0xcc,0xcc,0xcc,0xcc,0xcc,0xdc,0xcc,0xcc,0xcd,0xdd,0xca,
  0x00,0x50,0xce,0xee,0xc7,0x01,0x23,0x33,0x33,0x33,0x33,0x33,0x33,0x33,0x33,0x33,0x33,0x33,0x33,0x33,
  0x33,0x33,0x33,0x33,0x33,0x33,0x33,0x33,0x33,0x35,0x02,0xbc,0xcc,0xbb,0xcc,0xcc,0xdd,0xdd,0xdd,0xdd,
  0xdd,0xdc,0xcd,0xdd,0xca,0x0b,0xee,0xee,0xee,0xa0,0x42,0x33,0x33,0x33,0x33,0x33,0x33,0x33,0x33,0x33,
  0x33,0x33,0x33,0x33,0x33,0x33,0x33,0x33,0x33,0x33,0x33,0x33,0x35,0x40,0x9b,0xcc,0xbb,0xcc,0xdd,0xdd,
  0xdd,0xdd,0xdd,0xdd,0xdd,0xdd,0xdd,0xdd,0xdd,0xbc,0xee,0xee,0xee,0xea,0x04,0x33,0x33,0x33,0x33,0x33,
  0x33,0x33,0x33,0x33,0x33,0x33,0x33,0x33,0x33,0x33,0x33,0x33,0x33,0x33,0x33,0x33,0x52,0x0b,0xcc,0xbb,
  0xcc,0xdd,0xdd,0xdd,0xdd,0xdf,0xdd,0xdd,0xdd,0xdd,0xdd,0xdd,0xdd,0xdd,0xee,0xee,0xee,0xee,0x92,0x43,
  0x33,0x33,0x33,0x33,0x33,0x33,0x33,0x33,0x33,0x33,0x33,0x33,0x33,0x33,0x33,0x33,0x33,0x33,0x33,0x35,
  0x24,0xbc,0xbb,0xcc,0xdd,0xdd,0xdf,0xff,0xff,0xff,0xff,0xff,0xff,0xdd,0xdd,0xdd,0xdd,0xdd,0xde,0xee,
  0xee,0xee,0xa0,0x43,0x33,0x33,0x33,0x33,0x33,0x33,0x33,0x33,0x33,0x33,0x33,0x33,0x33,0x33,0x33,0x33,
  0x33,0x33,0x33,0x52,0x9b,0xcb,0xbc,0xdd,0xdd,0xff,0xff,0xfd,0xcc,0xbb,0xbb,0xbc,0xdf,0xff,0xdd,0xdd,
  0xdd,0xdd,0xdf,0xfe,0xee,0xee,0x05,0x33,0x33,0x33,0x33,0x33,0x33,0x33,0x33,0x33,0x33,0x33,0x33,0x33,
  0x33,0x33,0x33,0x33,0x33,0x33,0x35,0x25,0xbc,0xbb,0xcd,0xdd,0xdf,0xff,0xdb,0xa8,0x66,0x76,0x8a,0x67,
  0x8a,0xbc,0xff,0xdd,0xdd,0xdd,0xdd,0xff,0xfe,0xe9,0x05,0x33,0x33,0x33,0x33,0x33,0x33,0x33,0x33,0x33,
  0x33,0x33,0x33,0x33,0x33,0x33,0x33,0x33,0x33,0x33,0x42,0x4b,0xcb,0xbc,0xdd,0xdf,0xff,0xdb,0x86,0x67,
  0x88,0x71,0xab,0x78,0x88,0x8a,0xbc,0xfd,0xdd,0xdd,0xdd,0xdf,0xdb,0xa0,0x53,0x33,0x33,0x33,0x33,0x33,
  0x33,0x33,0x33,0x33,0x33,0x33,0x33,0x33,0x33,0x33,0x33,0x33,0x33,0x33,0x50,0xbc,0xbb,0xcd,0xdd,0xff,
  0xfb,0x66,0x68,0x87,0x77,0x87,0xbb,0x77,0x78,0x88,0x87,0xbd,0xdd,0xdd,0xdd,0xdd,0xd9,0x05,0x44,0x33,
  0x33,0x33,0x33,0x33,0x33,0x33,0x33,0x33,0x33,0x33,0x33,0x33,0x33,0x33,0x33,0x33,0x33,0x35,0x0a,0xcb,
  0xbc,0xdd,0xdf,0xfd,0xa6,0x76,0x77,0x77,0x77,0x7a,0xba,0x78,0x87,0x67,0x88,0x7a,0xcd,0xdd,0xdd,0xdd,
  0xdd,0x42,0x44,0x33,0x33,0x33,0x33,0x33,0x33,0x33,0x33,0x33,0x33,0x33,0x33,0x33,0x33,0x33,0x33,0x33,
  0x33,0x40,0x9c,0xcb,0xcd,0xdd,0xff,0xca,0x67,0x67,0x77,0x77,0x77,0x77,0x66,0x86,0x6a,0xaa,0x77,0x7a,
  0xac,0xdd,0xdd,0xdd,0xdd,0xb0,0x54,0x33,0x33,0x33,0x33,0x33,0x33,0x33,0x33,0x33,0x33,0x33,0x33,0x33,
  0x33,0x33,0x33,0x33,0x33,0x40,0xbc,0xbc,0xdd,0xdf,0xfd,0x76,0x66,0x77,0x77,0x77,0x77,0x77,0x78,0x6a,
  0xaa,0xaa,0x77,0x77,0x88,0xcd,0xdd,0xdd,0xdd,0xda,0x04,0x33,0x33,0x33,0x33,0x33,0x33,0x33,0x33,0x33,
  0x33,0x33,0x33,0x33,0x33,0x33,0x33,0x33,0x35,0x0a,0xcb,0xbc,0xdd,0xff,0xd7,0x67,0x77,0x77,0x77,0x77,
  0x77,0x77,0x86,0xbc,0xec,0x87,0x87,0x77,0x7a,0xac,0xdd,0xdd,0xdd,0xdd,0x05,0x33,0x33,0x33,0x33,0x33,
  0x33,0x33,0x33,0x33,0x33,0x33,0x33,0x33,0x33,0x33,0x33,0x33,0x35,0x0b,0xcb,0xcd,0xdd,0xff,0xa6,0x77,
  0x77,0x77,0x77,0x77,0x77,0x78,0x6a,0xee,0xee,0xb6,0x87,0x77,0x78,0xaa,0xdd,0xdd,0xdd,0xdf,0xb0,0x53,
  0x33,0x33,0x33,0x33,0x33,0x33,0x33,0x33,0x33,0x33,0x33,0x33,0x33,0x33,0x33,0x33,0x50,0xac,0xbc,0xcd,
  0xdf,0xfb,0x66,0x77,0x77,0x77,0x77,0x77,0x77,0x78,0x6b,0xee,0xee,0xb6,0x87,0x77,0x78,0xaa,0xbd,0xdd,
  0xdd,0xdd,0xd0,0x53,0x33,0x33,0x33,0x33,0x33,0x33,0x33,0x33,0x33,0x33,0x33,0x33,0x33,0x33,0x33,0x33,
  0x50,0xbc,0xbc,0xdd,0xff,0xd6,0x66,0x77,0x77,0x77,0x77,0x77,0x77,0x87,0xac,0xee,0xee,0xb6,0x87,0x77,
  0x77,0x8a,0xac,0xdd,0xdd,0xdd,0xfa,0x05,0x33,0x33,0x33,0x33,0x33,0x33,0x33,0x33,0x33,0x33,0x33,0x33,
  0x33,0x33,0x33,0x34,0x29,0xcc,0xcd,0xdd,0xff,0xb6,0x77,0x77,0x77,0x77,0x77,0x77,0x77,0x86,0xbe,0xee,
  0xee,0x68,0x77,0x77,0x77,0x78,0xab,0xdd,0xdd,0xdd,0xfb,0x05,0x33,0x33,0x33,0x33,0x33,0x33,0x33,0x33,
  0x33,0x33,0x33,0x33,0x33,0x33,0x33,0x35,0x0a,0xcb,0xcd,0xdd,0xfd,0x78,0x77,0x77,0x77,0x77,0x77,0x77,
  0x78,0x78,0xce,0xee,0xeb,0x68,0x77,0x77,0x77,0x77,0xaa,0xdd,0xdd,0xdd,0xfd,0x42,0x33,0x33,0x33,0x33,
  0x33,0x33,0x33,0x33,0x33,0x33,0x33,0x33,0x33,0x33,0x33,0x35,0x0b,0xcb,0xcd,0xdf,0xfb,0x68,0x77,0x77,
  0x77,0x77,0x77,0x77,0x78,0x6b,0xee,0xee,0xe8,0x78,0x77,0x77,0x77,0x78,0xaa,0xbd,0xcd,0xdd,0xdf,0xa0,
  0x53,0x33,0x33,0x33,0x33,0x33,0x33,0x33,0x33,0x33,0x33,0x33,0x33,0x33,0x33,0x33,0x0c,0xcc,0xcd,0xdf,
  0xfa,0x68,0x77,0x77,0x77,0x77,0x77,0x77,0x88,0x6c,0xee,0xee,0xc6,0x88,0x77,0x77,0x77,0x78,0xaa,0xbd,
  0xdd,0xdd,0xdf,0xb0,0x53,0x33,0x33,0x33,0x33,0x33,0x33,0x33,0x33,0x33,0x33,0x33,0x33,0x33,0x33,0x42,
  0x9c,0xcc,0xdd,0xdf,0xd8,0x77,0x77,0x77,0x77,0x77,0x77,0x78,0x86,0xbe,0xee,0xee,0xa6,0x87,0x77,0x77,
  0x78,0x88,0xaa,0xbd,0xcd,0xdd,0xdf,0xc0,0x53,0x33,0x33,0x33,0x33,0x33,0x33,0x33,0x33,0x33,0x33,0x33,
  0x33,0x33,0x33,0x50,0x9c,0xcc,0xdd,0xdf,0xd6,0x88,0x87,0x77,0x77,0x77,0x77,0x87,0x8b,0xcc,0xee,0xec,
  0x68,0x77,0x77,0x77,0x78,0x88,0xaa,0xac,0xdd,0xdd,0xdf,0xd0,0x53,0x33,0x33,0x33,0x33,0x33,0x33,0x33,
  0x33,0x33,0x33,0x33,0x33,0x33,0x33,0x50,0xac,0xcc,0xdd,0xdf,0xc6,0x66,0x87,0x77,0x77,0x77,0x77,0x86,
  0xce,0xce,0xee,0xeb,0x68,0x77,0x77,0x77,0x77,0x88,0x8a,0xac,0xdc,0xdd,0xdf,0xd4,0x23,0x33,0x33,0x33,
  0x33,0x33,0x33,0x33,0x33,0x33,0x33,0x33,0x33,0x33,0x33,0x50,0xac,0xcc,0xdd,0xdf,0xb6,0x11,0xaa,0x77,
  0x77,0x77,0x78,0x6a,0xce,0xee,0xee,0xeb,0x67,0x88,0x77,0x77,0x78,0x61,0x6a,0xbc,0xdc,0xdd,0xdf,0xd9,
  0x24,0x33,0x33,0x33,0x33,0x33,0x33,0x33,0x33,0x33,0x33,0x33,0x33,0x33,0x33,0x50,0xbd,0xcc,0xdd,0xdf,
  0xb7,0xab,0xbb,0x67,0x77,0x77,0x78,0x6b,0xee,0xee,0xee,0xee,0xba,0x66,0x88,0x87,0x8a,0xaa,0xbb,0xbc,
  0xdc,0xdd,0xdf,0xd9,0x25,0x33,0x33,0x33,0x33,0x33,0x33,0x33,0x33,0x33,0x33,0x33,0x33,0x33,0x33,0x50,
  0xbd,0xcc,0xdd,0xdf,0xb6,0xab,0xba,0x77,0x77,0x77,0x78,0x6a,0xee,0xee,0xee,0xee,0xee,0xca,0x66,0x87,
  0x87,0xab,0xbb,0xbc,0xcc,0xdd,0xdf,0xd9,0x25,0x33,0x33,0x33,0x33,0x33,0x33,0x33,0x33,0x33,0x33,0x33,
  0x33,0x33,0x33,0x50,0xbd,0xcc,0xdd,0xdf,0xc6,0x76,0x67,0x77,0x77,0x77,0x77,0x86,0xce,0xee,0xee,0xee,
  0xee,0xee,0xca,0x68,0x77,0x8a,0xaa,0xac,0xcc,0xdd,0xdf,0xd9,0x24,0x33,0x33,0x33,0x33,0x33,0x33,0x33,
  0x33,0x33,0x33,0x33,0x33,0x33,0x33,0x50,0xad,0xcc,0xdd,0xdf,0xd6,0x88,0x87,0x77,0x77,0x77,0x77,0x86,
  0xae,0xee,0xec,0xee,0xee,0xee,0xec,0x68,0x88,0xaa,0xaa,0xbd,0xcd,0xdd,0xff,0xd4,0x33,0x33,0x33,0x33,
  0x33,0x33,0x33,0x33,0x33,0x33,0x33,0x33,0x33,0x33,0x33,0x50,0xad,0xcc,0xdd,0xdf,0xd8,0x77,0x77,0x77,
  0x77,0x77,0x77,0x78,0x66,0xbc,0xba,0xbe,0xee,0xee,0xee,0x67,0x88,0x8a,0xaa,0xbd,0xcd,0xdd,0xff,0xd0,
  0x53,0x33,0x33,0x33,0x33,0x33,0x33,0x33,0x33,0x33,0x33,0x33,0x33,0x33,0x33,0x42,0x9c,0xdc,0xdd,0xdd,
  0xfa,0x67,0x77,0x77,0x77,0x77,0x77,0x77,0x87,0x66,0x77,0x66,0xbc,0xee,0xec,0x68,0x88,0x8a,0xaa,0xcd,
  0xcd,0xdd,0xff,0xc0,0x53,0x33,0x33,0x33,0x33,0x33,0x33,0x33,0x33,0x33,0x33,0x33,0x33,0x33,0x33,0x35,
  0x0c,0xdc,0xdd,0xdd,0xfb,0x68,0x77,0x77,0x77,0x77,0x77,0x77,0x77,0x88,0x88,0x88,0x66,0xab,0xb6,0x87,
  0x78,0xaa,0xaa,0xcc,0xcd,0xdd,0xff,0xb0,0x53,0x33,0x33,0x33,0x33,0x33,0x33,0x33,0x33,0x33,0x33,0x33,
  0x33,0x33,0x33,0x35,0x0b,0xdc,0xdd,0xdd,0xfd,0xa8,0x77,0x77,0x77,0x77,0x77,0x77,0x77,0x77,0x77,0x77,
  0x88,0x76,0x68,0x77,0x8a,0xaa,0xab,0xdc,0xcd,0xdf,0xff,0xa0,0x53,0x33,0x33,0x33,0x33,0x33,0x33,0x33,
  0x33,0x33,0x33,0x33,0x33,0x33,0x33,0x35,0x0a,0xdd,0xdd,0xdd,0xdf,0xb7,0x87,0x77,0x77,0x77,0x77,0x77,
  0x77,0x77,0x77,0x77,0x88,0x88,0x8a,0x78,0xaa,0xaa,0xac,0xcc,0xdd,0xdf,0xfd,0x43,0x33,0x33,0x33,0x33,
  0x33,0x33,0x33,0x33,0x33,0x33,0x33,0x33,0x33,0x33,0x33,0x33,0x35,0xdd,0xdd,0xdd,0xdf,0xda,0x87,0x77,
  0x77,0x77,0x77,0x77,0x77,0x77,0x77,0x77,0x77,0x77,0x8a,0xa8,0x8a,0xaa,0xbd,0xcc,0xdd,0xff,0xfc,0x05,
  0x33,0x33,0x33,0x33,0x33,0x33,0x33,0x33,0x33,0x33,0x33,0x33,0x33,0x33,0x33,0x33,0x50,0xbd,0xdd,0xdd,
  0xdd,0xfb,0x78,0x77,0x77,0x77,0x77,0x77,0x77,0x77,0x77,0x78,0x77,0x77,0x78,0xaa,0xaa,0xab,0xdc,0xcd,
  0xdd,0xff,0xfa,0x05,0x33,0x33,0x33,0x33,0x33,0x33,0x33,0x33,0x33,0x33,0x33,0x33,0x33,0x33,0x33,0x33,
  0x50,0x9d,0xdd,0xdd,0xdd,0xdf,0xb8,0x88,0x77,0x77,0x77,0x77,0x77,0x77,0x88,0x88,0x88,0x88,0x78,0xaa,
  0xaa,0xac,0xdb,0xcd,0xdf,0xff,0xd0,0x53,0x33,0x33,0x33,0x33,0x33,0x33,0x33,0x33,0x33,0x33,0x33,0x33,
  0x33,0x33,0x33,0x33,0x35,0x0b,0xdd,0xdd,0xdd,0xdd,0xda,0xa8,0x77,0x77,0x77,0x77,0x78,0x8a,0x88,0xaa,
  0xa8,0x88,0xaa,0xaa,0xaa,0xcd,0xcc,0xdd,0xdf,0xff,0xb0,0x53,0x33,0x33,0x33,0x33,0x33,0x33,0x33,0x33,
  0x33,0x33,0x33,0x33,0x33,0x33,0x33,0x33,0x35,0x09,0xdd,0xdd,0xdd,0xdd,0xdd,0xa8,0xa8,0x77,0x77,0x77,
  0x77,0x76,0xaa,0xaa,0xaa,0xaa,0xaa,0xaa,0xac,0xdc,0xcd,0xdd,0xff,0xfd,0x05,0x33,0x33,0x33,0x33,0x33,
  0x33,0x33,0x33,0x33,0x33,0x33,0x33,0x33,0x33,0x33,0x33,0x33,0x33,0x50,0xbd,0xdd,0xdd,0xdd,0xdd,0xdb,
  0xaa,0xa8,0x87,0x77,0x78,0x61,0xab,0xaa,0xaa,0xaa,0xaa,0xab,0xcd,0xcb,0xdd,0xdf,0xff,0xfa,0x05,0x33,
  0x33,0x33,0x33,0x33,0x33,0x33,0x33,0x33,0x33,0x33,0x33,0x33,0x33,0x33,0x33,0x33,0x33,0x34,0x0c,0xdd,
  0xdd,0xdd,0xdd,0xdd,0xba,0xaa,0x88,0x88,0x8a,0x76,0xbb,0xaa,0xaa,0xaa,0xaa,0xbc,0xdc,0xcd,0xdd,0xdf,
  0xff,0xb0,0x52,0x33,0x33,0x33,0x33,0x33,0x33,0x33,0x33,0x33,0x33,0x33,0x33,0x33,0x33,0x33,0x33,0x33,
  0x33,0x35,0x09,0xdd,0xdd,0xdd,0xdd,0xdd,0xdc,0xba,0xaa,0xaa,0xaa,0xaa,0xbb,0xaa,0xaa,0xaa,0xbc,0xdc,
  0xbc,0xdd,0xdd,0xff,0xfd,0x05,0x33,0x33,0x33,0x33,0x33,0x33,0x33,0x33,0x33,0x33,0x33,0x33,0x33,0x33,
  0x33,0x33,0x33,0x33,0x33,0x33,0x50,0xaf,0xdd,0xdd,0xdd,0xdd,0xdd,0xdc,0xbb,0xaa,0xaa,0xab,0xba,0xaa,
  0xab,0xbc,0xdc,0xcb,0xcd,0xdd,0xff,0xff,0xd4,0x25,0x43,0x33,0x33,0x33,0x33,0x33,0x33,0x33,0x33,0x33,
  0x33,0x33,0x33,0x33,0x33,0x33,0x33,0x33,0x33,0x33,0x35,0x0b,0xff,0xdd,0xdd,0xdd,0xdd,0xdd,0xdd,0xcb,
  0xbb,0xbb,0xbb,0xbb,0xcd,0xdc,0xcc,0xcd,0xdd,0xdf,0xff,0xff,0x90,0x53,0x33,0x33,0x33,0x33,0x33,0x33,
  0x33,0x33,0x33,0x33,0x33,0x33,0x33,0x33,0x33,0x33,0x33,0x33,0x33,0x33,0x33,0x50,0xbf,0xfd,0xdd,0xdd,
  0xdd,0xdd,0xcd,0xdd,0xdd,0xdd,0xdd,0xdd,0xdc,0xcc,0xcc,0xdd,0xdd,0xff,0xff,0xf9,0x05,0x53,0x33,0x33,
  0x33,0x33,0x33,0x33,0x33,0x33,0x33,0x33,0x33,0x33,0x33,0x33,0x33,0x33,0x33,0x33,0x33,0x33,0x33,0x35,
  0x0a,0xff,0xdd,0xdd,0xdd,0xdd,0xdd,0xcc,0xcc,0xcc,0xcc,0xcc,0xcc,0xcd,0xdd,0xdd,0xff,0xff,0xfd,0x90,
  0x54,0x53,0x33,0x33,0x33,0x33,0x33,0x33,0x33,0x33,0x33,0x33,0x33,0x33,0x33,0x33,0x33,0x33,0x33,0x33,
  0x33,0x33,0x33,0x33,0x50,0x9d,0xff,0xdd,0xdd,0xdd,0xdd,0xdd,0xdd,0xdd,0xcc,0xdd,0xdd,0xdd,0xdd,0xdf,
  0xff,0xff,0xc0,0x05,0x33,0x33,0x33,0x33,0x33,0x33,0x33,0x33,0x33,0x33,0x33,0x33,0x33,0x33,0x33,0x33,
  0x33,0x33,0x33,0x33,0x33,0x33,0x33,0x33,0x35,0x00,0xbf,0xff,0xfd,0xdd,0xdd,0xdd,0xdd,0xdd,0xdd,0xdd,
  0xdd,0xdd,0xdf,0xff,0xff,0xfb,0x03,0x53,0x33,0x33,0x33,0x33,0x33,0x33,0x33,0x33,0x33,0x33,0x33,0x33,
  0x33,0x33,0x33,0x33,0x33,0x33,0x33,0x33,0x33,0x33,0x33,0x33,0x33,0x54,0x09,0xdf,0xff,0xff,0xdd,0xdd,
  0xdd,0xdd,0xdd,0xdd,0xff,0xff,0xff,0xff,0xfc,0x10,0x53,0x33,0x33,0x33,0x33,0x33,0x33,0x33,0x33,0x33,
  0x33,0x33,0x33,0x33,0x33,0x33,0x33,0x33,0x33,0x33,0x33,0x33,0x33,0x33,0x33,0x33,0x33,0x35,0x95,0x4a,
  0xdf,0xff,0xff,0xff,0xff,0xff,0xff,0xff,0xff,0xff,0xff,0xfc,0xa4,0x99,0x95,0x33,0x33,0x33,0x33,0x33,
  0x33,0x33,0x33,0x33,0x33,0x33,0x33,0x33,0x33,0x33,0x33,0x33,0x33,0x33,0x33,0x33,0x33,0x33,0x33,0x33,
  0x35,0x99,0x9a,0xaa,0xab,0xdf,0xff,0xff,0xff,0xff,0xff,0xff,0xff,0xff,0xfd,0xba,0xaa,0xaa,0xa9,0x95,
  0x23,0x33,0x33,0x33,0x33,0x33,0x33,0x33,0x33,0x33,0x33,0x33,0x33,0x33,0x33,0x33,0x33,0x33,0x33,0x33,
  0x33,0x33,0x33,0x33,0x35,0x99,0x9a,0xab,0xbb,0xbb,0xcd,0xff,0xff,0xff,0xff,0xff,0xff,0xdc,0xcb,0xbb,
  0xbb,0xaa,0xa9,0x95,0x23,0x33,0x33,0x33,0x33,0x33,0x33,0x33,0x33,0x33,0x33,0x33,0x33,0x33,0x33,0x33,
  0x33,0x33,0x33,0x33,0x33,0x33,0x33,0x33,0x33,0x22,0x59,0x99,0x99,0xaa,0xab,0xbb,0xbb,0xcc,0xcc,0xcb,
  0xbb,0xbb,0xba,0xaa,0x99,0x99,0x54,0x33,0x33,0x33,0x33,0x33,0x33,0x33,0x33,0x33,0x33,0x33,0x33,0x33,
  0x33,0x33,0x33,0x33,0x33,0x33,0x33,0x33,0x33,0x33,0x33,0x33,0x33,0x33,0x32,0x22,0x22,0x22,0x22,0x22,
  0x23,0x44,0x55,0x32,0x52,0x22,0x22,0x22,0x22,0x22,0x33,0x33,0x33,0x33,0x33,0x33,0x33,0x33,0x33,0x33,
  0x33,0x33,0x33,0x33,0x33,0x33,0x33,0x33,0x33,0x33,0x33,0x33,0x33,0x33,0x33,0x33,0x33,0x33,0x33,0x33,
  0x33,0x33,0x43,0x33,0x33,0x33,0x33,0x33,0x34,0x33,0x44,0x43,0x33,0x33,0x33,0x33,0x33,0x33,0x33,0x33,
  0x33,0x33,0x33,0x33,0x33,0x33,0x33,0x33,0x33,0x33,0x33,0x33,0x33,0x33,0x33,0x33,0x33,0x33,0x33,0x33,
  0x33,0x33,0x33,0x33,0x33,0x33,0x33,0x33,0x33,0x33,0x33,0x33,0x33,0x33,0x33,0x33,0x33,0x33,0x33,0x33,
  0x33,0x33,0x33,0x33,0x33,0x33,0x33,0x33,0x33,0x33,0x33,0x33,0x33,0x33,0x33,0x33,0x33,0x33,0x33,0x33,
  0x33,0x33,0x33,0x33,0x33,0x33,0x33,0x33,0x33,0x33,0x33,0x33,0x33,0x33,0x33,0x33,0x33,0x33,0x33,0x33,
  0x33,0x33,0x33,0x33,0x33,0x33,0x33,0x33,0x33,0x33,0x33,0x33,0x33,0x33,0x33,0x33,0x33,0x33,0x33,0x33,
  0x33,0x33,0x33,0x33,0x33,0x33,0x33,0x33,0x33,0x33,0x33,0x33,0x33,0x33,0x33,0x33,0x33,0x33,0x33,0x33,
  0x33,0x33,0x33,0x33,0x33,0x33,0x33,0x33,0x33,0x33,0x33,0x33,0x33,0x33,0x33,0x33,0x33,0x33,0x33,0x33,
  0x33,0x33,0x33,0x33,0x33,0x33,0x33,0x33,0x33,0x33,0x33,0x33,0x33,0x33,0x33,0x33,0x33,0x33,0x33,0x33,
  0x33,0x33,0x33,0x33,0x33,0x33,0x33,0x33,0x33,0x33,0x33,0x33,0x33,0x33,0x33,0x33,0x33,0x33,0x33,0x33,
  0x33,0x33,0x33,0x33,0x33,0x33,0x33,0x33,0x33,0x33,0x33,0x33,0x33,0x33,0x33,0x33,0x33,0x33,0x33,0x33,
  0x33,0x33,0x33,0x33,0x33,0x33,0x33,0x33,0x33,0x33,0x33,0x33,0x33,0x33,0x33,0x33,0x33,0x33,0x33,0x33,
  0x33,0x33,0x33,0x33,0x33,0x33,0x33,0x33,0x33,0x33,0x33,0x33,0x33,0x33,0x33,0x33,0x33,0x33,0x33,0x33,
  0x33,0x33,0x33,0x33,0x33,0x33,0x33,0x33,0x33,0x33,0x33,0x33,0x33,0x33,0x33,0x33,0x33,0x33,0x33,0x33,
  0x33,0x33,0x33,0x33,0x33,0x33,0x33,0x33,0x33,0x33,0x33,0x33,0x33,0x33,0x33,0x33,0x33,0x33,0x33,0x33,
  0x33,0x33,0x33,0x33,0x33,0x33,0x33,0x33,0x33,0x33,0x33,0x33,0x33,0x33,0x33,0x33,0x33,0x33,0x33,0x33,
  0x33,0x33,0x33,0x33,0x33,0x33,0x33,0x33,0x33,0x33,0x33,0x33,0x33,0x33,0x33,0x33,0x33,0x33,0x33,0x33,
  0x33,0x33,0x33,0x33,0x33,0x33,0x33,0x33,0x33,0x33,0x33,0x33,0x33,0x33,0x33,0x33,0x33,0x33,0x33,0x33,
  0x33,0x33,0x33,0x33,0x33,0x33,0x33,0x33,0x33,0x33,0x33,0x33,0x33,0x33,0x33,0x33,0x33,0x33,0x33,0x33,
  0x33,0x33,0x33,0x33,0x33,0x33,0x33,0x33,0x33,0x33,0x33,0x33,0x33,0x33,0x33,0x33,0x33,0x33,0x33,0x33,
  0x33,0x33,0x33,0x33,0x33,0x33,0x33,0x33,0x33,0x33,0x33,0x33,0x33,0x33,0x33,0x33,0x33,0x33,0x33,0x33,
  0x33,0x33,0x33,0x33,0x33,0x33,0x33,0x33,0x33,0x33,0x33,0x33,0x33,0x33,0x33,0x33,0x33,0x33,0x33,0x33,
  0x33,0x33,0x33,0x33,0x33,0x33,0x33,0x33,0x33,0x33,0x33,0x33,0x33,0x33,0x33,0x33,0x33,0x33,0x33,0x33,
  0x33,0x33,0x33,0x33,0x33,0x33,0x33,0x33,0x33,0x33,0x33,0x33,0x33,0x33,0x33,0x33,0x33,0x33,0x33,0x33,
  0x33,0x33,0x33,0x33,0x33,0x33,0x33,0x33,0x33,0x33,0x33,0x33,0x33,0x33,0x33,0x33,0x33,0x33,0x33,0x33,
  0x33,0x33,0x33,0x33,0x33,0x33,0x33,0x33,0x33,0x33,0x33,0x33,0x33,0x33,0x33,0x33,0x33,0x33,0x33,0x33,
  0x33,0x33,0x33,0x33,0x33,0x33,0x33,0x33,0x33,0x33,0x33,0x33,0x33,0x33,0x33,0x33,0x33,0x33,0x33,0x33,
  0x33,0x33,0x33,0x33,0x33,0x33,0x33,0x33,0x33,0x33,0x33,0x33,0x33,0x33,0x33,0x33,
};
constexpr std::uint8_t cover_timmy[] = {
  0xf1,0xf7,0xfa,0xff,0xed,0xf4,0xfa,0xff,0xef,0xf4,0xf8,0xff,0xee,0xf4,0xf8,0xff,0xed,0xf4,0xf8,0xff,
  0xee,0xf4,0xf7,0xff,0xea,0xf2,0xf8,0xff,0xe3,0xeb,0xf4,0xff,0xd5,0xdf,0xe9,0xff,0xcb,0xd5,0xe0,0xff,
  0xc4,0xce,0xd8,0xff,0xb2,0xc8,0xd8,0xff,0xa1,0xba,0xcc,0xff,0x7f,0x90,0xa7,0xff,0x39,0x3f,0x51,0xff,
  0x1d,0x1d,0x24,0xff,0x53,0x33,0x33,0x33,0x33,0x33,0x33,0x33,0x33,0x33,0x33,0x33,0x33,0x33,0x33,0x33,
  0x33,0x33,0x33,0x33,0x33,0x33,0x33,0x33,0x33,0x33,0x33,0x33,0x33,0x33,0x33,0x33,0x33,0x33,0x33,0x33,
  0x33,0x33,0x33,0x33,0x33,0x33,0x33,0x33,0x55,0x33,0x33,0x33,0x33,0x33,0x33,0x33,0x33,0x33,0x33,0x33,
  0x33,0x33,0x33,0x33,0x33,0x33,0x33,0x33,0x33,0x33,0x33,0x33,0x33,0x33,0x33,0x33,0x33,0x33,0x33,0x33,
  0x33,0x33,0x33,0x33,0x33,0x33,0x33,0x33,0x33,0x33,0x33,0x33,0x55,0x53,0x33,0x33,0x33,0x33,0x33,0x33,
  0x33,0x33,0x33,0x33,0x33,0x33,0x33,0x33,0x33,0x33,0x33,0x33,0x33,0x33,0x33,0x33,0x33,0x33,0x33,0x33,
  0x33,0x33,0x33,0x33,0x33,0x33,0x33,0x33,0x33,0x33,0x33,0x33,0x33,0x33,0x33,0x33,0x33,0x33,0x33,0x33,
  0x33,0x33,0x33,0x33,0x33,0x33,0x33,0x33,0x33,0x33,0x33,0x33,0x33,0x33,0x33,0x33,0x33,0x33,0x33,0x33,
  0x33,0x33,0x33,0x33,0x33,0x33,0x33,0x33,0x33,0x33,0x33,0x33,0x33,0x33,0x33,0x33,0x33,0x33,0x33,0x33,
  0x33,0x33,0x33,0x33,0x33,0x33,0x33,0x33,0x33,0x33,0x33,0x33,0x33,0x33,0x33,0x33,0x33,0x33,0x33,0x33,
  0x33,0x33,0x33,0x33,0x33,0x33,0x33,0x33,0x33,0x33,0x33,0x33,0x33,0x33,0x33,0x33,0x33,0x33,0x33,0x33,
  0x33,0x33,0x33,0x33,0x33,0x33,0x33,0x33,0x33,0x33,0x33,0x33,0x33,0x33,0x33,0x33,0x33,0x33,0x33,0x33,
  0x33,0x33,0x33,0x33,0x33,0x33,0x33,0x33,0x33,0x33,0x33,0x33,0x33,0x33,0x33,0x33,0x33,0x33,0x33,0x33,
  0x33,0x33,0x33,0x33,0x33,0x33,0x33,0x33,0x33,0x33,0x33,0x33,0x33,0x33,0x33,0x33,0x33,0x33,0x33,0x33,
  0x33,0x33,0x33,0x33,0x33,0x33,0x33,0x33,0x33,0x33,0x33,0x33,0x33,0x33,0x33,0x33,0x33,0x33,0x33,0x33,
  0x33,0x33,0x33,0x33,0x33,0x33,0x33,0x33,0x33,0x33,0x33,0x33,0x33,0x33,0x33,0x33,0x33,0x33,0x33,0x33,
  0x33,0x33,0x33,0x33,0x33,0x33,0x33,0x33,0x33,0x33,0x33,0x33,0x33,0x33,0x33,0x33,0x33,0x33,0x33,0x33,
  0x33,0x33,0x33,0x33,0x33,0x33,0x33,0x33,0x33,0x33,0x33,0x33,0x33,0x33,0x33,0x33,0x33,0x33,0x33,0x33,
  0x33,0x33,0x33,0x33,0x33,0x33,0x33,0x33,0x33,0x33,0x33,0x33,0x33,0x33,0x33,0x33,0x33,0x33,0x33,0x33,
  0x33,0x33,0x33,0x33,0x33,0x33,0x33,0x33,0x33,0x33,0x33,0x33,0x33,0x33,0x33,0x33,0x33,0x33,0x33,0x33,
  0x33,0x33,0x33,0x33,0x33,0x33,0x33,0x33,0x33,0x33,0x33,0x33,0x33,0x33,0x33,0x33,0x33,0x33,0x33,0x33,
  0x33,0x33,0x33,0x33,0x33,0x33,0x33,0x33,0x33,0x33,0x34,0x43,0x33,0x33,0x33,0x33,0x33,0x33,0x33,0x33,
  0x33,0x33,0x33,0x33,0x33,0x33,0x33,0x33,0x33,0x33,0x33,0x33,0x33,0x33,0x33,0x33,0x33,0x33,0x33,0x33,
  0x33,0x33,0x33,0x33,0x33,0x33,0x33,0x33,0x33,0x33,0x33,0x33,0x33,0x34,0x20,0x03,0x33,0x33,0x33,0x33,
  0x33,0x33,0x33,0x33,0x33,0x33,0x33,0x33,0x33,0x33,0x33,0x33,0x33,0x33,0x33,0x33,0x33,0x33,0x33,0x33,
  0x33,0x33,0x33,0x33,0x33,0x33,0x33,0x33,0x33,0x33,0x33,0x33,0x33,0x33,0x33,0x33,0x34,0x30,0x67,0x74,
  0x33,0x33,0x33,0x33,0x33,0x33,0x33,0x33,0x33,0x33,0x33,0x33,0x33,0x33,0x33,0x33,0x33,0x33,0x33,0x33,
  0x33,0x33,0x33,0x33,0x33,0x33,0x33,0x33,0x33,0x33,0x33,0x33,0x33,0x33,0x33,0x33,0x33,0x33,0x33,0x33,
  0x42,0x29,0xcc,0xc7,0x04,0x33,0x33,0x33,0x33,0x33,0x33,0x33,0x33,0x33,0x33,0x33,0x33,0x33,0x33,0x33,
  0x33,0x33,0x33,0x33,0x33,0x33,0x33,0x33,0x33,0x33,0x33,0x33,0x33,0x33,0x33,0x33,0x33,0x33,0x33,0x33,
  0x33,0x33,0x33,0x34,0x24,0xbc,0xcd,0xc0,0x43,0x33,0x33,0x33,0x33,0x33,0x33,0x33,0x33,0x33,0x33,0x33,
  0x33,0x33,0x33,0x33,0x33,0x33,0x33,0x33,0x33,0x33,0x33,0x33,0x33,0x33,0x33,0x33,0x33,0x33,0x33,0x33,
  0x33,0x33,0x33,0x33,0x33,0x33,0x33,0x34,0x0b,0xcc,0xdd,0x70,0x43,0x33,0x33,0x33,0x33,0x33,0x33,0x33,
  0x33,0x33,0x33,0x33,0x33,0x33,0x33,0x33,0x33,0x33,0x33,0x33,0x33,0x33,0x33,0x33,0x33,0x33,0x33,0x33,
  0x33,0x33,0x33,0x33,0x33,0x33,0x33,0x33,0x33,0x33,0x33,0x40,0x8c,0xcc,0xdc,0x04,0x33,0x33,0x33,0x33,
  0x33,0x33,0x33,0x33,0x33,0x33,0x33,0x33,0x33,0x33,0x33,0x33,0x33,0x33,0x33,0x33,0x33,0x33,0x33,0x33,
  0x33,0x33,0x33,0x33,0x33,0x33,0x33,0x33,0x33,0x33,0x33,0x33,0x33,0x33,0x33,0x40,0xbc,0xcd,0xcc,0x06,
  0x33,0x33,0x34,0x43,0x33,0x33,0x33,0x33,0x33,0x33,0x33,0x33,0x33,0x33,0x33,0x33,0x33,0x33,0x33,0x33,
  0x33,0x33,0x33,0x33,0x33,0x33,0x33,0x33,0x33,0x33,0x33,0x33,0x33,0x33,0x33,0x33,0x33,0x33,0x33,0x40,
  0xcc,0xcd,0xcc,0x40,0x44,0x44,0x20,0x04,0x33,0x33,0x33,0x33,0x33,0x33,0x33,0x33,0x33,0x33,0x33,0x33,
  0x33,0x33,0x33,0x33,0x33,0x33,0x33,0x33,0x33,0x33,0x33,0x33,0x33,0x33,0x33,0x33,0x33,0x33,0x33,0x33,
  0x33,0x33,0x33,0x32,0xcc,0xcd,0xcc,0xc9,0x02,0x00,0x69,0x70,0x43,0x33,0x33,0x33,0x33,0x33,0x33,0x33,
  0x33,0x33,0x33,0x33,0x33,0x33,0x33,0x33,0x33,0x33,0x33,0x33,0x33,0x33,0x33,0x33,0x33,0x33,0x33,0x33,
  0x33,0x33,0x33,0x33,0x33,0x33,0x33,0x40,0xcd,0xcd,0xdc,0xcc,0x77,0x98,0xbd,0xc4,0x23,0x33,0x33,0x33,
  0x33,0x33,0x33,0x33,0x33,0x33,0x33,0x33,0x33,0x33,0x33,0x33,0x33,0x33,0x33,0x33,0x33,0x33,0x33,0x33,
  0x33,0x33,0x33,0x33,0x32,0x23,0x22,0x22,0x23,0x33,0x33,0x40,0xbd,0xcd,0xdc,0xcb,0xcc,0xcc,0xbd,0xc6,
  0x23,0x33,0x33,0x33,0x33,0x33,0x33,0x33,0x33,0x33,0x33,0x33,0x33,0x33,0x33,0x33,0x33,0x33,0x33,0x33,
  0x33,0x33,0x33,0x33,0x33,0x33,0x32,0x23,0x32,0x33,0x67,0x76,0x62,0x22,0x33,0x40,0x7d,0xdc,0xcd,0xdc,
  0xcc,0xdb,0x08,0x72,0x33,0x33,0x33,0x33,0x33,0x33,0x33,0x33,0x33,0x33,0x33,0x33,0x33,0x33,0x33,0x33,
  0x33,0x33,0x33,0x33,0x33,0x33,0x33,0x33,0x34,0x32,0x16,0x77,0x88,0x8a,0xbb,0xa9,0x88,0x77,0x20,0x26,
  0x09,0xdd,0xdc,0xcd,0xdd,0xc0,0x77,0x02,0x33,0x33,0x33,0x33,0x33,0x33,0x33,0x33,0x33,0x33,0x33,0x33,
  0x33,0x33,0x33,0x33,0x33,0x33,0x33,0x33,0x33,0x33,0x33,0x33,0x24,0x77,0x89,0x99,0xa9,0x9a,0xbb,0xcc,
  0xb9,0x88,0x87,0x62,0x40,0x9d,0xdd,0xdd,0xdc,0x07,0xcd,0xc0,0x43,0x33,0x33,0x33,0x33,0x33,0x33,0x33,
  0x33,0x33,0x33,0x33,0x33,0x33,0x33,0x33,0x33,0x33,0x33,0x33,0x33,0x33,0x33,0x23,0x68,0x99,0xaa,0xaa,
  0xa9,0x99,0x88,0x89,0xab,0xb9,0x99,0x87,0x55,0x06,0x9c,0xcb,0x70,0x0b,0xdd,0xd6,0x23,0x33,0x33,0x33,
  0x33,0x33,0x33,0x33,0x33,0x33,0x33,0x33,0x33,0x33,0x33,0x33,0x33,0x33,0x33,0x33,0x33,0x33,0x32,0x68,
  0x9a,0xaa,0xa9,0x99,0x99,0x99,0x88,0x88,0x88,0x9b,0xba,0x98,0x87,0x12,0x00,0x00,0x00,0x07,0xdd,0xc0,
  0x43,0x33,0x33,0x33,0x33,0x33,0x33,0x33,0x33,0x33,0x33,0x33,0x33,0x33,0x33,0x33,0x33,0x33,0x33,0x33,
  0x33,0x33,0x17,0x8a,0xab,0xba,0xaa,0xaa,0xaa,0xaa,0xaa,0x99,0x88,0x88,0xac,0xa8,0x88,0x86,0x16,0x65,
  0x79,0x70,0x78,0x03,0x33,0x33,0x33,0x33,0x33,0x33,0x33,0x33,0x33,0x33,0x33,0x33,0x33,0x33,0x33,0x33,
  0x33,0x33,0x33,0x33,0x33,0x31,0x79,0xaa,0xaa,0xaa,0xaa,0xcd,0xdd,0xdd,0xdd,0xcb,0xa9,0x88,0x89,0xa8,
  0x88,0x88,0x62,0x60,0xbd,0xd0,0x20,0x43,0x33,0x33,0x33,0x33,0x33,0x33,0x33,0x33,0x33,0x33,0x33,0x33,
  0x33,0x33,0x33,0x33,0x33,0x33,0x33,0x33,0x33,0x17,0x9a,0xbb,0xaa,0xaa,0xcd,0xef,0xff,0xff,0xff,0xee,
  0xdc,0xa9,0x88,0x88,0x88,0x88,0x86,0x30,0x8d,0xb0,0x44,0x33,0x33,0x33,0x33,0x33,0x33,0x33,0x33,0x33,
  0x33,0x33,0x33,0x33,0x33,0x33,0x33,0x33,0x33,0x33,0x33,0x33,0x32,0x78,0xab,0xbb,0xaa,0xad,0xff,0xff,
  0xff,0xee,0xee,0xee,0xfe,0xda,0x98,0x88,0x98,0x88,0x88,0x46,0x00,0x04,0x55,0x33,0x33,0x33,0x33,0x33,
  0x33,0x33,0x33,0x33,0x33,0x33,0x33,0x33,0x33,0x33,0x33,0x33,0x33,0x33,0x33,0x33,0x26,0x8a,0xbb,0xba,
  0xab,0xef,0xff,0xff,0xff,0xfe,0xee,0xee,0xee,0xed,0xb9,0x88,0x88,0x88,0x89,0x80,0x8d,0xa0,0x53,0x33,
  0x33,0x33,0x33,0x33,0x33,0x33,0x33,0x33,0x33,0x33,0x33,0x33,0x33,0x33,0x33,0x33,0x33,0x33,0x33,0x33,
  0x38,0x9b,0xbb,0xba,0xae,0xff,0xff,0xff,0xff,0xfe,0xee,0xee,0xee,0xee,0xec,0x98,0x88,0x88,0x88,0x99,
  0xdf,0xe0,0x53,0x33,0x33,0x33,0x33,0x33,0x33,0x33,0x33,0x33,0x33,0x33,0x33,0x33,0x33,0x33,0x33,0x33,
  0x33,0x33,0x33,0x32,0x78,0xbb,0xbb,0xba,0xdf,0xff,0xff,0xff,0xff,0xff,0xee,0xee,0xee,0xee,0xee,0xb9,
  0x88,0x99,0xb9,0xbd,0xde,0xc0,0x43,0x33,0x33,0x33,0x33,0x33,0x33,0x33,0x33,0x33,0x33,0x33,0x33,0x33,
  0x33,0x33,0x33,0x33,0x33,0x33,0x33,0x33,0x7a,0xbb,0xbb,0xad,0xff,0xff,0xff,0xff,0xff,0xff,0xfe,0xee,
  0xee,0xee,0xee,0xda,0x87,0xcb,0xde,0xdd,0x60,0x04,0x33,0x33,0x33,0x33,0x33,0x33,0x33,0x33,0x33,0x33,
  0x33,0x33,0x33,0x33,0x33,0x33,0x33,0x33,0x33,0x33,0x33,0x34,0x8a,0xbb,0xbb,0xae,0xff,0xff,0xff,0xff,
  0xff,0xff,0xff,0xee,0xee,0xee,0xee,0xed,0x97,0xcd,0xbe,0xed,0x65,0x53,0x33,0x33,0x33,0x33,0x33,0x33,
  0x33,0x33,0x33,0x33,0x33,0x33,0x33,0x33,0x33,0x33,0x33,0x33,0x33,0x33,0x33,0x36,0x9b,0xbb,0xba,0xcf,
  0xff,0xff,0xff,0xff,0xff,0xff,0xff,0xfe,0xee,0xee,0xee,0xee,0xa8,0x9d,0xbc,0xed,0x72,0x23,0x33,0x33,
  0x33,0x33,0x33,0x33,0x33,0x33,0x33,0x33,0x33,0x33,0x33,0x33,0x33,0x33,0x33,0x33,0x33,0x33,0x33,0x26,
  0x9b,0xbb,0xb9,0xdf,0xff,0xfe,0xff,0xff,0xff,0xff,0xff,0xff,0xee,0xee,0xee,0xee,0xc8,0x8d,0xdc,0xcc,
  0x80,0x23,0x33,0x33,0x33,0x33,0x33,0x33,0x33,0x33,0x33,0x33,0x33,0x33,0x33,0x33,0x33,0x33,0x33,0x33,
  0x33,0x33,0x33,0x26,0x9b,0xbb,0xb9,0xef,0xff,0xfd,0xef,0xff,0xff,0xff,0xff,0xff,0xfe,0xee,0xee,0xef,
  0xd9,0x7d,0xdc,0xca,0x72,0x23,0x33,0x33,0x33,0x33,0x33,0x33,0x33,0x33,0x33,0x33,0x33,0x33,0x33,0x33,
  0x33,0x33,0x33,0x33,0x33,0x33,0x33,0x36,0x9c,0xcb,0xa9,0xef,0xff,0xfd,0xde,0xfe,0xef,0xff,0xff,0xff,
  0xff,0xff,0xee,0xee,0xea,0x7c,0xdc,0xa8,0x70,0x23,0x33,0x33,0x33,0x33,0x33,0x33,0x33,0x33,0x33,0x33,
  0x33,0x33,0x33,0x33,0x33,0x33,0x33,0x33,0x33,0x33,0x33,0x31,0x9c,0xcc,0xb9,0xef,0xff,0xfe,0xdd,0xdd,
  0xdf,0xff,0xff,0xff,0xff,0xff,0xfe,0xee,0xeb,0x89,0xec,0x79,0x70,0x23,0x33,0x33,0x33,0x33,0x33,0x33,
  0x33,0x33,0x33,0x33,0x33,0x33,0x33,0x33,0x33,0x33,0x33,0x33,0x33,0x33,0x33,0x50,0x8c,0xcc,0xb8,0xef,
  0xff,0xff,0xed,0xde,0xef,0xff,0xff,0xff,0xff,0xff,0xff,0xfe,0xec,0x88,0xcb,0x88,0x62,0x23,0x33,0x33,
  0x33,0x33,0x33,0x33,0x33,0x33,0x33,0x33,0x33,0x33,0x33,0x33,0x33,0x33,0x33,0x33,0x33,0x33,0x33,0x30,
  0x7c,0xcc,0xb8,0xdf,0xff,0xff,0xff,0xff,0xff,0xff,0xff,0xee,0xff,0xff,0xff,0xff,0xec,0x89,0x99,0x88,
  0x02,0x23,0x33,0x33,0x33,0x33,0x33,0x33,0x33,0x33,0x33,0x33,0x33,0x33,0x33,0x33,0x33,0x33,0x33,0x33,
  0x33,0x33,0x33,0x35,0x0a,0xcc,0xc9,0xcf,0xff,0xff,0xff,0xff,0xff,0xff,0xff,0xed,0xef,0xff,0xff,0xff,
  0xeb,0x9a,0xa9,0x87,0x23,0x33,0x33,0x33,0x33,0x33,0x33,0x33,0x33,0x33,0x33,0x33,0x33,0x33,0x33,0x33,
  0x33,0x33,0x33,0x33,0x33,0x33,0x34,0x24,0x79,0xcc,0xcb,0x8e,0xff,0xff,0xff,0xff,0xee,0xff,0xff,0xed,
  0xee,0xfe,0xef,0xff,0xea,0x9a,0xa9,0x73,0x33,0x33,0x33,0x33,0x33,0x33,0x33,0x33,0x33,0x33,0x33,0x33,
  0x33,0x33,0x33,0x33,0x33,0x33,0x33,0x33,0x33,0x33,0x31,0x78,0xad,0xdc,0xcc,0x9c,0xff,0xff,0xff,0xff,
  0xed,0xde,0xff,0xfe,0xdd,0xdd,0xef,0xff,0xe9,0xa9,0xa9,0x14,0x34,0x43,0x33,0x33,0x33,0x33,0x33,0x33,
  0x33,0x33,0x33,0x33,0x33,0x33,0x33,0x33,0x33,0x33,0x33,0x33,0x33,0x33,0x37,0x8a,0xde,0xed,0xcc,0xb8,
  0xdf,0xff,0xff,0xff,0xff,0xef,0xff,0xff,0xed,0xde,0xff,0xff,0xd9,0xaa,0xa7,0x04,0x34,0x33,0x33,0x33,
  0x33,0x33,0x33,0x33,0x33,0x33,0x33,0x33,0x33,0x33,0x33,0x33,0x33,0x33,0x33,0x33,0x33,0x33,0x78,0x8d,
  0xee,0xfe,0xdc,0xcb,0x8d,0xff,0xff,0xff,0xff,0xff,0xff,0xff,0xff,0xff,0xff,0xfe,0xaa,0xaa,0x86,0x23,
  0x33,0x33,0x33,0x33,0x33,0x33,0x33,0x33,0x33,0x33,0x33,0x33,0x33,0x33,0x33,0x33,0x33,0x33,0x33,0x33,
  0x33,0x36,0x77,0xce,0xee,0xff,0xec,0xcc,0xb8,0xdf,0xff,0xff,0xff,0xff,0xff,0xff,0xff,0xff,0xff,0xfd,
  0x9a,0xa9,0x85,0x44,0x33,0x33,0x33,0x33,0x33,0x33,0x33,0x33,0x33,0x33,0x33,0x33,0x33,0x33,0x33,0x33,
  0x33,0x33,0x33,0x33,0x33,0x57,0x77,0xdd,0xef,0xfd,0xde,0xdc,0xcc,0x8c,0xef,0xff,0xff,0xff,0xff,0xff,
  0xff,0xff,0xff,0xe9,0xaa,0x99,0x70,0x43,0x33,0x33,0x33,0x33,0x33,0x33,0x33,0x33,0x33,0x33,0x33,0x33,
  0x33,0x33,0x33,0x33,0x33,0x33,0x33,0x33,0x32,0x67,0x6a,0xdd,0xee,0xed,0xcd,0xee,0xdc,0xca,0x9d,0xef,
  0xff,0xff,0xff,0xff,0xff,0xff,0xfe,0x99,0x99,0x99,0x72,0x33,0x33,0x33,0x33,0x33,0x33,0x33,0x33,0x33,
  0x33,0x33,0x33,0x33,0x33,0x33,0x33,0x33,0x33,0x33,0x33,0x33,0x33,0x77,0x1c,0xdd,0xee,0xec,0x9b,0xdf,
  0xfe,0xdc,0xb9,0xad,0xef,0xff,0xff,0xff,0xff,0xff,0xd8,0x89,0xaa,0x99,0x87,0x33,0x33,0x33,0x33,0x33,
  0x33,0x33,0x33,0x33,0x33,0x33,0x33,0x33,0x33,0x33,0x33,0x33,0x33,0x33,0x33,0x33,0x26,0x77,0x6c,0xdd,
  0xee,0xec,0xdd,0xdd,0xff,0xee,0xdd,0xb8,0x8b,0xde,0xef,0xff,0xee,0xd8,0x79,0xab,0xba,0xca,0x87,0x43,
  0x33,0x33,0x33,0x33,0x33,0x33,0x33,0x33,0x33,0x33,0x33,0x33,0x33,0x33,0x33,0x33,0x33,0x33,0x33,0x33,
  0x07,0x87,0x1c,0xdd,0xee,0xee,0xc8,0x99,0xce,0xee,0xee,0xed,0xca,0x87,0x78,0x88,0x76,0x79,0xab,0xba,
  0xac,0xec,0x77,0x63,0x33,0x33,0x33,0x33,0x33,0x33,0x33,0x33,0x33,0x33,0x33,0x33,0x33,0x33,0x33,0x33,
  0x33,0x33,0x33,0x33,0x08,0x87,0x1c,0xdd,0xee,0xed,0xaa,0xa9,0xac,0x86,0x07,0xce,0xfe,0xdc,0xcc,0xba,
  0xab,0xbb,0xbb,0xab,0xdd,0xdd,0x67,0x74,0x33,0x33,0x33,0x33,0x33,0x33,0x33,0x33,0x33,0x33,0x33,0x33,
  0x33,0x33,0x33,0x33,0x33,0x33,0x33,0x33,0x08,0x86,0x1a,0xdd,0xef,0xed,0xcc,0xaa,0xda,0x67,0x72,0x09,
  0xed,0x87,0x89,0xdd,0xdd,0xdc,0xcd,0xde,0xed,0xdd,0x17,0x76,0x23,0x33,0x33,0x33,0x33,0x33,0x33,0x33,
  0x33,0x33,0x33,0x33,0x33,0x33,0x33,0x33,0x33,0x33,0x33,0x33,0x39,0x96,0x68,0xdd,0xef,0xdc,0xdc,0xcd,
  0xd8,0x88,0x76,0x66,0x88,0x76,0x00,0x8d,0xdd,0xdd,0xff,0xfe,0xdd,0xdd,0x17,0x76,0x23,0x33,0x33,0x33,
  0x33,0x33,0x33,0x33,0x33,0x33,0x33,0x33,0x33,0x33,0x33,0x33,0x33,0x33,0x33,0x32,0x69,0x97,0x76,0xcd,
  0xee,0x9c,0xdd,0xcd,0xd9,0xa9,0x88,0x78,0xbb,0x88,0x77,0x0c,0xc8,0xab,0xef,0xee,0xdd,0xdc,0x17,0x77,
  0x23,0x33,0x33,0x33,0x33,0x33,0x33,0x33,0x33,0x33,0x33,0x33,0x33,0x33,0x33,0x33,0x33,0x33,0x33,0x32,
  0x69,0xa8,0x67,0x8d,0xed,0x8e,0xee,0xdd,0xeb,0xaa,0xaa,0xa9,0x98,0x77,0x89,0x7c,0xdb,0xb9,0xde,0xed,
  0xdc,0xdb,0x67,0x77,0x03,0x33,0x33,0x33,0x33,0x33,0x33,0x33,0x33,0x33,0x33,0x33,0x33,0x33,0x33,0x33,
  0x33,0x33,0x33,0x32,0x69,0xa9,0x77,0x6b,0xeb,0xde,0xde,0xee,0xfe,0xcc,0xcd,0xa7,0x76,0x10,0x48,0xae,
  0xd8,0x76,0x00,0xce,0xdc,0xd8,0x76,0x87,0x23,0x33,0x33,0x33,0x33,0x33,0x33,0x33,0x33,0x33,0x33,0x33,
  0x33,0x33,0x33,0x33,0x33,0x33,0x33,0x32,0x69,0xa9,0x97,0x76,0xdd,0xee,0xdb,0x8b,0xcd,0xee,0xec,0x78,
  0x77,0x89,0x97,0xdd,0x77,0x71,0x77,0x6d,0xdd,0xd1,0x77,0x87,0x23,0x33,0x33,0x33,0x33,0x33,0x33,0x33,
  0x33,0x33,0x33,0x33,0x33,0x33,0x33,0x33,0x33,0x33,0x33,0x32,0x7a,0xaa,0xa8,0x77,0x1d,0xfe,0xb7,0x88,
  0x7d,0xed,0xd8,0x88,0x8a,0xbb,0xba,0xaa,0x88,0x78,0xaa,0x9c,0xdd,0xa6,0x78,0x87,0x23,0x33,0x33,0x33,
  0x33,0x33,0x33,0x33,0x33,0x33,0x33,0x33,0x33,0x33,0x33,0x33,0x33,0x33,0x33,0x32,0x6a,0xaa,0xaa,0x87,
  0x77,0xed,0x89,0x88,0x8d,0xdd,0xa9,0x98,0xaa,0xaa,0xaa,0xab,0x98,0x9b,0xaa,0xab,0xed,0x17,0x78,0x87,
  0x33,0x33,0x33,0x33,0x33,0x33,0x33,0x33,0x33,0x33,0x33,0x33,0x33,0x33,0x33,0x33,0x33,0x33,0x33,0x32,
  0x6a,0xaa,0xaa,0x98,0x76,0x7a,0xca,0x99,0xae,0xdd,0xaa,0x9a,0xbb,0xaa,0xaa,0xbc,0x99,0xba,0xab,0x9d,
  0xd7,0x77,0x88,0x97,0x23,0x33,0x33,0x33,0x33,0x33,0x33,0x33,0x33,0x33,0x33,0x33,0x33,0x33,0x33,0x33,
  0x33,0x33,0x33,0x33,0x29,0xba,0xaa,0x9a,0x97,0x76,0x9b,0xca,0xbe,0xed,0xab,0xaa,0xbb,0xaa,0xba,0xcc,
  0xaa,0xaa,0xab,0xbd,0x86,0x78,0x88,0x97,0x23,0x33,0x33,0x33,0x33,0x33,0x33,0x33,0x33,0x33,0x33,0x33,
  0x33,0x33,0x33,0x33,0x33,0x33,0x33,0x34,0x08,0xba,0xaa,0xaa,0x99,0x87,0x67,0xac,0xce,0xed,0xaa,0xaa,
  0xab,0xbb,0xba,0xdc,0xab,0xbc,0xcc,0xa7,0x67,0x88,0x89,0x96,0x23,0x33,0x33,0x33,0x33,0x33,0x33,0x33,
  0x33,0x33,0x33,0x33,0x33,0x33,0x33,0x33,0x33,0x33,0x33,0x34,0x08,0xba,0xaa,0xaa,0xaa,0xaa,0x87,0x67,
  0xad,0xfd,0xcc,0xcc,0xcc,0xcc,0xcd,0xed,0xcc,0xcb,0x97,0x67,0x78,0x99,0x99,0x96,0x23,0x33,0x33,0x33,
  0x33,0x33,0x33,0x33,0x33,0x33,0x33,0x33,0x33,0x33,0x33,0x33,0x33,0x33,0x33,0x33,0x26,0xab,0xaa,0xaa,
  0xaa,0xaa,0x99,0x87,0x61,0x8a,0xaa,0xbb,0xbb,0xbb,0xbc,0xc9,0x87,0x76,0x67,0x88,0x99,0x99,0x99,0x82,
  0x33,0x33,0x33,0x33,0x33,0x33,0x33,0x33,0x33,0x33,0x33,0x33,0x33,0x33,0x33,0x33,0x33,0x33,0x33,0x33,
  0x40,0x9b,0xbb,0xba,0xab,0xba,0xaa,0xaa,0x99,0x87,0x77,0x77,0x77,0x66,0x71,0x16,0x77,0x88,0x89,0x99,
  0x99,0x99,0x9a,0x70,0x43,0x33,0x33,0x33,0x33,0x33,0x33,0x33,0x33,0x33,0x33,0x33,0x33,0x33,0x33,0x33,
  0x33,0x33,0x33,0x33,0x30,0x7b,0xbb,0xbb,0xbb,0xba,0xaa,0xaa,0xaa,0xaa,0x99,0x99,0x99,0x88,0x88,0x98,
  0x99,0x99,0x99,0x99,0x99,0x9a,0xaa,0x62,0x33,0x33,0x33,0x33,0x33,0x33,0x33,0x33,0x33,0x33,0x33,0x33,
  0x33,0x33,0x33,0x33,0x33,0x33,0x33,0x33,0x35,0x09,0xcb,0xbb,0xbb,0xbb,0xaa,0xaa,0xaa,0xaa,0xaa,0xaa,
  0x9a,0xbb,0xbb,0xbb,0xa9,0x99,0x99,0x9a,0xaa,0xaa,0xb8,0x04,0x33,0x33,0x33,0x33,0x33,0x33,0x33,0x33,
  0x33,0x33,0x33,0x33,0x33,0x33,0x33,0x33,0x33,0x33,0x33,0x33,0x33,0x16,0xab,0xbb,0xbb,0xbb,0xbb,0xbb,
  0xba,0xaa,0xaa,0xaa,0xac,0xdd,0xdd,0xdc,0xdb,0x9a,0xaa,0xaa,0xaa,0xab,0xa3,0x23,0x33,0x33,0x33,0x33,
  0x33,0x33,0x33,0x33,0x33,0x33,0x33,0x33,0x33,0x33,0x33,0x33,0x33,0x33,0x33,0x33,0x33,0x40,0x7b,0xcc,
  0xcc,0xbb,0xbb,0xbb,0xbb,0xbb,0xbb,0xba,0xac,0xdc,0xcd,0xcc,0xcb,0xab,0xba,0xbb,0xbb,0xbb,0x70,0x53,
  0x33,0x33,0x33,0x33,0x33,0x33,0x33,0x33,0x33,0x33,0x33,0x33,0x33,0x33,0x33,0x33,0x33,0x33,0x33,0x33,
  0x33,0x47,0x7a,0xcc,0xcc,0xcc,0xcc,0xbb,0xbb,0xbb,0xbb,0xbb,0xba,0xab,0xbb,0xbb,0xbb,0xbb,0xbb,0xbb,
  0xbc,0xc8,0x64,0x33,0x33,0x33,0x33,0x33,0x33,0x33,0x33,0x33,0x33,0x33,0x33,0x33,0x33,0x33,0x33,0x33,
  0x33,0x33,0x33,0x33,0x33,0x67,0x8a,0xcd,0xdd,0xdc,0xcc,0xcc,0xcc,0xcc,0xbb,0xbb,0xbb,0xbb,0xbb,0xbb,
  0xbb,0xbb,0xbc,0xcd,0xdd,0xb8,0x74,0x33,0x33,0x33,0x33,0x33,0x33,0x33,0x33,0x33,0x33,0x33,0x33,0x33,
  0x33,0x33,0x33,0x33,0x33,0x33,0x33,0x33,0x33,0x46,0x78,0x9b,0xdd,0xdd,0xdd,0xdd,0xdd,0xdd,0xcc,0xcc,
  0xcc,0xcc,0xcc,0xcc,0xdd,0xdd,0xdd,0xdd,0xc9,0x77,0x63,0x33,0x33,0x33,0x33,0x33,0x33,0x33,0x33,0x33,
  0x33,0x33,0x33,0x33,0x33,0x33,0x33,0x33,0x33,0x33,0x33,0x33,0x33,0x43,0x24,0x16,0x77,0x9a,0xcc,0xdd,
  0xdd,0xdd,0xdd,0xdd,0xdd,0xdd,0xdd,0xdd,0xdd,0xcc,0xb9,0x76,0x11,0x45,0x53,0x33,0x33,0x33,0x33,0x33,
  0x33,0x33,0x33,0x33,0x33,0x33,0x33,0x33,0x33,0x33,0x33,0x33,0x33,0x33,0x33,0x33,0x33,0x33,0x33,0x32,
  0x23,0x00,0x00,0x01,0x67,0x78,0x88,0x88,0x88,0x88,0x77,0x76,0x11,0x00,0x00,0x35,0x33,0x33,0x33,0x33,
  0x33,0x33,0x33,0x33,0x33,0x33,0x33,0x33,0x33,0x33,0x33,0x33,0x33,0x33,0x33,0x33,0x33,0x33,0x33,0x33,
  0x33,0x33,0x33,0x33,0x55,0x55,0x54,0x45,0x32,0x20,0x00,0x00,0x00,0x00,0x02,0x22,0x35,0x44,0x53,0x33,
  0x33,0x33,0x33,0x33,0x33,0x33,0x33,0x33,0x33,0x33,0x33,0x33,0x33,0x33,0x33,0x33,0x33,0x33,0x33,0x33,
  0x33,0x33,0x33,0x33,0x33,0x33,0x33,0x33,0x33,0x33,0x33,0x33,0x33,0x34,0x44,0x44,0x44,0x44,0x43,0x33,
  0x33,0x33,0x33,0x33,0x33,0x33,0x33,0x33,0x33,0x33,0x33,0x33,0x33,0x33,0x33,0x33,0x33,0x33,0x33,0x33,
  0x33,0x33,0x33,0x33,0x33,0x33,0x33,0x33,0x33,0x33,0x33,0x33,0x33,0x33,0x33,0x33,0x33,0x33,0x33,0x33,
  0x33,0x33,0x33,0x33,0x33,0x33,0x33,0x33,0x33,0x33,0x33,0x33,0x33,0x33,0x33,0x33,0x33,0x33,0x33,0x33,
  0x33,0x33,0x33,0x33,0x33,0x33,0x33,0x33,0x33,0x33,0x33,0x33,0x33,0x33,0x33,0x33,0x33,0x33,0x33,0x33,
  0x33,0x33,0x33,0x33,0x33,0x33,0x33,0x33,0x33,0x33,0x33,0x33,0x33,0x33,0x33,0x33,0x33,0x33,0x33,0x33,
  0x33,0x33,0x33,0x33,0x33,0x33,0x33,0x33,0x33,0x33,0x33,0x33,0x33,0x33,0x33,0x33,0x33,0x33,0x33,0x33,
  0x33,0x33,0x33,0x33,0x33,0x33,0x33,0x33,0x33,0x33,0x33,0x33,0x33,0x33,0x33,0x33,0x33,0x33,0x33,0x33,
  0x33,0x33,0x33,0x33,0x33,0x33,0x33,0x33,0x33,0x33,0x33,0x33,0x33,0x33,0x33,0x33,0x33,0x33,0x33,0x33,
  0x33,0x33,0x33,0x33,0x33,0x33,0x33,0x33,0x33,0x33,0x33,0x33,0x33,0x33,0x33,0x33,0x33,0x33,0x33,0x33,
  0x33,0x33,0x33,0x33,0x33,0x33,0x33,0x33,0x33,0x33,0x33,0x33,0x33,0x33,0x33,0x33,0x33,0x33,0x33,0x33,
  0x33,0x33,0x33,0x33,0x33,0x33,0x33,0x33,0x33,0x33,0x33,0x33,0x33,0x33,0x33,0x33,0x33,0x33,0x33,0x33,
  0x33,0x33,0x33,0x33,0x33,0x33,0x33,0x33,0x33,0x33,0x33,0x33,0x33,0x33,0x33,0x33,0x33,0x33,0x33,0x33,
  0x33,0x33,0x33,0x33,0x33,0x33,0x33,0x33,0x33,0x33,0x33,0x33,0x33,0x33,0x33,0x33,0x33,0x33,0x33,0x33,
  0x33,0x33,0x33,0x33,0x33,0x33,0x33,0x33,0x33,0x33,0x33,0x33,0x33,0x33,0x33,0x33,0x33,0x33,0x33,0x33,
  0x33,0x33,0x33,0x33,0x33,0x33,0x33,0x33,0x33,0x33,0x33,0x33,0x33,0x33,0x33,0x33,0x33,0x33,0x33,0x33,
  0x33,0x33,0x33,0x33,0x33,0x33,0x33,0x33,0x33,0x33,0x33,0x33,0x33,0x33,0x33,0x33,0x33,0x33,0x33,0x33,
  0x33,0x33,0x33,0x33,0x33,0x33,0x33,0x33,0x33,0x33,0x33,0x33,0x33,0x33,0x33,0x33,0x33,0x33,0x33,0x33,
  0x33,0x33,0x33,0x33,0x33,0x33,0x33,0x33,0x33,0x33,0x33,0x33,0x33,0x33,0x33,0x33,0x33,0x33,0x33,0x33,
  0x33,0x33,0x33,0x33,0x33,0x33,0x33,0x33,0x33,0x33,0x33,0x33,0x33,0x33,0x33,0x33,0x33,0x33,0x33,0x33,
  0x33,0x33,0x33,0x33,0x33,0x33,0x33,0x33,0x33,0x33,0x33,0x33,0x33,0x33,0x33,0x33,0x33,0x33,0x33,0x33,
  0x33,0x33,0x33,0x33,0x33,0x33,0x33,0x33,0x33,0x33,0x33,0x33,0x33,0x33,0x33,0x33,
};
#endif
constexpr CoverSource kReactionCovers[] = {
  {"alloy_iris_green", cover_alloy_iris_green, sizeof(cover_alloy_iris_green)},
  {"cartoon", cover_cartoon, sizeof(cover_cartoon)},
  {"clay_frenzy", cover_clay_frenzy, sizeof(cover_clay_frenzy)},
  {"cookie", cover_cookie, sizeof(cover_cookie)},
  {"timmy", cover_timmy, sizeof(cover_timmy)},
};
