/* Lossless glyph storage derived from LVGL 9.5.0.
 * Pixel coverage, metrics, character maps and kerning are preserved.
 * LVGL: MIT, Copyright (c) 2025 LVGL Kft. See LICENSE-LVGL.txt.
 * Glyph licenses: Montserrat Medium and Font Awesome, SIL OFL 1.1;
 * see the corresponding notices in THIRD_PARTY.md.
 */
#include "printdeck/platform/compressed_font.h"
/*******************************************************************************
 * Size: 24 px
 * Bpp: 4
 * Opts: --no-compress --no-prefilter --bpp 4 --size 24 --font Montserrat-Medium.ttf -r 0x20-0x7F,0xB0,0x2022 --font FontAwesome5-Solid+Brands+Regular.woff -r 61441,61448,61451,61452,61452,61453,61457,61459,61461,61465,61468,61473,61478,61479,61480,61502,61507,61512,61515,61516,61517,61521,61522,61523,61524,61543,61544,61550,61552,61553,61556,61559,61560,61561,61563,61587,61589,61636,61637,61639,61641,61664,61671,61674,61683,61724,61732,61787,61931,62016,62017,62018,62019,62020,62087,62099,62212,62189,62810,63426,63650 --format lvgl -o printdeck_font_montserrat_24.c --force-fast-kern-format
 ******************************************************************************/

#ifdef LV_LVGL_H_INCLUDE_SIMPLE
    #include "lvgl.h"
#else
    #include "lvgl.h"
#endif

#ifndef LV_FONT_MONTSERRAT_24
    #define LV_FONT_MONTSERRAT_24 1
#endif

#if LV_FONT_MONTSERRAT_24

/*-----------------
 *    BITMAPS
 *----------------*/

/*Store the image of the glyphs*/
static LV_ATTRIBUTE_LARGE_CONST const uint8_t glyph_bitmap[] = {
    0x1f, 0xf4, 0x00, 0x61, 0x00, 0x78, 0x07, 0xc2, 0x02, 0x06, 0x01, 0xc6, 0x02, 0x01, 0x38, 0x08,
    0x04, 0xe0, 0x21, 0x8a, 0x60, 0xf4, 0x20, 0x18, 0x77, 0xd9, 0x48, 0x35, 0x0c, 0x78, 0x00, 0x7f,
    0x80, 0x2f, 0xd0, 0x07, 0x81, 0x80, 0x04, 0x03, 0x84, 0x03, 0xf8, 0x40, 0x40, 0x06, 0x01, 0xce,
    0xce, 0xa0, 0x07, 0xd0, 0x00, 0x00, 0xe8, 0xf2, 0x00, 0x97, 0xd4, 0x03, 0xf1, 0x01, 0x00, 0x44,
    0x0c, 0x01, 0xf9, 0xc4, 0x03, 0x70, 0x10, 0x07, 0xe2, 0x20, 0x06, 0x20, 0x10, 0x0d, 0x3f, 0xf0,
    0x1f, 0xfe, 0x40, 0xff, 0x8c, 0x38, 0xcc, 0x40, 0x26, 0x78, 0x04, 0xce, 0x10, 0x7c, 0xc4, 0x84,
    0x66, 0x5a, 0x0f, 0x99, 0x10, 0x06, 0x20, 0x20, 0x08, 0x80, 0x40, 0x3f, 0x70, 0x30, 0x04, 0xe1,
    0xc0, 0x1f, 0x88, 0x08, 0x02, 0x20, 0x20, 0x0f, 0xcc, 0x20, 0x1b, 0x81, 0x80, 0x32, 0xff, 0xc6,
    0x3f, 0xf9, 0xc3, 0x7f, 0xce, 0x02, 0x67, 0x00, 0x99, 0xe0, 0x01, 0x9c, 0x40, 0x99, 0x8e, 0x07,
    0xcc, 0xc2, 0x59, 0x92, 0x80, 0x66, 0x0e, 0x00, 0xc2, 0xc0, 0x1f, 0x88, 0x08, 0x02, 0x20, 0x20,
    0x0f, 0xdc, 0x0c, 0x01, 0x30, 0x70, 0x07, 0x00, 0x00, 0xf1, 0xfa, 0x80, 0x7f, 0xf6, 0x05, 0xf3,
    0x01, 0x5d, 0x6c, 0x01, 0x8f, 0xe0, 0xc0, 0x21, 0x49, 0xe1, 0x01, 0xd1, 0x14, 0xd0, 0x46, 0x41,
    0x10, 0x41, 0xc4, 0x31, 0x98, 0x04, 0x6f, 0xbc, 0x00, 0xf0, 0x32, 0x00, 0xf8, 0x80, 0x02, 0x04,
    0x01, 0xff, 0x58, 0x0e, 0x18, 0x07, 0xf1, 0xb8, 0x1e, 0x68, 0x60, 0x80, 0x7a, 0x2c, 0xc0, 0x41,
    0xbb, 0x14, 0x03, 0x93, 0x3a, 0x00, 0x23, 0xab, 0x00, 0xf0, 0xa0, 0x56, 0x20, 0x23, 0x80, 0x7f,
    0x1d, 0xa0, 0x58, 0x07, 0xfd, 0x80, 0x40, 0xae, 0x01, 0xfa, 0xc1, 0x42, 0x63, 0x5c, 0xdc, 0x0d,
    0x2c, 0xc3, 0xc2, 0x44, 0xa3, 0x2c, 0x26, 0xd0, 0x21, 0x01, 0x7a, 0x50, 0x40, 0x21, 0x6c, 0x70,
    0x0c, 0xd7, 0xd8, 0x15, 0xd2, 0x60, 0x1f, 0xfd, 0x20, 0x00, 0x00, 0x1e, 0x7f, 0x48, 0x07, 0xcd,
    0xee, 0x01, 0x8f, 0x06, 0x19, 0x96, 0x01, 0xc5, 0x26, 0xe0, 0x1a, 0x07, 0x1e, 0x25, 0x10, 0x01,
    0xb8, 0x38, 0x03, 0x91, 0xc4, 0x00, 0xc1, 0xa0, 0x13, 0x9c, 0x90, 0x06, 0x10, 0xe0, 0x0c, 0x26,
    0x00, 0x28, 0x46, 0x00, 0xe1, 0x0f, 0x00, 0xc2, 0x60, 0x0e, 0x0a, 0x00, 0xf8, 0x94, 0x02, 0x30,
    0xf0, 0x73, 0x91, 0x00, 0xfa, 0x0a, 0x49, 0x38, 0x58, 0xa1, 0x18, 0x00, 0x20, 0x1c, 0xb0, 0xdb,
    0x61, 0xa1, 0xc3, 0x41, 0x1f, 0xdc, 0x70, 0x0c, 0xfd, 0x79, 0xa6, 0xe7, 0x63, 0x2e, 0xea, 0x48,
    0x70, 0x0c, 0x28, 0x60, 0x50, 0xaa, 0x26, 0x78, 0x5a, 0x48, 0x00, 0xfd, 0xe3, 0x60, 0xe1, 0x60,
    0x17, 0x02, 0x00, 0x7a, 0x0a, 0xc4, 0x0c, 0x08, 0x02, 0x60, 0x10, 0x0e, 0x37, 0x55, 0x00, 0x0c,
    0x08, 0x02, 0x60, 0x60, 0x0e, 0xe1, 0xb0, 0x09, 0x02, 0xc0, 0x2f, 0x13, 0x00, 0xd0, 0x54, 0x20,
    0x10, 0xbb, 0xa1, 0x25, 0x60, 0x03, 0x1b, 0xaa, 0x00, 0x74, 0x41, 0x6d, 0x25, 0x80, 0x00, 0x00,
    0x86, 0x7b, 0xfa, 0x88, 0x03, 0xf1, 0x7b, 0x02, 0x1a, 0xe9, 0x80, 0x7d, 0x02, 0x9d, 0x7b, 0x01,
    0x00, 0x1f, 0x38, 0x70, 0x04, 0xa0, 0xc0, 0x1f, 0x08, 0x10, 0x04, 0x80, 0xe0, 0x1f, 0x50, 0x48,
    0x83, 0x48, 0x40, 0x07, 0xcc, 0x83, 0x97, 0x21, 0x64, 0x01, 0xfa, 0x40, 0x91, 0x1c, 0x80, 0x1f,
    0x9b, 0x40, 0x26, 0x00, 0xfe, 0x89, 0x0a, 0xe3, 0x2c, 0x10, 0x05, 0x61, 0x02, 0x38, 0x6a, 0x8e,
    0x19, 0x61, 0x02, 0x99, 0x07, 0x83, 0x90, 0x05, 0x86, 0x59, 0x00, 0x80, 0x05, 0x0e, 0x00, 0xec,
    0x31, 0x70, 0x80, 0x01, 0x06, 0x00, 0x7b, 0x40, 0x21, 0x00, 0x50, 0x2d, 0x10, 0x00, 0x5b, 0xc0,
    0x2c, 0x20, 0x67, 0x05, 0xdf, 0xf7, 0x48, 0xaf, 0x20, 0xf8, 0x02, 0x31, 0x88, 0x00, 0x4d, 0x94,
    0x36, 0x92, 0x01, 0x1c, 0xef, 0xfb, 0x64, 0xc0, 0x2b, 0x40, 0x00, 0x7f, 0x80, 0x07, 0x88, 0x07,
    0xc2, 0x60, 0x06, 0x75, 0x00, 0x00, 0x17, 0xf8, 0x40, 0x16, 0x0c, 0x20, 0x2c, 0x16, 0x00, 0x70,
    0x32, 0x00, 0x50, 0x58, 0x04, 0x60, 0x80, 0x03, 0x00, 0x18, 0x01, 0x40, 0x80, 0x2e, 0x06, 0x00,
    0x84, 0x04, 0x02, 0x30, 0x30, 0x08, 0x40, 0x40, 0x21, 0x01, 0x00, 0x8c, 0x0c, 0x02, 0x10, 0x10,
    0x0b, 0x81, 0x80, 0x25, 0x02, 0x00, 0x8c, 0x00, 0x60, 0x11, 0x82, 0x00, 0x54, 0x16, 0x01, 0x38,
    0x19, 0x00, 0x05, 0x82, 0xc0, 0x2b, 0x06, 0x10, 0x00, 0x0f, 0xf1, 0x80, 0x4e, 0x10, 0x01, 0x48,
    0x21, 0x80, 0x05, 0x02, 0xc0, 0x2d, 0x05, 0x00, 0x9c, 0x08, 0x80, 0x01, 0x10, 0x38, 0x04, 0xa1,
    0xa0, 0x11, 0x01, 0x00, 0x42, 0x02, 0x01, 0x78, 0x38, 0x04, 0x20, 0x20, 0x10, 0x80, 0x80, 0x5e,
    0x0e, 0x01, 0x08, 0x08, 0x04, 0x40, 0x40, 0x12, 0x86, 0x80, 0x04, 0x40, 0xe0, 0x07, 0x02, 0x20,
    0x03, 0x41, 0x40, 0x02, 0x81, 0x60, 0x09, 0x04, 0x30, 0x03, 0x84, 0x00, 0x00, 0x00, 0x00, 0xdd,
    0x00, 0x1c, 0x60, 0x1e, 0x20, 0x4c, 0xa1, 0x00, 0x26, 0xe0, 0x23, 0xaf, 0x0b, 0x58, 0x50, 0x02,
    0x34, 0x40, 0x53, 0x50, 0x00, 0xf8, 0x20, 0x04, 0xc3, 0x05, 0x85, 0xd1, 0x7a, 0x2d, 0x05, 0xbb,
    0x10, 0x01, 0x7b, 0x40, 0x08, 0x01, 0xe3, 0x00, 0xee, 0x80, 0x0c, 0x00, 0x00, 0xea, 0xa0, 0x07,
    0xf9, 0x54, 0x01, 0xff, 0xdd, 0x6f, 0xfc, 0x00, 0xff, 0xca, 0x62, 0x38, 0x00, 0x23, 0x81, 0x7b,
    0xb0, 0x03, 0xbb, 0x28, 0x07, 0xff, 0x60, 0x00, 0x3b, 0x80, 0xf4, 0x73, 0x60, 0x0a, 0x80, 0x4c,
    0x41, 0xc1, 0x03, 0x43, 0x05, 0x00, 0x00, 0x00, 0xfa, 0xbf, 0xfb, 0x40, 0x3e, 0x00, 0x04, 0x10,
    0x9b, 0xe1, 0x40, 0x02, 0xd8, 0x22, 0x00, 0x00, 0x00, 0xfd, 0xde, 0x40, 0x1f, 0x20, 0x91, 0x00,
    0x3e, 0xd0, 0xa0, 0x0f, 0xce, 0x0a, 0x01, 0xf2, 0x09, 0x90, 0x07, 0xdc, 0x16, 0x01, 0xf9, 0x41,
    0x80, 0x3e, 0x50, 0x31, 0x00, 0xfb, 0xc2, 0x80, 0x3f, 0x28, 0x38, 0x07, 0xca, 0x08, 0x20, 0x1f,
    0x70, 0x68, 0x07, 0xc2, 0x80, 0xe0, 0x1f, 0x38, 0x20, 0x80, 0x7d, 0xa1, 0xc0, 0x1f, 0x0a, 0x02,
    0x80, 0x7c, 0xe0, 0xa0, 0x1f, 0xa8, 0x3c, 0x03, 0xe2, 0x30, 0x50, 0x0f, 0x94, 0x14, 0x03, 0xf5,
    0x07, 0x00, 0x7c, 0x44, 0x14, 0x00, 0xfa, 0x81, 0xc0, 0x3f, 0x00, 0x00, 0x86, 0x37, 0xfd, 0xb0,
    0x20, 0x1c, 0x5e, 0xe4, 0x00, 0x27, 0xf2, 0x00, 0x87, 0x44, 0x51, 0x98, 0x81, 0x16, 0x88, 0x02,
    0x80, 0x71, 0xcc, 0xcf, 0x82, 0x14, 0x04, 0x81, 0x64, 0x01, 0x8a, 0xc1, 0x09, 0x40, 0x54, 0x03,
    0xca, 0x20, 0xba, 0x0a, 0x01, 0xf9, 0x43, 0x58, 0x08, 0x03, 0xf1, 0x03, 0x08, 0x08, 0x07, 0xe1,
    0x01, 0x10, 0x08, 0x07, 0xe1, 0x01, 0x60, 0x20, 0x0f, 0xc4, 0x0d, 0xa0, 0xa0, 0x1f, 0x94, 0x35,
    0x40, 0x54, 0x03, 0xca, 0x20, 0xa4, 0x81, 0x62, 0x01, 0x8a, 0xc1, 0x08, 0x28, 0x07, 0xdc, 0xcc,
    0xf8, 0x21, 0x40, 0x01, 0xc1, 0x14, 0x66, 0x20, 0x45, 0xa2, 0x01, 0x1f, 0xc1, 0x88, 0x8e, 0x3c,
    0x80, 0x00, 0x00, 0xdf, 0xfe, 0x50, 0x0f, 0xb3, 0xba, 0x00, 0x84, 0x70, 0x07, 0xff, 0xfc, 0x03,
    0xff, 0x8e, 0x00, 0x00, 0x0b, 0xe7, 0x7f, 0x63, 0x00, 0x67, 0xe8, 0x31, 0x01, 0x39, 0xc1, 0x06,
    0x80, 0x39, 0xcc, 0x52, 0x01, 0xd8, 0x33, 0x23, 0x18, 0xcc, 0xb6, 0xa0, 0xa2, 0x12, 0xe0, 0x1e,
    0x90, 0x01, 0x00, 0x7f, 0xe1, 0x00, 0xfe, 0xb0, 0x12, 0x00, 0xfc, 0x4e, 0x12, 0x01, 0xf8, 0xb0,
    0x0d, 0xc0, 0x3e, 0x2c, 0x12, 0xd0, 0x0f, 0x8b, 0x04, 0xb0, 0x40, 0x3c, 0x78, 0x27, 0x82, 0x01,
    0xe3, 0xd1, 0x3c, 0x10, 0x0f, 0x1e, 0x0a, 0x60, 0x07, 0xc9, 0x80, 0x72, 0x23, 0xfa, 0xc0, 0x07,
    0xbd, 0xdf, 0x00, 0x7f, 0xf0, 0x40, 0x00, 0x1f, 0xff, 0xf8, 0x03, 0xff, 0x08, 0x0f, 0x77, 0xd0,
    0x00, 0xa0, 0x00, 0x8f, 0x8a, 0x02, 0x10, 0x03, 0xe1, 0xd0, 0x57, 0x00, 0xfd, 0xa2, 0x54, 0x01,
    0xfa, 0x4c, 0x7c, 0x03, 0xf1, 0xb0, 0x0f, 0x38, 0x80, 0x7f, 0x8e, 0x3c, 0xc0, 0x38, 0xff, 0xdd,
    0x42, 0x2d, 0x10, 0x0f, 0x85, 0x70, 0x05, 0xc0, 0x3f, 0x88, 0xc3, 0xc0, 0x3f, 0xc2, 0x02, 0x2a,
    0x10, 0x0f, 0x21, 0x06, 0xc2, 0xf5, 0x29, 0x99, 0x26, 0xc0, 0x96, 0x88, 0x16, 0xb3, 0x16, 0xc0,
    0x5e, 0x07, 0xb6, 0xc4, 0x00, 0x14, 0x9d, 0x20, 0x00, 0x00, 0xfe, 0xdf, 0xb0, 0x0f, 0xfd, 0x44,
    0x34, 0x01, 0xff, 0x32, 0x86, 0x88, 0x07, 0xf8, 0xe4, 0x20, 0xc0, 0x3f, 0xee, 0x04, 0x70, 0x0f,
    0xfa, 0x88, 0x94, 0x01, 0xff, 0x3a, 0x87, 0x08, 0x07, 0xf8, 0xe0, 0x24, 0xc0, 0x13, 0xae, 0x01,
    0xc3, 0xa0, 0xac, 0x01, 0x11, 0x38, 0x03, 0xa8, 0x4a, 0x80, 0x3f, 0xe7, 0x40, 0x91, 0x1e, 0x00,
    0x84, 0x74, 0x00, 0x2f, 0xbb, 0x90, 0x1b, 0xb9, 0xa0, 0x1f, 0xfc, 0x41, 0xff, 0xfe, 0x30, 0x6f,
    0xf6, 0x00, 0x7f, 0xf9, 0x00, 0x00, 0x00, 0x47, 0xff, 0xf0, 0x04, 0x40, 0x1f, 0xf8, 0x41, 0xfb,
    0xbe, 0x00, 0x98, 0x38, 0x47, 0xe0, 0x08, 0xc0, 0x80, 0x3f, 0xc2, 0x0e, 0x01, 0xfc, 0x40, 0x10,
    0x88, 0x03, 0xe1, 0x00, 0x67, 0x73, 0xfa, 0x8c, 0x02, 0x60, 0x0f, 0x0a, 0xe4, 0x00, 0x17, 0xff,
    0xb6, 0x48, 0x1d, 0x40, 0x3e, 0x26, 0xd2, 0x0e, 0x00, 0xff, 0x28, 0x28, 0x07, 0xfe, 0x30, 0x93,
    0x00, 0xf0, 0xb0, 0x3a, 0xb6, 0x5b, 0x19, 0x23, 0xf8, 0x84, 0xa2, 0x01, 0x27, 0x36, 0xe0, 0x42,
    0x8c, 0x6f, 0x5c, 0xc4, 0x04, 0xdf, 0x94, 0x00, 0x00, 0x00, 0xc9, 0x5b, 0xfe, 0xeb, 0x50, 0x0e,
    0xab, 0x52, 0x00, 0x0a, 0x50, 0x80, 0x58, 0xa0, 0xd7, 0xba, 0xc8, 0x91, 0x00, 0x41, 0x8e, 0x4a,
    0x11, 0x0d, 0xd8, 0x00, 0x2e, 0x16, 0x60, 0x1f, 0xce, 0x02, 0xa0, 0x1f, 0xec, 0x04, 0x05, 0xbe,
    0xfd, 0x93, 0x00, 0x84, 0x0e, 0xa8, 0x82, 0x04, 0xd8, 0xe0, 0x06, 0x06, 0x53, 0xbf, 0xeb, 0x30,
    0x84, 0x01, 0x00, 0x1e, 0x20, 0x0a, 0x61, 0x84, 0x03, 0x80, 0x24, 0x03, 0xd2, 0x06, 0x06, 0x00,
    0x70, 0x0f, 0x30, 0x00, 0x70, 0x00, 0xc0, 0x1e, 0x70, 0x00, 0xa1, 0x04, 0x00, 0x7b, 0xc1, 0x00,
    0x12, 0x07, 0x86, 0x00, 0x3b, 0x40, 0x80, 0x02, 0x50, 0x1e, 0x7f, 0xb1, 0x02, 0x8c, 0x02, 0x5e,
    0x72, 0x00, 0x13, 0x6a, 0x80, 0x00, 0x00, 0x4f, 0xff, 0xfc, 0xc0, 0x1f, 0xfc, 0x13, 0x00, 0xb7,
    0xbb, 0xce, 0x00, 0x40, 0x08, 0x84, 0x7c, 0xc0, 0xc2, 0x01, 0xfc, 0xa2, 0x16, 0x09, 0xba, 0x00,
    0xf4, 0x82, 0x90, 0x00, 0x88, 0x01, 0xc8, 0x61, 0x20, 0x1f, 0xef, 0x03, 0x30, 0x07, 0xf1, 0x20,
    0x48, 0x07, 0xfa, 0xc0, 0x54, 0x03, 0xf8, 0x58, 0x24, 0x03, 0xfc, 0xc0, 0x06, 0x00, 0xff, 0x48,
    0x30, 0x80, 0x7f, 0x30, 0x85, 0x80, 0x7f, 0xac, 0x10, 0x80, 0x3f, 0x90, 0x83, 0xc0, 0x3f, 0xde,
    0x04, 0x80, 0x1e, 0x00, 0x00, 0x9a, 0xfb, 0xfd, 0xb2, 0x40, 0x18, 0xb6, 0x50, 0x40, 0x04, 0xda,
    0xe0, 0x17, 0x90, 0x47, 0x7f, 0xad, 0x02, 0x10, 0x0c, 0x82, 0x9c, 0x40, 0x09, 0x66, 0x1c, 0x0e,
    0x00, 0x40, 0x0f, 0x28, 0x30, 0x30, 0x01, 0x00, 0x3c, 0x80, 0xa0, 0x4a, 0x14, 0xe4, 0x02, 0x98,
    0x41, 0x60, 0x0a, 0x70, 0x8d, 0xfe, 0xb3, 0x2c, 0x20, 0x02, 0x28, 0x04, 0x20, 0x11, 0x58, 0x00,
    0xac, 0x8e, 0xff, 0xbf, 0x9c, 0x1e, 0x42, 0x00, 0xb1, 0x00, 0x21, 0x89, 0x06, 0x27, 0x05, 0x00,
    0xf9, 0x80, 0x0e, 0x01, 0xfe, 0x10, 0x09, 0xc1, 0x84, 0x03, 0xd2, 0x00, 0x79, 0x01, 0xc5, 0x10,
    0x01, 0xd3, 0x82, 0x91, 0xd0, 0x15, 0x77, 0xfb, 0x14, 0x16, 0x80, 0x0b, 0xd0, 0x62, 0x00, 0x26,
    0xba, 0x00, 0x00, 0x00, 0x92, 0xbb, 0xfb, 0x1c, 0x03, 0xd5, 0x6a, 0x20, 0x27, 0x1c, 0x40, 0x14,
    0x28, 0x3e, 0xff, 0xac, 0xc7, 0x04, 0x05, 0xc2, 0x60, 0x80, 0x09, 0x86, 0x36, 0x04, 0x00, 0x60,
    0x0f, 0x50, 0x28, 0xb8, 0x07, 0xfe, 0x45, 0x00, 0x30, 0x07, 0xa8, 0x01, 0xa2, 0xa1, 0x30, 0x40,
    0x04, 0xc3, 0x00, 0x08, 0x51, 0x83, 0xef, 0xfa, 0xcd, 0x8c, 0x0c, 0x01, 0x92, 0x82, 0x02, 0xb7,
    0x22, 0x04, 0x01, 0x35, 0xf7, 0xf5, 0x20, 0x10, 0x78, 0x07, 0xf8, 0xc0, 0x0a, 0x01, 0xfe, 0x80,
    0x22, 0x00, 0x7f, 0x42, 0x04, 0x00, 0x54, 0xe6, 0x24, 0xb8, 0xe0, 0xca, 0x00, 0x35, 0x8c, 0xed,
    0xa3, 0x07, 0x90, 0x08, 0xe1, 0x08, 0x04, 0xdf, 0x60, 0x02, 0x00, 0x5f, 0xb0, 0x80, 0x44, 0x80,
    0x0b, 0x37, 0xc2, 0x08, 0x20, 0x1f, 0xfc, 0x64, 0x10, 0x9b, 0xe1, 0x40, 0x02, 0xd8, 0x22, 0x00,
    0x00, 0x5f, 0xb0, 0x80, 0x44, 0x80, 0x0b, 0x37, 0xc2, 0x08, 0x20, 0x1f, 0xfc, 0x95, 0xeb, 0x09,
    0x14, 0x48, 0x00, 0xd0, 0x04, 0x50, 0x28, 0x20, 0x58, 0x0a, 0x18, 0x00, 0x00, 0x00, 0xfe, 0x18,
    0x40, 0x0f, 0x92, 0xf9, 0xc4, 0x03, 0x0c, 0x75, 0xa0, 0xba, 0x00, 0x12, 0xf9, 0xc5, 0x6f, 0xa0,
    0x4f, 0xad, 0x0a, 0x3a, 0x90, 0x02, 0x51, 0x08, 0xd7, 0x10, 0x0e, 0x51, 0x08, 0xd7, 0x10, 0x0e,
    0x3e, 0xb4, 0x28, 0xea, 0x40, 0x0e, 0x4b, 0xe7, 0x15, 0xbe, 0x81, 0x00, 0xc3, 0x1d, 0x68, 0x2e,
    0x80, 0x1f, 0x25, 0xf3, 0x88, 0x00, 0x5e, 0xef, 0xf2, 0x98, 0x8f, 0xf8, 0x1b, 0xff, 0xfc, 0xa0,
    0x1f, 0xfd, 0x85, 0xee, 0xff, 0x29, 0x88, 0xff, 0x80, 0x00, 0x47, 0x10, 0x0f, 0xe2, 0x8e, 0xa4,
    0x00, 0xf9, 0xdc, 0x2b, 0x7c, 0xe2, 0x01, 0x86, 0x3a, 0xd0, 0x63, 0xad, 0x00, 0x39, 0x2f, 0xa0,
    0x92, 0xf8, 0xc0, 0x38, 0x5f, 0x60, 0x05, 0x80, 0x38, 0x5f, 0x60, 0x05, 0x80, 0x24, 0xae, 0x82,
    0x4b, 0xe3, 0x18, 0xeb, 0x51, 0x8e, 0xb4, 0x00, 0x3b, 0x85, 0x2f, 0x9c, 0x40, 0x31, 0x47, 0x5a,
    0x00, 0x7c, 0x00, 0x00, 0x14, 0x67, 0x7f, 0x63, 0x80, 0x68, 0xd7, 0x31, 0x01, 0x38, 0xd1, 0x07,
    0x70, 0x25, 0x6f, 0x62, 0x81, 0x50, 0x3b, 0x4d, 0xa9, 0x09, 0xd2, 0x82, 0x00, 0x25, 0x80, 0x3d,
    0xe0, 0x01, 0x00, 0xfe, 0x20, 0x11, 0x00, 0x7e, 0x38, 0x09, 0x00, 0xfc, 0x78, 0x08, 0xe0, 0x1f,
    0x26, 0x02, 0xd8, 0x07, 0xea, 0x04, 0xa0, 0x0f, 0xcc, 0x21, 0x40, 0x1f, 0xc4, 0xf0, 0x20, 0x1f,
    0xc9, 0x0e, 0x01, 0xff, 0xcb, 0x7f, 0xd0, 0x0f, 0xf5, 0x01, 0x10, 0x03, 0xfa, 0xc1, 0x08, 0x03,
    0x00, 0x00, 0xf0, 0xb5, 0x6f, 0xfd, 0xb4, 0xc0, 0x1f, 0xfa, 0x3a, 0x54, 0x55, 0x94, 0x56, 0x7e,
    0x00, 0x3f, 0x16, 0xb9, 0xd7, 0xe5, 0x4d, 0x67, 0xd9, 0xbe, 0x90, 0x07, 0x16, 0x14, 0x62, 0x80,
    0x7c, 0x99, 0x05, 0x84, 0x01, 0xbc, 0x69, 0xc0, 0x3f, 0xe7, 0xb1, 0xf0, 0x0a, 0x09, 0xd4, 0x02,
    0x7c, 0xff, 0x63, 0x05, 0x7b, 0xa4, 0x13, 0x80, 0x1c, 0x60, 0x00, 0x5b, 0x06, 0x02, 0x73, 0x82,
    0x01, 0x39, 0x48, 0x28, 0x48, 0x05, 0xe4, 0x4c, 0xfe, 0xe4, 0x1a, 0x00, 0x6a, 0x14, 0xc0, 0x40,
    0x03, 0x10, 0xe1, 0x80, 0x05, 0xe4, 0x03, 0x94, 0x0d, 0x40, 0xc0, 0x1a, 0x12, 0x20, 0x1c, 0xc2,
    0x01, 0x88, 0x38, 0x44, 0x01, 0x30, 0x20, 0x07, 0xc8, 0x01, 0xe3, 0x00, 0xff, 0xe5, 0x1b, 0x08,
    0x04, 0xc0, 0x80, 0x1f, 0x38, 0x06, 0x20, 0xe2, 0x03, 0x00, 0x68, 0x48, 0x07, 0x98, 0x80, 0x32,
    0x01, 0xe0, 0x20, 0x01, 0x88, 0x70, 0xc0, 0x27, 0x90, 0x06, 0x00, 0xd8, 0xa2, 0x8c, 0x80, 0x5e,
    0x47, 0x9d, 0xbf, 0x07, 0x80, 0x9d, 0xc2, 0xb0, 0x03, 0x0c, 0x80, 0x0b, 0x60, 0xc4, 0x8e, 0x30,
    0xe8, 0x84, 0xa9, 0x40, 0x10, 0x4c, 0xa0, 0x13, 0xe7, 0xfb, 0x1c, 0x00, 0xbb, 0xfa, 0xa0, 0x1b,
    0xc6, 0xa0, 0x03, 0xff, 0x8e, 0x58, 0x4f, 0x8a, 0x01, 0xe2, 0x81, 0x00, 0xfe, 0x2d, 0x73, 0xaf,
    0xca, 0xa5, 0xee, 0x9d, 0xc0, 0x1f, 0xf4, 0x74, 0xa8, 0xaa, 0x90, 0x1a, 0xd8, 0x03, 0xc0, 0x00,
    0x00, 0xfd, 0x5f, 0xe2, 0x00, 0xff, 0xe1, 0x0a, 0x80, 0x20, 0x03, 0xff, 0x85, 0x20, 0x20, 0xa2,
    0x01, 0xff, 0xc1, 0x70, 0xb2, 0x09, 0x00, 0xff, 0xce, 0x02, 0xb6, 0x0c, 0x01, 0xff, 0xa8, 0x24,
    0x18, 0x44, 0xc0, 0x1f, 0xe5, 0x20, 0x60, 0x03, 0x05, 0x80, 0x7f, 0xa4, 0x14, 0x40, 0x12, 0x04,
    0xa0, 0x1f, 0x8c, 0xc1, 0x20, 0x10, 0xa8, 0x48, 0x07, 0xe9, 0x03, 0x30, 0x06, 0xe0, 0x33, 0x00,
    0x78, 0x94, 0x24, 0x03, 0x90, 0x82, 0x40, 0x3d, 0x60, 0x0a, 0xff, 0xf1, 0x02, 0x90, 0x06, 0x16,
    0x00, 0xff, 0xd6, 0x01, 0x98, 0x01, 0xdf, 0xff, 0x9c, 0x18, 0x40, 0x29, 0x06, 0x10, 0x0f, 0xd2,
    0x00, 0x60, 0x02, 0x88, 0x58, 0x07, 0xf0, 0xb0, 0x48, 0x02, 0x41, 0x48, 0x03, 0xfd, 0x60, 0x2a,
    0x00, 0x7f, 0xff, 0xdd, 0x6c, 0x01, 0xff, 0x85, 0x27, 0x44, 0x02, 0x1f, 0xff, 0x6b, 0x01, 0x58,
    0x07, 0xf8, 0xa5, 0x81, 0x40, 0x3f, 0xf6, 0x00, 0x7f, 0xf0, 0xb0, 0x08, 0x03, 0xfc, 0x52, 0xc1,
    0x00, 0x10, 0xff, 0xfb, 0x58, 0x25, 0x40, 0x3f, 0xf8, 0x36, 0x80, 0x10, 0xff, 0xfb, 0xac, 0xca,
    0xcc, 0x03, 0xf8, 0x53, 0x08, 0x24, 0x03, 0xff, 0x28, 0x38, 0x07, 0xff, 0x08, 0xc0, 0x3f, 0xf2,
    0x01, 0x00, 0x7f, 0x8e, 0xcc, 0x28, 0x00, 0x3f, 0xff, 0x62, 0x03, 0x30, 0x03, 0xfc, 0x4d, 0x92,
    0x00, 0x00, 0x00, 0xe5, 0xad, 0xff, 0x6d, 0x28, 0x07, 0x8f, 0x69, 0x48, 0x00, 0x4b, 0x5a, 0x60,
    0x12, 0xe1, 0x02, 0x4d, 0xe5, 0x30, 0x16, 0x10, 0x1d, 0x01, 0x65, 0xb2, 0x1a, 0xcf, 0x1b, 0x90,
    0x70, 0x0e, 0x18, 0x07, 0x87, 0x20, 0x14, 0x82, 0x84, 0x03, 0xfe, 0xc0, 0x14, 0x00, 0xff, 0xca,
    0x08, 0x01, 0xff, 0xc1, 0x10, 0x30, 0x0f, 0xfe, 0x08, 0x81, 0x80, 0x7f, 0xf0, 0x54, 0x1c, 0x03,
    0xff, 0x83, 0x80, 0x48, 0x01, 0xff, 0x94, 0x82, 0x84, 0x03, 0xff, 0x70, 0x0e, 0x18, 0x07, 0x87,
    0x20, 0x00, 0x74, 0x05, 0x96, 0xa6, 0x64, 0x9e, 0x37, 0x20, 0x02, 0xe1, 0x02, 0x56, 0x62, 0xd8,
    0x0b, 0x08, 0x02, 0x3d, 0xa5, 0x10, 0x01, 0x2d, 0x69, 0x80, 0x00, 0x7f, 0xff, 0xdb, 0x28, 0x01,
    0xff, 0xc2, 0x26, 0xbc, 0x20, 0x0e, 0x1e, 0xed, 0xb9, 0x28, 0x07, 0xa8, 0x01, 0xc2, 0x38, 0x8d,
    0xae, 0xc2, 0x14, 0x40, 0x1f, 0xf9, 0x30, 0x06, 0x40, 0x3f, 0xf8, 0x25, 0x00, 0x84, 0x01, 0xff,
    0xc1, 0x60, 0x02, 0x80, 0x7f, 0xf0, 0x44, 0x83, 0x80, 0x3f, 0xf8, 0x42, 0x06, 0x01, 0xff, 0xc2,
    0x10, 0x30, 0x0f, 0xfe, 0x08, 0x90, 0x70, 0x07, 0xff, 0x05, 0x80, 0x0a, 0x01, 0xff, 0x8a, 0x01,
    0x08, 0x03, 0xfe, 0x3c, 0x01, 0x90, 0x0c, 0x23, 0xc6, 0xb7, 0x82, 0x14, 0x40, 0x10, 0xf7, 0x76,
    0x52, 0x01, 0xea, 0x00, 0x7f, 0xc4, 0xd7, 0x84, 0x01, 0x00, 0x7f, 0xff, 0xf9, 0x80, 0x3f, 0xf8,
    0x63, 0xdd, 0xfc, 0xc0, 0x10, 0x8f, 0xf0, 0x07, 0xff, 0x78, 0x7f, 0xff, 0x28, 0x07, 0xff, 0x10,
    0x7b, 0xbf, 0x28, 0x06, 0x11, 0xfc, 0x01, 0xff, 0xe0, 0x11, 0xff, 0x00, 0x07, 0xbb, 0xfa, 0x80,
    0x3f, 0xf8, 0x20, 0x00, 0x7f, 0xff, 0xf9, 0x80, 0x3f, 0xf8, 0x63, 0xdd, 0xfc, 0xc0, 0x10, 0x8f,
    0xf0, 0x07, 0xff, 0xac, 0x7f, 0xff, 0x28, 0x07, 0xff, 0x10, 0x7b, 0xbf, 0x28, 0x06, 0x11, 0xfc,
    0x01, 0xff, 0xf7, 0x00, 0x00, 0xe5, 0xad, 0xff, 0x75, 0xb0, 0x07, 0x8f, 0x69, 0x48, 0x00, 0x29,
    0x3c, 0xa0, 0x12, 0xe1, 0x02, 0x4d, 0xe5, 0xb8, 0x8a, 0x94, 0x0e, 0x80, 0xb2, 0xd9, 0x0d, 0x23,
    0x99, 0x14, 0x38, 0x07, 0x0c, 0x03, 0xe9, 0xb0, 0x52, 0x0b, 0x10, 0x0f, 0xfb, 0x00, 0x54, 0x03,
    0xff, 0x28, 0x20, 0x07, 0xff, 0x04, 0x40, 0xc0, 0x3f, 0xcf, 0x28, 0x20, 0x60, 0x1f, 0xea, 0x63,
    0x50, 0x40, 0x0f, 0xfe, 0x0e, 0x00, 0xa8, 0x07, 0xfe, 0x52, 0x0b, 0x10, 0x0f, 0xfd, 0xc0, 0x38,
    0x60, 0x1f, 0xf1, 0xd0, 0x16, 0x5b, 0x19, 0x23, 0xe9, 0x00, 0x65, 0xc2, 0x04, 0x9c, 0xdb, 0x82,
    0x07, 0x70, 0x04, 0x7b, 0x4a, 0x40, 0x01, 0x48, 0xe8, 0x00, 0x00, 0x7f, 0xe0, 0x0f, 0xe7, 0xff,
    0x00, 0x7f, 0xff, 0xc0, 0x3f, 0xf8, 0xa3, 0xff, 0xfd, 0x00, 0x1f, 0xfc, 0x71, 0xee, 0xfe, 0x80,
    0x0e, 0x11, 0xfe, 0x00, 0xff, 0xff, 0x80, 0x7f, 0xf1, 0x80, 0x00, 0x7f, 0xe0, 0x0f, 0xff, 0x20,
    0x00, 0x00, 0x47, 0xff, 0xe0, 0x0f, 0xfe, 0x0c, 0x77, 0x74, 0x00, 0x70, 0x8f, 0x00, 0x7f, 0xff,
    0xc0, 0x3f, 0xf8, 0x62, 0x01, 0xfb, 0xc0, 0xc1, 0x68, 0x03, 0x94, 0x1c, 0x29, 0x71, 0x04, 0xec,
    0x83, 0xc2, 0x80, 0xef, 0xb1, 0x01, 0x54, 0x0b, 0xac, 0x40, 0x03, 0x9a, 0x00, 0x00, 0x7f, 0xe0,
    0x0f, 0xcd, 0xfe, 0x50, 0x0f, 0xf9, 0xa4, 0x25, 0x40, 0x3f, 0xcb, 0x21, 0x2c, 0x01, 0xfe, 0x5a,
    0x08, 0x60, 0x0f, 0xf2, 0x50, 0x3b, 0x80, 0x3f, 0xc9, 0x60, 0xd0, 0x01, 0xfe, 0x3b, 0x05, 0x90,
    0x0f, 0xf1, 0xe0, 0x15, 0x00, 0x7f, 0x8f, 0x40, 0x04, 0x80, 0x1f, 0xc3, 0xa2, 0x44, 0x0b, 0x20,
    0x0f, 0xe1, 0x2c, 0xf0, 0x07, 0x88, 0x07, 0xe1, 0xc1, 0x2b, 0x02, 0xa0, 0x0f, 0xd8, 0x20, 0x04,
    0x90, 0x48, 0x00, 0xf0, 0x90, 0x06, 0x67, 0x07, 0x50, 0x0f, 0xfd, 0x08, 0x14, 0x60, 0x1f, 0xfa,
    0xcc, 0x34, 0x40, 0x3f, 0xf6, 0x88, 0xb4, 0x00, 0x00, 0x7f, 0xe0, 0x0f, 0xff, 0xf8, 0x07, 0xff,
    0xfc, 0x03, 0xff, 0xa8, 0x23, 0xfc, 0x01, 0x0f, 0x77, 0xf0, 0x07, 0xff, 0x08, 0x00, 0x7f, 0xc0,
    0x0f, 0xfe, 0x0e, 0xfb, 0x00, 0x0d, 0x40, 0x3f, 0xe7, 0x20, 0x0e, 0xb0, 0x0f, 0xf0, 0xc0, 0x07,
    0x86, 0x00, 0x3f, 0xa0, 0x03, 0xf3, 0x90, 0x07, 0xc6, 0xc0, 0x1e, 0x24, 0x09, 0x00, 0xfb, 0xc1,
    0xc4, 0x03, 0xa4, 0x11, 0x00, 0x1c, 0xa6, 0x30, 0x01, 0xe2, 0x70, 0x90, 0x0e, 0xb0, 0x80, 0x0f,
    0xd0, 0x24, 0xe0, 0x14, 0x09, 0xb0, 0x07, 0xf5, 0x84, 0x08, 0x0b, 0x87, 0x80, 0x7f, 0x95, 0x02,
    0xc2, 0xc1, 0x8c, 0x03, 0xfe, 0x90, 0x57, 0x51, 0x80, 0x0f, 0xfc, 0x4e, 0x10, 0x10, 0x20, 0x1f,
    0xfc, 0x18, 0x10, 0x26, 0x00, 0xff, 0xe1, 0xd8, 0x48, 0x07, 0xff, 0x11, 0x7d, 0x00, 0x3f, 0xf9,
    0xe0, 0x00, 0x7f, 0xd0, 0x0f, 0xe7, 0xff, 0x00, 0x0a, 0x80, 0x3f, 0xf8, 0x4a, 0xe0, 0x1f, 0xfc,
    0x28, 0x40, 0x0f, 0xfc, 0x41, 0x44, 0x01, 0xfe, 0x1e, 0x01, 0xf0, 0x0f, 0xf8, 0xe8, 0x0a, 0x80,
    0x3f, 0xe5, 0x70, 0x57, 0x00, 0xff, 0xa1, 0x02, 0x10, 0x03, 0xfe, 0xa1, 0x0a, 0x10, 0x0f, 0xf0,
    0xe8, 0x0e, 0x80, 0x7f, 0xc7, 0x20, 0x74, 0x01, 0xff, 0x33, 0x01, 0x68, 0x03, 0xfe, 0x93, 0x02,
    0x00, 0xff, 0xda, 0x20, 0x1f, 0xfc, 0x11, 0xd0, 0x0f, 0xfe, 0x11, 0xc8, 0x00, 0x00, 0x00, 0xe5,
    0xad, 0xff, 0x75, 0xb0, 0x07, 0xf1, 0x6d, 0x29, 0x00, 0x05, 0x27, 0x90, 0x03, 0xcb, 0xa4, 0x09,
    0x39, 0x8a, 0x50, 0x1b, 0x70, 0x0c, 0x74, 0x05, 0x96, 0xc6, 0x65, 0xae, 0x30, 0x85, 0x00, 0xb8,
    0x07, 0x0c, 0x03, 0xc3, 0x86, 0x14, 0x20, 0x84, 0x14, 0x20, 0x1f, 0xdc, 0x00, 0x60, 0xd0, 0x14,
    0x00, 0xff, 0x12, 0x05, 0x82, 0x82, 0x00, 0x7f, 0xe3, 0x03, 0x01, 0x03, 0x00, 0xff, 0xdc, 0x01,
    0x08, 0x18, 0x07, 0xfe, 0xe0, 0x09, 0x41, 0xc0, 0x3f, 0xf1, 0x81, 0x86, 0x01, 0x20, 0x07, 0xf8,
    0x90, 0x2c, 0x14, 0x82, 0x84, 0x03, 0xfb, 0x80, 0x0c, 0x00, 0xe0, 0x1c, 0x30, 0x0f, 0x0e, 0x18,
    0x50, 0x80, 0x0e, 0x80, 0xb2, 0xd4, 0xcc, 0xb3, 0xc6, 0x0e, 0xa0, 0x19, 0x70, 0x81, 0x2b, 0x31,
    0x4c, 0x03, 0x70, 0x01, 0xe3, 0xda, 0x52, 0x00, 0x0a, 0x4f, 0x20, 0x06, 0x00, 0x7f, 0xff, 0xba,
    0xd8, 0x03, 0xff, 0x0a, 0x4e, 0x90, 0x06, 0x1e, 0xed, 0xb6, 0xc0, 0x58, 0x20, 0x18, 0x47, 0x12,
    0x4e, 0x00, 0xc0, 0x07, 0xfc, 0x6c, 0x0e, 0x01, 0xff, 0xb0, 0x04, 0x03, 0xff, 0x9f, 0x80, 0x20,
    0x1f, 0xf1, 0xb0, 0x38, 0x06, 0x11, 0xc4, 0x91, 0x80, 0x30, 0x01, 0x0f, 0x76, 0xdb, 0x70, 0x2c,
    0x10, 0x0f, 0xe1, 0x49, 0xd2, 0x00, 0xc3, 0xff, 0xdd, 0x6c, 0x01, 0xff, 0xf4, 0x00, 0x00, 0xe5,
    0xad, 0xff, 0x75, 0xb0, 0x07, 0xf1, 0x6d, 0x29, 0x00, 0x05, 0x27, 0x90, 0x03, 0xcb, 0xa4, 0x09,
    0x39, 0x8a, 0x50, 0x1b, 0x70, 0x0c, 0x54, 0x05, 0x96, 0xc6, 0x65, 0xad, 0x30, 0x85, 0x00, 0xbc,
    0x07, 0x0c, 0x03, 0xc5, 0x84, 0x14, 0x20, 0x84, 0x16, 0x20, 0x1f, 0xde, 0x00, 0x60, 0xd0, 0x15,
    0x00, 0xff, 0x12, 0x05, 0x82, 0x82, 0x00, 0x7f, 0xe3, 0x03, 0x01, 0x03, 0x00, 0xff, 0xdc, 0x01,
    0x08, 0x18, 0x07, 0xfe, 0xe0, 0x10, 0x60, 0x70, 0x0f, 0xfc, 0x60, 0x41, 0xe0, 0x48, 0x01, 0xfe,
    0x24, 0x0b, 0x05, 0x10, 0x91, 0x00, 0xfe, 0xe0, 0x03, 0x00, 0x28, 0x0b, 0x48, 0x03, 0xc3, 0x66,
    0x12, 0x20, 0x04, 0x80, 0x3d, 0xa4, 0x22, 0x24, 0x7a, 0x03, 0x30, 0x03, 0x3d, 0x00, 0x16, 0xf7,
    0x56, 0xe2, 0x13, 0x20, 0x0f, 0x2f, 0x41, 0x88, 0x04, 0x51, 0xcc, 0x01, 0xf8, 0x5f, 0x3b, 0x86,
    0x04, 0x01, 0x93, 0x0c, 0x03, 0xf0, 0xe3, 0x04, 0x77, 0xfa, 0xcd, 0x00, 0x3f, 0xd3, 0x8a, 0x20,
    0x2b, 0x6e, 0x00, 0x7f, 0xff, 0xba, 0xd8, 0x03, 0xff, 0x0a, 0x4e, 0x90, 0x06, 0x1e, 0xed, 0xb6,
    0xc0, 0x58, 0x20, 0x18, 0x47, 0x12, 0x4e, 0x00, 0xc0, 0x07, 0xfc, 0x6c, 0x0e, 0x01, 0xff, 0xb0,
    0x04, 0x03, 0xff, 0x9f, 0x80, 0x20, 0x1f, 0xf1, 0xb0, 0x30, 0x06, 0x11, 0xe3, 0x8c, 0x01, 0x90,
    0x08, 0x7b, 0xbb, 0x1c, 0x0b, 0x04, 0x03, 0xfe, 0x5d, 0x20, 0x0c, 0x3f, 0xfd, 0x00, 0xa4, 0x01,
    0xff, 0x39, 0x87, 0x80, 0x7f, 0xed, 0x12, 0x90, 0x0f, 0xf8, 0x6c, 0x19, 0x00, 0x3f, 0xe5, 0x60,
    0xa1, 0x00, 0x00, 0xcd, 0x7d, 0xfe, 0xda, 0x50, 0x0c, 0x5d, 0x28, 0x20, 0x02, 0x5a, 0xd1, 0x00,
    0x60, 0x8a, 0x37, 0xb9, 0x6e, 0x23, 0x03, 0x08, 0x63, 0x90, 0x89, 0x23, 0xb8, 0x00, 0xf0, 0x32,
    0x00, 0xf8, 0x80, 0x02, 0x04, 0x01, 0xff, 0x58, 0x0e, 0x18, 0x07, 0xf1, 0xc0, 0x1e, 0x6c, 0xa8,
    0x80, 0x79, 0xed, 0x00, 0x9a, 0xbb, 0x14, 0x03, 0x92, 0xfa, 0x98, 0x80, 0xea, 0xc0, 0x3c, 0x2b,
    0x3b, 0xa5, 0x04, 0x70, 0x0f, 0xe2, 0xa4, 0x0b, 0x00, 0xff, 0xb0, 0x08, 0x16, 0x00, 0x3f, 0x58,
    0x28, 0x43, 0xf4, 0x21, 0x09, 0x2e, 0x18, 0x78, 0x71, 0x0b, 0xde, 0xf6, 0xd1, 0x84, 0xa0, 0x1e,
    0xdb, 0x10, 0x80, 0x9b, 0xeb, 0x00, 0x00, 0xef, 0xff, 0xfe, 0x08, 0x07, 0xff, 0x0b, 0xfb, 0xb6,
    0x00, 0x2b, 0xbb, 0x84, 0x7c, 0x00, 0x61, 0x1e, 0x00, 0xff, 0xff, 0x80, 0x7f, 0xff, 0xc0, 0x3f,
    0xfa, 0x80, 0x00, 0xaf, 0xc0, 0x0f, 0xec, 0xf9, 0x00, 0xff, 0xff, 0x80, 0x7f, 0xf8, 0x4c, 0x03,
    0xff, 0x88, 0x20, 0x1f, 0xc2, 0x03, 0xc0, 0x40, 0x1f, 0xc4, 0x1c, 0x80, 0x05, 0x00, 0xf9, 0x40,
    0x08, 0x64, 0x16, 0x20, 0x1c, 0x36, 0x06, 0x41, 0xc0, 0x3e, 0xe6, 0x47, 0x1e, 0x21, 0xe0, 0x03,
    0xb0, 0x18, 0xcd, 0xc7, 0x11, 0x59, 0x80, 0x49, 0xd0, 0x62, 0x02, 0x71, 0xe8, 0x00, 0x00, 0x0d,
    0xfc, 0x00, 0xff, 0xa3, 0xf8, 0x01, 0x60, 0x66, 0x00, 0xff, 0x30, 0x48, 0x01, 0x84, 0x24, 0x03,
    0xf9, 0x84, 0x18, 0x02, 0x60, 0x51, 0x00, 0xfd, 0x40, 0xc2, 0x01, 0x48, 0x02, 0x40, 0x3e, 0x43,
    0x0b, 0x00, 0xc2, 0xa0, 0xc0, 0x1f, 0x78, 0x21, 0x00, 0x74, 0x80, 0xa8, 0x07, 0x12, 0x07, 0x80,
    0x78, 0xcc, 0x12, 0x01, 0xd6, 0x04, 0x80, 0x1f, 0x48, 0x19, 0x80, 0x33, 0x05, 0x80, 0x7e, 0x51,
    0x09, 0x00, 0x9c, 0x00, 0xc0, 0x1f, 0xd2, 0x0a, 0x20, 0x0a, 0x07, 0x00, 0xff, 0x30, 0x02, 0x41,
    0x48, 0x28, 0x03, 0xfc, 0x2c, 0x0c, 0x12, 0x08, 0x40, 0x1f, 0xf5, 0x80, 0xc9, 0x87, 0x80, 0x7f,
    0xe2, 0x40, 0x60, 0x24, 0x00, 0xff, 0xe0, 0xf8, 0x05, 0x60, 0x1f, 0xfc, 0x24, 0x20, 0x16, 0x00,
    0xf8, 0x00, 0x1f, 0xf3, 0x00, 0x7e, 0xaf, 0xe0, 0x0f, 0xc7, 0xfe, 0x11, 0x20, 0x68, 0x07, 0xe5,
    0x01, 0x30, 0x0f, 0xac, 0x0c, 0x43, 0x41, 0x04, 0x03, 0xca, 0x01, 0x58, 0x07, 0xca, 0x14, 0x00,
    0x70, 0x03, 0x80, 0x7b, 0x80, 0x41, 0x80, 0x3c, 0x64, 0x0e, 0x00, 0x14, 0x0d, 0x00, 0xe1, 0x40,
    0xa0, 0x13, 0x00, 0xeb, 0x03, 0x10, 0x0b, 0x41, 0x04, 0x03, 0x38, 0x12, 0x18, 0x58, 0x07, 0x28,
    0x50, 0x06, 0x70, 0x02, 0x00, 0x6d, 0x0a, 0x0a, 0x06, 0x00, 0xc6, 0x40, 0xe0, 0x18, 0x4c, 0x38,
    0x02, 0x14, 0x05, 0x07, 0x01, 0x30, 0x0a, 0xc0, 0xc4, 0x03, 0xa8, 0x10, 0x02, 0x70, 0x22, 0x00,
    0x98, 0x58, 0x04, 0xa1, 0x60, 0x1e, 0x70, 0x02, 0x80, 0x34, 0x28, 0x02, 0xa0, 0x60, 0x01, 0x90,
    0x30, 0x07, 0x84, 0xc3, 0x80, 0x50, 0x14, 0x02, 0x70, 0x13, 0x0b, 0x03, 0x10, 0x0f, 0xa8, 0x10,
    0x1c, 0x0c, 0x80, 0x21, 0x40, 0xb0, 0x50, 0xb0, 0x0f, 0xce, 0x00, 0x5a, 0x0b, 0x00, 0xed, 0x06,
    0x32, 0x05, 0x00, 0xfc, 0x26, 0x12, 0x60, 0xa0, 0x1c, 0xe0, 0x30, 0x06, 0x40, 0x1f, 0xd6, 0x06,
    0x06, 0x40, 0x1c, 0x28, 0x08, 0x16, 0x01, 0xfe, 0x60, 0x0a, 0xc0, 0x3e, 0xd0, 0x09, 0x40, 0x3f,
    0xc2, 0x60, 0x06, 0x00, 0xf9, 0xc0, 0x06, 0x40, 0x1c, 0x00, 0x0e, 0xfc, 0x00, 0xfd, 0x1f, 0xc2,
    0x1a, 0x07, 0x00, 0x1e, 0x47, 0x0b, 0x10, 0x37, 0x07, 0x30, 0x0c, 0x34, 0x0c, 0xa0, 0x14, 0x18,
    0x68, 0x80, 0x54, 0x25, 0x20, 0x1d, 0xc0, 0x36, 0x00, 0x64, 0x0f, 0x00, 0xf1, 0x50, 0x2b, 0x14,
    0x84, 0x90, 0x07, 0xca, 0xa0, 0x9f, 0x04, 0x60, 0x0f, 0xea, 0x10, 0x21, 0xa0, 0x0f, 0xf9, 0xc0,
    0x0a, 0x20, 0x1f, 0xe4, 0x60, 0x02, 0x30, 0x07, 0xf0, 0xd0, 0x2b, 0x04, 0x90, 0x07, 0xea, 0x11,
    0x5c, 0x90, 0x78, 0x07, 0xcc, 0x81, 0x42, 0x1e, 0x05, 0x20, 0x1c, 0x52, 0x0e, 0x80, 0x02, 0x90,
    0x64, 0x00, 0xde, 0x05, 0x00, 0x19, 0x90, 0x28, 0x40, 0x12, 0x41, 0xe0, 0x1e, 0xa1, 0x15, 0x02,
    0xb0, 0x49, 0x00, 0x78, 0x68, 0x11, 0xc0, 0x00, 0x0c, 0xfc, 0x00, 0xfe, 0x1f, 0xf2, 0x87, 0x81,
    0xa8, 0x07, 0xeb, 0x04, 0x50, 0x36, 0x0b, 0x00, 0xf9, 0x14, 0x24, 0x02, 0x81, 0x14, 0x80, 0x7a,
    0x41, 0xc8, 0x02, 0x18, 0x06, 0x20, 0x0c, 0xe4, 0x30, 0x01, 0xcc, 0x61, 0xc0, 0x10, 0xc0, 0x58,
    0x07, 0xde, 0x06, 0xa0, 0x0b, 0x04, 0x50, 0x0f, 0x8d, 0x82, 0xc1, 0x14, 0x24, 0x03, 0xfa, 0x04,
    0x53, 0x20, 0x72, 0x00, 0xfe, 0x18, 0x06, 0x21, 0x80, 0x0f, 0xf9, 0x8c, 0x01, 0x60, 0x1f, 0xfc,
    0x1a, 0x00, 0x28, 0x07, 0xff, 0xfc, 0x03, 0xff, 0x88, 0x00, 0xcf, 0xff, 0xfd, 0x80, 0x1f, 0xfc,
    0x27, 0x0d, 0xee, 0xfe, 0x30, 0x04, 0x80, 0x8f, 0xf4, 0x98, 0x59, 0x00, 0x7f, 0x2b, 0x83, 0xa0,
    0x07, 0xf1, 0x50, 0x24, 0x00, 0x7f, 0xbc, 0x0a, 0xc0, 0x3f, 0xd6, 0x41, 0xe0, 0x1f, 0xe8, 0x40,
    0xa2, 0x00, 0xfe, 0x47, 0x07, 0x50, 0x0f, 0xe2, 0xb0, 0x48, 0x00, 0xff, 0x78, 0x15, 0x00, 0x7f,
    0xac, 0x83, 0xc4, 0x03, 0xfa, 0x10, 0x28, 0x80, 0x3f, 0x91, 0xc1, 0x50, 0x47, 0xf8, 0x28, 0x00,
    0xbd, 0xdf, 0xe1, 0x10, 0x07, 0xff, 0x08, 0x00, 0x7f, 0xfd, 0x00, 0x10, 0x8b, 0xc0, 0x05, 0xdc,
    0x70, 0x0f, 0xff, 0xf8, 0x07, 0xff, 0x5c, 0xbb, 0x8e, 0x01, 0x08, 0xbc, 0x00, 0xbf, 0x50, 0x0f,
    0xda, 0x1c, 0x01, 0xf9, 0xc1, 0x00, 0x3f, 0x0a, 0x03, 0x00, 0x7e, 0xe0, 0xd0, 0x0f, 0xca, 0x08,
    0x20, 0x1f, 0x94, 0x1c, 0x03, 0xf7, 0x85, 0x00, 0x7e, 0x50, 0x31, 0x00, 0xfc, 0xa0, 0xc0, 0x1f,
    0xb8, 0x2c, 0x03, 0xf2, 0x09, 0x90, 0x07, 0xe7, 0x05, 0x00, 0xfd, 0xa1, 0x40, 0x1f, 0x90, 0x48,
    0x80, 0x1f, 0x9c, 0x28, 0x03, 0xf5, 0x02, 0x80, 0x7e, 0x31, 0x23, 0x00, 0xfc, 0xc1, 0x60, 0x1f,
    0xac, 0x18, 0x03, 0xf1, 0x90, 0x98, 0x07, 0xe5, 0x0a, 0x00, 0xfd, 0x40, 0xe0, 0x00, 0x8f, 0xfc,
    0xe0, 0x22, 0x00, 0xa3, 0xb8, 0x40, 0x1f, 0xff, 0xf0, 0x0f, 0xfe, 0xbc, 0x77, 0x08, 0x02, 0x11,
    0x00, 0x40, 0x00, 0x00, 0xc5, 0xfe, 0x20, 0x0f, 0xd6, 0x00, 0xb0, 0x0f, 0xcc, 0x68, 0xc2, 0x01,
    0xe7, 0x09, 0xe0, 0x60, 0x0f, 0x50, 0xaa, 0x86, 0x80, 0x39, 0x09, 0x80, 0x0c, 0x48, 0x01, 0xbc,
    0x24, 0x01, 0x21, 0xe0, 0x11, 0x22, 0x88, 0x00, 0x55, 0x08, 0x01, 0x61, 0xc0, 0x1b, 0x82, 0x80,
    0x0c, 0x48, 0x01, 0x90, 0x98, 0x00, 0x00, 0x88, 0xff, 0xce, 0xff, 0xf8, 0x00, 0x08, 0xff, 0x20,
    0x05, 0x16, 0x36, 0xc0, 0x12, 0x7a, 0x4b, 0x80, 0x00, 0x00, 0x35, 0xf7, 0xfb, 0x60, 0x40, 0x05,
    0xd2, 0x82, 0x00, 0x27, 0xf1, 0x02, 0x04, 0xae, 0xfd, 0x80, 0x1a, 0x00, 0x7d, 0xa8, 0x81, 0x3c,
    0x82, 0x00, 0x04, 0x03, 0xce, 0x00, 0x30, 0x01, 0xbd, 0x56, 0xb0, 0x03, 0x85, 0x64, 0x2a, 0xf0,
    0x04, 0xca, 0x13, 0xdf, 0xf8, 0x02, 0xd0, 0x66, 0x08, 0x07, 0xce, 0x02, 0x01, 0xca, 0x01, 0x20,
    0x31, 0x00, 0x49, 0x40, 0x14, 0x90, 0xee, 0x5e, 0xd9, 0x00, 0x43, 0x8e, 0x46, 0x80, 0xfa, 0x20,
    0x00, 0x00, 0xdf, 0x70, 0x0f, 0xff, 0xdb, 0xe7, 0xf6, 0x38, 0x80, 0x77, 0x6c, 0x18, 0x09, 0xc7,
    0x98, 0x06, 0x62, 0x5c, 0xed, 0x91, 0x16, 0x90, 0x06, 0x7a, 0x31, 0x26, 0xf1, 0x14, 0x00, 0x43,
    0x00, 0x1c, 0x30, 0x0a, 0x20, 0x07, 0x00, 0xf9, 0xc0, 0x04, 0x00, 0xe0, 0x0f, 0x84, 0x00, 0xc0,
    0x0e, 0x00, 0xf8, 0x40, 0x0c, 0x00, 0x70, 0x0f, 0x9c, 0x00, 0x40, 0x01, 0x80, 0x0e, 0x28, 0x05,
    0x10, 0x09, 0xe8, 0xc4, 0x9b, 0x04, 0x20, 0x02, 0x72, 0x5c, 0xed, 0x91, 0x16, 0x10, 0x05, 0xdb,
    0x04, 0x02, 0x71, 0xe6, 0x00, 0x00, 0x00, 0x8e, 0xb7, 0xfb, 0x18, 0x03, 0x4e, 0x29, 0x00, 0x9c,
    0xe0, 0x84, 0xb0, 0x36, 0x76, 0xc0, 0x1d, 0xa3, 0x04, 0xc8, 0xc4, 0x9f, 0x1a, 0xf8, 0x0d, 0x80,
    0x38, 0xe4, 0x5c, 0x2c, 0x03, 0xf8, 0x80, 0x80, 0x3f, 0x88, 0x08, 0x03, 0xf9, 0xc2, 0xc0, 0x3f,
    0xb8, 0x0d, 0x80, 0x38, 0xa4, 0x51, 0x82, 0x64, 0x62, 0x4f, 0xad, 0x61, 0x2c, 0x0d, 0x9d, 0xb0,
    0x07, 0x60, 0x09, 0xc5, 0x20, 0x13, 0x9c, 0x10, 0x00, 0x00, 0xff, 0x17, 0xf8, 0xc0, 0x3f, 0xfd,
    0xeb, 0x7d, 0xfd, 0x24, 0x01, 0xc3, 0x74, 0x82, 0x02, 0xda, 0xa0, 0x1a, 0x90, 0x1b, 0x3b, 0x60,
    0x20, 0x02, 0x54, 0x09, 0x91, 0x89, 0x3e, 0x00, 0x6e, 0x03, 0x60, 0x0e, 0x37, 0x00, 0x98, 0x2c,
    0x03, 0xeb, 0x00, 0x88, 0x08, 0x03, 0xe2, 0x00, 0x88, 0x08, 0x03, 0xe2, 0x00, 0x98, 0x30, 0x03,
    0xe4, 0x00, 0xb8, 0x11, 0x40, 0x38, 0xa0, 0x02, 0x54, 0x0a, 0x71, 0x00, 0x2e, 0x00, 0x75, 0x20,
    0x47, 0x73, 0xe8, 0x60, 0x03, 0x0d, 0xd2, 0x08, 0xcb, 0x8e, 0x01, 0x00, 0x00, 0x96, 0xfb, 0xf6,
    0x8c, 0x03, 0xaa, 0x88, 0x20, 0x4b, 0x90, 0x01, 0x52, 0x8c, 0xf7, 0xeb, 0x83, 0xb8, 0x11, 0x43,
    0x18, 0x40, 0xa2, 0x82, 0x07, 0x81, 0x88, 0x03, 0x94, 0xc1, 0xdc, 0x0b, 0x77, 0xf0, 0x87, 0x90,
    0x1a, 0x27, 0xc4, 0x06, 0x41, 0x3f, 0xff, 0xd4, 0xe1, 0x40, 0x1f, 0xee, 0x03, 0x60, 0x0f, 0x30,
    0x01, 0x14, 0x26, 0x8c, 0x44, 0x97, 0x30, 0x00, 0xa6, 0x05, 0xce, 0xe5, 0xa0, 0x60, 0x05, 0x38,
    0xa4, 0x00, 0x27, 0xe4, 0x00, 0x00, 0x00, 0xd1, 0xbf, 0xd4, 0x20, 0x15, 0xb9, 0x00, 0xa8, 0x80,
    0x11, 0x01, 0x5f, 0xec, 0x00, 0x8c, 0x09, 0x40, 0x06, 0x01, 0xc2, 0x01, 0xd5, 0xf0, 0x07, 0xff,
    0x38, 0x18, 0x80, 0x42, 0x38, 0x27, 0xa0, 0x0b, 0xba, 0x60, 0x0f, 0xff, 0xf8, 0x07, 0xff, 0x38,
    0x00, 0x00, 0x96, 0xfb, 0xfa, 0x8c, 0x37, 0xd4, 0x01, 0x74, 0x82, 0x02, 0xb9, 0x00, 0x1a, 0xd0,
    0x1b, 0x3b, 0x64, 0x5c, 0x80, 0x08, 0x80, 0x99, 0x18, 0x93, 0x78, 0x80, 0x5e, 0x06, 0xc0, 0x1c,
    0x36, 0x01, 0x30, 0x58, 0x07, 0xca, 0x01, 0x10, 0x10, 0x07, 0xe1, 0x00, 0x10, 0x10, 0x07, 0xe1,
    0x00, 0x38, 0x58, 0x07, 0xca, 0x01, 0x70, 0x1b, 0x00, 0x70, 0xd8, 0x04, 0x8a, 0x13, 0x46, 0x24,
    0xde, 0x20, 0x1a, 0x90, 0x17, 0x3b, 0x64, 0x5c, 0x03, 0xae, 0x90, 0x40, 0x57, 0x20, 0x00, 0x20,
    0x12, 0xdf, 0x7f, 0x51, 0x90, 0x01, 0x40, 0xc4, 0x03, 0xe8, 0x02, 0x10, 0xee, 0x4a, 0x90, 0x89,
    0x2d, 0x42, 0x00, 0x0e, 0x0d, 0x5b, 0xdc, 0xb4, 0x08, 0x50, 0x05, 0x6b, 0x98, 0x80, 0x09, 0xb1,
    0xc0, 0x00, 0x00, 0xdf, 0x70, 0x0f, 0xff, 0xa8, 0xc6, 0xff, 0xb1, 0xc0, 0x3b, 0x7d, 0xc8, 0x00,
    0x71, 0x80, 0x19, 0x45, 0xf3, 0xad, 0x40, 0xe4, 0x03, 0x54, 0x18, 0xa5, 0x28, 0x30, 0x04, 0x6a,
    0x01, 0xd2, 0x00, 0x20, 0x02, 0x00, 0x78, 0x80, 0x02, 0x00, 0xf0, 0x0f, 0x08, 0x01, 0xc0, 0x3f,
    0xff, 0xe0, 0x10, 0x00, 0x0b, 0xf6, 0x24, 0x0b, 0x24, 0x0a, 0x0b, 0xf7, 0x00, 0xed, 0xf7, 0x00,
    0xff, 0xf2, 0x00, 0x00, 0x00, 0xe9, 0xf8, 0x00, 0xe1, 0x60, 0x70, 0x0e, 0x15, 0x07, 0x00, 0xf5,
    0x7c, 0x00, 0x7f, 0xf0, 0xef, 0xe4, 0x03, 0xff, 0xfe, 0x01, 0xff, 0xe4, 0x60, 0x10, 0x02, 0x10,
    0x29, 0x06, 0x00, 0x2b, 0x7e, 0x80, 0xd0, 0x00, 0xe2, 0x02, 0xd8, 0x00, 0x00, 0xdf, 0x70, 0x0f,
    0xff, 0xd1, 0xf7, 0xd0, 0x07, 0xe3, 0xc1, 0x4a, 0x00, 0xf9, 0x30, 0x12, 0xc0, 0x3e, 0x5b, 0x04,
    0xb0, 0x0f, 0x9a, 0x81, 0x2c, 0x03, 0xe7, 0x90, 0x05, 0x00, 0x7d, 0x30, 0x01, 0x50, 0x07, 0xc2,
    0x0f, 0x00, 0x8e, 0x01, 0xf4, 0x41, 0xd4, 0x21, 0x00, 0x39, 0x9c, 0x01, 0x44, 0x14, 0x20, 0x1b,
    0x80, 0x37, 0x88, 0xb4, 0x03, 0xf8, 0xa8, 0x0e, 0x40, 0x3f, 0x92, 0x01, 0x94, 0x00, 0xdf, 0x70,
    0x0f, 0xff, 0x38, 0x00, 0xdf, 0x61, 0x9d, 0xfe, 0xb5, 0x00, 0x9f, 0x3f, 0xdb, 0x00, 0x1d, 0x9c,
    0xc4, 0x02, 0x95, 0x25, 0xd0, 0x60, 0x02, 0x7d, 0x10, 0x09, 0x46, 0x7f, 0xd8, 0x60, 0xda, 0x2b,
    0xbf, 0xd0, 0x05, 0x60, 0x1b, 0x58, 0x00, 0x78, 0x20, 0x05, 0xa2, 0x01, 0x77, 0x02, 0x80, 0x46,
    0x60, 0x0e, 0x70, 0x04, 0x00, 0x75, 0x00, 0x0c, 0x00, 0x80, 0x1e, 0xe0, 0x01, 0x00, 0x71, 0x00,
    0x1c, 0x01, 0xe0, 0x1e, 0x10, 0x10, 0x0f, 0xff, 0xf8, 0x07, 0xff, 0xdc, 0x00, 0xdf, 0x61, 0x8d,
    0xff, 0x63, 0x80, 0x77, 0xf3, 0x90, 0x00, 0xe3, 0x00, 0x33, 0x04, 0xf7, 0xeb, 0x81, 0xc8, 0x06,
    0xb6, 0x10, 0x28, 0x60, 0x60, 0x08, 0xd0, 0x03, 0xa8, 0x00, 0x40, 0x04, 0x00, 0xf1, 0x00, 0x04,
    0x01, 0xe0, 0x1e, 0x10, 0x03, 0x80, 0x7f, 0xff, 0xc0, 0x20, 0x00, 0x00, 0x92, 0xb7, 0xfa, 0xd4,
    0x03, 0xd5, 0x6a, 0x40, 0x29, 0x58, 0x20, 0x15, 0x28, 0x36, 0x76, 0xc0, 0x1e, 0x00, 0x11, 0x42,
    0x64, 0x62, 0x4f, 0x80, 0x50, 0x1c, 0x06, 0xc0, 0x1c, 0x6e, 0x0c, 0x0e, 0x16, 0x01, 0xf5, 0x80,
    0x88, 0x80, 0x80, 0x3e, 0x20, 0x01, 0x10, 0x08, 0x03, 0xe2, 0x00, 0x13, 0x85, 0x80, 0x7d, 0x60,
    0x22, 0xe0, 0x36, 0x00, 0xe3, 0x70, 0x60, 0x45, 0x09, 0x91, 0x89, 0x3e, 0x01, 0x40, 0x02, 0x98,
    0x1b, 0x3b, 0x60, 0x0f, 0x00, 0x34, 0xda, 0x90, 0x0a, 0x56, 0x08, 0x00, 0x00, 0xdf, 0x61, 0x8d,
    0xfe, 0xc7, 0x10, 0x0e, 0xef, 0x72, 0x01, 0x38, 0xf3, 0x00, 0xce, 0x2d, 0xbf, 0xea, 0x21, 0xd2,
    0x00, 0xd1, 0x24, 0x00, 0x5c, 0x11, 0x40, 0x04, 0x4e, 0x01, 0xc3, 0x60, 0xa2, 0x00, 0x40, 0x0f,
    0x90, 0x00, 0x40, 0x0e, 0x00, 0xf8, 0x40, 0x0c, 0x00, 0xe0, 0x0f, 0x84, 0x00, 0xc0, 0x07, 0x00,
    0xf9, 0xc0, 0x04, 0x00, 0x18, 0x00, 0xe2, 0x80, 0x51, 0x00, 0x9e, 0x8c, 0x49, 0xb0, 0x42, 0x00,
    0x26, 0x25, 0xce, 0xd9, 0x11, 0x61, 0x00, 0x5d, 0xb0, 0x60, 0x27, 0x1e, 0x60, 0x1e, 0x7c, 0xfe,
    0xc7, 0x10, 0x0f, 0xff, 0x78, 0x00, 0x00, 0x96, 0xfb, 0xfa, 0x88, 0x3f, 0xc6, 0x03, 0x74, 0x82,
    0x02, 0xba, 0xc0, 0x1a, 0x90, 0x1b, 0x3b, 0x60, 0x24, 0x02, 0x54, 0x09, 0x91, 0x89, 0x3e, 0x00,
    0x6e, 0x03, 0x60, 0x0e, 0x37, 0x00, 0x98, 0x2c, 0x03, 0xeb, 0x00, 0x88, 0x08, 0x03, 0xe2, 0x00,
    0x88, 0x08, 0x03, 0xe2, 0x00, 0x98, 0x2c, 0x03, 0xeb, 0x00, 0xb8, 0x0d, 0x80, 0x38, 0xdc, 0x02,
    0x54, 0x09, 0x91, 0x89, 0x3e, 0x00, 0x75, 0x20, 0x36, 0x76, 0xc0, 0x40, 0x06, 0x1b, 0xa4, 0x10,
    0x16, 0xd5, 0x00, 0xf2, 0xdf, 0x7f, 0x49, 0x00, 0x7f, 0xfc, 0x00, 0x00, 0xdf, 0x61, 0x8d, 0xf0,
    0x08, 0x7d, 0xc8, 0x03, 0x40, 0xa5, 0x58, 0x06, 0x8b, 0x54, 0x00, 0x89, 0xc0, 0x3c, 0x80, 0x1f,
    0x70, 0x07, 0xff, 0xa4, 0x00, 0x00, 0x0c, 0x67, 0xfb, 0xad, 0xc4, 0x00, 0x5e, 0xe6, 0x00, 0x14,
    0x8a, 0x00, 0x48, 0x8a, 0xfb, 0xf6, 0x4e, 0x00, 0x08, 0x16, 0x82, 0x04, 0xd8, 0x60, 0x01, 0x0c,
    0x00, 0xfe, 0x60, 0x6d, 0x95, 0x20, 0x0e, 0x87, 0x02, 0x6a, 0xde, 0x91, 0x00, 0xa3, 0xee, 0x14,
    0x85, 0xb4, 0x03, 0x91, 0xeb, 0x68, 0x0c, 0xc0, 0x20, 0x1e, 0x50, 0x03, 0x87, 0xe3, 0x10, 0x00,
    0xe8, 0x00, 0xa6, 0x27, 0x3b, 0xfe, 0xc5, 0x09, 0x13, 0xe8, 0x41, 0x00, 0x13, 0x6b, 0x00, 0x00,
    0x00, 0x3f, 0xe8, 0x07, 0xff, 0x36, 0xbe, 0x00, 0xbf, 0xe7, 0x03, 0x10, 0x08, 0x47, 0x04, 0xf4,
    0x01, 0x77, 0x4c, 0x01, 0xff, 0xf5, 0x30, 0x0f, 0x8c, 0x05, 0xc0, 0x54, 0x02, 0x43, 0x08, 0xfe,
    0xa1, 0x00, 0xb1, 0x84, 0x09, 0xc0, 0x00, 0xff, 0x30, 0x07, 0x93, 0xfc, 0x01, 0xff, 0xff, 0x00,
    0xc2, 0x01, 0xf8, 0x40, 0x23, 0x0e, 0x00, 0xf6, 0x80, 0x4e, 0x0c, 0x01, 0xc2, 0xc0, 0x14, 0x80,
    0xd9, 0x00, 0x13, 0x04, 0x02, 0x37, 0x04, 0xdf, 0xf5, 0x93, 0x00, 0x68, 0xb4, 0x10, 0x15, 0xcb,
    0x00, 0x80, 0x00, 0x0d, 0xf9, 0x00, 0xf8, 0x7f, 0xc6, 0x16, 0x0c, 0x01, 0xf3, 0x01, 0x98, 0x18,
    0x41, 0x80, 0x3d, 0x41, 0x20, 0x13, 0x05, 0x80, 0x72, 0x90, 0xa8, 0x05, 0x40, 0x46, 0x01, 0xb8,
    0x18, 0x03, 0x12, 0x04, 0x80, 0x44, 0x81, 0x20, 0x1d, 0xe0, 0xa2, 0x00, 0xb0, 0x51, 0x00, 0xe4,
    0x20, 0x60, 0x16, 0x09, 0x00, 0xfa, 0xc2, 0x41, 0x80, 0xcc, 0x01, 0xf3, 0x00, 0xad, 0x04, 0x80,
    0x7f, 0x38, 0x59, 0x0a, 0x80, 0x7f, 0x50, 0x08, 0x30, 0x07, 0xf8, 0x90, 0x01, 0x20, 0x1c, 0x00,
    0xaf, 0x80, 0x0f, 0x2f, 0xf8, 0x03, 0xec, 0xf4, 0xf0, 0x50, 0x0f, 0x70, 0x01, 0x40, 0x38, 0x8c,
    0x51, 0x44, 0x8c, 0x03, 0x0a, 0x00, 0x38, 0x03, 0xa8, 0x18, 0x00, 0xe1, 0x40, 0x19, 0x81, 0x01,
    0x04, 0x03, 0x30, 0x50, 0x02, 0x81, 0xc0, 0x35, 0x87, 0xa0, 0x30, 0x04, 0x82, 0x64, 0x00, 0x32,
    0x14, 0x00, 0x11, 0x8a, 0x70, 0x58, 0x05, 0xc1, 0x40, 0x1a, 0x83, 0x80, 0x14, 0x0c, 0x0a, 0x26,
    0x40, 0x05, 0x07, 0x00, 0xca, 0x0a, 0x00, 0x60, 0xa0, 0x03, 0x85, 0x02, 0x82, 0x08, 0x06, 0x23,
    0x05, 0x41, 0x32, 0x00, 0x50, 0x30, 0x70, 0x70, 0x07, 0xa8, 0x3b, 0x81, 0x40, 0x11, 0x90, 0xaa,
    0x0a, 0x80, 0x79, 0xc1, 0x14, 0x18, 0x03, 0x50, 0x50, 0x38, 0x07, 0xc2, 0xa0, 0x05, 0x00, 0xe6,
    0x00, 0xa8, 0x03, 0xf7, 0x00, 0x38, 0x03, 0x85, 0x00, 0x8c, 0x03, 0x00, 0x1e, 0xf8, 0x00, 0xe4,
    0xff, 0x20, 0xd0, 0x3a, 0x00, 0x43, 0x40, 0xe8, 0x08, 0xe1, 0x42, 0x00, 0xa1, 0x48, 0x00, 0xa0,
    0xc6, 0x81, 0xd0, 0x68, 0x03, 0xb4, 0x52, 0xa0, 0x28, 0x40, 0x38, 0x68, 0x14, 0x21, 0x00, 0x3e,
    0x42, 0x00, 0x30, 0x07, 0xe8, 0x20, 0x05, 0x00, 0x7c, 0x8e, 0x14, 0x28, 0xe0, 0x1c, 0x34, 0x0e,
    0xb4, 0x10, 0x60, 0x1b, 0x44, 0xe0, 0x11, 0xc3, 0x44, 0x01, 0x06, 0x3a, 0x01, 0x41, 0x8d, 0x02,
    0x38, 0x50, 0x80, 0x6e, 0x04, 0x80, 0x00, 0x0d, 0xf9, 0x00, 0xf8, 0x7f, 0xc6, 0x16, 0x0c, 0x01,
    0xf3, 0x01, 0x98, 0x18, 0x41, 0x80, 0x3d, 0x41, 0x20, 0x13, 0x05, 0x80, 0x72, 0x10, 0xa8, 0x05,
    0x40, 0x48, 0x01, 0xbc, 0x18, 0x03, 0x12, 0x07, 0x80, 0x44, 0x81, 0x20, 0x1d, 0xe0, 0x82, 0x00,
    0xa0, 0x51, 0x00, 0xe4, 0x20, 0x90, 0x03, 0x04, 0x80, 0x7d, 0x60, 0xc0, 0xc2, 0x66, 0x00, 0xf9,
    0x84, 0x4d, 0x41, 0x20, 0x1f, 0xcc, 0x10, 0x62, 0xa0, 0x1f, 0xd2, 0x02, 0x12, 0x01, 0xfe, 0x15,
    0x00, 0x30, 0x07, 0xff, 0x05, 0x44, 0x03, 0xfc, 0x4a, 0x12, 0x01, 0xf5, 0x20, 0x17, 0x02, 0x18,
    0x07, 0x95, 0x57, 0xfa, 0x63, 0x40, 0x1f, 0x2b, 0x90, 0x0b, 0x78, 0x80, 0x7c, 0x00, 0x0e, 0xff,
    0xfe, 0x60, 0x31, 0x1f, 0x00, 0x46, 0x1b, 0xdd, 0xde, 0x20, 0xaa, 0x00, 0xfb, 0x44, 0xa8, 0x03,
    0xe8, 0x30, 0xf0, 0x0f, 0x95, 0xc2, 0xc8, 0x03, 0xc5, 0x40, 0xe8, 0x01, 0xf7, 0x82, 0x40, 0x07,
    0xd6, 0x44, 0xa0, 0x0f, 0x9d, 0x03, 0xc4, 0x03, 0xc9, 0x01, 0x44, 0x01, 0xf5, 0x00, 0x2f, 0xbb,
    0xd0, 0x02, 0x00, 0x11, 0xfc, 0x00, 0x00, 0x8f, 0x3b, 0xc0, 0x05, 0x86, 0x22, 0x00, 0x50, 0x0e,
    0xf0, 0x00, 0x81, 0x08, 0x02, 0x10, 0x30, 0x0f, 0xfe, 0xd0, 0xa8, 0x70, 0x02, 0xb8, 0x49, 0x80,
    0x06, 0x00, 0x33, 0x00, 0x27, 0xc8, 0x68, 0x03, 0x30, 0x08, 0x07, 0xff, 0x58, 0xc0, 0x31, 0x02,
    0x10, 0x05, 0x40, 0x3b, 0xc0, 0x03, 0xb3, 0x01, 0x00, 0x7f, 0xa0, 0x0f, 0xff, 0xb0, 0x00, 0x8f,
    0xd7, 0x00, 0xf1, 0x44, 0x00, 0x28, 0xf5, 0x07, 0x00, 0xe9, 0x00, 0x08, 0x06, 0x10, 0x01, 0x80,
    0x7f, 0xf8, 0x08, 0x00, 0x80, 0x1c, 0xe1, 0x3e, 0x01, 0x84, 0x03, 0xc2, 0xc1, 0x5e, 0x01, 0x18,
    0x01, 0xc0, 0x3f, 0xfc, 0x16, 0x00, 0x20, 0x04, 0x7b, 0x02, 0x80, 0x71, 0x3d, 0x00, 0x40, 0x00,
    0x03, 0xcf, 0xd5, 0x00, 0xdf, 0x01, 0xa6, 0x44, 0xa9, 0x00, 0x28, 0x6b, 0x0c, 0xef, 0x23, 0x75,
    0xd0, 0xaf, 0x03, 0x00, 0xdc, 0x9a, 0x1e, 0x00, 0x00, 0x00, 0xfe, 0x2b, 0xff, 0x59, 0x00, 0xe3,
    0xd5, 0x1f, 0x0a, 0x0f, 0x15, 0x58, 0x70, 0x8a, 0x01, 0xa9, 0x03, 0xc0, 0x3c, 0xf6, 0x01, 0xad,
    0x64, 0xe8, 0x89, 0x47, 0x07, 0x69, 0xba, 0x4b, 0x30, 0x4e, 0xdd, 0x72, 0x00, 0x00, 0x01, 0x64,
    0x01, 0xf9, 0xb7, 0x41, 0x00, 0x50, 0x80, 0x42, 0x8e, 0x05, 0xc0, 0x00, 0x00, 0xff, 0xef, 0x93,
    0xdf, 0x40, 0x07, 0xff, 0x11, 0x27, 0x75, 0x08, 0x2e, 0x01, 0xff, 0x85, 0xaf, 0xed, 0x88, 0x03,
    0xff, 0x84, 0x71, 0x9d, 0x28, 0x01, 0xff, 0xc3, 0x3a, 0xec, 0x73, 0x00, 0xff, 0xe3, 0x6a, 0x88,
    0x07, 0xff, 0x24, 0x40, 0x3f, 0xf0, 0xa8, 0x07, 0xff, 0x1c, 0x9f, 0x3a, 0x80, 0x3f, 0xf8, 0x89,
    0x3b, 0xa8, 0x30, 0x0f, 0xfe, 0x10, 0xb5, 0xfd, 0xb1, 0x00, 0x7f, 0xf1, 0x7a, 0x50, 0x03, 0xff,
    0xfe, 0x01, 0xff, 0xe5, 0x3a, 0xdf, 0xe0, 0x0f, 0xfe, 0x33, 0x62, 0x90, 0x08, 0x07, 0xff, 0x1a,
    0x00, 0x3f, 0x8e, 0xb7, 0xf8, 0x03, 0xff, 0x8a, 0x2d, 0x8a, 0x40, 0x20, 0x1f, 0xd0, 0x01, 0xf4,
    0x40, 0x03, 0xff, 0x84, 0xd8, 0xa2, 0x02, 0xb8, 0xc0, 0x1f, 0x84, 0x03, 0xe3, 0xae, 0xfe, 0xa3,
    0x08, 0x00, 0xfa, 0x00, 0x3f, 0xf8, 0x6d, 0x8a, 0x20, 0x2b, 0x8c, 0x01, 0xff, 0xc3, 0x00, 0xb7,
    0x00, 0x5f, 0xff, 0xff, 0x09, 0x00, 0x0f, 0x69, 0x51, 0x05, 0x00, 0xff, 0xe1, 0x7c, 0x42, 0x90,
    0x09, 0xdc, 0x20, 0x97, 0x7f, 0xd4, 0x00, 0x47, 0x71, 0x00, 0x1b, 0xfc, 0x60, 0x68, 0x9f, 0xca,
    0x00, 0xaf, 0xf3, 0x00, 0x04, 0x00, 0xe0, 0x1f, 0xfc, 0x21, 0x00, 0x08, 0x00, 0x40, 0x0e, 0x01,
    0xff, 0xc2, 0x10, 0x00, 0x80, 0x1b, 0xfc, 0x60, 0x1f, 0xfc, 0x2a, 0xff, 0x30, 0x00, 0x9d, 0xc2,
    0x04, 0x5f, 0xe3, 0x00, 0x23, 0xb8, 0x80, 0x0b, 0x10, 0x50, 0x5d, 0xdf, 0xec, 0x00, 0x7c, 0x41,
    0x40, 0x3f, 0xf9, 0xcb, 0x10, 0x50, 0x5d, 0xdf, 0xec, 0x00, 0x7c, 0x41, 0x40, 0x04, 0xee, 0x10,
    0x22, 0xff, 0x18, 0x01, 0x1d, 0xc4, 0x00, 0x6f, 0xf1, 0x80, 0x7f, 0xf0, 0xab, 0xfc, 0xc0, 0x01,
    0x00, 0x38, 0x07, 0xff, 0x08, 0x40, 0x02, 0x00, 0x10, 0x03, 0x80, 0x7f, 0xf0, 0x84, 0x00, 0x20,
    0x06, 0xff, 0x18, 0x1a, 0x27, 0xf2, 0x80, 0x2b, 0xfc, 0xc0, 0x02, 0x77, 0x08, 0x25, 0xdf, 0xf5,
    0x00, 0x11, 0xdc, 0x40, 0x95, 0x10, 0x50, 0x0f, 0xfe, 0x17, 0xc4, 0x29, 0x00, 0x00, 0x14, 0x4e,
    0x10, 0x01, 0xa2, 0x7f, 0xf0, 0x47, 0xee, 0xfb, 0xc1, 0xb2, 0xef, 0xff, 0x83, 0xe2, 0x01, 0xc2,
    0x1c, 0x01, 0xff, 0xc2, 0x10, 0x0f, 0xff, 0xe4, 0x22, 0x74, 0x85, 0x2a, 0x27, 0xff, 0x06, 0x1e,
    0xef, 0x98, 0x0a, 0xae, 0xff, 0xf8, 0x2f, 0x7f, 0xfd, 0x60, 0x9f, 0xff, 0xfc, 0x2b, 0x40, 0x0e,
    0x40, 0xc0, 0x0f, 0xfe, 0x12, 0x00, 0x7f, 0xff, 0x10, 0x03, 0x90, 0x30, 0x03, 0xff, 0x84, 0x97,
    0xff, 0xd6, 0x09, 0xff, 0xff, 0xc2, 0xb1, 0x44, 0xe1, 0x00, 0x1a, 0x27, 0xff, 0x04, 0x7e, 0xef,
    0xbc, 0x1b, 0x2e, 0xff, 0xf8, 0x3e, 0x20, 0x1c, 0x21, 0xc0, 0x1f, 0xfc, 0x21, 0x00, 0xff, 0xfe,
    0x42, 0x27, 0x48, 0x52, 0xa2, 0x7f, 0xf0, 0x60, 0x00, 0x00, 0xff, 0xe4, 0x5e, 0x90, 0x07, 0xff,
    0x23, 0x10, 0xb0, 0x80, 0x3f, 0xf8, 0xd8, 0x60, 0x01, 0xf0, 0x0f, 0xfe, 0x2e, 0x18, 0x07, 0xff,
    0x27, 0x0c, 0x03, 0x16, 0x00, 0x7f, 0xf0, 0xf0, 0xc0, 0x31, 0x60, 0x81, 0x6d, 0x80, 0x7f, 0xb0,
    0xc0, 0x31, 0x60, 0x81, 0x61, 0x26, 0x00, 0x7e, 0xc3, 0x00, 0xc5, 0x82, 0x00, 0xf1, 0x00, 0x1e,
    0x00, 0x7b, 0x0c, 0x03, 0x16, 0x08, 0x07, 0xe3, 0xc0, 0x0d, 0x86, 0x01, 0x8b, 0x04, 0x03, 0x61,
    0x00, 0x63, 0xc0, 0x06, 0x18, 0x06, 0x2c, 0x10, 0x0e, 0x1c, 0x20, 0x0c, 0x79, 0x83, 0x00, 0xc5,
    0x82, 0x01, 0xf0, 0xe1, 0x00, 0x63, 0x30, 0x06, 0x2c, 0x10, 0x0f, 0xe1, 0xc2, 0x00, 0xfc, 0x58,
    0x20, 0x1f, 0xf0, 0xe1, 0x00, 0x78, 0xb0, 0x40, 0x3f, 0xf8, 0x23, 0x84, 0x01, 0x8b, 0x04, 0x03,
    0xff, 0x86, 0x38, 0x40, 0x02, 0xc1, 0x00, 0xff, 0xe2, 0x8e, 0x19, 0xb0, 0x40, 0x3f, 0xf0, 0x00,
    0x01, 0x41, 0x00, 0xfe, 0x33, 0x00, 0x07, 0x2f, 0x08, 0x03, 0xe7, 0xcc, 0x38, 0x69, 0x01, 0x61,
    0x00, 0x74, 0x40, 0x01, 0x08, 0x40, 0x10, 0xe1, 0x00, 0x50, 0xe0, 0x18, 0xa8, 0x03, 0x0e, 0x10,
    0x43, 0x80, 0x64, 0x64, 0xb0, 0x0c, 0x39, 0x2e, 0x01, 0x92, 0xc0, 0x09, 0x60, 0x18, 0x58, 0x03,
    0x25, 0x80, 0x64, 0xb0, 0x0f, 0xc9, 0x60, 0x1e, 0x4b, 0x00, 0xf1, 0xd8, 0x07, 0xec, 0x00, 0xf1,
    0x10, 0x03, 0xe8, 0x70, 0x0f, 0x0e, 0x10, 0x07, 0x43, 0x80, 0x7e, 0x1c, 0x20, 0x0a, 0x1c, 0x03,
    0x25, 0x00, 0x61, 0xc2, 0x07, 0x70, 0x06, 0x4b, 0x5b, 0x00, 0xc3, 0x83, 0x00, 0x19, 0x2c, 0x00,
    0x96, 0x01, 0x85, 0x94, 0x02, 0x4b, 0x00, 0xc9, 0x60, 0x19, 0x29, 0x01, 0x2c, 0x03, 0xc9, 0x60,
    0x0b, 0x30, 0xbe, 0xb0, 0x0f, 0xc9, 0xfe, 0x40, 0x00, 0x00, 0xff, 0x57, 0xfa, 0x00, 0x3f, 0xf9,
    0x08, 0x00, 0x50, 0x0f, 0xfe, 0x1c, 0x30, 0x07, 0xf9, 0xdc, 0x01, 0xf8, 0x71, 0xe4, 0xc0, 0x3f,
    0x2c, 0x42, 0xc0, 0x3e, 0xd3, 0x00, 0x40, 0x07, 0xe9, 0x00, 0x25, 0x80, 0x74, 0x98, 0x05, 0xa0,
    0x1f, 0xac, 0x02, 0x47, 0x00, 0x8d, 0x80, 0x29, 0x60, 0x0f, 0xce, 0xe0, 0x0a, 0x08, 0x01, 0x20,
    0x13, 0x30, 0x03, 0xfd, 0x08, 0x01, 0x58, 0x0a, 0x80, 0x06, 0x40, 0x3f, 0xf5, 0x00, 0x4c, 0x08,
    0x01, 0x38, 0x07, 0xff, 0x04, 0x54, 0x02, 0x3d, 0x00, 0xb4, 0x03, 0xff, 0x85, 0x80, 0x12, 0x88,
    0x04, 0xc0, 0x1f, 0xfc, 0x22, 0x00, 0xb8, 0x03, 0xff, 0x82, 0x20, 0x1f, 0xde, 0x20, 0x13, 0x00,
    0x76, 0xc4, 0x38, 0x03, 0x88, 0x02, 0x1d, 0x00, 0xb0, 0x03, 0x8d, 0xdc, 0x40, 0x1d, 0x80, 0x11,
    0x20, 0x04, 0xc0, 0x1f, 0xfc, 0x11, 0x50, 0x09, 0x05, 0x00, 0x03, 0x00, 0x1f, 0xfa, 0xc0, 0x25,
    0x00, 0x40, 0x04, 0xec, 0x01, 0xfe, 0x75, 0x00, 0xa0, 0x00, 0x6a, 0x01, 0x4c, 0x00, 0x7c, 0x33,
    0x00, 0x13, 0x90, 0x05, 0x44, 0x01, 0x3f, 0x42, 0x11, 0x12, 0x7d, 0x80, 0x24, 0x80, 0x0e, 0xc2,
    0x00, 0x85, 0xef, 0x75, 0x6c, 0x20, 0x12, 0x50, 0x07, 0x87, 0x54, 0x03, 0xff, 0x35, 0x88, 0x07,
    0xea, 0xc4, 0x00, 0xfc, 0x99, 0x20, 0x1f, 0xf1, 0xdf, 0x53, 0xb3, 0x22, 0xba, 0xcc, 0x03, 0xc0,
    0x00, 0x00, 0xfe, 0x48, 0x99, 0x42, 0x00, 0x7f, 0xf1, 0xad, 0xd9, 0x8f, 0x60, 0x1f, 0xfd, 0xd4,
    0x00, 0xf2, 0x00, 0x7f, 0xd9, 0x83, 0x2c, 0xb0, 0x0f, 0x5e, 0x11, 0xe6, 0x00, 0x3a, 0x0c, 0xd9,
    0xa6, 0x01, 0xf8, 0xf7, 0x0c, 0xd0, 0x01, 0x1b, 0x80, 0x7f, 0xf1, 0x9c, 0xc0, 0x12, 0x01, 0xff,
    0xc8, 0x90, 0x02, 0x80, 0x7e, 0x6b, 0xb3, 0x00, 0x7e, 0x50, 0x04, 0x88, 0x07, 0xae, 0x51, 0x13,
    0x60, 0x1e, 0x19, 0x00, 0x37, 0x88, 0x06, 0x64, 0x00, 0xc8, 0xc0, 0x18, 0x7d, 0x80, 0x21, 0x10,
    0x06, 0xd0, 0x0f, 0x68, 0x06, 0x11, 0x00, 0x7f, 0xf4, 0x04, 0x40, 0x1b, 0x40, 0x3d, 0xa0, 0x18,
    0x44, 0x01, 0x37, 0x88, 0x06, 0x64, 0x00, 0xc8, 0xc0, 0x18, 0x7d, 0x80, 0x12, 0x20, 0x1e, 0xb9,
    0x44, 0x4d, 0x80, 0x78, 0x64, 0x00, 0xa0, 0x1f, 0x9a, 0xec, 0xc0, 0x1f, 0x94, 0x01, 0x20, 0x1f,
    0xfc, 0x89, 0x00, 0x1b, 0x80, 0x7f, 0xf1, 0x9c, 0xc0, 0x28, 0x33, 0x66, 0x98, 0x07, 0xe3, 0xdc,
    0x33, 0x40, 0x07, 0x66, 0x0c, 0xb2, 0xc0, 0x3d, 0x78, 0x47, 0x98, 0x00, 0xff, 0x90, 0x03, 0xc8,
    0x01, 0xff, 0xdd, 0xb7, 0x66, 0x3d, 0x80, 0x7f, 0x00, 0x00, 0xff, 0xc2, 0x62, 0x01, 0x89, 0x10,
    0x40, 0x1f, 0xfc, 0x35, 0xec, 0xf4, 0x00, 0xbe, 0xed, 0xe0, 0x1f, 0xfc, 0x27, 0xa0, 0x00, 0xdb,
    0x80, 0x0c, 0x00, 0x60, 0x1f, 0xfc, 0x1a, 0x80, 0x0e, 0x8a, 0x00, 0xff, 0xe2, 0x0e, 0x28, 0x01,
    0x31, 0x00, 0x0b, 0x80, 0x1f, 0xfc, 0x23, 0xf3, 0x00, 0x35, 0x9d, 0xb0, 0x00, 0xc4, 0x03, 0xff,
    0x36, 0x08, 0x02, 0x64, 0xba, 0xb3, 0x20, 0x0f, 0xfe, 0x14, 0x48, 0x00, 0x71, 0xa2, 0x8a, 0x9d,
    0xac, 0x40, 0x3f, 0xc3, 0x6e, 0x00, 0x2c, 0x3a, 0x70, 0x0a, 0x29, 0x30, 0x80, 0x03, 0x60, 0x18,
    0xb1, 0x00, 0x09, 0xa7, 0x8a, 0x01, 0xcb, 0x87, 0xa8, 0x00, 0x4d, 0x20, 0x4d, 0x20, 0x03, 0xd9,
    0xf9, 0x80, 0x7c, 0x7e, 0x76, 0xe0, 0x02, 0xc4, 0xa0, 0x0a, 0xa1, 0x70, 0x40, 0x3f, 0x87, 0x16,
    0x28, 0x00, 0x35, 0x40, 0x1c, 0x58, 0xa0, 0x0f, 0xfe, 0x0d, 0x42, 0xe0, 0x85, 0x25, 0xf9, 0xbb,
    0x80, 0x3f, 0xf8, 0x6e, 0xe3, 0xfb, 0x40, 0x41, 0x0f, 0x00, 0xff, 0xe2, 0xf8, 0x0a, 0x00, 0x7f,
    0xe1, 0x44, 0x84, 0x03, 0xff, 0x95, 0x57, 0x75, 0x00, 0x7f, 0xff, 0xc0, 0x3f, 0xf9, 0x3e, 0x01,
    0xe7, 0x00, 0x9c, 0x03, 0xde, 0x01, 0xf9, 0x13, 0xca, 0x40, 0x11, 0x2a, 0x27, 0x80, 0x30, 0x00,
    0x00, 0xfe, 0x9d, 0xdd, 0x20, 0x1f, 0xfc, 0x66, 0x22, 0xcc, 0x01, 0xff, 0xff, 0x00, 0xff, 0xff,
    0x80, 0x7f, 0xf4, 0xeb, 0x77, 0x00, 0x7b, 0x77, 0x50, 0x07, 0xe7, 0x22, 0xc0, 0x1e, 0x22, 0xce,
    0x01, 0xfb, 0xc8, 0x03, 0xff, 0x16, 0x00, 0x7e, 0x2c, 0x20, 0x0f, 0xf1, 0x60, 0x80, 0x7f, 0x0e,
    0x10, 0x07, 0xe2, 0xc1, 0x00, 0xff, 0x87, 0x08, 0x03, 0xc5, 0x82, 0x01, 0xff, 0xc1, 0x1c, 0x20,
    0x0c, 0x58, 0x20, 0x1f, 0x12, 0xaf, 0xc1, 0x84, 0x00, 0x2c, 0x05, 0x5f, 0x8b, 0x2a, 0xbe, 0xc0,
    0xc2, 0x26, 0x06, 0x55, 0x7d, 0x82, 0x01, 0xf1, 0x60, 0x6e, 0x83, 0x08, 0x03, 0xe1, 0x00, 0xfe,
    0x2e, 0x99, 0x71, 0x00, 0x7f, 0xf2, 0x19, 0x80, 0x1f, 0xfc, 0xf8, 0xe1, 0x8e, 0x10, 0x0f, 0xfe,
    0x36, 0x38, 0xe3, 0x88, 0x01, 0x00, 0x3f, 0xf8, 0x69, 0x20, 0x92, 0x00, 0x40, 0x00, 0x00, 0xe3,
    0xcf, 0xff, 0xfe, 0x0e, 0x98, 0x07, 0xf0, 0xe9, 0x80, 0x7f, 0xf0, 0x4b, 0x44, 0x03, 0xf5, 0x88,
    0x07, 0xff, 0x0c, 0x6c, 0x03, 0xe5, 0x50, 0x02, 0xff, 0xff, 0xeb, 0x00, 0x2a, 0x80, 0x38, 0x6c,
    0x00, 0xc8, 0x01, 0xff, 0x23, 0x00, 0x2c, 0x40, 0x35, 0x88, 0x0c, 0x80, 0x7f, 0xf0, 0x64, 0x40,
    0x6c, 0x02, 0x55, 0x00, 0x28, 0x03, 0xff, 0x87, 0x40, 0x05, 0x50, 0x0d, 0x80, 0x19, 0x00, 0x3f,
    0xf8, 0x68, 0xc0, 0x0b, 0x1b, 0x10, 0x19, 0x00, 0xff, 0xe2, 0xc8, 0x80, 0xda, 0x80, 0x07, 0xff,
    0xa8, 0x03, 0xea, 0xff, 0xe1, 0x00, 0x28, 0x07, 0xf2, 0x90, 0x07, 0x12, 0x80, 0x7f, 0xf1, 0xe0,
    0x03, 0xa0, 0x03, 0xff, 0x90, 0xbf, 0xfc, 0xa0, 0x1f, 0xff, 0xf0, 0x0f, 0xfe, 0x21, 0x00, 0x7f,
    0xf3, 0x4b, 0x88, 0x03, 0xff, 0x96, 0x5c, 0x00, 0x00, 0xff, 0xe4, 0x99, 0x88, 0x03, 0xf8, 0xd9,
    0xdc, 0xa4, 0x01, 0xc9, 0x98, 0xd0, 0x0f, 0x14, 0xfe, 0x4c, 0x42, 0xb7, 0x4e, 0x01, 0xff, 0xa3,
    0x58, 0x03, 0xe2, 0x8e, 0x60, 0x70, 0x0f, 0x0e, 0x38, 0x07, 0x08, 0x80, 0x30, 0xcd, 0x80, 0x7d,
    0x86, 0x01, 0x25, 0xff, 0x73, 0xe9, 0x00, 0x24, 0xe0, 0x0e, 0xa2, 0x00, 0x0d, 0xd9, 0x00, 0x32,
    0xdd, 0x88, 0x00, 0x40, 0x19, 0x14, 0x00, 0x5e, 0x80, 0x1f, 0x93, 0x4c, 0x03, 0xd0, 0x01, 0x78,
    0x80, 0x79, 0xbf, 0xdd, 0xc2, 0x00, 0xe1, 0x30, 0x03, 0x90, 0x07, 0xdc, 0x00, 0x11, 0x80, 0x39,
    0x00, 0x29, 0x00, 0xfd, 0xe0, 0x1f, 0xe5, 0xbb, 0x60, 0x80, 0x7e, 0x6b, 0xbf, 0xec, 0x04, 0x41,
    0x80, 0x7f, 0x0a, 0x27, 0xf1, 0x80, 0x7f, 0xf3, 0x0d, 0x13, 0xf8, 0x03, 0xfc, 0x68, 0x80, 0xcb,
    0xbf, 0xe7, 0x00, 0xfc, 0x39, 0x76, 0x50, 0x0f, 0xf7, 0x80, 0x7e, 0x90, 0x09, 0x00, 0x38, 0x84,
    0x40, 0x0e, 0x00, 0xf8, 0x9c, 0x00, 0x82, 0x01, 0xcd, 0xdc, 0xff, 0x30, 0x07, 0x87, 0xc0, 0x2f,
    0x00, 0xf2, 0x69, 0x80, 0x7e, 0x4f, 0x20, 0x02, 0xa0, 0x06, 0x10, 0x01, 0x65, 0xa8, 0x06, 0x4b,
    0xb0, 0x80, 0x0a, 0x80, 0x3b, 0x50, 0x02, 0x4a, 0xfe, 0xe7, 0xda, 0x00, 0x47, 0x80, 0x1f, 0x5c,
    0x80, 0x70, 0x88, 0x03, 0x9f, 0x04, 0x03, 0xce, 0x0d, 0xd0, 0x40, 0x1f, 0x2e, 0xc0, 0x07, 0xfc,
    0x2f, 0xba, 0x98, 0x84, 0xe7, 0xd1, 0x00, 0x7b, 0x73, 0x08, 0x01, 0xc4, 0xce, 0xe6, 0x30, 0x0f,
    0xe0, 0x00, 0x00, 0xfe, 0x1a, 0x70, 0x0f, 0xc3, 0xab, 0x00, 0x1f, 0x0e, 0x98, 0x07, 0xe1, 0xd3,
    0x00, 0x85, 0x13, 0xb4, 0xc0, 0x37, 0xdd, 0xf1, 0x80, 0x70, 0x80, 0x7f, 0xff, 0xc0, 0x3f, 0x42,
    0x27, 0x00, 0x79, 0xee, 0xfa, 0x80, 0x3f, 0xe5, 0xa0, 0x0f, 0xf9, 0x68, 0x03, 0xfe, 0x5a, 0x02,
    0x00, 0xfe, 0x5e, 0xd0, 0x00, 0x00, 0xff, 0x4b, 0x00, 0x7f, 0xf0, 0xf1, 0xa4, 0x03, 0xff, 0x85,
    0x86, 0x01, 0xff, 0xc3, 0xc3, 0x00, 0xfe, 0x13, 0x3e, 0xc3, 0x00, 0xff, 0x66, 0x78, 0xc0, 0x3e,
    0x4a, 0x20, 0x20, 0x0f, 0xfe, 0x0c, 0x2e, 0x08, 0x07, 0xff, 0x0b, 0xc4, 0x56, 0x01, 0xff, 0xc2,
    0x38, 0x04, 0x00, 0xff, 0xe1, 0x98, 0x07, 0xff, 0x10, 0xac, 0x10, 0x03, 0xff, 0x85, 0xc2, 0x10,
    0x01, 0xff, 0xc2, 0x94, 0xc2, 0x83, 0x3e, 0x00, 0xfc, 0xb6, 0x60, 0xf9, 0x9d, 0x40, 0x1f, 0xfc,
    0x55, 0xa0, 0x0f, 0xfe, 0x2a, 0xd0, 0x07, 0xff, 0x15, 0x68, 0x08, 0x03, 0xff, 0x86, 0xbb, 0x80,
    0x1e, 0x00, 0x00, 0xff, 0xe4, 0x18, 0x07, 0xff, 0x36, 0xb2, 0xc4, 0x03, 0xff, 0x97, 0xa0, 0x98,
    0x20, 0x1f, 0xf8, 0x69, 0xc0, 0x3e, 0x79, 0x02, 0xc0, 0x0f, 0xf8, 0x75, 0x60, 0x03, 0x98, 0xc1,
    0xa8, 0x0a, 0x80, 0x3f, 0x87, 0x4c, 0x03, 0xc7, 0x38, 0xe0, 0xae, 0x0a, 0x80, 0x1f, 0x0e, 0x98,
    0x07, 0xc6, 0x60, 0x87, 0x08, 0x30, 0x80, 0x14, 0x4e, 0xd3, 0x00, 0xfe, 0xc5, 0x08, 0x30, 0x80,
    0x33, 0x7d, 0xdf, 0x18, 0x07, 0xcb, 0x44, 0x14, 0x61, 0x00, 0x84, 0x16, 0x20, 0x1f, 0xfc, 0x19,
    0x5c, 0x20, 0x80, 0x41, 0x05, 0x03, 0x00, 0xff, 0xe1, 0x70, 0x8a, 0x01, 0x00, 0x08, 0x1a, 0x0a,
    0x01, 0xff, 0xc2, 0x28, 0x04, 0x00, 0x18, 0x10, 0x08, 0x08, 0x07, 0xff, 0x74, 0xa0, 0x10, 0x00,
    0x60, 0x40, 0x40, 0x20, 0x1f, 0xfc, 0x2e, 0x11, 0x40, 0x20, 0x01, 0x03, 0xc1, 0x40, 0x3f, 0xf8,
    0x50, 0xb8, 0x41, 0x00, 0x82, 0x08, 0x07, 0x08, 0x9c, 0x01, 0xf9, 0x28, 0x82, 0x8c, 0x20, 0x10,
    0x82, 0xde, 0xef, 0xa8, 0x03, 0xfd, 0x8a, 0x10, 0x61, 0x00, 0x66, 0x00, 0xf2, 0xd0, 0x07, 0xe3,
    0x30, 0x43, 0x83, 0x18, 0x40, 0x07, 0xe5, 0xa0, 0x0f, 0x8e, 0xb1, 0xc1, 0x24, 0x15, 0x00, 0x3f,
    0x96, 0x80, 0x80, 0x39, 0x4c, 0x1a, 0xc0, 0xa8, 0x03, 0xfe, 0x5e, 0xd0, 0x0f, 0x9e, 0x40, 0xb0,
    0x03, 0xff, 0x82, 0x20, 0x1f, 0xb8, 0x13, 0x04, 0x03, 0xff, 0x95, 0x39, 0x62, 0x01, 0x80, 0x00,
    0x3d, 0xff, 0xff, 0xe4, 0x69, 0xf1, 0x00, 0x7f, 0xf2, 0x0b, 0x88, 0x02, 0x35, 0x10, 0x0f, 0xfe,
    0x21, 0x00, 0x53, 0x95, 0xe4, 0x01, 0xff, 0xc6, 0x36, 0x00, 0x0c, 0x80, 0x7f, 0xf1, 0x98, 0x03,
    0x30, 0x07, 0xe6, 0x00, 0xfe, 0x41, 0x00, 0xa8, 0x03, 0xeb, 0x9b, 0x00, 0xfc, 0x3a, 0x85, 0x0e,
    0x01, 0xeb, 0x40, 0x4b, 0x00, 0xfc, 0x77, 0xae, 0x01, 0xeb, 0x40, 0x09, 0x2c, 0x03, 0xfd, 0x28,
    0x01, 0xad, 0x00, 0x39, 0x2c, 0x03, 0xf5, 0xb5, 0xa0, 0x02, 0xd0, 0x03, 0xe4, 0x00, 0xfa, 0xd0,
    0x01, 0x69, 0x68, 0x01, 0xff, 0xc3, 0xb4, 0x00, 0xd6, 0x80, 0x1f, 0xfc, 0x44, 0x00, 0xff, 0xf1,
    0xff, 0xff, 0xf1, 0x80, 0x22, 0x00, 0xff, 0xe5, 0x17, 0x10, 0x07, 0xff, 0x20, 0xb8, 0x00, 0x00,
    0xfb, 0x38, 0xc0, 0x3f, 0xf8, 0x2a, 0x63, 0x20, 0x1f, 0xfc, 0x1e, 0x00, 0x28, 0x07, 0xfe, 0x24,
    0x00, 0x98, 0x03, 0xfe, 0xb0, 0x0d, 0x60, 0x1f, 0xe1, 0x60, 0x0c, 0x4a, 0x01, 0xfd, 0x60, 0x1e,
    0xb0, 0x0f, 0xc8, 0xa0, 0x1e, 0x18, 0x00, 0xf0, 0xd0, 0x07, 0xe7, 0x30, 0x0e, 0xb1, 0x00, 0xfe,
    0xd0, 0x0c, 0xaa, 0x00, 0xff, 0x0c, 0x80, 0x50, 0x01, 0xff, 0x98, 0x81, 0x48, 0x03, 0xff, 0x83,
    0x61, 0xe0, 0x1f, 0xfc, 0x27, 0x04, 0x00, 0xff, 0xe1, 0x09, 0x08, 0x03, 0x48, 0x03, 0xfe, 0x61,
    0x00, 0x1b, 0x80, 0x7f, 0xce, 0x40, 0x05, 0xe0, 0x0f, 0xf8, 0x90, 0x01, 0x09, 0x00, 0x1f, 0xc6,
    0x32, 0x00, 0x39, 0x7d, 0x83, 0x00, 0xf4, 0x80, 0xc0, 0x01, 0xad, 0x9e, 0x80, 0x39, 0x14, 0x00,
    0xea, 0x00, 0x4b, 0xf9, 0x00, 0xc5, 0x40, 0x1a, 0x9c, 0x03, 0xf2, 0x68, 0x80, 0x74, 0x6b, 0x90,
    0x00, 0x96, 0xec, 0x01, 0x80, 0x00, 0x34, 0x40, 0x07, 0xf9, 0x03, 0x2e, 0xca, 0x01, 0xf0, 0xed,
    0xd8, 0x02, 0x30, 0x0f, 0x16, 0x10, 0x20, 0x07, 0xf1, 0x61, 0x00, 0x7f, 0xc7, 0xa2, 0x01, 0xff,
    0x26, 0x00, 0x7f, 0xe5, 0xb0, 0x0f, 0xfc, 0xd4, 0x01, 0xff, 0xa2, 0x40, 0x3f, 0xf5, 0xb8, 0x07,
    0xff, 0x04, 0x80, 0x3f, 0xfc, 0x0e, 0x20, 0x1f, 0xfc, 0x1e, 0xf2, 0x00, 0xff, 0xe0, 0x8e, 0x18,
    0x07, 0xff, 0x04, 0x71, 0x00, 0x3f, 0xf8, 0x56, 0xa0, 0x1f, 0xfc, 0x2a, 0x60, 0x0f, 0xfe, 0x14,
    0xb8, 0x07, 0xff, 0x0a, 0x24, 0x00, 0x2a, 0x88, 0x50, 0x0f, 0x9a, 0x92, 0x80, 0x00, 0x00, 0xff,
    0xe4, 0x9e, 0xfc, 0x88, 0x07, 0xff, 0x13, 0x88, 0x1b, 0xd8, 0x03, 0xff, 0x86, 0x40, 0x10, 0xce,
    0x18, 0x07, 0xff, 0x1c, 0xf2, 0x84, 0x03, 0xff, 0x8e, 0xbc, 0xe0, 0x1f, 0xfc, 0x88, 0xd4, 0x00,
    0xff, 0xe3, 0x95, 0xd1, 0x00, 0x7f, 0xf1, 0xd7, 0x60, 0x03, 0xff, 0x90, 0xfc, 0xa0, 0x1f, 0xfc,
    0x71, 0xab, 0x20, 0x0f, 0xfe, 0x3a, 0x6a, 0x80, 0x7f, 0xf2, 0x2c, 0x03, 0xff, 0xbb, 0x00, 0x1f,
    0xfc, 0x64, 0xd6, 0x00, 0xff, 0xe2, 0x0d, 0x59, 0x00, 0x7f, 0xf1, 0x1f, 0x94, 0x03, 0xff, 0x88,
    0x9b, 0x00, 0x1f, 0xfc, 0x42, 0xbb, 0x10, 0x07, 0xff, 0x12, 0x35, 0x00, 0x3f, 0xf8, 0x8b, 0xce,
    0x01, 0xff, 0xc4, 0x2c, 0xa1, 0x00, 0xff, 0x88, 0x02, 0x19, 0xd3, 0x00, 0xff, 0xe0, 0xf1, 0x03,
    0x7b, 0x00, 0x7f, 0xf0, 0xcf, 0x7e, 0x44, 0x03, 0xff, 0x88, 0x00, 0x19, 0xcc, 0xe9, 0x10, 0x08,
    0x67, 0x33, 0xa4, 0x69, 0x8c, 0xf9, 0xa8, 0x02, 0xa6, 0x33, 0xe6, 0xa4, 0x00, 0xf9, 0x00, 0x24,
    0x00, 0xf9, 0x00, 0x3f, 0xff, 0xe0, 0x1f, 0xff, 0xf0, 0x0f, 0xff, 0xf8, 0x07, 0xff, 0xfc, 0x03,
    0xff, 0xb0, 0x20, 0x1f, 0x08, 0x04, 0x20, 0x1f, 0x0d, 0x80, 0x7d, 0x60, 0x15, 0x80, 0x7d, 0x6b,
    0xd9, 0x9d, 0xca, 0x01, 0x2f, 0x66, 0x77, 0x28, 0x00, 0x01, 0x44, 0xff, 0xe2, 0x88, 0x37, 0x5d,
    0xff, 0xf1, 0x79, 0xa0, 0x03, 0xff, 0x8f, 0x02, 0x01, 0xff, 0xc7, 0x10, 0x0f, 0xff, 0xf8, 0x07,
    0xff, 0xfc, 0x03, 0xff, 0xfe, 0x01, 0xff, 0xff, 0x00, 0xff, 0xec, 0x20, 0x07, 0xff, 0x1d, 0x29,
    0xd1, 0x3f, 0xf8, 0xaf, 0x40, 0x00, 0x04, 0x00, 0xff, 0x22, 0x0e, 0xed, 0xa2, 0x01, 0xf2, 0xdd,
    0xb1, 0x00, 0xb0, 0x80, 0x3c, 0x60, 0x1e, 0x2c, 0x30, 0x0f, 0xfe, 0x08, 0xe2, 0x00, 0x7f, 0xf0,
    0xad, 0x40, 0x3f, 0xf8, 0x54, 0xc0, 0x1f, 0xfc, 0x29, 0x70, 0x0f, 0xfe, 0x14, 0x40, 0x03, 0xff,
    0x84, 0xf6, 0x01, 0xff, 0xc2, 0x20, 0x0f, 0xfe, 0xf9, 0x38, 0x07, 0xfe, 0x3c, 0xe0, 0x0f, 0xf8,
    0xf0, 0x40, 0x3f, 0xe4, 0xc0, 0x0f, 0xfc, 0xb6, 0x01, 0xff, 0x9e, 0x80, 0x3f, 0xf4, 0x40, 0x03,
    0xf8, 0x40, 0x12, 0xe0, 0x1f, 0xea, 0x4a, 0x60, 0x0f, 0x95, 0x10, 0xa0, 0x00, 0x00, 0xff, 0x1b,
    0x98, 0x07, 0xff, 0x1d, 0x72, 0x31, 0x40, 0x3f, 0xf8, 0xa9, 0x40, 0x15, 0x20, 0x07, 0xff, 0x0c,
    0xec, 0x03, 0xac, 0xc0, 0x3f, 0xf8, 0x25, 0x80, 0x1f, 0x69, 0x00, 0x7f, 0xc5, 0x80, 0x1f, 0x87,
    0x08, 0x03, 0xf8, 0x7c, 0x40, 0x3f, 0x87, 0xc4, 0x03, 0xf6, 0x90, 0x07, 0xfc, 0x5a, 0x01, 0xf6,
    0x18, 0x07, 0xff, 0x04, 0xf0, 0x03, 0xac, 0xc0, 0x3f, 0xf8, 0x67, 0x40, 0x14, 0x20, 0x07, 0xff,
    0x15, 0x60, 0x00, 0xe0, 0x1f, 0xfc, 0x77, 0x00, 0x10, 0x07, 0xff, 0x1c, 0x80, 0x1c, 0x40, 0x1f,
    0xfc, 0x52, 0xe0, 0x01, 0xef, 0xff, 0xff, 0x17, 0x4c, 0x02, 0x44, 0xff, 0xe3, 0x80, 0x57, 0x7f,
    0xfc, 0x90, 0x02, 0x00, 0x7f, 0xf1, 0xd0, 0x03, 0xff, 0xc8, 0x20, 0x1f, 0xfc, 0x71, 0x00, 0x52,
    0x27, 0xff, 0x1e, 0x80, 0x00, 0x00, 0xff, 0x10, 0x07, 0xfd, 0x5b, 0x60, 0x1f, 0xd4, 0xa0, 0x90,
    0x01, 0xf5, 0x28, 0x07, 0xfa, 0x94, 0x02, 0x58, 0x00, 0xea, 0x50, 0x09, 0x68, 0x03, 0xa9, 0x40,
    0x25, 0xa0, 0x0e, 0xa5, 0x00, 0x96, 0x80, 0x3a, 0x94, 0x02, 0x5a, 0x00, 0xea, 0x50, 0x09, 0x68,
    0x03, 0xa1, 0x40, 0x25, 0xa0, 0x0f, 0xfe, 0x3c, 0x28, 0x04, 0xb4, 0x01, 0xf5, 0x28, 0x04, 0xb4,
    0x01, 0xf5, 0x28, 0x04, 0xb4, 0x01, 0xf5, 0x28, 0x04, 0xb4, 0x01, 0xf5, 0x28, 0x04, 0xb4, 0x01,
    0xf5, 0x28, 0x04, 0xb4, 0x01, 0xf5, 0x28, 0x04, 0xb0, 0x01, 0xf5, 0x28, 0x07, 0xfe, 0xa5, 0x04,
    0x80, 0x0f, 0xea, 0xdb, 0x00, 0x00, 0x00, 0x10, 0x07, 0xfd, 0x7b, 0x40, 0x1f, 0xd0, 0x80, 0xb4,
    0x01, 0xff, 0x96, 0x80, 0x3e, 0x85, 0x00, 0x96, 0x80, 0x3e, 0xa5, 0x00, 0x96, 0x80, 0x3e, 0xa5,
    0x00, 0x96, 0x80, 0x3e, 0xa5, 0x00, 0x96, 0x80, 0x3e, 0xa5, 0x00, 0x96, 0x80, 0x3e, 0xa5, 0x00,
    0x96, 0x80, 0x3e, 0xa5, 0x00, 0x96, 0x00, 0x3f, 0xf8, 0xf4, 0xa0, 0x12, 0xc0, 0x07, 0x52, 0x80,
    0x4b, 0x40, 0x1d, 0x4a, 0x01, 0x2d, 0x00, 0x75, 0x28, 0x04, 0xb4, 0x01, 0xd4, 0xa0, 0x12, 0xd0,
    0x07, 0x52, 0x80, 0x4b, 0x40, 0x1d, 0x0a, 0x01, 0x2d, 0x00, 0x7f, 0x96, 0x80, 0x3e, 0x84, 0x05,
    0xa0, 0x0f, 0xeb, 0xda, 0x00, 0xfe, 0x00, 0x00, 0xfe, 0x34, 0x30, 0x0f, 0xfe, 0x2b, 0xe5, 0xe3,
    0x80, 0x7f, 0xf1, 0x30, 0x02, 0xc0, 0x0f, 0xfe, 0x23, 0x80, 0x4e, 0x01, 0xff, 0xff, 0x00, 0xff,
    0xed, 0x47, 0xff, 0xc6, 0x01, 0x1f, 0xff, 0xd0, 0xe0, 0x1f, 0xfc, 0x77, 0x00, 0xff, 0xe4, 0x90,
    0x07, 0xff, 0x1c, 0xb2, 0x23, 0xe2, 0x00, 0x8a, 0x23, 0xec, 0x17, 0x7f, 0x84, 0x02, 0x17, 0x7f,
    0x84, 0x03, 0xff, 0xfe, 0x01, 0xff, 0xda, 0x60, 0x09, 0x80, 0x3f, 0xf8, 0x90, 0xa8, 0xb0, 0x01,
    0xf8, 0x00, 0x16, 0x77, 0xff, 0xe2, 0xb0, 0xe4, 0xc4, 0x7f, 0xf1, 0x67, 0x08, 0x03, 0xff, 0x8e,
    0x40, 0x1f, 0xfc, 0x96, 0x00, 0xff, 0xe3, 0xbc, 0xff, 0xff, 0xf1, 0xe0, 0x00, 0x00, 0xfc, 0x2d,
    0x5b, 0xdf, 0xdb, 0x4c, 0x20, 0x1f, 0xfc, 0x22, 0xbe, 0x95, 0x21, 0x01, 0x25, 0x9e, 0xb2, 0x00,
    0xff, 0xa7, 0x50, 0x00, 0x2d, 0x57, 0x4c, 0x20, 0x04, 0xd9, 0x00, 0xfc, 0x5a, 0xc0, 0x13, 0x74,
    0xaa, 0x2c, 0xf3, 0x00, 0x4d, 0xa4, 0x01, 0xc5, 0x84, 0x01, 0x44, 0x80, 0x05, 0x08, 0x01, 0x30,
    0x01, 0x16, 0x10, 0x04, 0x38, 0x20, 0x12, 0x38, 0x04, 0xf7, 0xb8, 0x40, 0xe8, 0x01, 0x0e, 0x08,
    0x02, 0x84, 0x03, 0x40, 0x06, 0x30, 0x01, 0xe1, 0x04, 0x00, 0x61, 0xa0, 0x64, 0x00, 0xc2, 0x60,
    0x10, 0xc8, 0x04, 0x30, 0x06, 0x20, 0x19, 0x16, 0x00, 0x38, 0x80, 0x1b, 0x9c, 0x60, 0x19, 0x00,
    0x04, 0x01, 0xd6, 0x01, 0xfc, 0x46, 0x01, 0xe1, 0x00, 0xfe, 0xb0, 0x0e, 0x20, 0x01, 0x80, 0x7c,
    0x60, 0x02, 0x00, 0xeb, 0x54, 0x00, 0xc2, 0x61, 0x00, 0x1f, 0x48, 0x18, 0x80, 0x64, 0x50, 0xa2,
    0x00, 0xd0, 0x09, 0x00, 0x1c, 0xea, 0x10, 0x01, 0x86, 0x80, 0x03, 0xe2, 0x01, 0x23, 0x83, 0xe3,
    0x23, 0x64, 0x03, 0xa0, 0x04, 0x38, 0x20, 0x11, 0x61, 0x80, 0x51, 0x20, 0x73, 0x72, 0x61, 0x30,
    0x01, 0x16, 0x10, 0x07, 0x16, 0x30, 0x04, 0xdd, 0x2a, 0x8b, 0x3c, 0xc0, 0x13, 0x69, 0x00, 0x7e,
    0x9d, 0x50, 0x00, 0xb5, 0x5d, 0x30, 0x80, 0x13, 0x24, 0x03, 0xfe, 0x2a, 0xe9, 0x52, 0x00, 0x09,
    0x2c, 0x75, 0x98, 0x07, 0x80, 0x00, 0x05, 0xe6, 0x00, 0xff, 0xe7, 0x8d, 0x0c, 0xc8, 0x03, 0xff,
    0x9c, 0x24, 0x00, 0x6c, 0x20, 0x0f, 0xfe, 0x6e, 0xa8, 0x00, 0xf1, 0x00, 0x24, 0x8c, 0xef, 0xf7,
    0x5b, 0x90, 0x07, 0xfe, 0xa9, 0x00, 0x0d, 0xc4, 0x3a, 0xdc, 0xc4, 0x00, 0x29, 0x1b, 0x88, 0x01,
    0xff, 0x36, 0x08, 0x01, 0xdc, 0x20, 0x04, 0x9b, 0xa8, 0x20, 0x01, 0xdd, 0x84, 0x03, 0xfc, 0x7e,
    0x80, 0x18, 0xb6, 0xd9, 0x15, 0xf6, 0x40, 0x24, 0xf4, 0x00, 0xff, 0x0d, 0xb8, 0x04, 0x48, 0x02,
    0xec, 0x40, 0xd6, 0x01, 0x0d, 0xa0, 0x07, 0xe1, 0x00, 0x45, 0x88, 0x02, 0x68, 0x22, 0x76, 0x41,
    0x1c, 0x03, 0x59, 0x80, 0x79, 0xbd, 0x00, 0x09, 0x86, 0x00, 0x5c, 0x00, 0x9a, 0x02, 0x00, 0x3b,
    0x44, 0x03, 0x14, 0x8d, 0xb8, 0x00, 0xb1, 0x80, 0x04, 0x01, 0x9c, 0x00, 0x80, 0x18, 0x60, 0x03,
    0x58, 0x05, 0x16, 0x20, 0x09, 0x90, 0x07, 0xc6, 0x04, 0x01, 0xcc, 0x20, 0x1f, 0x93, 0x04, 0x00,
    0xd8, 0x40, 0x1f, 0xfc, 0x6b, 0x00, 0xe2, 0x50, 0x08, 0xf1, 0x00, 0x33, 0x81, 0x00, 0x73, 0x08,
    0x04, 0x50, 0x01, 0xda, 0x01, 0x86, 0xe0, 0x02, 0xb7, 0x40, 0x0c, 0x52, 0x01, 0xce, 0xa0, 0x19,
    0x84, 0x03, 0x9e, 0xc4, 0x01, 0x00, 0x1d, 0xe0, 0x1f, 0x52, 0x00, 0x6d, 0x00, 0xf2, 0x79, 0x80,
    0x7a, 0xc8, 0x03, 0xf5, 0xa8, 0x04, 0x78, 0x40, 0x1c, 0x38, 0xc0, 0x19, 0xd0, 0x03, 0xfd, 0x52,
    0x01, 0x1e, 0xdb, 0x22, 0x88, 0x02, 0x68, 0x02, 0x78, 0x00, 0xff, 0x9b, 0x98, 0x02, 0x49, 0xba,
    0xf3, 0x00, 0x2e, 0x90, 0x01, 0xf0, 0x40, 0x3f, 0xc3, 0x3f, 0x4c, 0x42, 0x01, 0x48, 0x80, 0x0b,
    0x54, 0x00, 0x7e, 0x80, 0x1f, 0xf9, 0x67, 0x7b, 0xfd, 0xd4, 0x20, 0x1a, 0xa0, 0x00, 0x36, 0xc0,
    0x1f, 0xfc, 0xd7, 0xc1, 0x00, 0x70, 0x07, 0xff, 0x38, 0xfd, 0x0e, 0x00, 0x00, 0x00, 0xff, 0xc3,
    0x9f, 0x82, 0x01, 0xff, 0xcc, 0xb3, 0x03, 0xb0, 0x0f, 0xfe, 0x5a, 0x28, 0x04, 0xa8, 0x01, 0xff,
    0xca, 0x90, 0x0e, 0x90, 0x0f, 0xfe, 0x4b, 0x10, 0x07, 0x13, 0x00, 0x7f, 0xf1, 0xc6, 0x00, 0x3e,
    0x81, 0x00, 0xff, 0xe3, 0x40, 0x80, 0x7c, 0x30, 0x01, 0xff, 0xc5, 0x26, 0x00, 0xfe, 0x62, 0x00,
    0xff, 0xe2, 0x48, 0x04, 0xb7, 0x72, 0x80, 0x52, 0x01, 0xff, 0xc3, 0x44, 0x00, 0x5a, 0x89, 0x68,
    0x04, 0x88, 0x00, 0xff, 0xe1, 0x48, 0x06, 0xf0, 0x0b, 0xc0, 0x34, 0x80, 0x7f, 0xf0, 0x5c, 0x80,
    0x30, 0x80, 0x42, 0x01, 0x89, 0xc0, 0x3f, 0xe1, 0x80, 0x0e, 0x30, 0x08, 0xc0, 0x3a, 0x04, 0x03,
    0xfd, 0x00, 0x1e, 0x10, 0x08, 0x40, 0x3d, 0x00, 0x1f, 0xc6, 0xc0, 0x1e, 0x70, 0x09, 0xc0, 0x3c,
    0xc6, 0x01, 0xfb, 0xc0, 0x3e, 0x10, 0x08, 0x40, 0x3e, 0xf0, 0x0f, 0x94, 0xc0, 0x3e, 0x2f, 0xdf,
    0x20, 0x0f, 0x8d, 0x40, 0x3d, 0x60, 0x1f, 0x8b, 0xb7, 0x44, 0x01, 0xfa, 0xc0, 0x39, 0xc4, 0x03,
    0xf5, 0x88, 0x15, 0x80, 0x7e, 0x17, 0x00, 0x86, 0x00, 0x3f, 0xb8, 0x02, 0xe0, 0x0f, 0xe8, 0x10,
    0x05, 0x80, 0x7f, 0x9d, 0x49, 0x9c, 0x03, 0xfd, 0x60, 0x05, 0x00, 0xff, 0xab, 0x64, 0x03, 0xfe,
    0x50, 0x01, 0x00, 0x7f, 0xf3, 0x48, 0x01, 0xc4, 0x01, 0xff, 0xcb, 0x2e, 0x00, 0x00, 0x00, 0xff,
    0xe3, 0x34, 0x80, 0x7f, 0xf2, 0xa5, 0xb0, 0x03, 0xff, 0x96, 0x78, 0x00, 0x9b, 0xbe, 0x30, 0x0f,
    0x8e, 0xee, 0x00, 0x8f, 0x01, 0x91, 0x3b, 0x0c, 0x03, 0x8b, 0x51, 0x20, 0x0c, 0x76, 0x01, 0xf6,
    0x90, 0x04, 0x38, 0x20, 0x1f, 0x94, 0x03, 0xe1, 0xc1, 0x01, 0xc1, 0x00, 0xfc, 0x3b, 0xff, 0xb0,
    0x40, 0x23, 0x0d, 0x20, 0x00, 0xef, 0x80, 0x43, 0xa6, 0x01, 0x8f, 0x40, 0x1a, 0x54, 0x60, 0x16,
    0x90, 0x04, 0x3a, 0x60, 0x1e, 0x3a, 0xb3, 0x95, 0x00, 0xac, 0xc0, 0x08, 0x3a, 0x60, 0x1f, 0x95,
    0x1d, 0x80, 0x29, 0x40, 0x0a, 0xf8, 0xc0, 0x3f, 0xcd, 0x00, 0x14, 0x30, 0x07, 0xff, 0x11, 0x24,
    0x02, 0x67, 0x45, 0x00, 0xaf, 0x8c, 0x03, 0xf1, 0xd8, 0x04, 0xb2, 0x77, 0x46, 0x00, 0x41, 0xd3,
    0x00, 0xf1, 0x68, 0x04, 0x74, 0x5a, 0x00, 0xd3, 0x00, 0x87, 0x4c, 0x3f, 0xf6, 0x88, 0x00, 0xb4,
    0x0c, 0x02, 0x1c, 0xf0, 0x08, 0x74, 0xc0, 0x3e, 0x1c, 0x10, 0x1c, 0x10, 0x0f, 0xc3, 0xa0, 0x1e,
    0x1c, 0x10, 0x08, 0xb4, 0x03, 0xf9, 0x59, 0x13, 0xb4, 0x80, 0x38, 0xf1, 0x12, 0x00, 0xc7, 0x73,
    0x77, 0xc6, 0x01, 0xf1, 0xdd, 0xc0, 0x11, 0xe0, 0x07, 0xff, 0x24, 0xf0, 0x03, 0xff, 0x91, 0x2d,
    0x80, 0x10, 0x00, 0x00, 0xff, 0x10, 0x07, 0xff, 0x1e, 0xb6, 0x40, 0x3f, 0xf8, 0xb4, 0xa0, 0xd2,
    0x01, 0xff, 0xc3, 0xa5, 0x00, 0x9a, 0x40, 0x3f, 0xf8, 0x34, 0xa0, 0x1c, 0xd2, 0x01, 0xff, 0x52,
    0x80, 0x44, 0x01, 0x34, 0x80, 0x7f, 0x52, 0x80, 0x4d, 0xaa, 0x01, 0x34, 0x80, 0x7d, 0x4a, 0x01,
    0x34, 0x85, 0x28, 0x04, 0xd2, 0x01, 0xd4, 0xa0, 0x13, 0x48, 0x05, 0x4a, 0x01, 0x34, 0x80, 0x54,
    0xa0, 0x13, 0x48, 0x07, 0x52, 0x80, 0x4d, 0x21, 0x2a, 0x01, 0x34, 0x80, 0x7d, 0x4a, 0x01, 0x33,
    0x80, 0x66, 0x90, 0x0f, 0xea, 0x50, 0x0b, 0xe5, 0x01, 0xa4, 0x03, 0xfe, 0xa5, 0x05, 0x80, 0xbd,
    0x90, 0x0f, 0xfe, 0x0d, 0x6d, 0x00, 0x00, 0x00, 0x10, 0x07, 0xff, 0x0c, 0x80, 0x2b, 0xd9, 0x00,
    0xff, 0xe0, 0xd6, 0xd0, 0x4a, 0x03, 0x48, 0x07, 0xfd, 0x4a, 0x0b, 0x00, 0x19, 0xa4, 0x03, 0xfa,
    0x94, 0x02, 0xf9, 0x50, 0x09, 0xa4, 0x03, 0xea, 0x50, 0x09, 0x9c, 0x29, 0x40, 0x26, 0x90, 0x0e,
    0xa5, 0x00, 0x9a, 0x40, 0x2a, 0x50, 0x09, 0xa4, 0x02, 0xa5, 0x00, 0x9a, 0x40, 0x3a, 0x94, 0x02,
    0x69, 0x0a, 0x50, 0x09, 0xa4, 0x03, 0xea, 0x50, 0x09, 0xb5, 0x40, 0x26, 0x90, 0x0f, 0xea, 0x50,
    0x08, 0x80, 0x26, 0x90, 0x0f, 0xfa, 0x94, 0x03, 0x9a, 0x40, 0x3f, 0xf8, 0x34, 0xa0, 0x13, 0x48,
    0x07, 0xff, 0x0e, 0x94, 0x1a, 0x40, 0x3f, 0xf8, 0xb5, 0xb2, 0x01, 0xfc, 0x00, 0x00, 0xe3, 0xd9,
    0x00, 0xff, 0xe7, 0x9e, 0x93, 0x50, 0x06, 0x34, 0x4f, 0xf8, 0x40, 0x3f, 0x1e, 0x88, 0x01, 0x68,
    0x00, 0xf9, 0x77, 0xff, 0x70, 0x07, 0xc7, 0xa2, 0x01, 0x96, 0x80, 0x80, 0x3f, 0xf8, 0x22, 0x01,
    0xc7, 0x82, 0x01, 0xe5, 0xa5, 0xa4, 0x4f, 0xe0, 0x0f, 0xed, 0x00, 0x09, 0x00, 0x10, 0x00, 0xb0,
    0xb7, 0x7f, 0xc2, 0x01, 0xf8, 0xc0, 0x71, 0x80, 0x1e, 0xe0, 0x0e, 0x00, 0xff, 0xe3, 0xe4, 0x61,
    0x00, 0x68, 0xaa, 0x30, 0x07, 0xff, 0x1c, 0x5c, 0x80, 0x3c, 0xaa, 0x00, 0xff, 0xff, 0x80, 0x7f,
    0xf3, 0x6b, 0xdc, 0x03, 0x93, 0xf0, 0x03, 0xff, 0x8e, 0x6a, 0x10, 0xc0, 0x12, 0x58, 0x1b, 0x00,
    0x7e, 0x34, 0x4f, 0xc4, 0x66, 0x00, 0x48, 0x80, 0x28, 0x00, 0x4e, 0x01, 0xfa, 0x2e, 0xff, 0x6a,
    0xe2, 0x00, 0x7c, 0x58, 0x20, 0x1f, 0xfc, 0x6b, 0x0b, 0x40, 0x0e, 0x2c, 0x10, 0x0f, 0x7a, 0x27,
    0xfe, 0x80, 0x05, 0xa0, 0x04, 0x58, 0x20, 0x1f, 0x25, 0xdf, 0xfe, 0x60, 0x0a, 0xd0, 0x0b, 0x04,
    0x03, 0xff, 0x9d, 0x76, 0xd1, 0x00, 0xc0, 0x00, 0x3d, 0xff, 0xfc, 0x80, 0x1f, 0xfc, 0x1e, 0x20,
    0x0f, 0xd6, 0x80, 0x1f, 0xf8, 0x80, 0x3f, 0xd6, 0x80, 0x1f, 0xfc, 0xbb, 0xff, 0xfe, 0xd3, 0x00,
    0xff, 0xe5, 0x17, 0x00, 0x7f, 0xf2, 0xc8, 0x03, 0xff, 0xfe, 0x01, 0xff, 0xff, 0x00, 0xff, 0xff,
    0x80, 0x7f, 0xf0, 0xc8, 0x03, 0xff, 0x94, 0x5c, 0x40, 0x1f, 0xfc, 0x82, 0xe0, 0x00, 0x00, 0xff,
    0xaa, 0x80, 0x1f, 0xfc, 0x9b, 0x55, 0x58, 0x07, 0xff, 0x1e, 0xd0, 0x00, 0x96, 0x01, 0xff, 0xc5,
    0xb4, 0x00, 0xc9, 0x60, 0x1f, 0xfc, 0x3b, 0x40, 0x0f, 0x25, 0x80, 0x7f, 0xf0, 0x6d, 0x00, 0x3f,
    0x25, 0x80, 0x7f, 0xd6, 0x80, 0x1f, 0xe4, 0xb0, 0x0f, 0xeb, 0x40, 0x0f, 0xfc, 0x94, 0x01, 0xf9,
    0x40, 0x3f, 0xf8, 0x48, 0x01, 0xfb, 0xb7, 0x70, 0x07, 0xb7, 0x77, 0x00, 0x7f, 0x11, 0x60, 0x0f,
    0x11, 0x60, 0x0f, 0xff, 0xf8, 0x07, 0xff, 0x98, 0x95, 0x7c, 0x40, 0x1f, 0x89, 0x57, 0xc5, 0x95,
    0x5e, 0xb0, 0x30, 0x0c, 0x61, 0x75, 0x5e, 0xc1, 0x00, 0xf3, 0x16, 0x7f, 0x73, 0xf0, 0x98, 0x03,
    0xc2, 0x01, 0xfb, 0x66, 0x26, 0x51, 0x3a, 0x01, 0xff, 0xc5, 0x67, 0x7c, 0xc0, 0x1f, 0xfc, 0xd8,
    0xe1, 0x8e, 0x10, 0x0f, 0xfe, 0x36, 0x38, 0xe3, 0x88, 0x01, 0x00, 0x3f, 0xf8, 0x69, 0x20, 0x92,
    0x00, 0x40, 0x00, 0x00, 0xff, 0xef, 0xef, 0x53, 0x18, 0x07, 0xff, 0x1d, 0x88, 0x56, 0x73, 0xe0,
    0x03, 0xff, 0x8b, 0x60, 0x1e, 0x70, 0x0f, 0xfe, 0x22, 0x10, 0x07, 0xff, 0x2f, 0x80, 0x3e, 0x10,
    0x0f, 0xfe, 0x18, 0xa8, 0x07, 0xc4, 0x01, 0xff, 0xc3, 0x50, 0x0f, 0xca, 0x01, 0xff, 0xc3, 0x46,
    0x00, 0xfb, 0xc0, 0x3f, 0xf8, 0x93, 0x20, 0x0f, 0x20, 0x07, 0xff, 0x15, 0xa4, 0x03, 0x19, 0x00,
    0x7f, 0xf1, 0xb0, 0x03, 0x50, 0x07, 0xff, 0x19, 0x14, 0x02, 0x16, 0x00, 0xff, 0xe2, 0x8c, 0x80,
    0x69, 0x00, 0xff, 0xe3, 0x51, 0x00, 0x44, 0xe0, 0x1f, 0x85, 0x00, 0x3e, 0xa4, 0x00, 0xdc, 0x01,
    0xf1, 0xd7, 0x5d, 0x00, 0x61, 0xb5, 0x00, 0xd0, 0x60, 0x1c, 0xb9, 0x85, 0x00, 0x2b, 0x80, 0x0f,
    0x10, 0x03, 0x2b, 0x80, 0x76, 0xd1, 0x80, 0x74, 0x35, 0x61, 0x00, 0x64, 0xa0, 0x0f, 0x18, 0x07,
    0xe9, 0x50, 0x0e, 0x5b, 0x00, 0xf9, 0x00, 0x3f, 0xf8, 0x51, 0x40, 0x1f, 0xb0, 0x03, 0xff, 0x16,
    0x38, 0x07, 0xf2, 0x80, 0x7f, 0x86, 0x34, 0xc0, 0x3f, 0xc6, 0x01, 0xf8, 0xe7, 0x9c, 0x03, 0xff,
    0x82, 0xe0, 0x01, 0x36, 0x9d, 0xc6, 0x00, 0xff, 0xe0, 0x80, 0x00, 0x00, 0x89, 0x08, 0x03, 0xff,
    0x8a, 0x59, 0xb7, 0xb8, 0x40, 0x1f, 0x8d, 0xdc, 0x60, 0x02, 0xc3, 0x00, 0x8f, 0x08, 0x03, 0xd1,
    0x91, 0x0c, 0x90, 0x81, 0x00, 0x18, 0x00, 0x60, 0x03, 0xa5, 0xc0, 0x31, 0x02, 0x00, 0x2f, 0x2c,
    0x00, 0x80, 0x1a, 0x58, 0x03, 0x25, 0x80, 0x80, 0x14, 0x14, 0x00, 0x20, 0x14, 0xb0, 0x06, 0x4b,
    0x00, 0x18, 0x02, 0x96, 0x80, 0x06, 0x00, 0x96, 0x00, 0xc9, 0x60, 0x14, 0x80, 0x12, 0x90, 0x00,
    0x6b, 0x2c, 0x01, 0x92, 0xc0, 0x32, 0xb8, 0x07, 0xd4, 0xc0, 0x19, 0x2c, 0x03, 0xd1, 0x8c, 0x82,
    0x01, 0xf9, 0x2c, 0x03, 0xf1, 0xcd, 0xe0, 0x80, 0x79, 0x2c, 0x03, 0xff, 0x12, 0x00, 0x7b, 0x80,
    0x3f, 0xe2, 0x49, 0x50, 0x0f, 0x52, 0x80, 0x7e, 0x2c, 0xdb, 0x60, 0x0f, 0xd4, 0xa0, 0x1e, 0x2c,
    0x30, 0x0f, 0x20, 0x80, 0x6a, 0x50, 0x0e, 0x81, 0x00, 0x18, 0x04, 0x57, 0x82, 0x01, 0xa9, 0x40,
    0x32, 0x00, 0x2f, 0x2c, 0x00, 0x60, 0x58, 0x20, 0x1a, 0x94, 0x02, 0x10, 0x02, 0x82, 0x80, 0x04,
    0x00, 0x58, 0x20, 0x1a, 0x94, 0x00, 0x60, 0x0a, 0x5a, 0x00, 0x18, 0x04, 0x58, 0x20, 0x1a, 0x94,
    0x24, 0x00, 0x94, 0x80, 0x09, 0x00, 0xc5, 0x82, 0x01, 0xa0, 0x15, 0xc0, 0x39, 0xd4, 0x03, 0x8b,
    0xd4, 0x44, 0xbe, 0x00, 0x8c, 0x64, 0x6c, 0x80, 0x0f, 0x86, 0xbb, 0x94, 0x40, 0x00, 0x00, 0xf5,
    0xff, 0xfe, 0x07, 0xa0, 0x0f, 0xe4, 0x00, 0xfe, 0xf5, 0xb0, 0x0f, 0xfe, 0x42, 0x58, 0x07, 0xff,
    0x21, 0x29, 0x1e, 0x20, 0x80, 0x1f, 0xf6, 0x3b, 0xdb, 0x70, 0xee, 0xc0, 0x0f, 0xf2, 0x22, 0x22,
    0x70, 0x0f, 0xfe, 0x1d, 0xff, 0xf0, 0x07, 0xff, 0xfc, 0x03, 0xff, 0xfe, 0x01, 0xff, 0xff, 0x00,
    0xff, 0xe9, 0xa0, 0x5c, 0x3b, 0xff, 0xd1, 0x60, 0x18, 0xe9, 0x5e, 0x23, 0xfe, 0x74, 0x00, 0xe5,
    0xef, 0xff, 0xc0, 0x1f, 0xfc, 0xf4, 0x00, 0xff, 0xe0, 0xa0, 0x07, 0x80, 0x00, 0x01, 0x44, 0xff,
    0xe0, 0x90, 0x07, 0x37, 0x5d, 0xff, 0xf0, 0x76, 0x00, 0x34, 0x00, 0x7f, 0xf0, 0xde, 0x00, 0x21,
    0x00, 0x1a, 0x27, 0xf8, 0x80, 0x0f, 0x00, 0x1d, 0x97, 0x7f, 0xed, 0x00, 0x9e, 0x00, 0x3f, 0xf9,
    0x0e, 0xe0, 0x0f, 0xfe, 0x44, 0x80, 0x7f, 0xf2, 0x04, 0x03, 0xff, 0x98, 0xa8, 0x9f, 0xe5, 0x00,
    0xfe, 0xab, 0xbf, 0xf5, 0x00, 0x7f, 0xf6, 0x04, 0xc4, 0x03, 0xff, 0x8a, 0xfd, 0x9c, 0xe0, 0x1f,
    0xfc, 0x33, 0x80, 0x0a, 0x0c, 0x03, 0xff, 0x84, 0x80, 0x1c, 0x80, 0x1f, 0xfc, 0x22, 0x00, 0xe2,
    0x00, 0xff, 0xe1, 0x29, 0x00, 0x44, 0xa0, 0x1f, 0xfc, 0x3d, 0x75, 0x7d, 0x00, 0xff, 0xe2, 0xc5,
    0x40, 0x07, 0xf2, 0x00, 0x7f, 0xf1, 0xd2, 0x9d, 0x13, 0xff, 0x8a, 0xf4, 0x00, 0x13, 0x3f, 0xfe,
    0x38, 0xf6, 0x67, 0xff, 0x1f, 0xc0, 0x3f, 0xf9, 0x02, 0x01, 0xff, 0xc8, 0x1e, 0xcc, 0xff, 0xe3,
    0xf8, 0x99, 0xff, 0xf1, 0xc4, 0x03, 0xff, 0xbc, 0xae, 0xff, 0xfc, 0x75, 0xa8, 0x8f, 0xfe, 0x3d,
    0x00, 0x7f, 0xf2, 0x4c, 0x47, 0xff, 0x8e, 0x99, 0xdd, 0xff, 0xc7, 0xb0, 0x0f, 0xfe, 0xf0, 0x99,
    0xff, 0xf1, 0xc7, 0xb3, 0x3f, 0xf8, 0xfe, 0x01, 0xff, 0xc8, 0x10, 0x0f, 0xfe, 0x40, 0xf6, 0x67,
    0xff, 0x1f, 0xc0, 0x00, 0x3d, 0xff, 0xff, 0xe4, 0x69, 0xf1, 0x00, 0x7f, 0xf2, 0x0b, 0x88, 0x03,
    0xff, 0x94, 0x42, 0x01, 0xff, 0xca, 0x1c, 0x20, 0x0f, 0xfe, 0x41, 0x61, 0x6b, 0x00, 0x7f, 0xf1,
    0x9b, 0x4b, 0x92, 0x68, 0x03, 0xff, 0x89, 0x52, 0x9c, 0x37, 0x0b, 0xa6, 0x01, 0xff, 0x8f, 0x56,
    0x2c, 0x40, 0x0f, 0x81, 0x8e, 0x01, 0xfe, 0x6c, 0x3c, 0x70, 0x0e, 0x3d, 0x58, 0xb1, 0x00, 0xf0,
    0xdc, 0xaf, 0x98, 0x07, 0xea, 0x94, 0xf3, 0x00, 0xc9, 0xe9, 0x34, 0x20, 0x1f, 0xe6, 0xd3, 0xc9,
    0x22, 0x4d, 0x9e, 0xb0, 0x07, 0xff, 0x04, 0xb5, 0x99, 0xba, 0x66, 0x69, 0x00, 0x7f, 0xf1, 0x27,
    0x66, 0x5b, 0x20, 0x1f, 0xfc, 0x72, 0x66, 0x10, 0x07, 0xff, 0x58, 0x80, 0x3f, 0xf9, 0x45, 0xc4,
    0x01, 0xff, 0xc8, 0x2e, 0x00, 0x00, 0x27, 0xff, 0xe3, 0x00, 0xfb, 0x40, 0x3f, 0x28, 0x07, 0xc4,
    0x01, 0xf9, 0xc0, 0x3e, 0x60, 0x0f, 0x8c, 0x40, 0x3e, 0x20, 0x0f, 0xac, 0x03, 0xe1, 0x00, 0xfc,
    0xa0, 0x1f, 0x10, 0x07, 0xc6, 0x40, 0x1f, 0x30, 0x07, 0xe8, 0x8c, 0xe6, 0x00, 0xd0, 0x0f, 0x8d,
    0xdf, 0x46, 0x00, 0x08, 0x03, 0xff, 0x82, 0xa0, 0x06, 0x00, 0xff, 0xe0, 0xc0, 0x00, 0x80, 0x3f,
    0xf3, 0x90, 0x00, 0x40, 0x3f, 0xe1, 0x80, 0x0b, 0x21, 0xdf, 0x28, 0x07, 0x58, 0x06, 0x37, 0x88,
    0xc4, 0x01, 0x8d, 0x40, 0x3f, 0xc8, 0x01, 0xbc, 0x03, 0xfe, 0x30, 0x09, 0x4c, 0x03, 0xfc, 0x60,
    0x1a, 0xc0, 0x3f, 0xe4, 0x00, 0xa0, 0x40, 0x3f, 0xec, 0x00, 0x13, 0x80, 0x7f, 0xe4, 0x00, 0x48,
    0x07, 0xfe, 0x30, 0x02, 0x20, 0x03, 0xff, 0x28, 0x02, 0x40, 0x3f, 0xf8, 0x24, 0x10, 0x40, 0x1f,
    0x80, 0x00, 0x00, 0xe3, 0xdf, 0xd3, 0x00, 0xff, 0x91, 0xe2, 0x2c, 0x21, 0x2c, 0x88, 0x9d, 0x00,
    0x3d, 0x70, 0xef, 0x03, 0x73, 0x03, 0xbd, 0x16, 0x01, 0xff, 0xd5, 0x6e, 0x60, 0x0f, 0xfe, 0x38,
    0x80, 0x7f, 0xf1, 0xc6, 0xbf, 0xfe, 0x00, 0xff, 0xd4, 0xaf, 0x11, 0xe0, 0x33, 0x00, 0x7f, 0x23,
    0xc3, 0xbf, 0x82, 0xf1, 0x00, 0x3f, 0xbc, 0x03, 0xfd, 0x68, 0x01, 0xff, 0xc8, 0xb4, 0x00, 0xff,
    0xe4, 0x50, 0x07, 0xff, 0x12, 0x3f, 0xee, 0x00, 0xff, 0xe1, 0xdc, 0x47, 0x00, 0x7f, 0xf0, 0xd1,
    0xdf, 0x80, 0x3f, 0xff, 0xe0, 0x1f, 0xd7, 0x0e, 0xf8, 0x03, 0xff, 0x86, 0x8f, 0x11, 0x80, 0x3f,
    0xfb, 0xfe, 0x01, 0xff, 0xc8, 0x30, 0x0f, 0xfc, 0x80, 0x00, 0x00, 0xfe, 0x8f, 0x80, 0x0f, 0xfe,
    0x33, 0x83, 0x80, 0x7f, 0xf1, 0x05, 0x80, 0x25, 0x10, 0x0f, 0xfe, 0x0c, 0x74, 0x80, 0x55, 0xd0,
    0x01, 0xff, 0x63, 0x80, 0x7c, 0xf6, 0x01, 0xfd, 0x46, 0x01, 0xfc, 0x92, 0x01, 0xf2, 0x28, 0x07,
    0xfc, 0xc6, 0x01, 0xee, 0x00, 0xff, 0xe0, 0xd0, 0x07, 0x90, 0x03, 0xff, 0x82, 0x80, 0x1e, 0x10,
    0x0f, 0xfe, 0x09, 0x00, 0x7f, 0xf3, 0x84, 0x03, 0xff, 0x86, 0x20, 0x19, 0x40, 0x3f, 0xf8, 0x6a,
    0x01, 0xb0, 0x03, 0xff, 0x87, 0x80, 0x19, 0x40, 0x3f, 0xf8, 0x6a, 0x01, 0x29, 0x00, 0x7f, 0xf0,
    0xc9, 0x40, 0xe8, 0x03, 0xff, 0x8b, 0x47, 0xc0, 0x1f, 0xfc, 0x7e, 0x00, 0xff, 0xe4, 0xfc, 0x3b,
    0xff, 0xf1, 0x63, 0xc9, 0xe2, 0x3f, 0xf8, 0xae, 0x40, 0x1f, 0x37, 0xff, 0x30, 0x07, 0xff, 0x09,
    0xc0, 0x30, 0xb8, 0x07, 0xff, 0x08, 0x70, 0xc0, 0xf4, 0x40, 0x3e, 0x00, 0x3d, 0xff, 0xff, 0xe5,
    0xe9, 0xf1, 0x00, 0x7f, 0xf2, 0xcb, 0x88, 0x03, 0xff, 0x9a, 0x40, 0x17, 0x7f, 0x03, 0x7f, 0x98,
    0x3b, 0xf8, 0x1b, 0xfc, 0xc1, 0xdf, 0xc0, 0x1e, 0x10, 0x10, 0x10, 0x00, 0x80, 0x80, 0x80, 0x80,
    0x04, 0x04, 0x04, 0x03, 0xc2, 0x02, 0x02, 0x00, 0x10, 0x10, 0x10, 0x10, 0x00, 0x80, 0x80, 0x80,
    0x7b, 0xbf, 0x81, 0xbf, 0xcc, 0x1d, 0xfc, 0x0d, 0xfe, 0x60, 0xef, 0xe0, 0x0f, 0xc8, 0xee, 0x01,
    0x77, 0x20, 0x23, 0xb8, 0x05, 0xdc, 0x80, 0x1f, 0xef, 0x88, 0x19, 0x44, 0x3c, 0x3e, 0x20, 0x65,
    0x10, 0xf0, 0x0f, 0xfe, 0xcf, 0xc4, 0x0c, 0xa2, 0x1e, 0x1f, 0x10, 0x32, 0x88, 0x78, 0x07, 0xf9,
    0x1d, 0xc0, 0x2e, 0xe4, 0x04, 0x77, 0x00, 0xbb, 0x90, 0x03, 0xf7, 0x7f, 0x03, 0x7f, 0xff, 0xcc,
    0x1d, 0xfc, 0x01, 0xe1, 0x01, 0x01, 0x00, 0xff, 0x84, 0x04, 0x04, 0x03, 0xc2, 0x02, 0x02, 0x01,
    0xff, 0x08, 0x08, 0x08, 0x07, 0xbb, 0xf8, 0x1b, 0xff, 0xfe, 0x60, 0xef, 0xe0, 0x08, 0x80, 0x3f,
    0xf9, 0xa5, 0xc4, 0x01, 0xff, 0xcb, 0x2e, 0x00, 0x00, 0xff, 0xf1, 0x1d, 0x7e, 0x10, 0x07, 0xff,
    0x1d, 0x2f, 0x14, 0x0f, 0x80, 0x3f, 0xf8, 0xab, 0x96, 0x80, 0x18, 0xc0, 0x3f, 0xf8, 0x6d, 0xd4,
    0x60, 0x1e, 0x50, 0x0f, 0xfc, 0x31, 0xd2, 0x20, 0x1f, 0xa4, 0x03, 0xfc, 0x53, 0xce, 0x20, 0x1f,
    0xc8, 0x60, 0x1f, 0x8e, 0xb5, 0x80, 0x3f, 0xf7, 0x80, 0x7c, 0x99, 0x85, 0x00, 0xff, 0xe0, 0x9a,
    0x00, 0x73, 0x6d, 0x98, 0x07, 0xff, 0x0e, 0x40, 0x31, 0xf4, 0x90, 0x07, 0xff, 0x10, 0x54, 0x03,
    0x70, 0x80, 0x7f, 0xf1, 0xa0, 0x03, 0x88, 0x03, 0xff, 0x8c, 0x2c, 0x01, 0xcc, 0x01, 0xff, 0xc6,
    0x60, 0x0f, 0x4d, 0x43, 0xbf, 0xc6, 0x01, 0xfa, 0x40, 0x3e, 0x57, 0x88, 0xf9, 0x00, 0x3e, 0x61,
    0x00, 0xff, 0xe6, 0x58, 0x07, 0xff, 0x31, 0x48, 0x03, 0xff, 0x99, 0x20, 0x1f, 0xfc, 0xc3, 0x30,
    0x07, 0xff, 0x32, 0x00, 0x3f, 0xf9, 0x84, 0x80, 0x1f, 0xfc, 0x7f, 0x00, 0xd6, 0x01, 0xff, 0xc8,
    0x20, 0x08, 0x58, 0x03, 0xff, 0x90, 0xac, 0x05, 0xa0, 0x1f, 0xfc, 0xa9, 0xfd, 0x30, 0x0f, 0xf0,
    0x00, 0xbf, 0xff, 0xe8, 0x0e, 0x40, 0x0c, 0x80, 0x1f, 0xf0, 0xda, 0x00, 0x7f, 0xf1, 0x6d, 0x00,
    0x3f, 0xf8, 0xb6, 0x80, 0x1f, 0xfc, 0x5b, 0x40, 0x0f, 0xfe, 0x2d, 0x00, 0x7f, 0xef, 0xfe, 0xe0,
    0x0f, 0xf3, 0xc4, 0x7c, 0x01, 0xff, 0x3b, 0xfc, 0x01, 0xff, 0xff, 0x00, 0xff, 0xff, 0x80, 0x7f,
    0xff, 0xc0, 0x3f, 0xf9, 0xe8, 0x01, 0xff, 0xc4, 0x40, 0x00, 0x00, 0xff, 0xee, 0x9a, 0xb3, 0xb9,
    0x94, 0xc0, 0x3f, 0xf8, 0xc4, 0xf9, 0xf9, 0x53, 0x10, 0x9a, 0xcf, 0xc7, 0x20, 0x0f, 0xfc, 0xb9,
    0xb0, 0x60, 0x1f, 0xe3, 0x8d, 0xc5, 0x00, 0xfc, 0x7b, 0x46, 0x01, 0xff, 0xc4, 0x3a, 0xd3, 0x00,
    0xe8, 0xc2, 0x00, 0xe3, 0x69, 0xab, 0xb5, 0x4b, 0x18, 0x07, 0x16, 0x40, 0x00, 0x71, 0xc0, 0x31,
    0x4f, 0x64, 0xb2, 0xa2, 0x15, 0xa7, 0x3a, 0x48, 0x03, 0x3e, 0x0e, 0x18, 0x04, 0x35, 0xac, 0x20,
    0x1f, 0xe1, 0x6d, 0xa1, 0x00, 0x8f, 0x10, 0x02, 0x6e, 0x50, 0x0f, 0xfe, 0x22, 0xf3, 0x00, 0x49,
    0x2c, 0x13, 0x20, 0x0e, 0x48, 0xcd, 0xff, 0x6e, 0x42, 0x00, 0x74, 0xc8, 0x1a, 0x42, 0x79, 0x80,
    0x33, 0x75, 0xb9, 0x90, 0x00, 0x8d, 0xef, 0x98, 0x03, 0x37, 0x48, 0x04, 0x20, 0x11, 0xec, 0x88,
    0x07, 0xf8, 0x67, 0x4c, 0x02, 0x10, 0x0f, 0x97, 0x08, 0x03, 0x84, 0xcc, 0x20, 0x1c, 0x58, 0xa0,
    0x1f, 0xed, 0x00, 0xc7, 0x5d, 0xcc, 0xc7, 0x72, 0x8c, 0x03, 0x68, 0x07, 0xfa, 0x14, 0x06, 0xf1,
    0x44, 0x03, 0x0a, 0xe5, 0x88, 0x2c, 0x00, 0x7f, 0xd5, 0x3e, 0x80, 0x1f, 0xe4, 0xf9, 0xa0, 0x0f,
    0xfe, 0x0b, 0x08, 0x07, 0x19, 0x00, 0x70, 0xb0, 0x07, 0xff, 0x1c, 0x77, 0x37, 0x04, 0x03, 0xff,
    0x99, 0x44, 0x00, 0x3a, 0x00, 0xff, 0xe6, 0x20, 0x06, 0x40, 0x0f, 0xfe, 0x61, 0x00, 0x62, 0x00,
    0xff, 0xe6, 0x40, 0x06, 0x80, 0x0f, 0xfe, 0x62, 0xda, 0xaa, 0xd4, 0x03, 0xff, 0x00, 0x01, 0x44,
    0xff, 0xe6, 0x18, 0x04, 0xdd, 0x77, 0xff, 0xcc, 0xcd, 0x00, 0x40, 0x07, 0xff, 0x38, 0x98, 0x04,
    0x00, 0x89, 0xff, 0xca, 0x20, 0x06, 0x08, 0x05, 0x77, 0xff, 0xca, 0x50, 0x02, 0xf8, 0x06, 0x8f,
    0xff, 0xfe, 0x38, 0x07, 0x08, 0x07, 0xff, 0x37, 0x50, 0x03, 0xff, 0xa0, 0xb6, 0x01, 0xff, 0xee,
    0x24, 0x00, 0xff, 0xe8, 0x55, 0x80, 0x7d, 0x1f, 0xff, 0xfc, 0x70, 0x0f, 0xe4, 0x4f, 0xfe, 0x51,
    0x00, 0x0a, 0x00, 0x2b, 0xbf, 0xfe, 0x52, 0x80, 0x29, 0xd0, 0x03, 0xff, 0x9e, 0x81, 0x4e, 0x89,
    0xff, 0xcc, 0x5b, 0x30, 0x00, 0x01, 0x44, 0xff, 0xe6, 0x18, 0x04, 0xdd, 0x77, 0xff, 0xcc, 0xcd,
    0x00, 0x40, 0x07, 0xff, 0x38, 0x98, 0x04, 0x00, 0x89, 0xff, 0xca, 0x20, 0x06, 0x08, 0x05, 0x77,
    0xff, 0xca, 0x50, 0x02, 0xf8, 0x06, 0xbf, 0xff, 0xfe, 0x12, 0x00, 0x7f, 0x08, 0x07, 0xff, 0x37,
    0x50, 0x03, 0xff, 0xa0, 0xb6, 0x01, 0xff, 0xee, 0x24, 0x00, 0xff, 0xe8, 0x55, 0x80, 0x7d, 0x7f,
    0xff, 0xfc, 0x24, 0x00, 0xff, 0xe0, 0xa2, 0x7f, 0xf2, 0x88, 0x00, 0x50, 0x01, 0x5d, 0xff, 0xf2,
    0x94, 0x01, 0x4e, 0x80, 0x1f, 0xfc, 0xf4, 0x0a, 0x74, 0x4f, 0xfe, 0x62, 0xd9, 0x80, 0x00, 0x01,
    0x44, 0xff, 0xe6, 0x18, 0x04, 0xdd, 0x77, 0xff, 0xcc, 0xcd, 0x00, 0x40, 0x07, 0xff, 0x38, 0x98,
    0x04, 0x00, 0x89, 0xff, 0xca, 0x20, 0x06, 0x08, 0x05, 0x77, 0xff, 0xca, 0x50, 0x02, 0xf8, 0x06,
    0x8f, 0xff, 0xf0, 0x07, 0xff, 0x08, 0x40, 0x3f, 0xf9, 0xba, 0x80, 0x1f, 0xfd, 0x05, 0xb0, 0x0f,
    0xff, 0x71, 0x20, 0x07, 0xff, 0x42, 0xac, 0x03, 0xe8, 0xff, 0xff, 0x00, 0x7f, 0xf1, 0x91, 0x3f,
    0xf9, 0x44, 0x00, 0x28, 0x00, 0xae, 0xff, 0xf9, 0x4a, 0x00, 0xa7, 0x40, 0x0f, 0xfe, 0x7a, 0x05,
    0x3a, 0x27, 0xff, 0x31, 0x6c, 0xc0, 0x00, 0x01, 0x44, 0xff, 0xe6, 0x18, 0x04, 0xdd, 0x77, 0xff,
    0xcc, 0xcd, 0x00, 0x40, 0x07, 0xff, 0x38, 0x98, 0x04, 0x00, 0x89, 0xff, 0xca, 0x20, 0x06, 0x08,
    0x05, 0x77, 0xff, 0xca, 0x50, 0x02, 0xf8, 0x06, 0xbf, 0xfe, 0x40, 0x0f, 0xfe, 0x30, 0x80, 0x7f,
    0xf3, 0x75, 0x00, 0x3f, 0xfa, 0x0b, 0x60, 0x1f, 0xfe, 0xe2, 0x40, 0x0f, 0xfe, 0x85, 0x58, 0x07,
    0xd7, 0xff, 0xc8, 0x01, 0xff, 0xca, 0x44, 0xff, 0xe5, 0x10, 0x00, 0xa0, 0x02, 0xbb, 0xff, 0xe5,
    0x28, 0x02, 0x9d, 0x00, 0x3f, 0xf9, 0xe8, 0x14, 0xe8, 0x9f, 0xfc, 0xc5, 0xb3, 0x00, 0x00, 0x01,
    0x44, 0xff, 0xe6, 0x18, 0x04, 0xdd, 0x77, 0xff, 0xcc, 0xcd, 0x00, 0x40, 0x07, 0xff, 0x38, 0x98,
    0x04, 0x00, 0x89, 0xff, 0xca, 0x20, 0x06, 0x08, 0x05, 0x77, 0xff, 0xca, 0x50, 0x02, 0xf8, 0x07,
    0xff, 0x44, 0x40, 0x3f, 0xf9, 0xba, 0x80, 0x1f, 0xfd, 0x05, 0xb0, 0x0f, 0xff, 0x71, 0x20, 0x07,
    0xff, 0x42, 0xac, 0x03, 0xff, 0xb0, 0x89, 0xff, 0xca, 0x20, 0x01, 0x40, 0x05, 0x77, 0xff, 0xca,
    0x50, 0x05, 0x3a, 0x00, 0x7f, 0xf3, 0xd0, 0x29, 0xd1, 0x3f, 0xf9, 0x8b, 0x66, 0x00, 0x00, 0x00,
    0xff, 0xe2, 0x88, 0x07, 0xff, 0x40, 0xb7, 0xb8, 0x60, 0x1f, 0xfc, 0xb2, 0x77, 0x79, 0x00, 0xf0,
    0x07, 0xff, 0x29, 0x36, 0x20, 0x40, 0x11, 0x00, 0x7f, 0xf2, 0xa8, 0x2b, 0x14, 0x02, 0x40, 0x0f,
    0xfe, 0x4b, 0x8c, 0xa9, 0xd3, 0x12, 0xd8, 0x07, 0xff, 0x08, 0x80, 0x3d, 0x24, 0xc0, 0x14, 0xed,
    0x00, 0x7f, 0xf0, 0x67, 0xf7, 0x94, 0x02, 0x61, 0xb0, 0x0f, 0xfe, 0x0d, 0x20, 0x06, 0x86, 0x00,
    0x0d, 0x18, 0x0c, 0x0b, 0x00, 0x7f, 0xf0, 0x56, 0xe8, 0x40, 0x0c, 0x01, 0xdd, 0x7e, 0x21, 0x77,
    0xff, 0xc2, 0x00, 0x2f, 0x30, 0x07, 0xc4, 0x82, 0x02, 0x89, 0xff, 0xc2, 0x00, 0xda, 0x08, 0x01,
    0xd5, 0xff, 0xb8, 0xc3, 0x7f, 0xff, 0xc0, 0x02, 0xbb, 0x05, 0x98, 0x04, 0xca, 0x01, 0x87, 0x82,
    0x00, 0x3f, 0xc3, 0x1a, 0x80, 0x01, 0xcb, 0x9c, 0x90, 0x0f, 0x12, 0x29, 0x00, 0x7f, 0x73, 0x80,
    0x79, 0x18, 0xc0, 0x3f, 0x40, 0x48, 0x02, 0x3f, 0xf2, 0x80, 0x7f, 0xf2, 0x0d, 0x52, 0x10, 0xc0,
    0x31, 0x80, 0x7f, 0xf2, 0x69, 0x1e, 0xd0, 0x03, 0xff, 0x9f, 0x79, 0x46, 0x01, 0xff, 0xd0, 0x35,
    0x50, 0x06, 0x30, 0x0f, 0xfe, 0x6c, 0xf7, 0x5e, 0xa0, 0x1f, 0x00, 0x00, 0xe2, 0x8c, 0xef, 0xf7,
    0x53, 0x00, 0x7f, 0x4e, 0xb9, 0x88, 0x00, 0x56, 0x78, 0xc0, 0x3d, 0x8c, 0x01, 0xac, 0x03, 0x0e,
    0x20, 0x06, 0xa3, 0x00, 0xe4, 0xa0, 0x0e, 0xa1, 0x00, 0x12, 0x80, 0x7c, 0xb4, 0x01, 0x86, 0x40,
    0x16, 0x01, 0xfc, 0xb2, 0x01, 0x98, 0x00, 0xe0, 0x11, 0x80, 0x61, 0x66, 0x40, 0x04, 0x24, 0x22,
    0x00, 0x3e, 0x30, 0x06, 0x96, 0x78, 0x00, 0x9d, 0x40, 0x25, 0x19, 0x60, 0x0c, 0x20, 0x20, 0x16,
    0x90, 0x04, 0x58, 0x33, 0x00, 0x08, 0x75, 0x90, 0x08, 0x44, 0x01, 0x8b, 0x05, 0xc0, 0x5c, 0xe8,
    0x03, 0x18, 0x07, 0x8b, 0x44, 0x00, 0x5a, 0x01, 0xc2, 0x01, 0xf1, 0x90, 0x01, 0xc4, 0x03, 0xff,
    0x83, 0x66, 0x00, 0x59, 0x00, 0xe1, 0x10, 0x07, 0x5a, 0x18, 0x00, 0xda, 0x00, 0x38, 0x80, 0x35,
    0xa2, 0x34, 0x07, 0x49, 0xdc, 0x01, 0x13, 0x00, 0x50, 0x88, 0xb1, 0x00, 0x0d, 0x85, 0x00, 0x5c,
    0x42, 0x00, 0x87, 0xb0, 0x0c, 0x92, 0x58, 0x01, 0x28, 0x20, 0x05, 0x00, 0x18, 0x6c, 0xb0, 0x40,
    0x23, 0x0e, 0x00, 0xfe, 0x2c, 0x10, 0x09, 0x80, 0x08, 0x80, 0x0f, 0x8b, 0x04, 0x03, 0x58, 0x05,
    0x44, 0x01, 0xc7, 0x82, 0x01, 0xa0, 0x80, 0x21, 0xd5, 0x00, 0xd8, 0x20, 0x1a, 0x1c, 0x03, 0xd5,
    0xae, 0x62, 0x00, 0x13, 0x7d, 0x70, 0x08, 0x00, 0x00, 0xf0, 0xd6, 0x67, 0x50, 0x80, 0x78, 0x91,
    0x3a, 0x14, 0xcf, 0x96, 0x11, 0x38, 0xb6, 0xef, 0x98, 0x03, 0xe6, 0xbb, 0xed, 0x00, 0xff, 0xe4,
    0xb2, 0x27, 0xff, 0x1d, 0xe6, 0xef, 0xff, 0x8f, 0x01, 0x1f, 0xff, 0xfc, 0x58, 0x00, 0xff, 0xf2,
    0x4c, 0x80, 0x05, 0xc4, 0x00, 0x99, 0x00, 0x7f, 0x88, 0x80, 0x01, 0x18, 0x00, 0x44, 0x00, 0xff,
    0xff, 0x80, 0x7f, 0xff, 0xc0, 0x3f, 0xfc, 0xa4, 0x40, 0x00, 0x8c, 0x00, 0x22, 0x00, 0x7b, 0xc0,
    0x29, 0x90, 0x00, 0xb8, 0x80, 0x13, 0x20, 0x0b, 0xc0, 0x04, 0x01, 0xff, 0xc5, 0x20, 0x02, 0xb0,
    0x07, 0xff, 0x0d, 0x94, 0x00, 0x00, 0x00, 0xff, 0xe3, 0x37, 0x71, 0x40, 0x3f, 0xf9, 0x11, 0x22,
    0x2a, 0x60, 0x0f, 0xfe, 0x34, 0x38, 0x06, 0x96, 0x00, 0xff, 0xe2, 0x0b, 0x80, 0x7a, 0x54, 0x03,
    0xff, 0x84, 0xa3, 0x80, 0x1f, 0x58, 0x07, 0xff, 0x06, 0x2a, 0xcf, 0x00, 0x3f, 0xf8, 0xf0, 0xe0,
    0x96, 0x78, 0x01, 0xd0, 0x01, 0xff, 0x43, 0x80, 0x49, 0x67, 0x80, 0x13, 0xb0, 0x07, 0xfa, 0x1c,
    0x03, 0x92, 0xcf, 0x01, 0xe0, 0x03, 0xfd, 0x0e, 0x01, 0xf2, 0x59, 0xf4, 0x00, 0x7f, 0xa1, 0xc0,
    0x3f, 0x91, 0x44, 0x03, 0xfd, 0x0e, 0x01, 0xfe, 0x75, 0x00, 0xff, 0x43, 0x80, 0x7f, 0x9e, 0x00,
    0x3f, 0xd0, 0xe0, 0x1f, 0xe7, 0x80, 0x0f, 0xf4, 0x38, 0x07, 0xf9, 0xe0, 0x03, 0xfd, 0x0e, 0x01,
    0xfe, 0x78, 0x00, 0xff, 0x43, 0x80, 0x7f, 0x9e, 0x00, 0x3f, 0xca, 0xe0, 0x1f, 0xe7, 0x80, 0x0f,
    0xfb, 0x40, 0x3f, 0xcf, 0x00, 0x1f, 0xf8, 0x80, 0x3f, 0x9e, 0x00, 0x3f, 0xf8, 0x22, 0x01, 0xf9,
    0xe0, 0x03, 0xff, 0x84, 0xc0, 0x1f, 0x3c, 0x00, 0x7f, 0xf0, 0xc8, 0x03, 0xcf, 0x00, 0x1f, 0xfc,
    0x44, 0x02, 0x45, 0x7a, 0x80, 0x0f, 0xfe, 0x2d, 0xfe, 0xdd, 0x42, 0x80, 0x7f, 0xf1, 0x40, 0x00,
    0x00, 0xf8, 0xaf, 0xff, 0xff, 0x8d, 0xd0, 0x01, 0xf1, 0xe2, 0x00, 0x7f, 0xf1, 0x85, 0xe0, 0x03,
    0x8f, 0x44, 0x03, 0xff, 0x92, 0xc0, 0x18, 0xf4, 0x40, 0x3e, 0x30, 0x0f, 0x18, 0x07, 0xc2, 0x01,
    0x1e, 0x88, 0x07, 0xcf, 0x92, 0x01, 0xa7, 0x1c, 0x03, 0xf8, 0xf4, 0x40, 0x3e, 0x38, 0x06, 0x90,
    0x04, 0xb0, 0x41, 0x80, 0x7c, 0x7a, 0x20, 0x1f, 0x8d, 0x80, 0x0d, 0x32, 0x60, 0x03, 0x18, 0x07,
    0x8f, 0x04, 0x03, 0xfd, 0x2c, 0x00, 0x66, 0x00, 0x1a, 0x40, 0x3e, 0xe0, 0x0f, 0xfe, 0x0c, 0xb0,
    0x06, 0x69, 0x00, 0xff, 0xed, 0x70, 0x07, 0xff, 0x06, 0x58, 0x03, 0x34, 0x80, 0x7e, 0x3c, 0x00,
    0xff, 0xa5, 0x80, 0x0c, 0xc0, 0x03, 0x48, 0x07, 0xe3, 0xc1, 0x00, 0xfc, 0x6c, 0x00, 0x69, 0x93,
    0x00, 0x18, 0xc0, 0x3f, 0x1e, 0x88, 0x07, 0xc7, 0x00, 0xd2, 0x00, 0x96, 0x08, 0x30, 0x0f, 0xe3,
    0xd1, 0x00, 0xf9, 0xf2, 0x40, 0x34, 0xe3, 0x80, 0x7f, 0xc7, 0xa2, 0x01, 0xf1, 0x80, 0x78, 0xc0,
    0x3e, 0x10, 0x0e, 0x3d, 0x10, 0x0f, 0xfe, 0x4b, 0x00, 0x78, 0xf1, 0x00, 0x3f, 0xf8, 0xc2, 0xf0,
    0x00, 0x00, 0xe8, 0xff, 0xfe, 0xe8, 0x00, 0xe8, 0x70, 0x0f, 0xe1, 0x78, 0x00, 0xa1, 0xc0, 0x3f,
    0xf3, 0x00, 0x21, 0xc2, 0xfd, 0xc3, 0xfc, 0x2d, 0xfe, 0x00, 0x08, 0x43, 0x80, 0x7f, 0xf0, 0xe1,
    0xc0, 0x3f, 0xf8, 0x8e, 0x01, 0xff, 0xca, 0xe8, 0x40, 0x88, 0x0a, 0xc4, 0x00, 0x3f, 0x2b, 0x98,
    0x3b, 0x80, 0xdd, 0xc0, 0x1f, 0xff, 0xf0, 0x0f, 0xff, 0xf8, 0x07, 0xff, 0xe4, 0x40, 0x3f, 0xf8,
    0x82, 0xc0, 0x1f, 0xfc, 0x46, 0x87, 0x10, 0x0f, 0xfc, 0x2f, 0x00, 0x00, 0x00, 0xff, 0xe5, 0x90,
    0x07, 0xff, 0x2d, 0xf4, 0x40, 0x3f, 0xf9, 0x2f, 0x00, 0x1f, 0x8c, 0x03, 0xff, 0x82, 0xd0, 0x01,
    0xf0, 0xe6, 0x1c, 0x03, 0xff, 0x60, 0x07, 0xc3, 0x86, 0x1c, 0x01, 0xff, 0xc7, 0x2c, 0x20, 0x0f,
    0xfe, 0x49, 0x61, 0x00, 0x46, 0x45, 0xff, 0x84, 0x03, 0x1e, 0x08, 0x06, 0x5d, 0xdf, 0xfc, 0x80,
    0x1b, 0x84, 0x03, 0xff, 0x96, 0xa0, 0x1f, 0xfc, 0xb1, 0x87, 0x00, 0xe2, 0x66, 0xff, 0xe1, 0xc8,
    0x02, 0x20, 0x01, 0x92, 0x67, 0xff, 0x86, 0xc0, 0x13, 0xc8, 0x07, 0xff, 0x31, 0xa8, 0x00, 0x20,
    0x1f, 0xfc, 0x95, 0xb5, 0xa0, 0x0f, 0xfe, 0x28, 0x00,
};

/*---------------------
 *  GLYPH DESCRIPTION
 *--------------------*/

static const lv_font_fmt_txt_glyph_dsc_t glyph_dsc[] = {
    {.bitmap_index = 0, .adv_w = 0, .box_w = 0, .box_h = 0, .ofs_x = 0, .ofs_y = 0} /* id = 0 reserved */,
    {.bitmap_index = 0, .adv_w = 103, .box_w = 0, .box_h = 0, .ofs_x = 0, .ofs_y = 0},
    {.bitmap_index = 0, .adv_w = 103, .box_w = 4, .box_h = 17, .ofs_x = 1, .ofs_y = 0},
    {.bitmap_index = 31, .adv_w = 150, .box_w = 7, .box_h = 7, .ofs_x = 1, .ofs_y = 10},
    {.bitmap_index = 53, .adv_w = 270, .box_w = 17, .box_h = 17, .ofs_x = 0, .ofs_y = 0},
    {.bitmap_index = 168, .adv_w = 238, .box_w = 14, .box_h = 23, .ofs_x = 0, .ofs_y = -3},
    {.bitmap_index = 282, .adv_w = 324, .box_w = 20, .box_h = 17, .ofs_x = 0, .ofs_y = 0},
    {.bitmap_index = 431, .adv_w = 263, .box_w = 16, .box_h = 18, .ofs_x = 1, .ofs_y = -1},
    {.bitmap_index = 555, .adv_w = 81, .box_w = 3, .box_h = 7, .ofs_x = 1, .ofs_y = 10},
    {.bitmap_index = 565, .adv_w = 129, .box_w = 6, .box_h = 23, .ofs_x = 2, .ofs_y = -5},
    {.bitmap_index = 633, .adv_w = 130, .box_w = 6, .box_h = 23, .ofs_x = 0, .ofs_y = -5},
    {.bitmap_index = 702, .adv_w = 154, .box_w = 10, .box_h = 10, .ofs_x = 0, .ofs_y = 8},
    {.bitmap_index = 748, .adv_w = 223, .box_w = 12, .box_h = 11, .ofs_x = 1, .ofs_y = 3},
    {.bitmap_index = 776, .adv_w = 87, .box_w = 4, .box_h = 7, .ofs_x = 1, .ofs_y = -4},
    {.bitmap_index = 791, .adv_w = 147, .box_w = 7, .box_h = 3, .ofs_x = 1, .ofs_y = 6},
    {.bitmap_index = 798, .adv_w = 87, .box_w = 4, .box_h = 4, .ofs_x = 1, .ofs_y = 0},
    {.bitmap_index = 808, .adv_w = 135, .box_w = 11, .box_h = 23, .ofs_x = -1, .ofs_y = -2},
    {.bitmap_index = 891, .adv_w = 256, .box_w = 14, .box_h = 17, .ofs_x = 1, .ofs_y = 0},
    {.bitmap_index = 995, .adv_w = 142, .box_w = 7, .box_h = 17, .ofs_x = 0, .ofs_y = 0},
    {.bitmap_index = 1011, .adv_w = 220, .box_w = 13, .box_h = 17, .ofs_x = 0, .ofs_y = 0},
    {.bitmap_index = 1095, .adv_w = 220, .box_w = 13, .box_h = 17, .ofs_x = 0, .ofs_y = 0},
    {.bitmap_index = 1177, .adv_w = 257, .box_w = 16, .box_h = 17, .ofs_x = 0, .ofs_y = 0},
    {.bitmap_index = 1254, .adv_w = 220, .box_w = 13, .box_h = 17, .ofs_x = 0, .ofs_y = 0},
    {.bitmap_index = 1337, .adv_w = 237, .box_w = 14, .box_h = 17, .ofs_x = 1, .ofs_y = 0},
    {.bitmap_index = 1447, .adv_w = 230, .box_w = 14, .box_h = 17, .ofs_x = 0, .ofs_y = 0},
    {.bitmap_index = 1524, .adv_w = 247, .box_w = 14, .box_h = 17, .ofs_x = 1, .ofs_y = 0},
    {.bitmap_index = 1635, .adv_w = 237, .box_w = 14, .box_h = 17, .ofs_x = 0, .ofs_y = 0},
    {.bitmap_index = 1739, .adv_w = 87, .box_w = 4, .box_h = 13, .ofs_x = 1, .ofs_y = 0},
    {.bitmap_index = 1761, .adv_w = 87, .box_w = 4, .box_h = 17, .ofs_x = 1, .ofs_y = -4},
    {.bitmap_index = 1789, .adv_w = 223, .box_w = 12, .box_h = 11, .ofs_x = 1, .ofs_y = 3},
    {.bitmap_index = 1846, .adv_w = 223, .box_w = 12, .box_h = 8, .ofs_x = 1, .ofs_y = 5},
    {.bitmap_index = 1866, .adv_w = 223, .box_w = 12, .box_h = 11, .ofs_x = 1, .ofs_y = 3},
    {.bitmap_index = 1923, .adv_w = 220, .box_w = 13, .box_h = 17, .ofs_x = 0, .ofs_y = 0},
    {.bitmap_index = 2001, .adv_w = 397, .box_w = 23, .box_h = 22, .ofs_x = 1, .ofs_y = -5},
    {.bitmap_index = 2208, .adv_w = 281, .box_w = 19, .box_h = 17, .ofs_x = -1, .ofs_y = 0},
    {.bitmap_index = 2321, .adv_w = 291, .box_w = 15, .box_h = 17, .ofs_x = 2, .ofs_y = 0},
    {.bitmap_index = 2402, .adv_w = 278, .box_w = 16, .box_h = 17, .ofs_x = 1, .ofs_y = 0},
    {.bitmap_index = 2507, .adv_w = 317, .box_w = 17, .box_h = 17, .ofs_x = 2, .ofs_y = 0},
    {.bitmap_index = 2602, .adv_w = 257, .box_w = 13, .box_h = 17, .ofs_x = 2, .ofs_y = 0},
    {.bitmap_index = 2644, .adv_w = 244, .box_w = 13, .box_h = 17, .ofs_x = 2, .ofs_y = 0},
    {.bitmap_index = 2676, .adv_w = 296, .box_w = 16, .box_h = 17, .ofs_x = 1, .ofs_y = 0},
    {.bitmap_index = 2779, .adv_w = 312, .box_w = 15, .box_h = 17, .ofs_x = 2, .ofs_y = 0},
    {.bitmap_index = 2811, .adv_w = 119, .box_w = 3, .box_h = 17, .ofs_x = 2, .ofs_y = 0},
    {.bitmap_index = 2817, .adv_w = 197, .box_w = 11, .box_h = 17, .ofs_x = -1, .ofs_y = 0},
    {.bitmap_index = 2862, .adv_w = 276, .box_w = 16, .box_h = 17, .ofs_x = 2, .ofs_y = 0},
    {.bitmap_index = 2953, .adv_w = 228, .box_w = 13, .box_h = 17, .ofs_x = 2, .ofs_y = 0},
    {.bitmap_index = 2974, .adv_w = 367, .box_w = 19, .box_h = 17, .ofs_x = 2, .ofs_y = 0},
    {.bitmap_index = 3074, .adv_w = 312, .box_w = 15, .box_h = 17, .ofs_x = 2, .ofs_y = 0},
    {.bitmap_index = 3150, .adv_w = 323, .box_w = 19, .box_h = 17, .ofs_x = 1, .ofs_y = 0},
    {.bitmap_index = 3277, .adv_w = 277, .box_w = 15, .box_h = 17, .ofs_x = 2, .ofs_y = 0},
    {.bitmap_index = 3342, .adv_w = 323, .box_w = 19, .box_h = 20, .ofs_x = 1, .ofs_y = -3},
    {.bitmap_index = 3491, .adv_w = 279, .box_w = 15, .box_h = 17, .ofs_x = 2, .ofs_y = 0},
    {.bitmap_index = 3570, .adv_w = 238, .box_w = 14, .box_h = 17, .ofs_x = 0, .ofs_y = 0},
    {.bitmap_index = 3671, .adv_w = 225, .box_w = 14, .box_h = 17, .ofs_x = 0, .ofs_y = 0},
    {.bitmap_index = 3699, .adv_w = 304, .box_w = 15, .box_h = 17, .ofs_x = 2, .ofs_y = 0},
    {.bitmap_index = 3759, .adv_w = 273, .box_w = 19, .box_h = 17, .ofs_x = -1, .ofs_y = 0},
    {.bitmap_index = 3874, .adv_w = 432, .box_w = 27, .box_h = 17, .ofs_x = 0, .ofs_y = 0},
    {.bitmap_index = 4058, .adv_w = 258, .box_w = 16, .box_h = 17, .ofs_x = 0, .ofs_y = 0},
    {.bitmap_index = 4168, .adv_w = 248, .box_w = 17, .box_h = 17, .ofs_x = -1, .ofs_y = 0},
    {.bitmap_index = 4250, .adv_w = 252, .box_w = 15, .box_h = 17, .ofs_x = 1, .ofs_y = 0},
    {.bitmap_index = 4328, .adv_w = 128, .box_w = 6, .box_h = 23, .ofs_x = 2, .ofs_y = -5},
    {.bitmap_index = 4349, .adv_w = 135, .box_w = 11, .box_h = 23, .ofs_x = -1, .ofs_y = -2},
    {.bitmap_index = 4430, .adv_w = 128, .box_w = 6, .box_h = 23, .ofs_x = 0, .ofs_y = -5},
    {.bitmap_index = 4451, .adv_w = 224, .box_w = 12, .box_h = 10, .ofs_x = 1, .ofs_y = 3},
    {.bitmap_index = 4503, .adv_w = 192, .box_w = 12, .box_h = 2, .ofs_x = 0, .ofs_y = -1},
    {.bitmap_index = 4509, .adv_w = 230, .box_w = 7, .box_h = 3, .ofs_x = 2, .ofs_y = 15},
    {.bitmap_index = 4521, .adv_w = 230, .box_w = 12, .box_h = 13, .ofs_x = 1, .ofs_y = 0},
    {.bitmap_index = 4594, .adv_w = 262, .box_w = 14, .box_h = 18, .ofs_x = 2, .ofs_y = 0},
    {.bitmap_index = 4678, .adv_w = 219, .box_w = 12, .box_h = 13, .ofs_x = 1, .ofs_y = 0},
    {.bitmap_index = 4745, .adv_w = 262, .box_w = 14, .box_h = 18, .ofs_x = 1, .ofs_y = 0},
    {.bitmap_index = 4828, .adv_w = 235, .box_w = 13, .box_h = 13, .ofs_x = 1, .ofs_y = 0},
    {.bitmap_index = 4902, .adv_w = 136, .box_w = 10, .box_h = 18, .ofs_x = 0, .ofs_y = 0},
    {.bitmap_index = 4945, .adv_w = 265, .box_w = 14, .box_h = 18, .ofs_x = 1, .ofs_y = -5},
    {.bitmap_index = 5059, .adv_w = 262, .box_w = 13, .box_h = 18, .ofs_x = 2, .ofs_y = 0},
    {.bitmap_index = 5108, .adv_w = 107, .box_w = 4, .box_h = 18, .ofs_x = 1, .ofs_y = 0},
    {.bitmap_index = 5124, .adv_w = 109, .box_w = 9, .box_h = 23, .ofs_x = -3, .ofs_y = -5},
    {.bitmap_index = 5165, .adv_w = 237, .box_w = 13, .box_h = 18, .ofs_x = 2, .ofs_y = 0},
    {.bitmap_index = 5230, .adv_w = 107, .box_w = 3, .box_h = 18, .ofs_x = 2, .ofs_y = 0},
    {.bitmap_index = 5236, .adv_w = 406, .box_w = 22, .box_h = 13, .ofs_x = 2, .ofs_y = 0},
    {.bitmap_index = 5309, .adv_w = 262, .box_w = 13, .box_h = 13, .ofs_x = 2, .ofs_y = 0},
    {.bitmap_index = 5355, .adv_w = 244, .box_w = 14, .box_h = 13, .ofs_x = 1, .ofs_y = 0},
    {.bitmap_index = 5437, .adv_w = 262, .box_w = 14, .box_h = 18, .ofs_x = 2, .ofs_y = -5},
    {.bitmap_index = 5526, .adv_w = 262, .box_w = 14, .box_h = 18, .ofs_x = 1, .ofs_y = -5},
    {.bitmap_index = 5612, .adv_w = 157, .box_w = 8, .box_h = 13, .ofs_x = 2, .ofs_y = 0},
    {.bitmap_index = 5637, .adv_w = 192, .box_w = 12, .box_h = 13, .ofs_x = 0, .ofs_y = 0},
    {.bitmap_index = 5712, .adv_w = 159, .box_w = 10, .box_h = 16, .ofs_x = 0, .ofs_y = 0},
    {.bitmap_index = 5751, .adv_w = 260, .box_w = 13, .box_h = 13, .ofs_x = 2, .ofs_y = 0},
    {.bitmap_index = 5795, .adv_w = 215, .box_w = 15, .box_h = 13, .ofs_x = -1, .ofs_y = 0},
    {.bitmap_index = 5872, .adv_w = 345, .box_w = 22, .box_h = 13, .ofs_x = 0, .ofs_y = 0},
    {.bitmap_index = 5996, .adv_w = 212, .box_w = 13, .box_h = 13, .ofs_x = 0, .ofs_y = 0},
    {.bitmap_index = 6071, .adv_w = 215, .box_w = 15, .box_h = 18, .ofs_x = -1, .ofs_y = -5},
    {.bitmap_index = 6174, .adv_w = 200, .box_w = 12, .box_h = 13, .ofs_x = 0, .ofs_y = 0},
    {.bitmap_index = 6230, .adv_w = 135, .box_w = 7, .box_h = 23, .ofs_x = 1, .ofs_y = -5},
    {.bitmap_index = 6281, .adv_w = 115, .box_w = 3, .box_h = 23, .ofs_x = 2, .ofs_y = -5},
    {.bitmap_index = 6287, .adv_w = 135, .box_w = 8, .box_h = 23, .ofs_x = 0, .ofs_y = -5},
    {.bitmap_index = 6336, .adv_w = 223, .box_w = 12, .box_h = 4, .ofs_x = 1, .ofs_y = 7},
    {.bitmap_index = 6361, .adv_w = 161, .box_w = 8, .box_h = 10, .ofs_x = 1, .ofs_y = 9},
    {.bitmap_index = 6398, .adv_w = 121, .box_w = 5, .box_h = 5, .ofs_x = 1, .ofs_y = 4},
    {.bitmap_index = 6412, .adv_w = 384, .box_w = 24, .box_h = 25, .ofs_x = 0, .ofs_y = -3},
    {.bitmap_index = 6543, .adv_w = 384, .box_w = 24, .box_h = 18, .ofs_x = 0, .ofs_y = 0},
    {.bitmap_index = 6702, .adv_w = 384, .box_w = 24, .box_h = 22, .ofs_x = 0, .ofs_y = -2},
    {.bitmap_index = 6809, .adv_w = 384, .box_w = 24, .box_h = 18, .ofs_x = 0, .ofs_y = 0},
    {.bitmap_index = 6944, .adv_w = 264, .box_w = 17, .box_h = 18, .ofs_x = 0, .ofs_y = 0},
    {.bitmap_index = 7065, .adv_w = 384, .box_w = 24, .box_h = 24, .ofs_x = 0, .ofs_y = -3},
    {.bitmap_index = 7265, .adv_w = 384, .box_w = 24, .box_h = 24, .ofs_x = 0, .ofs_y = -3},
    {.bitmap_index = 7433, .adv_w = 432, .box_w = 27, .box_h = 22, .ofs_x = 0, .ofs_y = -2},
    {.bitmap_index = 7616, .adv_w = 384, .box_w = 24, .box_h = 24, .ofs_x = 0, .ofs_y = -3},
    {.bitmap_index = 7742, .adv_w = 432, .box_w = 27, .box_h = 18, .ofs_x = 0, .ofs_y = 0},
    {.bitmap_index = 7864, .adv_w = 384, .box_w = 24, .box_h = 26, .ofs_x = 0, .ofs_y = -4},
    {.bitmap_index = 8082, .adv_w = 192, .box_w = 12, .box_h = 19, .ofs_x = 0, .ofs_y = -1},
    {.bitmap_index = 8133, .adv_w = 288, .box_w = 18, .box_h = 19, .ofs_x = 0, .ofs_y = -1},
    {.bitmap_index = 8226, .adv_w = 432, .box_w = 27, .box_h = 24, .ofs_x = 0, .ofs_y = -3},
    {.bitmap_index = 8432, .adv_w = 384, .box_w = 24, .box_h = 18, .ofs_x = 0, .ofs_y = 0},
    {.bitmap_index = 8543, .adv_w = 264, .box_w = 17, .box_h = 24, .ofs_x = 0, .ofs_y = -3},
    {.bitmap_index = 8678, .adv_w = 336, .box_w = 15, .box_h = 22, .ofs_x = 3, .ofs_y = -2},
    {.bitmap_index = 8766, .adv_w = 336, .box_w = 21, .box_h = 26, .ofs_x = 0, .ofs_y = -4},
    {.bitmap_index = 8891, .adv_w = 336, .box_w = 21, .box_h = 22, .ofs_x = 0, .ofs_y = -2},
    {.bitmap_index = 8953, .adv_w = 336, .box_w = 21, .box_h = 22, .ofs_x = 0, .ofs_y = -2},
    {.bitmap_index = 8998, .adv_w = 336, .box_w = 15, .box_h = 22, .ofs_x = 3, .ofs_y = -2},
    {.bitmap_index = 9085, .adv_w = 336, .box_w = 23, .box_h = 22, .ofs_x = -1, .ofs_y = -2},
    {.bitmap_index = 9205, .adv_w = 240, .box_w = 13, .box_h = 22, .ofs_x = 1, .ofs_y = -2},
    {.bitmap_index = 9302, .adv_w = 240, .box_w = 13, .box_h = 22, .ofs_x = 1, .ofs_y = -2},
    {.bitmap_index = 9399, .adv_w = 336, .box_w = 21, .box_h = 22, .ofs_x = 0, .ofs_y = -2},
    {.bitmap_index = 9474, .adv_w = 336, .box_w = 21, .box_h = 6, .ofs_x = 0, .ofs_y = 6},
    {.bitmap_index = 9501, .adv_w = 432, .box_w = 27, .box_h = 18, .ofs_x = 0, .ofs_y = 0},
    {.bitmap_index = 9702, .adv_w = 480, .box_w = 31, .box_h = 24, .ofs_x = -1, .ofs_y = -3},
    {.bitmap_index = 9965, .adv_w = 432, .box_w = 29, .box_h = 24, .ofs_x = -1, .ofs_y = -3},
    {.bitmap_index = 10158, .adv_w = 384, .box_w = 24, .box_h = 22, .ofs_x = 0, .ofs_y = -2},
    {.bitmap_index = 10339, .adv_w = 336, .box_w = 21, .box_h = 14, .ofs_x = 0, .ofs_y = 2},
    {.bitmap_index = 10439, .adv_w = 336, .box_w = 21, .box_h = 14, .ofs_x = 0, .ofs_y = 2},
    {.bitmap_index = 10541, .adv_w = 480, .box_w = 31, .box_h = 19, .ofs_x = -1, .ofs_y = -1},
    {.bitmap_index = 10696, .adv_w = 384, .box_w = 24, .box_h = 18, .ofs_x = 0, .ofs_y = 0},
    {.bitmap_index = 10750, .adv_w = 384, .box_w = 24, .box_h = 24, .ofs_x = 0, .ofs_y = -3},
    {.bitmap_index = 10883, .adv_w = 384, .box_w = 25, .box_h = 25, .ofs_x = -1, .ofs_y = -3},
    {.bitmap_index = 11051, .adv_w = 336, .box_w = 22, .box_h = 22, .ofs_x = 0, .ofs_y = -2},
    {.bitmap_index = 11246, .adv_w = 336, .box_w = 21, .box_h = 24, .ofs_x = 0, .ofs_y = -3},
    {.bitmap_index = 11325, .adv_w = 336, .box_w = 21, .box_h = 22, .ofs_x = 0, .ofs_y = -2},
    {.bitmap_index = 11437, .adv_w = 336, .box_w = 21, .box_h = 20, .ofs_x = 0, .ofs_y = -1},
    {.bitmap_index = 11508, .adv_w = 384, .box_w = 24, .box_h = 18, .ofs_x = 0, .ofs_y = 0},
    {.bitmap_index = 11621, .adv_w = 240, .box_w = 17, .box_h = 24, .ofs_x = -1, .ofs_y = -3},
    {.bitmap_index = 11746, .adv_w = 336, .box_w = 21, .box_h = 24, .ofs_x = 0, .ofs_y = -3},
    {.bitmap_index = 11850, .adv_w = 336, .box_w = 21, .box_h = 24, .ofs_x = 0, .ofs_y = -3},
    {.bitmap_index = 11980, .adv_w = 432, .box_w = 27, .box_h = 18, .ofs_x = 0, .ofs_y = 0},
    {.bitmap_index = 12136, .adv_w = 384, .box_w = 26, .box_h = 26, .ofs_x = -1, .ofs_y = -4},
    {.bitmap_index = 12289, .adv_w = 288, .box_w = 18, .box_h = 24, .ofs_x = 0, .ofs_y = -3},
    {.bitmap_index = 12346, .adv_w = 480, .box_w = 30, .box_h = 23, .ofs_x = 0, .ofs_y = -2},
    {.bitmap_index = 12558, .adv_w = 480, .box_w = 30, .box_h = 16, .ofs_x = 0, .ofs_y = 1},
    {.bitmap_index = 12645, .adv_w = 480, .box_w = 30, .box_h = 16, .ofs_x = 0, .ofs_y = 1},
    {.bitmap_index = 12735, .adv_w = 480, .box_w = 30, .box_h = 16, .ofs_x = 0, .ofs_y = 1},
    {.bitmap_index = 12823, .adv_w = 480, .box_w = 30, .box_h = 16, .ofs_x = 0, .ofs_y = 1},
    {.bitmap_index = 12911, .adv_w = 480, .box_w = 30, .box_h = 16, .ofs_x = 0, .ofs_y = 1},
    {.bitmap_index = 12991, .adv_w = 480, .box_w = 31, .box_h = 20, .ofs_x = 0, .ofs_y = -1},
    {.bitmap_index = 13163, .adv_w = 336, .box_w = 19, .box_h = 24, .ofs_x = 1, .ofs_y = -3},
    {.bitmap_index = 13352, .adv_w = 336, .box_w = 21, .box_h = 24, .ofs_x = 0, .ofs_y = -3},
    {.bitmap_index = 13446, .adv_w = 384, .box_w = 25, .box_h = 25, .ofs_x = -1, .ofs_y = -4},
    {.bitmap_index = 13616, .adv_w = 480, .box_w = 30, .box_h = 18, .ofs_x = 0, .ofs_y = 0},
    {.bitmap_index = 13777, .adv_w = 288, .box_w = 18, .box_h = 24, .ofs_x = 0, .ofs_y = -3},
    {.bitmap_index = 13852, .adv_w = 386, .box_w = 25, .box_h = 16, .ofs_x = 0, .ofs_y = 1}
};

/*---------------------
 *  CHARACTER MAPPING
 *--------------------*/

static const uint16_t unicode_list_1[] = {
    0x0, 0x1f72, 0xef51, 0xef58, 0xef5b, 0xef5c, 0xef5d, 0xef61,
    0xef63, 0xef65, 0xef69, 0xef6c, 0xef71, 0xef76, 0xef77, 0xef78,
    0xef8e, 0xef93, 0xef98, 0xef9b, 0xef9c, 0xef9d, 0xefa1, 0xefa2,
    0xefa3, 0xefa4, 0xefb7, 0xefb8, 0xefbe, 0xefc0, 0xefc1, 0xefc4,
    0xefc7, 0xefc8, 0xefc9, 0xefcb, 0xefe3, 0xefe5, 0xf014, 0xf015,
    0xf017, 0xf019, 0xf030, 0xf037, 0xf03a, 0xf043, 0xf06c, 0xf074,
    0xf0ab, 0xf13b, 0xf190, 0xf191, 0xf192, 0xf193, 0xf194, 0xf1d7,
    0xf1e3, 0xf23d, 0xf254, 0xf4aa, 0xf712, 0xf7f2
};

/*Collect the unicode lists and glyph_id offsets*/
static const lv_font_fmt_txt_cmap_t cmaps[] = {
    {
        .range_start = 32, .range_length = 95, .glyph_id_start = 1,
        .unicode_list = NULL, .glyph_id_ofs_list = NULL, .list_length = 0, .type = LV_FONT_FMT_TXT_CMAP_FORMAT0_TINY
    },
    {
        .range_start = 176, .range_length = 63475, .glyph_id_start = 96,
        .unicode_list = unicode_list_1, .glyph_id_ofs_list = NULL, .list_length = 62, .type = LV_FONT_FMT_TXT_CMAP_SPARSE_TINY
    }
};

/*-----------------
 *    KERNING
 *----------------*/

/*Map glyph_ids to kern left classes*/
static const uint8_t kern_left_class_mapping[] = {
    0, 0, 1, 2, 0, 3, 4, 5,
    2, 6, 7, 8, 9, 10, 9, 10,
    11, 12, 0, 13, 14, 15, 16, 17,
    18, 19, 12, 20, 20, 0, 0, 0,
    21, 22, 23, 24, 25, 22, 26, 27,
    28, 29, 29, 30, 31, 32, 29, 29,
    22, 33, 34, 35, 3, 36, 30, 37,
    37, 38, 39, 40, 41, 42, 43, 0,
    44, 0, 45, 46, 47, 48, 49, 50,
    51, 45, 52, 52, 53, 48, 45, 45,
    46, 46, 54, 55, 56, 57, 51, 58,
    58, 59, 58, 60, 41, 0, 0, 9,
    61, 9, 0, 0, 0, 0, 0, 0,
    0, 0, 0, 0, 0, 0, 0, 0,
    0, 0, 0, 0, 0, 0, 0, 0,
    0, 0, 0, 0, 0, 0, 0, 0,
    0, 0, 0, 0, 0, 0, 0, 0,
    0, 0, 0, 0, 0, 0, 0, 0,
    0, 0, 0, 0, 0, 0, 0, 0,
    0, 0, 0, 0, 0, 0
};

/*Map glyph_ids to kern right classes*/
static const uint8_t kern_right_class_mapping[] = {
    0, 0, 1, 2, 0, 3, 4, 5,
    2, 6, 7, 8, 9, 10, 9, 10,
    11, 12, 13, 14, 15, 16, 17, 12,
    18, 19, 20, 21, 21, 0, 0, 0,
    22, 23, 24, 25, 23, 25, 25, 25,
    23, 25, 25, 26, 25, 25, 25, 25,
    23, 25, 23, 25, 3, 27, 28, 29,
    29, 30, 31, 32, 33, 34, 35, 0,
    36, 0, 37, 38, 39, 39, 39, 0,
    39, 38, 40, 41, 38, 38, 42, 42,
    39, 42, 39, 42, 43, 44, 45, 46,
    46, 47, 46, 48, 0, 0, 35, 9,
    49, 9, 0, 0, 0, 0, 0, 0,
    0, 0, 0, 0, 0, 0, 0, 0,
    0, 0, 0, 0, 0, 0, 0, 0,
    0, 0, 0, 0, 0, 0, 0, 0,
    0, 0, 0, 0, 0, 0, 0, 0,
    0, 0, 0, 0, 0, 0, 0, 0,
    0, 0, 0, 0, 0, 0, 0, 0,
    0, 0, 0, 0, 0, 0
};

/*Kern values between classes*/
static const int8_t kern_class_values[] = {
    0, 1, 0, 0, 0, 0, 0, 0,
    0, 1, 0, 0, 4, 0, 0, 0,
    0, 3, 0, 0, 0, 0, 0, 0,
    0, 0, 0, 0, 0, 0, 0, 0,
    0, 0, 1, 0, 0, 0, 0, 0,
    0, 0, 0, 0, 0, 0, 0, 0,
    0, 1, 17, 0, 10, -8, 0, 0,
    0, 0, -21, -23, 3, 18, 8, 7,
    -15, 3, 19, 1, 16, 4, 12, 0,
    0, 0, 0, 0, 0, 0, 0, 0,
    0, 0, 23, 3, -3, 0, 0, 0,
    0, 0, 0, 0, 0, 0, 0, 0,
    0, 8, 0, -12, 0, 0, 0, 0,
    0, -8, 7, 8, 0, 0, -4, 0,
    -3, 4, 0, -4, 0, -4, -2, -8,
    0, 0, 0, 0, -4, 0, 0, -5,
    -6, 0, 0, -4, 0, -8, 0, 0,
    0, 0, 0, 0, 0, 0, 0, -4,
    -4, 0, -6, 0, -10, 0, -46, 0,
    0, -8, 0, 8, 12, 0, 0, -8,
    4, 4, 13, 8, -7, 8, 0, 0,
    -22, 0, 0, 0, 0, 0, 0, 0,
    0, 0, 0, 0, -14, 0, 0, 0,
    0, 0, 0, 0, 0, 0, 0, 0,
    0, 0, 0, -10, -5, -19, 0, -15,
    -3, 0, 0, 0, 0, 1, 15, 0,
    -12, -3, -1, 1, 0, -7, 0, 0,
    -3, -28, 0, 0, 0, 0, 0, 0,
    0, 0, 0, 0, 0, -31, -3, 15,
    0, 0, 0, 0, 0, 0, 0, 0,
    0, 0, 0, 0, -16, 0, 0, 0,
    0, 0, 0, 0, 0, 0, 0, 13,
    0, 4, 0, 0, -8, 0, 0, 0,
    0, 0, 0, 0, 0, 0, 0, 0,
    0, 0, 0, 0, 0, 0, 15, 3,
    1, 0, 0, 0, 0, 0, 0, 0,
    0, 0, 0, 0, 0, 0, 0, 0,
    0, 0, 0, 0, 0, 0, 0, 0,
    0, 0, 0, 0, 0, 0, 0, 0,
    0, 0, 0, 0, 0, 0, 0, 0,
    -14, 0, 0, 0, 0, 0, 0, 0,
    0, 0, 0, 0, 0, 0, 0, 0,
    0, 0, 0, 0, 0, 0, 0, 3,
    8, 4, 12, -4, 0, 0, 8, -4,
    -13, -53, 3, 10, 8, 1, -5, 0,
    14, 0, 12, 0, 12, 0, -36, 0,
    -5, 12, 0, 13, -4, 8, 4, 0,
    0, 1, -4, 0, 0, -7, 31, 0,
    31, 0, 12, 0, 16, 5, 7, 12,
    0, 0, 0, -14, 0, 0, 0, 0,
    1, -3, 0, 3, -7, -5, -8, 3,
    0, -4, 0, 0, 0, -15, 0, 0,
    0, 0, 0, 0, 0, 0, 0, 0,
    0, -25, 0, 0, 0, 0, 0, 0,
    0, 0, 0, 0, 0, 0, 0, 0,
    0, 1, -21, 0, -24, 0, 0, 0,
    0, -3, 0, 38, -5, -5, 4, 4,
    -3, 0, -5, 4, 0, 0, -20, 0,
    0, 0, 0, 0, 0, 0, 0, 0,
    0, 0, -37, 0, 4, 0, 0, 0,
    0, 0, 0, 0, 0, 0, 0, 0,
    0, -24, 0, 23, 0, 0, -14, 0,
    13, 0, -26, -37, -26, -8, 12, 0,
    0, -26, 0, 5, -9, 0, -6, 0,
    0, 0, 0, 0, 0, 0, 0, 0,
    0, 0, 0, 10, 12, -47, 0, 0,
    0, 0, 0, 0, 0, 0, 0, 0,
    0, 0, 18, 0, 3, 0, 0, 0,
    0, 0, 3, 3, -5, -8, 0, -1,
    -1, -4, 0, 0, -3, 0, 0, 0,
    -8, 0, -3, 0, -9, -8, 0, -10,
    -13, -13, -7, 0, -8, 0, -8, 0,
    0, 0, 0, -3, 0, 0, 4, 0,
    3, -4, 0, 1, 0, 0, 0, 4,
    -3, 0, 0, 0, -3, 4, 4, -1,
    0, 0, 0, -7, 0, -1, 0, 0,
    0, 0, 0, 1, 0, 5, -3, 0,
    -5, 0, -7, 0, 0, -3, 0, 12,
    0, 0, -4, 0, 0, 0, 0, 0,
    -1, 1, -3, -3, 0, 0, -4, 0,
    -4, 0, 0, 0, 0, 0, 0, 0,
    0, 0, -2, -2, 0, -4, -5, 0,
    0, 0, 0, 0, 1, 0, 0, -3,
    0, -4, -4, -4, 0, 0, 0, 0,
    0, 0, 0, 0, 0, -2, 0, 0,
    0, 0, -3, -5, 0, -6, 0, -12,
    -3, -12, 8, 0, 0, -8, 4, 8,
    10, 0, -10, -1, -5, 0, -1, -18,
    4, -3, 3, -20, 4, 0, 0, 1,
    -20, 0, -20, -3, -33, -3, 0, -19,
    0, 8, 11, 0, 5, 0, 0, 0,
    0, 1, 0, -7, -5, 0, -12, 0,
    0, 0, -4, 0, 0, 0, -4, 0,
    0, 0, 0, 0, -2, -2, 0, -2,
    -5, 0, 0, 0, 0, 0, 0, 0,
    -4, -4, 0, -3, -5, -3, 0, 0,
    -4, 0, 0, 0, 0, 0, 0, 0,
    0, 0, 0, 0, -3, -3, 0, -5,
    0, -3, 0, -8, 4, 0, 0, -5,
    2, 4, 4, 0, 0, 0, 0, 0,
    0, -3, 0, 0, 0, 0, 0, 3,
    0, 0, -4, 0, -4, -3, -5, 0,
    0, 0, 0, 0, 0, 0, 3, 0,
    -3, 0, 0, 0, 0, -4, -6, 0,
    -7, 0, 12, -3, 1, -12, 0, 0,
    10, -19, -20, -16, -8, 4, 0, -3,
    -25, -7, 0, -7, 0, -8, 6, -7,
    -25, 0, -10, 0, 0, 2, -1, 3,
    -3, 0, 4, 0, -12, -15, 0, -19,
    -9, -8, -9, -12, -5, -10, -1, -7,
    -10, 2, 0, 1, 0, -4, 0, 0,
    0, 3, 0, 4, 0, 0, 0, 0,
    0, 0, 0, 0, 0, 0, 0, -4,
    0, -2, 0, -1, -4, 0, -7, -8,
    -8, -1, 0, -12, 0, 0, 0, 0,
    0, 0, -3, 0, 0, 0, 0, 2,
    -2, 0, 0, 0, 4, 0, 0, 0,
    0, 0, 0, 0, 0, 18, 0, 0,
    0, 0, 0, 0, 3, 0, 0, 0,
    -4, 0, 0, 0, 0, 0, 0, 0,
    0, 0, 0, 0, -7, 0, 4, 0,
    0, 0, 0, 0, 0, 0, 0, 0,
    0, 0, 0, 0, -3, 0, 0, 0,
    -7, 0, 0, 0, 0, -19, -12, 0,
    0, 0, -6, -19, 0, 0, -4, 4,
    0, -10, 0, 0, 0, 0, 0, 0,
    0, 0, 0, 0, -6, 0, 0, -7,
    0, 0, 0, 0, 0, 0, 0, 0,
    0, 0, 0, 0, 4, 0, -7, 0,
    0, 0, 0, 5, 0, 3, -8, -8,
    0, -4, -4, -5, 0, 0, 0, 0,
    0, 0, -12, 0, -4, 0, -6, -4,
    0, -8, -10, -12, -3, 0, -8, 0,
    -12, 0, 0, 0, 0, 31, 0, 0,
    2, 0, 0, -5, 0, 4, 0, -17,
    0, 0, 0, 0, 0, -36, -7, 13,
    12, -3, -16, 0, 4, -6, 0, -19,
    -2, -5, 4, -27, -4, 5, 0, 6,
    -13, -6, -14, -13, -16, 0, 0, -23,
    0, 22, 0, 0, -2, 0, 0, 0,
    -2, -2, -4, -10, -13, -1, -36, 0,
    0, 0, 0, 0, 0, 0, 0, 0,
    1, 0, 0, 0, 0, 0, 0, 0,
    0, 0, 0, 0, 0, 0, 0, 0,
    0, -4, 0, -2, -4, -6, 0, 0,
    -8, 0, -4, 0, 0, 0, 0, 0,
    0, 0, 0, 0, 0, 0, 0, 0,
    0, 0, -1, 0, -8, 0, 0, 8,
    -1, 5, 0, -8, 4, -3, -1, -10,
    -4, 0, -5, -4, -3, 0, -6, -7,
    0, 0, -3, -1, -3, -7, -5, 0,
    0, -4, 0, 4, -3, 0, -8, 0,
    0, 0, -8, 0, -7, 0, -7, -7,
    4, 0, 0, 0, 0, 0, 0, 0,
    0, -8, 4, 0, -5, 0, -3, -5,
    -12, -3, -3, -3, -1, -3, -5, -1,
    0, 0, 0, 0, 0, -4, -3, -3,
    0, 0, 0, 0, 5, -3, 0, -3,
    0, 0, 0, -3, -5, -3, -3, -5,
    -3, 0, 3, 15, -1, 0, -10, 0,
    -3, 8, 0, -4, -16, -5, 6, 0,
    0, -18, -7, 4, -7, 3, 0, -3,
    -3, -12, 0, -6, 2, 0, 0, -7,
    0, 0, 0, 4, 4, -8, -7, 0,
    -7, -4, -6, -4, -4, 0, -7, 2,
    -7, -7, 12, 0, 0, 0, 0, 0,
    0, 0, 0, 0, 4, 0, 0, 0,
    0, 0, 0, 0, 0, 0, 0, 0,
    0, 0, 0, 0, 0, 0, 0, 0,
    0, 0, 0, 0, -7, 0, 0, 0,
    0, 0, 0, 0, 0, 0, 0, 0,
    0, 0, 0, 0, 0, 0, 0, 0,
    0, 0, 0, 0, 0, 0, 0, 0,
    0, 0, 0, 0, 0, 0, 0, 0,
    0, 0, 0, 0, 0, 0, 0, 0,
    -3, 0, 0, 0, 0, 0, 0, 0,
    0, 0, 0, 0, 0, 0, 0, 0,
    0, 0, 0, 0, 0, 0, 0, 0,
    0, 0, 0, 0, 0, 0, -3, -4,
    0, 0, 0, 0, 0, 0, 0, 0,
    0, 0, 0, 0, -6, 0, 0, -5,
    0, 0, -4, -4, 0, 0, 0, 0,
    -4, 0, 0, 0, 0, -2, 0, 0,
    0, 0, 0, -3, 0, 0, 0, 0,
    -6, 0, -8, 0, 0, 0, -13, 0,
    3, -8, 8, 1, -3, -18, 0, 0,
    -8, -4, 0, -15, -10, -11, 0, 0,
    -17, -4, -15, -15, -18, 0, -10, 0,
    3, 26, -5, 0, -9, -4, -1, -4,
    -7, -10, -7, -14, -16, -9, -4, 0,
    0, -3, 0, 1, 0, 0, -27, -3,
    12, 8, -8, -14, 0, 1, -12, 0,
    -19, -3, -4, 8, -35, -5, 1, 0,
    0, -25, -5, -20, -4, -28, 0, 0,
    -27, 0, 23, 1, 0, -3, 0, 0,
    0, 0, -2, -3, -15, -3, 0, -25,
    0, 0, 0, 0, -12, 0, -3, 0,
    -1, -11, -18, 0, 0, -2, -6, -12,
    -4, 0, -3, 0, 0, 0, 0, -17,
    -4, -13, -12, -3, -7, -10, -4, -7,
    0, -8, -3, -13, -6, 0, -5, -7,
    -4, -7, 0, 2, 0, -3, -13, 0,
    8, 0, -7, 0, 0, 0, 0, 5,
    0, 3, -8, 16, 0, -4, -4, -5,
    0, 0, 0, 0, 0, 0, -12, 0,
    -4, 0, -6, -4, 0, -8, -10, -12,
    -3, 0, -8, 3, 15, 0, 0, 0,
    0, 31, 0, 0, 2, 0, 0, -5,
    0, 4, 0, 0, 0, 0, 0, 0,
    0, 0, -1, 0, 0, 0, 0, 0,
    -3, -8, 0, 0, 0, 0, 0, -2,
    0, 0, 0, -4, -4, 0, 0, -8,
    -4, 0, 0, -8, 0, 7, -2, 0,
    0, 0, 0, 0, 0, 2, 0, 0,
    0, 0, 6, 8, 3, -3, 0, -12,
    -6, 0, 12, -13, -12, -8, -8, 15,
    7, 4, -33, -3, 8, -4, 0, -4,
    4, -4, -13, 0, -4, 4, -5, -3,
    -12, -3, 0, 0, 12, 8, 0, -11,
    0, -21, -5, 11, -5, -15, 1, -5,
    -13, -13, -4, 15, 4, 0, -6, 0,
    -10, 0, 3, 13, -9, -14, -15, -10,
    12, 0, 1, -28, -3, 4, -7, -3,
    -9, 0, -8, -14, -6, -6, -3, 0,
    0, -9, -8, -4, 0, 12, 9, -4,
    -21, 0, -21, -5, 0, -13, -22, -1,
    -12, -7, -13, -11, 10, 0, 0, -5,
    0, -8, -3, 0, -4, -7, 0, 7,
    -13, 4, 0, 0, -20, 0, -4, -8,
    -7, -3, -12, -10, -13, -9, 0, -12,
    -4, -9, -7, -12, -4, 0, 0, 1,
    18, -7, 0, -12, -4, 0, -4, -8,
    -9, -10, -11, -15, -5, -8, 8, 0,
    -6, 0, -19, -5, 2, 8, -12, -14,
    -8, -13, 13, -4, 2, -36, -7, 8,
    -8, -7, -14, 0, -12, -16, -5, -4,
    -3, -4, -8, -12, -1, 0, 0, 12,
    11, -3, -25, 0, -23, -9, 9, -15,
    -26, -8, -13, -16, -19, -13, 8, 0,
    0, 0, 0, -5, 0, 0, 4, -5,
    8, 3, -7, 8, 0, 0, -12, -1,
    0, -1, 0, 1, 1, -3, 0, 0,
    0, 0, 0, 0, -4, 0, 0, 0,
    0, 3, 12, 1, 0, -5, 0, 0,
    0, 0, -3, -3, -5, 0, 0, 0,
    1, 3, 0, 0, 0, 0, 3, 0,
    -3, 0, 15, 0, 7, 1, 1, -5,
    0, 8, 0, 0, 0, 3, 0, 0,
    0, 0, 0, 0, 0, 0, 0, 0,
    0, 12, 0, 11, 0, 0, 0, 0,
    0, 0, 0, 0, 0, 0, 0, 0,
    0, 0, -23, 0, -4, 7, 0, 12,
    0, 0, 38, 5, -8, -8, 4, 4,
    -3, 1, -19, 0, 0, 18, -23, 0,
    0, 0, 0, 0, 0, 0, 0, 0,
    0, 0, -26, 15, 54, 0, 0, 0,
    0, 0, 0, 0, 0, 0, 0, 0,
    0, -23, 0, 0, 0, 0, 0, 0,
    0, 0, 0, 0, 0, 0, 0, 0,
    0, 0, 0, 0, 0, 0, 0, 0,
    0, 0, 0, 0, -6, 0, 0, -7,
    -3, 0, 0, 0, 0, 0, 0, 0,
    0, 0, 0, 0, 0, 0, 0, 0,
    0, 0, 0, 0, -3, 0, -10, 0,
    0, 1, 0, 0, 4, 50, -8, -3,
    12, 10, -10, 4, 0, 0, 4, 4,
    -5, 0, 0, 0, 0, 0, 0, 0,
    0, 0, 0, 0, -50, 11, 0, 0,
    0, 0, 0, 0, 0, 0, 0, 0,
    0, 0, 0, 0, 0, 0, 0, -11,
    0, 0, 0, -10, 0, 0, 0, 0,
    -8, -2, 0, 0, 0, -8, 0, -5,
    0, -18, 0, 0, 0, 0, 0, 0,
    0, 0, 0, 0, 0, -26, 0, 0,
    0, 0, 1, 0, 0, 0, 0, 0,
    0, -4, 0, 0, -7, 0, -6, 0,
    -10, 0, 0, 0, -7, 4, -5, 0,
    0, -10, -4, -9, 0, 0, -10, 0,
    -4, 0, -18, 0, -4, 0, 0, -31,
    -7, -15, -4, -14, 0, 0, -26, 0,
    -10, -2, 0, 0, 0, 0, 0, 0,
    0, 0, -6, -7, -3, -7, 0, 0,
    0, 0, -8, 0, -8, 5, -4, 8,
    0, -3, -9, -3, -7, -7, 0, -5,
    -2, -3, 3, -10, -1, 0, 0, 0,
    -34, -3, -5, 0, -8, 0, -3, -18,
    -3, 0, 0, -3, -3, 0, 0, 0,
    0, 3, 0, -3, -7, -3, 7, 0,
    0, 0, 0, 0, 0, 0, 0, 0,
    0, 0, 0, 0, 0, 0, 0, 0,
    0, 0, 0, 0, 0, 0, 0, 0,
    0, 0, 0, 0, 0, 0, 0, 0,
    0, 0, 0, 0, 0, 0, 0, 0,
    0, 0, 5, 0, 0, 0, 0, 0,
    0, -8, 0, -3, 0, 0, 0, -8,
    4, 0, 0, 0, -10, -4, -8, 0,
    0, -11, 0, -4, 0, -18, 0, 0,
    0, 0, -37, 0, -8, -14, -19, 0,
    0, -26, 0, -3, -6, 0, 0, 0,
    0, 0, 0, 0, 0, -4, -6, -2,
    -6, 1, 0, 0, 7, -5, 0, 12,
    19, -4, -4, -12, 5, 19, 7, 8,
    -10, 5, 16, 5, 11, 8, 10, 0,
    0, 0, 0, 0, 0, 0, 0, 0,
    0, 0, 24, 18, -7, -4, 0, -3,
    31, 17, 31, 0, 0, 0, 4, 0,
    0, 14, 0, 0, -6, 0, 0, 0,
    0, 0, 0, 0, 0, 0, -3, 0,
    0, 0, 0, 0, 0, 0, 0, 5,
    0, 0, 0, 0, -32, -5, -3, -16,
    -19, 0, 0, -26, 0, 0, 0, 0,
    0, 0, 0, 0, 0, 0, 0, 0,
    0, 0, 0, 0, 0, -6, 0, 0,
    0, 0, 0, 0, 0, 0, 0, -3,
    0, 0, 0, 0, 0, 0, 0, 0,
    5, 0, 0, 0, 0, -32, -5, -3,
    -16, -19, 0, 0, -15, 0, 0, 0,
    0, 0, 0, 0, 0, 0, 0, 0,
    0, 0, 0, 0, 0, 0, 0, 0,
    -3, 0, 0, 0, -9, 4, 0, -4,
    3, 7, 4, -12, 0, -1, -3, 4,
    0, 3, 0, 0, 0, 0, -10, 0,
    -3, -3, -8, 0, -3, -15, 0, 24,
    -4, 0, -8, -3, 0, -3, -7, 0,
    -4, -11, -8, -5, 0, 0, 0, -6,
    0, 0, 0, 0, 0, 0, 0, 0,
    0, -3, 0, 0, 0, 0, 0, 0,
    0, 0, 5, 0, 0, 0, 0, -32,
    -5, -3, -16, -19, 0, 0, -26, 0,
    0, 0, 0, 0, 0, 19, 0, 0,
    0, 0, 0, 0, 0, 0, 0, 0,
    -6, 0, -12, -5, -3, 12, -3, -4,
    -15, 1, -2, 1, -3, -10, 1, 8,
    1, 3, 1, 3, -9, -15, -5, 0,
    -15, -7, -10, -16, -15, 0, -6, -8,
    -5, -5, -3, -3, -5, -3, 0, -3,
    -1, 6, 0, 6, -3, 0, 12, 0,
    0, 0, 0, 0, 0, 0, 0, 0,
    0, 0, 0, -3, -4, -4, 0, 0,
    -10, 0, -2, 0, -7, 0, 0, 0,
    0, 0, 0, 0, 0, 0, 0, 0,
    -23, 0, 0, 0, 0, 0, 0, 0,
    0, 0, 0, 0, -4, -4, 0, -5,
    0, 0, 0, 0, -3, 0, 0, -7,
    -4, 4, 0, -7, -7, -3, 0, -11,
    -3, -8, -3, -5, 0, -7, 0, 0,
    0, 0, 0, 0, 0, 0, 0, 0,
    0, -26, 0, 12, 0, 0, -7, 0,
    0, 0, 0, -5, 0, -4, 0, 0,
    -2, 0, 0, -3, 0, -9, 0, 0,
    16, -5, -13, -12, 3, 4, 4, -1,
    -11, 3, 6, 3, 12, 3, 13, -3,
    -10, 0, 0, -15, 0, 0, -12, -10,
    0, 0, -8, 0, -5, -7, 0, -6,
    0, -6, 0, -3, 6, 0, -3, -12,
    -4, 14, 0, 0, -3, 0, -8, 0,
    0, 5, -9, 0, 4, -4, 3, 0,
    0, -13, 0, -3, -1, 0, -4, 4,
    -3, 0, 0, 0, -16, -5, -8, 0,
    -12, 0, 0, -18, 0, 14, -4, 0,
    -7, 0, 2, 0, -4, 0, -4, -12,
    0, -4, 4, 0, 0, 0, 0, -3,
    0, 0, 4, -5, 1, 0, 0, -5,
    -3, 0, -5, 0, 0, 0, 0, 0,
    0, 0, 0, 0, 0, 0, 0, 0,
    0, 0, 0, 0, -24, 0, 8, 0,
    0, -3, 0, 0, 0, 0, 1, 0,
    -4, -4, 0, 0, 0, 8, 0, 9,
    0, 0, 0, 0, 0, -24, -22, 1,
    17, 12, 7, -15, 3, 16, 0, 14,
    0, 8, 0, 0, 0, 0, 0, 0,
    0, 0, 0, 0, 0, 20, 0, 0,
    0, 0, 0, 0, 0, 0, 0, 0,
    0, 0, 0, 0, 0
};

/*Collect the kern class' data in one place*/
static const lv_font_fmt_txt_kern_classes_t kern_classes = {
    .class_pair_values   = kern_class_values,
    .left_class_mapping  = kern_left_class_mapping,
    .right_class_mapping = kern_right_class_mapping,
    .left_class_cnt      = 61,
    .right_class_cnt     = 49,
};

/*--------------------
 *  ALL CUSTOM DATA
 *--------------------*/

#if LVGL_VERSION_MAJOR >= 8
/*Store all the custom data of the font*/

static const lv_font_fmt_txt_dsc_t font_dsc = {
#else
static lv_font_fmt_txt_dsc_t font_dsc = {
#endif
    .glyph_bitmap = glyph_bitmap,
    .glyph_dsc = glyph_dsc,
    .cmaps = cmaps,
    .kern_dsc = &kern_classes,
    .kern_scale = 16,
    .cmap_num = 2,
    .bpp = 4,
    .kern_classes = 1,
    .bitmap_format = 1,

};

/*-----------------
 *  PUBLIC FONT
 *----------------*/

/*Initialize a public general font descriptor*/
#if LVGL_VERSION_MAJOR >= 8
const lv_font_t printdeck_font_montserrat_24 = {
#else
lv_font_t printdeck_font_montserrat_24 = {
#endif
    .get_glyph_dsc = lv_font_get_glyph_dsc_fmt_txt,    /*Function pointer to get glyph's data*/
    .get_glyph_bitmap = printdeck_compressed_glyph_bitmap,    /*Function pointer to get glyph's bitmap*/
    .line_height = 27,          /*The maximum line height required by the font*/
    .base_line = 5,             /*Baseline measured from the bottom of the line*/
#if !(LVGL_VERSION_MAJOR == 6 && LVGL_VERSION_MINOR == 0)
    .subpx = LV_FONT_SUBPX_NONE,
#endif
#if LV_VERSION_CHECK(7, 4, 0) || LVGL_VERSION_MAJOR >= 8
    .underline_position = -2,
    .underline_thickness = 1,
#endif
    .dsc = &font_dsc           /*The custom font data. Will be accessed by `get_glyph_bitmap/dsc` */
};

#endif /*#if LV_FONT_MONTSERRAT_24*/

#ifdef ESP_PLATFORM
extern const lv_font_t __wrap_lv_font_montserrat_24
    __attribute__((alias("printdeck_font_montserrat_24")));
#endif
