/* Lossless glyph storage derived from LVGL 9.5.0.
 * Pixel coverage, metrics, character maps and kerning are preserved.
 * LVGL: MIT, Copyright (c) 2025 LVGL Kft. See LICENSE-LVGL.txt.
 * Glyph licenses: Montserrat Medium and Font Awesome, SIL OFL 1.1;
 * see the corresponding notices in THIRD_PARTY.md.
 */
#include "printdeck/platform/compressed_font.h"
/*******************************************************************************
 * Size: 32 px
 * Bpp: 4
 * Opts: --no-compress --no-prefilter --bpp 4 --size 32 --font Montserrat-Medium.ttf -r 0x20-0x7F,0xB0,0x2022 --font FontAwesome5-Solid+Brands+Regular.woff -r 61441,61448,61451,61452,61452,61453,61457,61459,61461,61465,61468,61473,61478,61479,61480,61502,61507,61512,61515,61516,61517,61521,61522,61523,61524,61543,61544,61550,61552,61553,61556,61559,61560,61561,61563,61587,61589,61636,61637,61639,61641,61664,61671,61674,61683,61724,61732,61787,61931,62016,62017,62018,62019,62020,62087,62099,62212,62189,62810,63426,63650 --format lvgl -o printdeck_font_montserrat_32.c --force-fast-kern-format
 ******************************************************************************/

#ifdef LV_LVGL_H_INCLUDE_SIMPLE
    #include "lvgl.h"
#else
    #include "lvgl.h"
#endif

#ifndef LV_FONT_MONTSERRAT_32
    #define LV_FONT_MONTSERRAT_32 1
#endif

#if LV_FONT_MONTSERRAT_32

/*-----------------
 *    BITMAPS
 *----------------*/

/*Store the image of the glyphs*/
static LV_ATTRIBUTE_LARGE_CONST const uint8_t glyph_bitmap[] = {
    0x7f, 0xf8, 0x40, 0x30, 0x88, 0x03, 0x18, 0x07, 0xc2, 0x02, 0x01, 0xf1, 0x83, 0x80, 0x04, 0x04,
    0x03, 0xe7, 0x03, 0x00, 0xf8, 0x40, 0x40, 0x06, 0x01, 0xfc, 0x20, 0x0c, 0xc4, 0x80, 0x0c, 0xc2,
    0x01, 0xe2, 0xdf, 0xa0, 0x92, 0x05, 0x41, 0x00, 0xd0, 0x60, 0xc8, 0x00, 0xff, 0x58, 0x00, 0xbf,
    0xce, 0x00, 0x10, 0x0f, 0x08, 0x07, 0xc2, 0x00, 0x30, 0x01, 0x80, 0x7f, 0xe3, 0x01, 0x00, 0xe3,
    0x00, 0xe1, 0x00, 0xff, 0x86, 0x9b, 0x00, 0x26, 0x68, 0x00, 0x00, 0xfa, 0xfe, 0x00, 0x39, 0xbf,
    0x40, 0x3f, 0xe6, 0x0e, 0x00, 0xef, 0x06, 0x00, 0xff, 0x88, 0x08, 0x03, 0x88, 0x08, 0x03, 0xfc,
    0x40, 0x06, 0x00, 0xe6, 0x0f, 0x00, 0xff, 0x30, 0x00, 0x80, 0x38, 0x80, 0x80, 0x38, 0x7f, 0xf5,
    0x80, 0x3f, 0xfc, 0x00, 0xbf, 0xfa, 0x80, 0x3f, 0xf9, 0x63, 0x55, 0x8c, 0x12, 0xab, 0x98, 0x06,
    0xab, 0x48, 0x01, 0x57, 0x00, 0x31, 0x57, 0xb8, 0x09, 0x57, 0x18, 0x07, 0x88, 0x04, 0x03, 0xb8,
    0x18, 0x03, 0xfe, 0x10, 0x20, 0x0e, 0x20, 0x20, 0x0f, 0xf1, 0x00, 0x18, 0x03, 0x98, 0x3c, 0x03,
    0xfc, 0xc0, 0x02, 0x00, 0xe2, 0x02, 0x00, 0xff, 0x10, 0x08, 0x07, 0xe6, 0x00, 0xe2, 0xff, 0xd2,
    0x03, 0xff, 0xe0, 0x06, 0x7f, 0xd2, 0x01, 0xff, 0xcb, 0x2a, 0xac, 0x40, 0xb5, 0x5c, 0xc0, 0x35,
    0x5c, 0x00, 0x55, 0xc0, 0x0c, 0x55, 0xe1, 0x05, 0x5e, 0x30, 0x0f, 0x10, 0x10, 0x07, 0x10, 0x10,
    0x07, 0xf8, 0x40, 0x0c, 0x01, 0xcc, 0x1c, 0x01, 0xfe, 0x20, 0x01, 0x00, 0x71, 0x01, 0x00, 0x7f,
    0x98, 0x04, 0x03, 0xc2, 0x0c, 0x01, 0xe0, 0x00, 0x00, 0xfd, 0xde, 0x40, 0x1f, 0xff, 0x52, 0x8c,
    0xe1, 0x0d, 0xeb, 0x82, 0x00, 0xf4, 0xeb, 0x98, 0x80, 0x42, 0x8f, 0xb6, 0x40, 0x15, 0xb0, 0x04,
    0x60, 0x02, 0x10, 0x09, 0x1c, 0x00, 0xe8, 0x00, 0x7e, 0xc1, 0x0f, 0xee, 0x49, 0x8a, 0x80, 0x24,
    0x01, 0x10, 0x10, 0x0e, 0x16, 0xcc, 0x00, 0x04, 0x40, 0x07, 0x00, 0xff, 0x10, 0x07, 0xff, 0x20,
    0x40, 0x27, 0x00, 0xff, 0xe1, 0x38, 0x02, 0x28, 0xc0, 0x3f, 0xf4, 0x90, 0x01, 0x73, 0x44, 0x04,
    0x03, 0xf0, 0xe2, 0x80, 0x44, 0x00, 0xcd, 0x82, 0x00, 0xf0, 0xd6, 0xb9, 0x00, 0x62, 0x7d, 0xb2,
    0x00, 0xf1, 0x46, 0xf0, 0x80, 0x80, 0x49, 0xa8, 0x01, 0xf8, 0x40, 0x19, 0xac, 0x01, 0x50, 0x07,
    0xfe, 0x29, 0xc0, 0x00, 0xa8, 0x07, 0xff, 0x04, 0xd4, 0x01, 0xa0, 0x1f, 0xfc, 0x7b, 0x50, 0x0f,
    0xf0, 0xa0, 0x03, 0x11, 0x15, 0x8a, 0x20, 0x1e, 0x3c, 0x10, 0x24, 0x10, 0x01, 0xd7, 0x6e, 0x08,
    0x77, 0x30, 0x80, 0x1c, 0x0b, 0x88, 0x01, 0x11, 0x80, 0x0c, 0x40, 0x05, 0x86, 0x00, 0x3b, 0xd8,
    0x42, 0x00, 0xc2, 0xb5, 0xa6, 0x01, 0xc4, 0xf7, 0xbe, 0x21, 0xbd, 0x4a, 0x01, 0xff, 0xe4, 0x97,
    0x30, 0x0f, 0x80, 0x00, 0x00, 0x15, 0x77, 0xec, 0x08, 0x07, 0xf3, 0xff, 0x08, 0x06, 0x3d, 0x51,
    0x22, 0x3e, 0x08, 0x07, 0xc5, 0x01, 0x62, 0x01, 0xb4, 0x1f, 0xf7, 0xd4, 0xa8, 0x03, 0xee, 0x05,
    0x50, 0x06, 0x61, 0x28, 0x00, 0xac, 0x10, 0xc0, 0x3a, 0x0c, 0x68, 0x03, 0xb0, 0x28, 0x03, 0x0a,
    0x82, 0x00, 0x63, 0x70, 0xa0, 0x0f, 0x30, 0x10, 0x07, 0x10, 0x78, 0x06, 0xe0, 0x74, 0x00, 0xff,
    0xe4, 0x49, 0x12, 0x00, 0x3e, 0x60, 0x20, 0x0e, 0x30, 0xe0, 0x02, 0x30, 0x78, 0x07, 0xef, 0x09,
    0x00, 0xc2, 0x80, 0x80, 0x34, 0x10, 0x40, 0x1f, 0x94, 0x86, 0xc8, 0x0f, 0x41, 0x48, 0x28, 0x4d,
    0xc0, 0x3f, 0xde, 0x29, 0xbf, 0x86, 0x6a, 0x06, 0x40, 0xe0, 0x19, 0xdf, 0xe9, 0x20, 0x08, 0xba,
    0x10, 0xd2, 0x70, 0x0a, 0x42, 0x48, 0x7d, 0x88, 0x82, 0xd8, 0x60, 0x19, 0xef, 0x2d, 0x80, 0x1c,
    0x0a, 0xc1, 0xa2, 0x9d, 0xbe, 0xc3, 0xc0, 0x1f, 0xe7, 0x31, 0xb0, 0x33, 0x05, 0x08, 0x02, 0x44,
    0x98, 0x03, 0xf1, 0xc0, 0x50, 0x82, 0x02, 0x88, 0x06, 0x90, 0xc0, 0x0f, 0xdc, 0x0c, 0x80, 0x0e,
    0x02, 0x00, 0xe2, 0x06, 0x00, 0xfa, 0x48, 0x92, 0x01, 0xde, 0x01, 0xff, 0xc2, 0x46, 0x0e, 0x00,
    0xdc, 0x1c, 0x01, 0xc4, 0x0c, 0x01, 0xc3, 0x40, 0xe6, 0x01, 0x90, 0x1c, 0x03, 0xac, 0x30, 0x03,
    0xac, 0x4e, 0x00, 0x38, 0xcc, 0x30, 0x01, 0x31, 0x8b, 0x00, 0x65, 0x50, 0x70, 0x07, 0xdc, 0x2f,
    0xb5, 0x92, 0x1a, 0x01, 0x86, 0xc2, 0x48, 0x03, 0xe2, 0xf6, 0x35, 0x25, 0xd3, 0x00, 0x00, 0x00,
    0xe2, 0x8d, 0xff, 0x75, 0x20, 0x07, 0xfe, 0x5d, 0x72, 0x00, 0x0a, 0xdc, 0x80, 0x7f, 0x8a, 0x80,
    0x0d, 0x57, 0x22, 0x0c, 0xa0, 0x1f, 0xd6, 0x00, 0x89, 0x54, 0x6c, 0x00, 0x78, 0x07, 0xf2, 0x80,
    0x18, 0x03, 0x11, 0x01, 0x80, 0x3f, 0x9c, 0x00, 0x60, 0x18, 0x48, 0x18, 0x03, 0xfb, 0x00, 0x16,
    0x01, 0xa8, 0x01, 0xc0, 0x1f, 0xcc, 0x20, 0xcc, 0x03, 0xd4, 0x06, 0x40, 0x0f, 0xe1, 0xa0, 0x04,
    0xde, 0x10, 0x3c, 0x80, 0x7f, 0xc9, 0x00, 0x04, 0x02, 0xb8, 0x00, 0xff, 0xcd, 0x20, 0x1a, 0x90,
    0x03, 0xfe, 0x1b, 0x91, 0x13, 0x00, 0x21, 0xc0, 0x39, 0x40, 0x30, 0xe2, 0x02, 0xfc, 0xd8, 0x02,
    0x20, 0x01, 0x2d, 0x7a, 0x00, 0x28, 0x81, 0xe8, 0x41, 0x2c, 0x00, 0xf2, 0x00, 0xc0, 0x02, 0x81,
    0xa0, 0x14, 0x00, 0x64, 0xc0, 0x03, 0x48, 0xb0, 0x18, 0x82, 0x00, 0x14, 0x03, 0xc7, 0x82, 0x0d,
    0xe0, 0x09, 0x00, 0x78, 0x07, 0xf8, 0xf0, 0x40, 0x40, 0xd4, 0x01, 0xc0, 0x05, 0x00, 0xfc, 0x56,
    0x01, 0xf3, 0x88, 0x15, 0x90, 0x07, 0x0c, 0x50, 0x04, 0x78, 0x20, 0x36, 0x00, 0x4d, 0xca, 0x89,
    0xce, 0x70, 0x04, 0x98, 0x1e, 0x88, 0x2d, 0x88, 0x00, 0xd5, 0xd8, 0xc0, 0x09, 0xad, 0xa6, 0x04,
    0x60, 0x04, 0xea, 0x52, 0x00, 0x09, 0xbe, 0x59, 0x00, 0xe9, 0xd1, 0x00, 0x65, 0xad, 0xff, 0x76,
    0x41, 0x80, 0x61, 0xc4, 0x00, 0x00, 0xff, 0x58, 0x00, 0x44, 0x01, 0x8c, 0x02, 0x30, 0x10, 0x0f,
    0x53, 0x60, 0x00, 0x00, 0x9b, 0xfd, 0x00, 0x14, 0x00, 0xc0, 0x01, 0xc4, 0x18, 0x02, 0x90, 0x04,
    0x80, 0x0c, 0x41, 0x04, 0x01, 0x60, 0x0d, 0x00, 0x98, 0x00, 0xe0, 0x01, 0x10, 0x10, 0x80, 0x14,
    0x00, 0xe0, 0x11, 0x80, 0x08, 0x02, 0xd0, 0x06, 0x80, 0x4c, 0x00, 0x60, 0x0f, 0x08, 0x04, 0x20,
    0x1e, 0x30, 0x01, 0x80, 0x7f, 0x8c, 0x00, 0x60, 0x10, 0x80, 0x7f, 0x08, 0x04, 0xc0, 0x06, 0x00,
    0xb4, 0x01, 0xa0, 0x11, 0x80, 0x08, 0x02, 0x50, 0x03, 0x80, 0x42, 0x40, 0x42, 0x01, 0x28, 0x01,
    0xc0, 0x2b, 0x00, 0x68, 0x04, 0x64, 0x08, 0x20, 0x15, 0x80, 0x24, 0x02, 0x61, 0x06, 0x00, 0xd0,
    0x03, 0x00, 0x00, 0xbf, 0xf1, 0x80, 0x5e, 0x00, 0x80, 0x09, 0x0c, 0x10, 0xc0, 0x29, 0x00, 0x40,
    0x04, 0xa0, 0x04, 0x00, 0xca, 0x00, 0x50, 0x0b, 0xc0, 0x1c, 0x01, 0x20, 0x01, 0x40, 0x21, 0x10,
    0x08, 0x80, 0x25, 0x00, 0x28, 0x04, 0x60, 0x03, 0x00, 0xb8, 0x01, 0xc0, 0x1e, 0x30, 0x08, 0xc0,
    0x02, 0x01, 0x08, 0x07, 0xf3, 0x80, 0x42, 0x00, 0x70, 0x08, 0xc0, 0x02, 0x01, 0xe3, 0x00, 0xb8,
    0x01, 0xc0, 0x11, 0x80, 0x0c, 0x02, 0x50, 0x02, 0x80, 0x04, 0x40, 0x22, 0x00, 0x20, 0x01, 0x40,
    0x2f, 0x00, 0x70, 0x04, 0xa0, 0x05, 0x00, 0x20, 0x01, 0x00, 0x28, 0x00, 0x40, 0x00, 0xcc, 0x08,
    0x60, 0x08, 0x00, 0x40, 0x04, 0x00, 0x00, 0xe8, 0xf5, 0x00, 0xff, 0xe3, 0xcb, 0x80, 0x7d, 0x0e,
    0x04, 0xd1, 0xa8, 0x01, 0x37, 0x3c, 0x81, 0x59, 0x12, 0xd8, 0x2e, 0x45, 0x34, 0x00, 0x9b, 0x22,
    0x20, 0x12, 0xbb, 0x18, 0x04, 0x3e, 0x20, 0x11, 0x98, 0x03, 0x3f, 0xb0, 0x10, 0x10, 0xc6, 0xa8,
    0x14, 0x0a, 0xea, 0x84, 0x61, 0x95, 0x81, 0x45, 0xd1, 0x00, 0x47, 0x93, 0x60, 0x07, 0x40, 0x0f,
    0x99, 0x40, 0x3d, 0xe4, 0x20, 0x1c, 0x00, 0x00, 0xf7, 0x72, 0x40, 0x3f, 0xf0, 0x88, 0xc0, 0x3f,
    0xfe, 0xdb, 0xff, 0xc0, 0x05, 0xff, 0xe7, 0x00, 0xff, 0xe1, 0xd3, 0xbf, 0x00, 0x09, 0xdf, 0x91,
    0xe2, 0x38, 0x00, 0xf1, 0x1c, 0x60, 0x1f, 0xff, 0x00, 0x00, 0x07, 0xca, 0x14, 0x83, 0x58, 0x20,
    0x08, 0x90, 0x40, 0x06, 0x54, 0x00, 0xb0, 0x20, 0x13, 0x0c, 0x07, 0x00, 0x20, 0x50, 0x10, 0x88,
    0xc0, 0x00, 0x1a, 0xaf, 0xc8, 0x6a, 0xbf, 0x8c, 0x03, 0xfc, 0x00, 0x01, 0x42, 0x01, 0xfb, 0xd4,
    0x61, 0x00, 0x78, 0x80, 0x44, 0xca, 0x07, 0x00, 0x00, 0x00, 0xff, 0x47, 0xf9, 0x00, 0x3f, 0xca,
    0x02, 0x80, 0x1f, 0xc6, 0x40, 0xe0, 0x1f, 0xea, 0x00, 0x50, 0x07, 0xf9, 0xc0, 0x8c, 0x03, 0xf9,
    0x04, 0x14, 0x03, 0xfd, 0xc0, 0x0a, 0x00, 0xff, 0x28, 0x19, 0x00, 0x7f, 0x28, 0x02, 0xc0, 0x3f,
    0xde, 0x00, 0x60, 0x0f, 0xe1, 0x50, 0x31, 0x00, 0xfe, 0x70, 0x05, 0x00, 0x7f, 0xb4, 0x00, 0xe0,
    0x1f, 0xc2, 0x80, 0x82, 0x01, 0xfc, 0xc0, 0x0e, 0x00, 0xff, 0x58, 0x01, 0x40, 0x3f, 0x88, 0xc1,
    0x40, 0x3f, 0xca, 0x00, 0xe0, 0x0f, 0xf5, 0x00, 0xa0, 0x07, 0xf1, 0x90, 0x38, 0x07, 0xfa, 0xc0,
    0x14, 0x01, 0xfe, 0x60, 0x13, 0x00, 0xfe, 0x41, 0x06, 0x00, 0xff, 0x68, 0x02, 0x80, 0x3f, 0xce,
    0x04, 0x40, 0x0f, 0xe4, 0x10, 0xa0, 0x0f, 0xf7, 0x00, 0x14, 0x03, 0xfc, 0xa0, 0x64, 0x01, 0xfc,
    0xa0, 0x0a, 0x00, 0xff, 0x70, 0x01, 0xc0, 0x3f, 0xc0, 0x00, 0x00, 0xf3, 0x5f, 0x7f, 0xb2, 0x08,
    0x03, 0xf9, 0x7a, 0x50, 0x40, 0x06, 0xfb, 0x20, 0x1f, 0x3d, 0x08, 0x04, 0x42, 0x01, 0x36, 0x00,
    0x72, 0xc0, 0x00, 0xef, 0xf7, 0xb5, 0x80, 0x07, 0x40, 0x1a, 0xc0, 0x09, 0x88, 0x01, 0x14, 0xc8,
    0x00, 0xa8, 0x00, 0x71, 0x01, 0xa0, 0x0f, 0x99, 0x40, 0x10, 0x00, 0xa0, 0x04, 0x88, 0x07, 0xe8,
    0x00, 0x19, 0x09, 0x00, 0x14, 0x03, 0xf8, 0x88, 0x00, 0x45, 0x00, 0x88, 0x03, 0xfc, 0x80, 0x0f,
    0x20, 0x01, 0x00, 0x7f, 0xdc, 0x00, 0x21, 0x00, 0x08, 0x07, 0xfc, 0x20, 0x07, 0x00, 0xff, 0xe3,
    0x88, 0x00, 0x40, 0x3f, 0xe1, 0x00, 0x39, 0x00, 0x08, 0x03, 0xfe, 0xe0, 0x01, 0x28, 0x04, 0x40,
    0x1f, 0xe4, 0x00, 0x78, 0x90, 0x01, 0x40, 0x3f, 0x88, 0x80, 0x04, 0x0a, 0x00, 0x48, 0x80, 0x7e,
    0x80, 0x01, 0x90, 0x38, 0x80, 0xd0, 0x07, 0xcc, 0xa0, 0x08, 0x00, 0xac, 0x00, 0x98, 0x80, 0x11,
    0x4c, 0x80, 0x0a, 0x80, 0x12, 0xc0, 0x00, 0xef, 0xf7, 0xb5, 0x80, 0x07, 0x40, 0x1c, 0xf4, 0x20,
    0x11, 0x08, 0x04, 0xd8, 0x01, 0xf2, 0xf4, 0xa0, 0x80, 0x09, 0xf6, 0x40, 0x30, 0x00, 0xcf, 0xff,
    0x9c, 0x03, 0xf9, 0x4c, 0xf0, 0x80, 0x53, 0x99, 0x94, 0x03, 0xff, 0xfe, 0x01, 0xff, 0xff, 0x00,
    0xff, 0xe1, 0x80, 0x00, 0x00, 0xc9, 0x39, 0xdf, 0xed, 0xa5, 0x00, 0xf9, 0x76, 0xd8, 0xc4, 0x00,
    0x4b, 0x5a, 0x40, 0x1a, 0x68, 0x80, 0x21, 0x21, 0x00, 0x8b, 0x08, 0x00, 0x8c, 0x00, 0x4b, 0xfe,
    0xde, 0xe3, 0x80, 0x06, 0x40, 0x09, 0x63, 0x36, 0x80, 0x18, 0x62, 0x00, 0x04, 0x10, 0x02, 0x73,
    0x00, 0x7e, 0x70, 0x09, 0x40, 0x3f, 0xf8, 0x42, 0x01, 0xff, 0xc5, 0x10, 0x03, 0x00, 0x7f, 0xf0,
    0x58, 0x00, 0x44, 0x00, 0xff, 0xc3, 0x00, 0x0b, 0x00, 0xff, 0xe0, 0xe8, 0x81, 0xb0, 0x07, 0xfc,
    0x38, 0x60, 0x5a, 0x01, 0xff, 0x0e, 0x18, 0x16, 0x08, 0x07, 0xf8, 0xb0, 0x80, 0xb0, 0x40, 0x3f,
    0xc5, 0x84, 0x07, 0x82, 0x01, 0xfe, 0x3c, 0x10, 0x4c, 0x10, 0x0f, 0xf2, 0x60, 0x82, 0x58, 0x07,
    0xfc, 0xb6, 0x00, 0x5b, 0x00, 0xff, 0x9a, 0x80, 0x0d, 0x40, 0x1f, 0xf3, 0x48, 0x04, 0xb9, 0x9f,
    0xe3, 0x0b, 0x00, 0xc6, 0x7f, 0xf3, 0x80, 0x7f, 0xf1, 0x80, 0x00, 0x0d, 0xff, 0xff, 0xe1, 0x00,
    0x7f, 0xf1, 0xd0, 0xcf, 0xfc, 0x01, 0x28, 0x02, 0x73, 0x3f, 0x98, 0x00, 0x74, 0x01, 0xff, 0x42,
    0x80, 0xe8, 0x07, 0xfc, 0xae, 0x00, 0xd1, 0x00, 0xff, 0x1d, 0x00, 0x28, 0xc0, 0x3f, 0xc3, 0xa0,
    0x08, 0x50, 0x0f, 0xfb, 0x04, 0x15, 0xc0, 0x3f, 0xe9, 0x20, 0x03, 0xd2, 0x80, 0x7f, 0x8c, 0x02,
    0x25, 0xae, 0x50, 0x0f, 0xd8, 0xcc, 0x52, 0x00, 0x0d, 0x38, 0x07, 0xcd, 0x32, 0xad, 0xd2, 0x00,
    0x20, 0x80, 0x3f, 0xe2, 0xb2, 0x00, 0x58, 0x07, 0xff, 0x06, 0x80, 0x0a, 0x01, 0xff, 0xc1, 0x20,
    0x00, 0x80, 0x7f, 0xf0, 0x74, 0x00, 0xc1, 0x70, 0x01, 0xfc, 0x4e, 0x00, 0xc5, 0x47, 0xe8, 0x30,
    0x0c, 0x2d, 0x80, 0x01, 0x72, 0x00, 0x0b, 0xe7, 0xf6, 0xf7, 0x24, 0x40, 0x1a, 0x0f, 0x66, 0x01,
    0x84, 0x84, 0x02, 0x3c, 0x30, 0x02, 0x66, 0xc2, 0x10, 0x80, 0x93, 0x5e, 0x18, 0x00, 0x00, 0x00,
    0xff, 0xaf, 0xfd, 0x60, 0x1f, 0xfc, 0x48, 0x40, 0x2a, 0x00, 0xff, 0xe1, 0xa3, 0x80, 0x38, 0x40,
    0x3f, 0xf8, 0x45, 0x60, 0x09, 0x30, 0x0f, 0xfe, 0x1f, 0x80, 0x19, 0x80, 0x1f, 0xfc, 0x3a, 0x20,
    0x39, 0x00, 0xff, 0xe1, 0xba, 0x80, 0xe8, 0x07, 0xff, 0x0d, 0x20, 0x01, 0x42, 0x01, 0xff, 0xc2,
    0x1a, 0x00, 0x42, 0x00, 0x7f, 0xf0, 0xf4, 0x41, 0x5c, 0x02, 0x3d, 0xd4, 0x80, 0x7e, 0x93, 0x02,
    0xa0, 0x0e, 0x22, 0x28, 0x07, 0xcc, 0xc0, 0x07, 0x80, 0x7f, 0xf0, 0xce, 0x40, 0x14, 0x40, 0x1f,
    0xfc, 0x21, 0xd0, 0x03, 0xa8, 0x07, 0xff, 0x0e, 0xc4, 0x00, 0xff, 0xff, 0x60, 0x00, 0xff, 0xf0,
    0x30, 0x07, 0xff, 0x21, 0x51, 0x3f, 0xe2, 0x00, 0x91, 0x30, 0x4d, 0xdf, 0xfd, 0x00, 0x03, 0xbb,
    0xc0, 0x1f, 0xff, 0xf0, 0x0f, 0xf0, 0x00, 0x00, 0xaf, 0xff, 0xff, 0x00, 0x73, 0x80, 0x7f, 0xf1,
    0x48, 0x00, 0x67, 0xfe, 0x00, 0xe1, 0x00, 0x66, 0x7f, 0x80, 0x31, 0x00, 0x08, 0x03, 0xff, 0x84,
    0x20, 0x06, 0x00, 0xff, 0xe1, 0x30, 0x00, 0x40, 0x3f, 0xf8, 0x44, 0x00, 0x20, 0x0f, 0xfe, 0x17,
    0x80, 0x17, 0x31, 0x75, 0x2c, 0x40, 0x1f, 0x10, 0x00, 0x8c, 0xc8, 0xad, 0x3b, 0x88, 0x01, 0xcc,
    0x01, 0xfe, 0x3b, 0x60, 0x0d, 0x9f, 0xfe, 0xdb, 0x60, 0x0a, 0x50, 0x03, 0xfc, 0x49, 0x3a, 0x20,
    0x08, 0x00, 0xff, 0xe0, 0x95, 0x00, 0x0c, 0x40, 0x3f, 0xf8, 0x28, 0x01, 0x10, 0x07, 0xff, 0x14,
    0x40, 0x3f, 0xf8, 0x26, 0x01, 0x10, 0x36, 0x98, 0x07, 0xf7, 0x80, 0x0c, 0x06, 0x0b, 0x2d, 0x44,
    0x03, 0x26, 0x18, 0x02, 0x00, 0xc0, 0x24, 0xae, 0xe6, 0xeb, 0xec, 0xc0, 0x0e, 0x80, 0x5e, 0xc0,
    0x18, 0x48, 0x80, 0x1a, 0x60, 0x02, 0x19, 0xfa, 0x62, 0x10, 0x01, 0x24, 0xf3, 0x00, 0x40, 0x00,
    0x00, 0xf1, 0x3d, 0xf7, 0xfb, 0xb2, 0x50, 0x03, 0xc3, 0x5b, 0x08, 0x20, 0x01, 0x36, 0xb7, 0x00,
    0xc7, 0xea, 0x01, 0x09, 0xa1, 0x80, 0x4c, 0x01, 0x16, 0x88, 0x01, 0xfb, 0x99, 0x79, 0xf9, 0x22,
    0x01, 0x70, 0x81, 0x6c, 0x08, 0x07, 0x1b, 0x00, 0x48, 0x60, 0x0f, 0x20, 0x0f, 0xfd, 0xe0, 0x07,
    0x20, 0x0f, 0xfe, 0x0a, 0x00, 0x28, 0x03, 0xff, 0x82, 0x60, 0x01, 0x20, 0x01, 0x34, 0x41, 0xd0,
    0x03, 0x98, 0x00, 0x40, 0x9b, 0xa9, 0x77, 0x45, 0xfc, 0x00, 0x46, 0x00, 0x77, 0x59, 0x00, 0x7c,
    0xfa, 0x20, 0x20, 0x04, 0x80, 0x29, 0xef, 0xf6, 0x30, 0x00, 0xb4, 0x04, 0x03, 0x2e, 0xb0, 0x80,
    0x0e, 0x6c, 0x00, 0x68, 0x60, 0x10, 0xd0, 0x07, 0xc8, 0xc0, 0x0e, 0x70, 0x09, 0xc0, 0x3f, 0xb4,
    0x00, 0xc4, 0x20, 0x01, 0x00, 0xff, 0xc2, 0x0e, 0x00, 0x40, 0x0f, 0xe2, 0x00, 0x30, 0x58, 0x00,
    0xd0, 0x03, 0xf5, 0x80, 0x34, 0x09, 0xc0, 0x16, 0xc0, 0x1c, 0x58, 0x40, 0x2c, 0x00, 0x85, 0x00,
    0x4f, 0x5c, 0xcb, 0x34, 0xc0, 0x18, 0x01, 0xaa, 0x00, 0x02, 0x8c, 0xc3, 0x00, 0x1e, 0x90, 0x07,
    0x3f, 0x42, 0x08, 0x00, 0x96, 0xf0, 0x80, 0x00, 0x00, 0x0f, 0xff, 0xfe, 0x26, 0x80, 0x7f, 0xf2,
    0x8c, 0xff, 0xc0, 0x13, 0x00, 0x6c, 0xcf, 0xed, 0x00, 0xa0, 0x03, 0xff, 0x83, 0x20, 0x03, 0x30,
    0x07, 0xff, 0x05, 0xc0, 0x12, 0x00, 0x44, 0x80, 0x3f, 0x38, 0x00, 0x94, 0x01, 0x77, 0x00, 0x7e,
    0x90, 0x05, 0x80, 0x7f, 0xf0, 0x58, 0x40, 0x58, 0x03, 0xff, 0x83, 0x60, 0x06, 0x00, 0xff, 0xe0,
    0xa1, 0x00, 0x24, 0x03, 0xff, 0x83, 0x00, 0x06, 0x10, 0x0f, 0xfc, 0x66, 0x00, 0x58, 0x07, 0xff,
    0x06, 0x40, 0x0a, 0x40, 0x1f, 0xf8, 0x94, 0x01, 0x20, 0x1f, 0xfc, 0x1b, 0x00, 0x19, 0x80, 0x3f,
    0xf0, 0xb0, 0x02, 0x00, 0x3f, 0xf8, 0x32, 0x00, 0x24, 0x00, 0xff, 0xe0, 0xb0, 0x02, 0xc0, 0x3f,
    0xf8, 0x2e, 0x20, 0x2c, 0x01, 0xff, 0xc1, 0x90, 0x04, 0x80, 0x7f, 0xf0, 0x54, 0x40, 0x0c, 0x01,
    0xf8, 0x00, 0x00, 0xc2, 0xd7, 0xbf, 0xee, 0xd9, 0x40, 0x0f, 0xcf, 0xd2, 0x84, 0x00, 0x12, 0x6b,
    0xd3, 0x00, 0xe9, 0x80, 0x08, 0xd5, 0x90, 0x80, 0x05, 0x88, 0x01, 0x23, 0x00, 0x1b, 0xb2, 0xa6,
    0xf6, 0xc8, 0x01, 0x40, 0x16, 0x80, 0x12, 0x44, 0x03, 0x93, 0x00, 0x02, 0x80, 0x05, 0x00, 0x68,
    0x07, 0xe1, 0x30, 0x01, 0x00, 0x18, 0x00, 0x20, 0x1f, 0xc2, 0x00, 0x20, 0x06, 0x00, 0x24, 0x40,
    0x3e, 0x62, 0x01, 0x40, 0x03, 0x18, 0x0f, 0xc1, 0x88, 0x0a, 0x54, 0x80, 0x2c, 0x03, 0x63, 0x00,
    0xbe, 0x77, 0xf5, 0xa8, 0x0d, 0x28, 0x07, 0x70, 0x07, 0xf8, 0x98, 0x03, 0x0e, 0x40, 0x00, 0xda,
    0x26, 0x14, 0x00, 0x78, 0xe0, 0x15, 0x18, 0x0d, 0xe4, 0xbb, 0x3d, 0x7b, 0x80, 0x21, 0x40, 0xd0,
    0x01, 0x88, 0x01, 0xf4, 0x30, 0x02, 0x01, 0x00, 0x08, 0x40, 0x1f, 0xd6, 0x00, 0x21, 0xe0, 0x00,
    0x80, 0x7f, 0x88, 0x02, 0x3e, 0x00, 0x30, 0x07, 0xf8, 0xc0, 0x23, 0x30, 0x00, 0xd0, 0x03, 0xfa,
    0x00, 0x04, 0x28, 0x60, 0x0b, 0x60, 0x0f, 0x15, 0xa0, 0x02, 0xc0, 0x1a, 0x40, 0x09, 0xfb, 0x99,
    0x56, 0xe9, 0x00, 0x0e, 0xc0, 0x01, 0xc5, 0x00, 0x91, 0x98, 0xa4, 0x00, 0x19, 0x80, 0x0c, 0x35,
    0xb0, 0x84, 0x00, 0x12, 0x6a, 0xe6, 0x00, 0x80, 0x00, 0x00, 0xc2, 0xd7, 0xbf, 0xed, 0xa6, 0x00,
    0xfe, 0x6f, 0x94, 0x20, 0x01, 0x2c, 0xf2, 0x00, 0x79, 0xe4, 0x40, 0x08, 0xcc, 0x40, 0x00, 0xdb,
    0x00, 0x64, 0x80, 0x03, 0x7d, 0xcc, 0xaf, 0xdc, 0x01, 0x26, 0x01, 0x78, 0x01, 0xa4, 0x03, 0xd1,
    0x00, 0x07, 0x00, 0x48, 0x00, 0xb0, 0x0f, 0xce, 0x20, 0x48, 0x02, 0x01, 0x10, 0x07, 0xf1, 0x00,
    0x38, 0x04, 0x02, 0x20, 0x0f, 0xe2, 0x00, 0x38, 0x00, 0xc0, 0x16, 0x01, 0xf9, 0xc4, 0x00, 0x40,
    0x09, 0x00, 0x34, 0x80, 0x7a, 0x20, 0x01, 0x84, 0x15, 0x40, 0x06, 0xfb, 0x99, 0x5f, 0xb8, 0x28,
    0x04, 0x60, 0x0a, 0x70, 0x09, 0x19, 0x88, 0x00, 0x6a, 0x00, 0xfa, 0x35, 0xcc, 0x40, 0x4d, 0xf6,
    0x44, 0x02, 0x30, 0x0c, 0x51, 0x9d, 0xfd, 0x90, 0x40, 0xa0, 0x10, 0x80, 0x7f, 0xf0, 0xb0, 0x00,
    0x80, 0x1f, 0xfc, 0x36, 0x00, 0x60, 0x07, 0xff, 0x0a, 0x04, 0x00, 0xc0, 0x1f, 0xfc, 0x16, 0x70,
    0x04, 0x08, 0x06, 0x93, 0x00, 0xe3, 0xb9, 0x00, 0x23, 0x80, 0x65, 0x6c, 0xec, 0xbc, 0xec, 0x40,
    0x01, 0xd0, 0x07, 0x70, 0x00, 0x4d, 0x0c, 0x40, 0x28, 0xc1, 0x00, 0xeb, 0xa5, 0x20, 0x08, 0x96,
    0x7d, 0xc0, 0x38, 0x00, 0x09, 0xfc, 0x16, 0x60, 0x1c, 0x08, 0x04, 0x4c, 0x20, 0x0f, 0x1f, 0xbd,
    0x40, 0x14, 0x20, 0x0f, 0xfe, 0xa0, 0xa1, 0x00, 0xfd, 0xea, 0x30, 0x80, 0x3c, 0x40, 0x22, 0x65,
    0x03, 0x80, 0x00, 0x09, 0xfc, 0x16, 0x60, 0x1c, 0x08, 0x04, 0x4c, 0x20, 0x0f, 0x1f, 0xbd, 0x40,
    0x14, 0x20, 0x0f, 0xfe, 0xcc, 0xfe, 0x0a, 0xb0, 0x1d, 0x98, 0x04, 0x2e, 0x40, 0x03, 0x1e, 0x00,
    0x58, 0x20, 0x11, 0x86, 0x02, 0x80, 0x10, 0x28, 0x08, 0x88, 0x40, 0x00, 0x00, 0xff, 0xe7, 0xad,
    0xb8, 0x07, 0xf1, 0x47, 0x52, 0x00, 0x7e, 0x5c, 0xd7, 0x10, 0x13, 0x00, 0xc7, 0x3f, 0x46, 0x00,
    0x5b, 0xe4, 0x00, 0x36, 0x61, 0x80, 0x05, 0x1d, 0x48, 0x00, 0x8f, 0x93, 0x01, 0x6c, 0xd7, 0x10,
    0x0c, 0xa0, 0x03, 0xae, 0x93, 0x00, 0xff, 0x1e, 0x18, 0x07, 0xf4, 0x18, 0x01, 0xb3, 0x5c, 0x40,
    0x3c, 0xb9, 0xac, 0x20, 0x51, 0xd4, 0x80, 0x1e, 0x29, 0xea, 0x40, 0x02, 0xdf, 0x41, 0x00, 0x79,
    0x6f, 0x5c, 0x40, 0x5f, 0x58, 0x03, 0xe2, 0x8e, 0xa4, 0x00, 0x08, 0x07, 0xf9, 0x6f, 0xa0, 0x40,
    0x00, 0xdf, 0xff, 0xfe, 0x0b, 0x80, 0x7f, 0xf0, 0xe9, 0xdf, 0xff, 0x82, 0x8f, 0x11, 0xff, 0xc1,
    0x30, 0x0f, 0xff, 0x0b, 0xc4, 0x7f, 0xf0, 0x4e, 0x9d, 0xff, 0xf8, 0x28, 0x01, 0xff, 0xc3, 0x00,
    0x00, 0xff, 0xe1, 0xe4, 0x90, 0x07, 0xfe, 0x16, 0xdc, 0x60, 0x0f, 0xf2, 0x00, 0x0e, 0x7e, 0x4c,
    0x03, 0xe9, 0xe9, 0x20, 0x03, 0x66, 0xb0, 0x80, 0x70, 0xb6, 0xe3, 0x08, 0x14, 0xf5, 0x20, 0x07,
    0x8e, 0x7a, 0x90, 0x00, 0xb7, 0xa8, 0x01, 0xf2, 0xdf, 0x40, 0x81, 0x18, 0x07, 0xf2, 0x60, 0x80,
    0x7f, 0x1c, 0xf5, 0x20, 0x01, 0x54, 0x01, 0x0b, 0x6e, 0x30, 0x81, 0xcf, 0x51, 0x02, 0x57, 0x49,
    0x00, 0x1b, 0x30, 0xc2, 0x00, 0xcb, 0x50, 0x01, 0xcf, 0xc9, 0x80, 0x70, 0x80, 0xbe, 0xe3, 0x00,
    0x7e, 0x4a, 0xe8, 0x20, 0x0f, 0xf0, 0x00, 0x00, 0xcb, 0x3b, 0xdf, 0xed, 0xa5, 0x00, 0xf2, 0xf5,
    0x31, 0x08, 0x00, 0x96, 0xb4, 0xc0, 0x2a, 0xa0, 0x80, 0x04, 0xd0, 0x80, 0x22, 0xc3, 0x06, 0x50,
    0x03, 0x6f, 0x65, 0xef, 0x38, 0x05, 0xe0, 0xd4, 0x37, 0x24, 0x01, 0x86, 0x20, 0x00, 0x30, 0x02,
    0xf2, 0x00, 0x7e, 0x50, 0x08, 0x80, 0x3f, 0xf8, 0x84, 0x01, 0xff, 0xa8, 0x00, 0x60, 0x1f, 0xf9,
    0x1c, 0x01, 0x00, 0x1f, 0xf2, 0xd8, 0x02, 0x10, 0x03, 0xfc, 0xf4, 0x00, 0x97, 0x00, 0xff, 0x3c,
    0x00, 0x29, 0x80, 0x3f, 0xc5, 0x00, 0x09, 0x50, 0x0f, 0xfa, 0x80, 0x06, 0xc0, 0x1f, 0xf8, 0x46,
    0x40, 0x0f, 0xfe, 0x0c, 0xf7, 0x20, 0x03, 0xff, 0xc6, 0xff, 0xc8, 0x01, 0xff, 0x86, 0x00, 0x64,
    0x03, 0xff, 0x08, 0x07, 0xff, 0x16, 0x44, 0x52, 0x01, 0xe0, 0x00, 0x00, 0xff, 0x24, 0x5e, 0xff,
    0xdd, 0x92, 0xa2, 0x01, 0xff, 0xc4, 0x18, 0xeb, 0x74, 0x20, 0x08, 0x4d, 0xab, 0xa8, 0xc0, 0x3f,
    0xf8, 0x2f, 0xce, 0x22, 0x59, 0xcd, 0xed, 0xca, 0x72, 0x05, 0xc9, 0x00, 0xff, 0xae, 0x00, 0xab,
    0xa9, 0x8c, 0x84, 0x8d, 0x63, 0x71, 0x41, 0xb4, 0x80, 0x3f, 0x62, 0x03, 0xea, 0x80, 0x7f, 0xc7,
    0x56, 0x25, 0x84, 0x01, 0xeb, 0x30, 0xa8, 0x00, 0xc2, 0xac, 0xc4, 0x00, 0x85, 0xdc, 0x1e, 0x43,
    0xe0, 0x1c, 0xc8, 0x12, 0xa0, 0x11, 0x5f, 0x54, 0xca, 0xfe, 0x44, 0xa2, 0x1a, 0x38, 0x25, 0x20,
    0x1a, 0x01, 0x58, 0x02, 0x4d, 0x40, 0x0f, 0x37, 0xb0, 0x06, 0x1a, 0x06, 0x20, 0x03, 0x08, 0x40,
    0x04, 0x76, 0x00, 0x3b, 0xef, 0xd9, 0x11, 0x50, 0x07, 0x22, 0x02, 0xc0, 0x14, 0x0a, 0x40, 0x17,
    0x00, 0x1f, 0x10, 0x40, 0x9b, 0xcc, 0x03, 0xee, 0x07, 0x01, 0x30, 0xf0, 0x09, 0x08, 0x0e, 0x00,
    0x3c, 0x3a, 0x20, 0x1e, 0x50, 0x13, 0x50, 0x02, 0x00, 0x5a, 0x00, 0x80, 0x0f, 0xc2, 0xe0, 0x1f,
    0x18, 0x29, 0x00, 0x04, 0x02, 0x50, 0x02, 0x00, 0x7f, 0x68, 0x07, 0xce, 0x02, 0x20, 0x10, 0x0c,
    0x20, 0x1f, 0xf9, 0x80, 0x3e, 0x10, 0xf0, 0x0f, 0xfe, 0x40, 0x80, 0x7f, 0x78, 0x80, 0x80, 0x66,
    0x00, 0x10, 0x07, 0xf2, 0x80, 0x7c, 0x20, 0x2a, 0x00, 0x20, 0x0b, 0x00, 0x0a, 0x01, 0xfd, 0xa0,
    0x1f, 0x28, 0x11, 0x80, 0x1c, 0x02, 0x60, 0x04, 0x90, 0x07, 0xca, 0x80, 0x1e, 0x31, 0x04, 0x03,
    0x0f, 0x00, 0x85, 0xc0, 0x7c, 0xc0, 0x39, 0xa8, 0x02, 0x40, 0x0a, 0x01, 0x40, 0x14, 0x0a, 0x40,
    0x14, 0x18, 0x16, 0x5b, 0xb4, 0x6c, 0x83, 0x18, 0x15, 0xbd, 0xa0, 0x40, 0x01, 0x84, 0x24, 0x03,
    0x63, 0x00, 0x12, 0x25, 0xc8, 0x1e, 0x64, 0x00, 0x48, 0x40, 0x92, 0x00, 0xac, 0x11, 0x80, 0x34,
    0xe2, 0x90, 0x00, 0x9b, 0x20, 0x16, 0xcc, 0x05, 0x2d, 0x80, 0x32, 0xa8, 0x25, 0x40, 0x31, 0xd6,
    0xff, 0xb6, 0x4c, 0x02, 0x4c, 0xfe, 0xb4, 0x00, 0xf5, 0x18, 0x54, 0x00, 0x7f, 0xf3, 0xf1, 0x01,
    0xf5, 0x80, 0x3f, 0xe4, 0x00, 0xff, 0xe1, 0x5c, 0x01, 0x4f, 0xd3, 0x21, 0x91, 0xa3, 0xd7, 0xd8,
    0x07, 0xff, 0x0d, 0xf9, 0xc0, 0x0b, 0x37, 0x9b, 0x97, 0x0a, 0x04, 0x40, 0x0f, 0xfe, 0x18, 0xc7,
    0xdb, 0x20, 0x80, 0x44, 0x8f, 0x9a, 0x40, 0x1f, 0x80, 0x00, 0x00, 0xff, 0x17, 0xfd, 0x00, 0x1f,
    0xfc, 0x8b, 0x00, 0x98, 0x03, 0xff, 0x8e, 0x2c, 0x01, 0x0b, 0x00, 0x7f, 0xf1, 0xa4, 0x00, 0x80,
    0x08, 0x00, 0xff, 0xe3, 0x30, 0x02, 0x90, 0x05, 0x40, 0x3f, 0xf8, 0x8c, 0x20, 0xa3, 0xe0, 0x08,
    0x00, 0xff, 0xe2, 0x58, 0x02, 0x41, 0x08, 0x09, 0x00, 0x3f, 0xf8, 0x4a, 0x40, 0x66, 0x00, 0x58,
    0x03, 0xc0, 0x3f, 0xf8, 0x52, 0x00, 0x80, 0x09, 0x84, 0x10, 0xc0, 0x3f, 0xf2, 0x18, 0x12, 0x00,
    0x69, 0x00, 0x48, 0x07, 0xfe, 0xf0, 0x05, 0x80, 0x73, 0x00, 0x14, 0x80, 0x3f, 0xc6, 0x80, 0x2c,
    0x01, 0xc2, 0xc0, 0x0b, 0x00, 0xff, 0x48, 0x01, 0x80, 0x3e, 0xb0, 0x03, 0x08, 0x07, 0xe2, 0x50,
    0x04, 0x80, 0x7c, 0x48, 0x00, 0x90, 0x0f, 0xd6, 0x01, 0x77, 0xff, 0xe4, 0x00, 0x30, 0x07, 0xc2,
    0xc0, 0x1f, 0xfc, 0x31, 0x70, 0x0f, 0x30, 0x00, 0x9d, 0xff, 0xe5, 0x00, 0x48, 0x07, 0xa4, 0x01,
    0x31, 0x1f, 0xf5, 0x08, 0x0a, 0x80, 0x66, 0x10, 0x24, 0x00, 0xff, 0xd2, 0x00, 0x80, 0x0d, 0x60,
    0x0b, 0x00, 0xff, 0xe0, 0xb0, 0x00, 0x90, 0x00, 0xa4, 0x02, 0xc0, 0x1f, 0xfc, 0x11, 0x60, 0x04,
    0x00, 0x24, 0x01, 0x20, 0x1f, 0xfc, 0x3b, 0x00, 0x19, 0x80, 0x00, 0xaf, 0xff, 0xfb, 0x69, 0x80,
    0x3f, 0xf8, 0xa4, 0xb3, 0xca, 0x01, 0xe2, 0x66, 0xf9, 0x48, 0x00, 0x34, 0xc0, 0x1c, 0x93, 0x3f,
    0x56, 0xe1, 0x00, 0x24, 0x03, 0xff, 0x86, 0x7e, 0x01, 0x20, 0x07, 0xff, 0x0c, 0x88, 0x00, 0x20,
    0x0f, 0xfe, 0x39, 0x80, 0x7f, 0xf0, 0xc8, 0x80, 0x04, 0x00, 0xff, 0xe1, 0x1f, 0x80, 0x18, 0x40,
    0x32, 0x4c, 0xfd, 0x5b, 0x84, 0x09, 0x20, 0x1c, 0x4c, 0xdf, 0x29, 0x00, 0x0a, 0x80, 0x3f, 0xf8,
    0xc5, 0xce, 0x01, 0xcd, 0xff, 0xfb, 0xad, 0x40, 0x11, 0x00, 0x0f, 0xfe, 0x08, 0xa5, 0x48, 0x01,
    0xc8, 0x03, 0xff, 0x86, 0xc4, 0x00, 0x50, 0x0f, 0xfe, 0x23, 0x80, 0x38, 0x03, 0xff, 0x88, 0x20,
    0x1f, 0xfc, 0x61, 0x40, 0x07, 0x80, 0x7f, 0xf0, 0x8f, 0x00, 0x27, 0x00, 0x92, 0x67, 0xf5, 0x6e,
    0x10, 0x02, 0x44, 0x02, 0x26, 0x6f, 0xca, 0x40, 0x01, 0xa6, 0x00, 0xff, 0xe0, 0x89, 0x2d, 0x72,
    0x80, 0x00, 0x00, 0x00, 0xf8, 0x5a, 0xf7, 0xfd, 0xdb, 0x2a, 0x01, 0xfc, 0x35, 0xd2, 0x84, 0x00,
    0x12, 0x6a, 0xe7, 0x00, 0xf2, 0xf2, 0x80, 0x61, 0x21, 0x00, 0x86, 0x30, 0x40, 0x27, 0xa0, 0x09,
    0x6f, 0xfb, 0x7b, 0xe9, 0x00, 0x07, 0x60, 0x05, 0x80, 0x00, 0xdd, 0x20, 0x07, 0x2d, 0xd8, 0x52,
    0x80, 0x6c, 0x00, 0x5e, 0x80, 0x1f, 0xc9, 0xf6, 0x00, 0x91, 0x00, 0x78, 0x80, 0x7f, 0xc2, 0x01,
    0x30, 0x01, 0xc8, 0x03, 0xff, 0x86, 0x42, 0x00, 0xa0, 0x0f, 0xfe, 0x23, 0x80, 0x04, 0x80, 0x3f,
    0xf8, 0x84, 0x00, 0x20, 0x0f, 0xfe, 0xd1, 0x00, 0x08, 0x03, 0xff, 0x8a, 0xe0, 0x01, 0x20, 0x0f,
    0xfe, 0x21, 0x08, 0x02, 0x80, 0x3f, 0xf8, 0xac, 0x00, 0x72, 0x00, 0xff, 0xe2, 0x48, 0x80, 0x3c,
    0x40, 0x3f, 0xe2, 0x00, 0x86, 0xc0, 0x05, 0xe8, 0x01, 0xfc, 0x9b, 0x60, 0x12, 0xc0, 0x00, 0x6e,
    0x90, 0x03, 0x96, 0xec, 0x09, 0x40, 0x13, 0xd0, 0x04, 0xb7, 0xfd, 0xbd, 0xf4, 0x80, 0x03, 0xb0,
    0x0c, 0xbc, 0xa0, 0x18, 0x48, 0x40, 0x21, 0x9c, 0x10, 0x0e, 0x1a, 0xe8, 0x42, 0x00, 0x09, 0x35,
    0x73, 0x00, 0x00, 0x00, 0xaf, 0xff, 0xf7, 0x64, 0x20, 0x07, 0xff, 0x18, 0x4d, 0xef, 0x58, 0x03,
    0xf0, 0x99, 0xf8, 0x84, 0x02, 0x29, 0xc1, 0x00, 0xf3, 0xe6, 0x7b, 0x7b, 0x92, 0x40, 0x03, 0xc1,
    0x00, 0xff, 0xe1, 0x0b, 0x6b, 0x80, 0x0b, 0x40, 0x3f, 0xf8, 0xb1, 0x20, 0x03, 0x70, 0x0f, 0xfe,
    0x2b, 0x30, 0x01, 0x20, 0x1f, 0xfc, 0x68, 0x00, 0x0a, 0x80, 0x7f, 0xf1, 0x45, 0x40, 0x18, 0x01,
    0xff, 0xc6, 0xc0, 0x02, 0x80, 0x7f, 0xf1, 0x8c, 0x00, 0x20, 0x1f, 0xfd, 0xc3, 0x00, 0x08, 0x07,
    0xff, 0x1b, 0x00, 0x0a, 0x01, 0xff, 0xc5, 0x15, 0x00, 0x60, 0x07, 0xff, 0x16, 0x00, 0x25, 0x00,
    0xff, 0xe2, 0x33, 0x00, 0x10, 0x01, 0xff, 0xc4, 0x89, 0x00, 0x1b, 0x80, 0x7f, 0xf0, 0x45, 0xb5,
    0xc0, 0x05, 0xa0, 0x1c, 0xf9, 0x9f, 0x77, 0x24, 0x80, 0x07, 0x82, 0x01, 0xc2, 0x67, 0xf0, 0x80,
    0x45, 0x38, 0x20, 0x1f, 0xfc, 0x21, 0x37, 0xbd, 0x60, 0x0e, 0x00, 0xaf, 0xff, 0xfe, 0x19, 0x00,
    0x7f, 0xf2, 0x04, 0xcf, 0xff, 0x00, 0x67, 0xcc, 0xff, 0xc4, 0x01, 0xff, 0xff, 0x00, 0xff, 0xe0,
    0xa5, 0xdf, 0xfa, 0x00, 0x38, 0x91, 0x3f, 0xe0, 0x0f, 0xfe, 0x53, 0x7f, 0xff, 0xb0, 0x03, 0xff,
    0xfe, 0x01, 0xff, 0xd4, 0x7c, 0xcf, 0xfc, 0xe0, 0x10, 0x99, 0xff, 0xee, 0x00, 0xff, 0xe2, 0x80,
    0x00, 0xaf, 0xff, 0xfe, 0x19, 0x00, 0x7f, 0xf2, 0x04, 0xcf, 0xff, 0x00, 0x67, 0xcc, 0xff, 0xc4,
    0x01, 0xff, 0xff, 0x00, 0xff, 0xe9, 0x3d, 0xdf, 0xfa, 0x40, 0x38, 0x51, 0x3f, 0xca, 0x01, 0xff,
    0xca, 0x6f, 0xff, 0xf6, 0x00, 0x7f, 0xff, 0xc0, 0x3f, 0xfe, 0x60, 0x00, 0x00, 0xf8, 0x5a, 0xb7,
    0xfd, 0xdb, 0x4c, 0x20, 0x1f, 0xc3, 0x3d, 0x2a, 0x40, 0x01, 0x25, 0x9e, 0x91, 0x00, 0xf2, 0xf3,
    0x00, 0x61, 0x21, 0x00, 0xcd, 0xe6, 0x01, 0x9e, 0x80, 0x24, 0xbf, 0xed, 0xef, 0xb6, 0x00, 0x0f,
    0x00, 0x4b, 0x00, 0x01, 0xbb, 0x20, 0x07, 0x24, 0xe9, 0x96, 0x00, 0x06, 0xc0, 0x03, 0xe8, 0x01,
    0xfc, 0x59, 0x81, 0x00, 0x48, 0x80, 0x30, 0x40, 0x3f, 0xf0, 0x80, 0x4c, 0x00, 0x72, 0x00, 0xff,
    0xe2, 0x10, 0x80, 0x28, 0x03, 0xff, 0x8a, 0xe0, 0x01, 0x20, 0x0f, 0xfe, 0x29, 0x00, 0x08, 0x03,
    0xff, 0x84, 0x44, 0x10, 0x0f, 0xfe, 0x31, 0x6e, 0xb8, 0x08, 0x00, 0x40, 0x1f, 0xfc, 0x67, 0x00,
    0x09, 0x00, 0x7f, 0xf1, 0x48, 0x40, 0x14, 0x01, 0xff, 0xc6, 0x60, 0x03, 0x98, 0x07, 0xff, 0x16,
    0x44, 0x01, 0xa2, 0x01, 0xff, 0xc4, 0x1a, 0x00, 0x0f, 0xa0, 0x07, 0xff, 0x11, 0x24, 0x00, 0x37,
    0x64, 0x00, 0xe3, 0x8d, 0x00, 0xf9, 0xa8, 0x02, 0x4b, 0xfe, 0xde, 0xfc, 0x70, 0x0a, 0x00, 0x39,
    0x79, 0x40, 0x30, 0x90, 0x80, 0x65, 0xd7, 0x00, 0xf0, 0xd7, 0x4a, 0x90, 0x00, 0x49, 0x67, 0xa8,
    0x80, 0x00, 0x00, 0xaf, 0xf4, 0x80, 0x7f, 0xe9, 0xff, 0x50, 0x07, 0xff, 0xfc, 0x03, 0xff, 0xfe,
    0x01, 0xff, 0xc1, 0x7c, 0xcf, 0xfc, 0xe0, 0x1e, 0x13, 0x3f, 0xfc, 0x20, 0x1f, 0xfc, 0xe6, 0xff,
    0xff, 0xcc, 0x01, 0xff, 0xff, 0x00, 0xff, 0xff, 0x80, 0x7f, 0xf5, 0x40, 0x00, 0xaf, 0xf4, 0x80,
    0x7f, 0xff, 0xc0, 0x3f, 0x80, 0x00, 0x00, 0xbf, 0xff, 0xe4, 0x00, 0xff, 0xe3, 0x19, 0xfe, 0x00,
    0xfb, 0x33, 0xf0, 0x80, 0x7f, 0xff, 0xc0, 0x3f, 0xff, 0xe0, 0x1f, 0xfc, 0x57, 0x00, 0xff, 0x84,
    0x03, 0x84, 0x03, 0xe1, 0x00, 0x88, 0x0f, 0xd0, 0x03, 0xcc, 0x00, 0x11, 0xb4, 0x6e, 0x04, 0x02,
    0x58, 0x00, 0x30, 0x0a, 0x00, 0x1f, 0xb7, 0x3a, 0x80, 0x03, 0x20, 0x0a, 0x70, 0x08, 0x8c, 0x40,
    0x03, 0xa2, 0x01, 0x46, 0xb9, 0x88, 0x0a, 0x4f, 0x18, 0x00, 0x00, 0xaf, 0xf4, 0x80, 0x7f, 0xd7,
    0xfe, 0xd1, 0x00, 0xff, 0xe1, 0x5a, 0x01, 0x60, 0x80, 0x7f, 0xf0, 0x6d, 0x00, 0xb0, 0x40, 0x3f,
    0xf8, 0x36, 0x80, 0x58, 0x20, 0x1f, 0xfc, 0x1b, 0x40, 0x1f, 0x10, 0x0f, 0xfe, 0x0d, 0xa0, 0x0e,
    0x10, 0x07, 0xff, 0x06, 0xd0, 0x07, 0x08, 0x03, 0xff, 0x83, 0x48, 0x03, 0xa4, 0x01, 0xff, 0xc1,
    0xa5, 0x00, 0x69, 0x80, 0x7f, 0xf0, 0x69, 0x40, 0x18, 0x60, 0x1f, 0xfc, 0x1a, 0x50, 0x09, 0xc0,
    0x3f, 0xf8, 0x34, 0xa0, 0x1a, 0xc8, 0x03, 0xfe, 0x65, 0x00, 0x40, 0x80, 0x30, 0x40, 0x3f, 0xf8,
    0x34, 0xfa, 0x00, 0x1d, 0x00, 0xff, 0xd4, 0xa0, 0x74, 0x00, 0x3a, 0x00, 0xff, 0x4a, 0x80, 0x4b,
    0x00, 0x05, 0x80, 0x0f, 0xcc, 0xc0, 0x0e, 0x76, 0x00, 0x3a, 0x80, 0x7f, 0xf0, 0xe5, 0x00, 0x14,
    0x60, 0x1f, 0xfc, 0x3b, 0x30, 0x06, 0x88, 0x07, 0xff, 0x0f, 0x48, 0x07, 0x00, 0x3f, 0xf8, 0x63,
    0xe2, 0x05, 0x60, 0x1f, 0xfc, 0x32, 0xd0, 0x02, 0x40, 0x00, 0xaf, 0xf4, 0x80, 0x7f, 0xff, 0xc0,
    0x3f, 0xff, 0xe0, 0x1f, 0xff, 0xf0, 0x0f, 0xff, 0xf8, 0x04, 0xf9, 0x9f, 0xf4, 0x00, 0x42, 0x67,
    0xff, 0x80, 0x3f, 0xf8, 0x80, 0x00, 0xaf, 0xf2, 0x00, 0x7f, 0xf1, 0x6f, 0xfc, 0x40, 0x14, 0x80,
    0x7f, 0xf1, 0x15, 0x00, 0x3c, 0x4e, 0x01, 0xff, 0xc3, 0xb0, 0x0f, 0xd0, 0x40, 0x1f, 0xfc, 0x18,
    0x10, 0x0f, 0xe9, 0x00, 0xff, 0xc4, 0xe0, 0x1f, 0xe4, 0x40, 0x07, 0xfd, 0x20, 0x1f, 0xc8, 0x00,
    0x90, 0x0f, 0xf2, 0xa0, 0x18, 0x80, 0x7b, 0x10, 0x0a, 0x00, 0x3f, 0xac, 0x01, 0xc0, 0x1f, 0xa8,
    0x00, 0xe4, 0x01, 0xf4, 0x08, 0x39, 0x00, 0x7e, 0x18, 0x00, 0x48, 0x07, 0x89, 0xc0, 0x60, 0x03,
    0xfc, 0xe4, 0x08, 0xa0, 0x1d, 0x20, 0x0b, 0x00, 0xff, 0xdc, 0x00, 0xb0, 0x0c, 0x88, 0x04, 0x50,
    0x0e, 0x10, 0x0f, 0x1a, 0x80, 0xc0, 0x05, 0x20, 0x09, 0x00, 0xff, 0xe1, 0x58, 0x83, 0x90, 0x41,
    0x03, 0x90, 0x07, 0xff, 0x08, 0x60, 0x01, 0x24, 0xe0, 0x30, 0x01, 0xff, 0xc4, 0x63, 0x04, 0xf0,
    0x05, 0x80, 0x7f, 0xf1, 0xbc, 0x00, 0x40, 0x8a, 0x01, 0xff, 0xc6, 0x36, 0x00, 0xa4, 0x03, 0xff,
    0x91, 0x02, 0x10, 0x40, 0x1f, 0xfc, 0x81, 0xca, 0x70, 0x0f, 0xfe, 0x51, 0x28, 0x07, 0xff, 0x64,
    0x00, 0xaf, 0xf3, 0x00, 0x7f, 0xe9, 0xff, 0x50, 0x05, 0x26, 0x01, 0xff, 0xc7, 0xd1, 0x00, 0xff,
    0xe3, 0x0e, 0x80, 0x7f, 0xf1, 0xce, 0x80, 0x3f, 0xf8, 0x82, 0x00, 0x57, 0x00, 0xff, 0xe1, 0xba,
    0x00, 0x21, 0x40, 0x3f, 0xf8, 0x76, 0x40, 0x0a, 0x20, 0x0f, 0xfe, 0x1f, 0x88, 0x03, 0xc4, 0x03,
    0xff, 0x84, 0x54, 0x00, 0x2a, 0x00, 0xff, 0xe1, 0xa4, 0x80, 0x12, 0x40, 0x3f, 0xf8, 0x6c, 0xc0,
    0x03, 0x30, 0x03, 0xff, 0x87, 0x26, 0x00, 0x93, 0x00, 0xff, 0xe1, 0xe8, 0x80, 0x34, 0x40, 0x3f,
    0xf8, 0x43, 0xa0, 0x01, 0xc0, 0x0f, 0xfe, 0x19, 0xd0, 0x00, 0xa8, 0x03, 0xff, 0x86, 0xae, 0x00,
    0x57, 0x00, 0xff, 0xe1, 0xc2, 0x80, 0x04, 0x03, 0xff, 0x89, 0x44, 0x01, 0xff, 0xc7, 0xf1, 0x00,
    0xff, 0xe3, 0x15, 0x00, 0x7f, 0xf1, 0xd2, 0x40, 0x20, 0x00, 0x00, 0xf8, 0x5a, 0xb7, 0xfe, 0xda,
    0x61, 0x00, 0xff, 0xc3, 0x3d, 0x2a, 0x40, 0x11, 0x2c, 0xf4, 0x88, 0x07, 0xf2, 0xf3, 0x00, 0x61,
    0x21, 0x00, 0xcd, 0xe8, 0x01, 0xf3, 0x50, 0x04, 0xb7, 0xfd, 0xbd, 0xf6, 0x80, 0x01, 0xb5, 0x00,
    0xe4, 0x90, 0x00, 0xdd, 0x20, 0x07, 0x25, 0xd0, 0x80, 0x28, 0xc0, 0x35, 0x00, 0x0b, 0xd0, 0x03,
    0xf9, 0x70, 0x40, 0x1c, 0x01, 0x40, 0x80, 0x3c, 0x40, 0x3f, 0xe2, 0xa0, 0x01, 0x30, 0x01, 0x80,
    0x0e, 0x40, 0x1f, 0xfc, 0x14, 0x50, 0x05, 0x01, 0x08, 0x02, 0x80, 0x3f, 0xf8, 0x7c, 0x00, 0x30,
    0x70, 0x00, 0x90, 0x07, 0xff, 0x0d, 0x00, 0x23, 0x20, 0x01, 0x00, 0x7f, 0xf1, 0x44, 0x00, 0xe0,
    0x1f, 0xfc, 0xd2, 0x00, 0x10, 0x07, 0xff, 0x14, 0x40, 0x0e, 0xe0, 0x00, 0x90, 0x07, 0xff, 0x0d,
    0x00, 0x23, 0x21, 0x00, 0x50, 0x07, 0xff, 0x0f, 0x80, 0x06, 0x00, 0x60, 0x03, 0x90, 0x07, 0xff,
    0x05, 0x14, 0x01, 0x40, 0x08, 0x10, 0x07, 0x88, 0x07, 0xfc, 0x54, 0x00, 0x26, 0x00, 0xa8, 0x00,
    0x5e, 0x80, 0x1f, 0xcb, 0x82, 0x00, 0xe0, 0x0c, 0x92, 0x00, 0x1b, 0xa4, 0x00, 0xe4, 0xba, 0x10,
    0x05, 0x18, 0x07, 0x35, 0x00, 0x4b, 0x7f, 0xdb, 0xdf, 0x68, 0x00, 0x1b, 0x50, 0x0f, 0x97, 0x94,
    0x03, 0x09, 0x08, 0x06, 0x6f, 0x40, 0x0f, 0xe1, 0xae, 0x95, 0x20, 0x08, 0x96, 0x7a, 0x44, 0x03,
    0x80, 0x00, 0xaf, 0xff, 0xee, 0xc9, 0x40, 0x0f, 0xfe, 0x18, 0x9b, 0x5e, 0xa0, 0x07, 0x84, 0xcf,
    0xc4, 0x01, 0x15, 0xb8, 0x07, 0x3e, 0x67, 0xb7, 0xe8, 0x80, 0x10, 0x80, 0x1f, 0xfc, 0x15, 0xd3,
    0x00, 0x48, 0x07, 0xff, 0x0f, 0xc0, 0x04, 0x40, 0x0f, 0xfe, 0x11, 0x88, 0x01, 0xc0, 0x3f, 0xf8,
    0x64, 0x00, 0x30, 0x0f, 0xfe, 0x19, 0x00, 0x0c, 0x03, 0xff, 0x84, 0x62, 0x00, 0x70, 0x0f, 0xfe,
    0x17, 0x80, 0x08, 0x80, 0x1f, 0xf9, 0x74, 0xc0, 0x12, 0x01, 0x9f, 0x33, 0xdb, 0xf4, 0x40, 0x08,
    0x40, 0x0c, 0x26, 0x7e, 0x20, 0x08, 0x6d, 0xc0, 0x3f, 0xf0, 0x9b, 0x5f, 0x20, 0x07, 0x9b, 0xff,
    0xdd, 0x92, 0x80, 0x1f, 0xff, 0xf0, 0x0f, 0xff, 0x00, 0x00, 0x00, 0xf8, 0x5a, 0xb7, 0xfe, 0xda,
    0x61, 0x00, 0xff, 0xe0, 0x8c, 0xf4, 0xa9, 0x00, 0x44, 0xb3, 0xd2, 0x20, 0x1f, 0xe5, 0xe6, 0x00,
    0xc2, 0x42, 0x01, 0x9b, 0xd0, 0x03, 0xf3, 0x50, 0x04, 0xb7, 0xfd, 0xbd, 0xf4, 0x80, 0x01, 0xb5,
    0x00, 0xf2, 0x48, 0x00, 0x6e, 0x90, 0x03, 0x96, 0xe8, 0x02, 0xa3, 0x00, 0xea, 0x00, 0x0f, 0xa0,
    0x07, 0xf2, 0xe8, 0x80, 0x38, 0x03, 0x38, 0x80, 0x34, 0x40, 0x3f, 0xe2, 0xa0, 0x01, 0x28, 0x05,
    0x40, 0x07, 0x30, 0x0f, 0xfe, 0x0a, 0x28, 0x02, 0x40, 0x04, 0x40, 0x05, 0x00, 0x7f, 0xf0, 0xf8,
    0x00, 0x60, 0x07, 0x00, 0x09, 0x00, 0x7f, 0xf0, 0xd0, 0x02, 0x30, 0x30, 0x01, 0x00, 0x7f, 0xf1,
    0x44, 0x00, 0xe0, 0x20, 0x1f, 0xfc, 0xb1, 0x02, 0x00, 0x08, 0x07, 0xff, 0x14, 0x40, 0x0c, 0x0c,
    0x00, 0x21, 0x00, 0xff, 0xe1, 0x98, 0x04, 0x40, 0x62, 0x00, 0x60, 0x0f, 0xfe, 0x1d, 0x00, 0x0c,
    0x40, 0x0e, 0x00, 0x82, 0x00, 0xff, 0xe0, 0x9b, 0x00, 0x28, 0x02, 0x80, 0x0b, 0xc0, 0x3f, 0xf0,
    0xe8, 0x00, 0x98, 0x02, 0x19, 0x00, 0x16, 0x98, 0x07, 0xf1, 0xf8, 0x80, 0x38, 0x03, 0x99, 0x80,
    0x02, 0xc9, 0x30, 0x0e, 0x39, 0xc1, 0x00, 0x51, 0x80, 0x7a, 0x5c, 0x02, 0x6c, 0xec, 0xbc, 0xfc,
    0x60, 0x0a, 0x94, 0x03, 0xf4, 0x61, 0x80, 0x42, 0x68, 0x60, 0x19, 0x79, 0x40, 0x3f, 0xc7, 0x96,
    0xc6, 0x20, 0x18, 0x67, 0xa8, 0x40, 0x3f, 0xf8, 0x29, 0x39, 0xdc, 0x30, 0x00, 0x80, 0x80, 0x74,
    0x20, 0x07, 0xfe, 0x1c, 0x40, 0x04, 0xd1, 0x80, 0xa6, 0x3d, 0x90, 0x07, 0xff, 0x06, 0xd8, 0x00,
    0xb9, 0xfd, 0x66, 0x08, 0x40, 0x1f, 0xfc, 0x29, 0xb3, 0x00, 0xf4, 0x58, 0x07, 0xff, 0x11, 0x33,
    0x66, 0x21, 0x7e, 0xe0, 0x00, 0x00, 0xaf, 0xff, 0xee, 0xc9, 0x40, 0x0f, 0xfe, 0x18, 0x9b, 0x5e,
    0xa0, 0x07, 0x84, 0xcf, 0xc4, 0x01, 0x15, 0xb8, 0x07, 0x3e, 0x67, 0xb7, 0xe8, 0x80, 0x10, 0x80,
    0x1f, 0xfc, 0x15, 0xd3, 0x00, 0x48, 0x07, 0xff, 0x0f, 0xc0, 0x04, 0x40, 0x0f, 0xfe, 0x11, 0x88,
    0x01, 0xc0, 0x3f, 0xf8, 0x64, 0x00, 0x30, 0x0f, 0xfe, 0x19, 0x00, 0x0c, 0x03, 0xff, 0x84, 0x42,
    0x00, 0x70, 0x0f, 0xfe, 0x17, 0x00, 0x08, 0x80, 0x1f, 0xf9, 0x74, 0xc0, 0x12, 0x01, 0x92, 0xef,
    0xd9, 0xf4, 0x40, 0x08, 0x40, 0x0c, 0x48, 0x9e, 0x30, 0x08, 0xad, 0xc0, 0x3f, 0xf8, 0x67, 0xa8,
    0x01, 0xe6, 0xff, 0xf6, 0x80, 0x0d, 0x40, 0x3f, 0xf8, 0x45, 0x20, 0x0b, 0x10, 0x0f, 0xfe, 0x13,
    0x20, 0x0d, 0x00, 0x7f, 0xf0, 0xe8, 0x00, 0x8c, 0x01, 0xff, 0xc2, 0x1a, 0x00, 0x49, 0x00, 0x7f,
    0xf0, 0x95, 0x40, 0x0e, 0x00, 0xff, 0xe1, 0xd8, 0x81, 0xb8, 0x00, 0x00, 0xc2, 0xd7, 0xbd, 0xfd,
    0xb4, 0xc2, 0x01, 0xe8, 0xe9, 0x42, 0x10, 0x12, 0x59, 0xea, 0x20, 0x0a, 0xdc, 0x02, 0x24, 0x41,
    0x88, 0x04, 0xa8, 0x00, 0x74, 0x00, 0x37, 0x6d, 0xdb, 0x3b, 0x60, 0x85, 0x80, 0x14, 0x00, 0x79,
    0x10, 0x0e, 0x27, 0xdd, 0x00, 0x44, 0x00, 0x90, 0x0f, 0xf1, 0x80, 0x04, 0x03, 0xff, 0x8a, 0x20,
    0x13, 0x00, 0x7f, 0xf0, 0x98, 0x01, 0x12, 0x20, 0x1f, 0xfa, 0x0c, 0x00, 0xdd, 0x90, 0x80, 0x1f,
    0xc3, 0x8c, 0x01, 0x1b, 0xdf, 0xe3, 0x90, 0x07, 0xd3, 0xd0, 0x60, 0x18, 0xe3, 0x6c, 0x80, 0x3c,
    0x2f, 0x9f, 0x6e, 0x60, 0x12, 0x69, 0x80, 0x7f, 0x24, 0x67, 0x40, 0x05, 0xa0, 0x1f, 0xf8, 0x5f,
    0x40, 0x02, 0xc0, 0x1f, 0xfc, 0x12, 0x50, 0x07, 0x00, 0x7f, 0xf1, 0x7c, 0x31, 0xc0, 0x3f, 0xc2,
    0xa0, 0x03, 0x53, 0x8e, 0x83, 0x00, 0xf2, 0xf8, 0x00, 0x90, 0x44, 0x02, 0xf9, 0xfb, 0x76, 0xcf,
    0xa1, 0x01, 0xf0, 0x4f, 0x60, 0x0c, 0x48, 0x83, 0x00, 0x93, 0x08, 0x00, 0x33, 0xd4, 0xc6, 0x20,
    0x01, 0x37, 0xcb, 0x20, 0x00, 0x00, 0xef, 0xff, 0xfe, 0x2d, 0x00, 0x7f, 0xf1, 0xd0, 0xcf, 0xe0,
    0x08, 0xcf, 0xe2, 0xac, 0xcf, 0x78, 0x05, 0x99, 0xf4, 0x00, 0x7f, 0xff, 0xc0, 0x3f, 0xff, 0xe0,
    0x1f, 0xff, 0xf0, 0x0f, 0xff, 0xf8, 0x07, 0xff, 0x78, 0x00, 0xdf, 0xf3, 0x00, 0x7f, 0xef, 0xf8,
    0x40, 0x3f, 0xff, 0xe0, 0x1f, 0xff, 0xf0, 0x0f, 0xff, 0xf8, 0x07, 0xff, 0x0c, 0x40, 0x02, 0x01,
    0xff, 0x08, 0x04, 0x2c, 0x00, 0xe0, 0x0f, 0xf8, 0x80, 0x36, 0x80, 0x10, 0x03, 0xfe, 0x40, 0x02,
    0x02, 0x80, 0x09, 0x40, 0x3f, 0xd2, 0x00, 0xc0, 0x24, 0x00, 0x59, 0x00, 0x7e, 0xa1, 0x00, 0x30,
    0x02, 0x40, 0x03, 0xae, 0x20, 0x19, 0x75, 0x40, 0x12, 0x20, 0x02, 0xa0, 0x0a, 0x3b, 0x9b, 0xdf,
    0x44, 0x00, 0x66, 0x00, 0x65, 0xc2, 0x00, 0x84, 0x84, 0x02, 0x19, 0x90, 0x07, 0x8f, 0x6d, 0x88,
    0x40, 0x04, 0xb3, 0xcc, 0x01, 0x80, 0x00, 0x0c, 0xff, 0x50, 0x07, 0xff, 0x0e, 0x7f, 0xd2, 0x12,
    0x00, 0x51, 0x00, 0xff, 0xe0, 0x8b, 0x00, 0x2c, 0x14, 0x40, 0x12, 0x01, 0xff, 0xc1, 0x90, 0x02,
    0x10, 0x02, 0x40, 0x0c, 0x01, 0xff, 0xc1, 0x60, 0x04, 0x00, 0x4c, 0x00, 0x16, 0x00, 0xff, 0x98,
    0x40, 0xcc, 0x01, 0x0b, 0x00, 0x2c, 0x03, 0xfe, 0xb0, 0x04, 0x80, 0x75, 0x80, 0x09, 0x40, 0x3f,
    0x94, 0x80, 0x54, 0x03, 0x89, 0x40, 0x12, 0x01, 0xfd, 0x20, 0x09, 0x00, 0xfa, 0x40, 0x06, 0x60,
    0x0f, 0x8c, 0xc0, 0x06, 0x00, 0xf8, 0xcc, 0x00, 0x90, 0x0f, 0xa4, 0x00, 0xc2, 0x01, 0xfa, 0x40,
    0x0a, 0x20, 0x1c, 0x4a, 0x00, 0xb0, 0x0f, 0xe5, 0x20, 0x04, 0x80, 0x75, 0x00, 0x14, 0x80, 0x3f,
    0xd6, 0x00, 0x70, 0x0e, 0x70, 0x04, 0x80, 0x7f, 0xcc, 0x20, 0x07, 0x00, 0x9c, 0x00, 0x66, 0x00,
    0xff, 0xcc, 0x00, 0xa0, 0x0a, 0x40, 0x12, 0x01, 0xff, 0xc1, 0x90, 0x01, 0x28, 0x28, 0x81, 0x28,
    0x07, 0xff, 0x04, 0x54, 0x01, 0x21, 0x20, 0x0a, 0x00, 0xff, 0xe1, 0xc8, 0x00, 0xdc, 0xc0, 0x0e,
    0x01, 0xff, 0xc3, 0x34, 0x00, 0x40, 0x01, 0xc0, 0x3f, 0xf8, 0xbe, 0x01, 0xd2, 0x01, 0xff, 0xc5,
    0x42, 0x00, 0x94, 0x40, 0x3f, 0xf8, 0xd6, 0x01, 0x48, 0x07, 0xf0, 0x00, 0xcf, 0xf3, 0x80, 0x7f,
    0xd1, 0xfe, 0xc0, 0x0f, 0xf8, 0xff, 0xda, 0x16, 0x00, 0xa0, 0x0f, 0xf9, 0x40, 0x06, 0x40, 0x1f,
    0xeb, 0x00, 0x28, 0x30, 0x00, 0x88, 0x01, 0xfc, 0x64, 0x01, 0x28, 0x07, 0xf9, 0x80, 0x14, 0x02,
    0x60, 0x05, 0x00, 0xfe, 0xa0, 0x0d, 0x40, 0x1f, 0xc6, 0x20, 0x44, 0x00, 0x58, 0x02, 0x80, 0x3f,
    0x9c, 0x00, 0x20, 0x44, 0x00, 0xfd, 0x40, 0x0a, 0x00, 0x98, 0x00, 0x44, 0x00, 0xf9, 0x04, 0x15,
    0xc0, 0x14, 0x01, 0xf9, 0xc0, 0x0a, 0x01, 0x09, 0x80, 0x28, 0x03, 0xed, 0x00, 0x7d, 0x00, 0x14,
    0x03, 0xe4, 0x10, 0x32, 0x00, 0xd4, 0x00, 0x50, 0x0f, 0x98, 0x00, 0xa6, 0x20, 0x46, 0x01, 0xed,
    0x00, 0x58, 0x07, 0x38, 0x00, 0x8c, 0x03, 0x94, 0x00, 0xa0, 0x06, 0x00, 0x58, 0x07, 0x9c, 0x00,
    0xc0, 0x1c, 0x28, 0x00, 0xb0, 0x0e, 0xf0, 0x07, 0x00, 0x2c, 0x00, 0xa0, 0x1c, 0x82, 0x06, 0x20,
    0x1e, 0xd0, 0x02, 0x80, 0x72, 0x80, 0xa0, 0x00, 0xc8, 0x08, 0xc0, 0x37, 0x00, 0x28, 0x03, 0xe7,
    0x00, 0x11, 0x80, 0x4c, 0x00, 0x70, 0x0d, 0x40, 0x0a, 0x00, 0xca, 0x00, 0x70, 0x0f, 0x85, 0x00,
    0x16, 0x01, 0x68, 0x02, 0x80, 0x32, 0x80, 0x1c, 0x02, 0x50, 0x01, 0x88, 0x07, 0xed, 0x00, 0x30,
    0x00, 0x50, 0x04, 0xc0, 0x31, 0x18, 0x0a, 0x00, 0x3c, 0x01, 0x40, 0x1f, 0xce, 0x00, 0x13, 0x07,
    0x00, 0x30, 0x07, 0xac, 0x01, 0xa0, 0x05, 0x00, 0x38, 0x07, 0xf0, 0xa0, 0x02, 0x82, 0x80, 0x16,
    0x01, 0xe6, 0x00, 0x38, 0x28, 0x01, 0x04, 0x03, 0xfd, 0xc0, 0x07, 0x23, 0x02, 0x30, 0x0f, 0x09,
    0x80, 0xa7, 0x00, 0x34, 0x03, 0xfe, 0x50, 0x00, 0xc8, 0x01, 0x40, 0x3f, 0x50, 0x03, 0xd0, 0x00,
    0xe0, 0x1f, 0xf9, 0x40, 0x08, 0x00, 0xa0, 0x0f, 0xce, 0x00, 0x40, 0x02, 0x08, 0x07, 0xfe, 0xf0,
    0x0c, 0x64, 0x01, 0xf8, 0x50, 0x03, 0x70, 0x07, 0xff, 0x05, 0x40, 0x35, 0x80, 0x7f, 0xb8, 0x03,
    0x28, 0x07, 0xff, 0x09, 0x40, 0x26, 0x00, 0xff, 0x28, 0x04, 0xa0, 0x1f, 0x80, 0x00, 0x0b, 0xff,
    0x70, 0x80, 0x7f, 0x93, 0xfe, 0x30, 0x05, 0x08, 0x0d, 0x80, 0x7f, 0x0d, 0x00, 0x24, 0xc0, 0x03,
    0xa0, 0x05, 0x60, 0x0f, 0xda, 0x20, 0xac, 0x01, 0x8e, 0x00, 0x12, 0x60, 0x1e, 0x83, 0x01, 0xb0,
    0x0f, 0x3a, 0x00, 0x38, 0x03, 0x91, 0xc0, 0x1a, 0x20, 0x1f, 0x50, 0x81, 0x50, 0x04, 0x34, 0x00,
    0x83, 0x00, 0xfc, 0x34, 0x00, 0x56, 0x00, 0x50, 0x82, 0x38, 0x07, 0xf9, 0x1c, 0x01, 0x24, 0xe8,
    0x03, 0x40, 0x1f, 0xfa, 0x0c, 0x01, 0xf0, 0x00, 0xd1, 0x00, 0xff, 0xe0, 0xf0, 0x00, 0x80, 0x10,
    0x60, 0x1f, 0xfc, 0x22, 0x90, 0x08, 0x9c, 0x03, 0xff, 0x89, 0xa0, 0x11, 0x20, 0x07, 0xff, 0x0e,
    0x10, 0x03, 0x50, 0x80, 0x7f, 0xf0, 0x51, 0xc0, 0x14, 0x40, 0x3a, 0x01, 0xff, 0x86, 0x80, 0x0c,
    0xbe, 0x00, 0x38, 0x00, 0xff, 0xa8, 0x40, 0xe4, 0x0a, 0x40, 0x0e, 0x80, 0x1f, 0xce, 0x80, 0x0e,
    0x00, 0x99, 0x40, 0x14, 0x20, 0x1f, 0x1c, 0x00, 0x24, 0x80, 0x35, 0x10, 0x0e, 0x80, 0x78, 0x74,
    0x00, 0xac, 0x01, 0xef, 0x00, 0x1c, 0x00, 0x75, 0x08, 0x15, 0x00, 0x7c, 0x52, 0x00, 0x74, 0x00,
    0x9d, 0x00, 0x1c, 0x01, 0xfc, 0xca, 0x00, 0xa1, 0x03, 0x80, 0x04, 0x18, 0x07, 0xfa, 0xc8, 0x06,
    0x80, 0x00, 0x0c, 0xff, 0x48, 0x07, 0xff, 0x06, 0xbf, 0xd0, 0x1e, 0x00, 0x63, 0x00, 0xff, 0x91,
    0x40, 0xa0, 0x0d, 0x80, 0x1c, 0x01, 0xff, 0x48, 0x02, 0x40, 0x29, 0x10, 0x27, 0x00, 0xfe, 0x82,
    0x05, 0x40, 0x0d, 0x60, 0x08, 0x10, 0x0f, 0x89, 0xc0, 0x16, 0x01, 0xca, 0x80, 0x0a, 0x00, 0xfb,
    0x80, 0x12, 0x20, 0x1e, 0x90, 0x02, 0x28, 0x07, 0x31, 0x81, 0xb0, 0x07, 0xc5, 0x00, 0x0b, 0x00,
    0xc3, 0x00, 0x0f, 0x00, 0xfe, 0x72, 0x01, 0x80, 0x0a, 0x04, 0x18, 0xc0, 0x3f, 0xdc, 0x00, 0x72,
    0x03, 0x60, 0x19, 0x00, 0xff, 0x8d, 0x80, 0x1c, 0x1c, 0x00, 0xb0, 0x0f, 0xfe, 0x0c, 0x08, 0x1e,
    0x10, 0x22, 0x80, 0x7f, 0xf0, 0x46, 0xc0, 0x06, 0x00, 0x90, 0x0f, 0xfe, 0x1a, 0xa0, 0x05, 0x04,
    0x01, 0xff, 0xc4, 0xf0, 0x09, 0xc0, 0x3f, 0xf8, 0xae, 0x01, 0xff, 0xff, 0x00, 0xff, 0xfc, 0x80,
    0x00, 0x6f, 0xff, 0xfe, 0x2d, 0x80, 0x7f, 0xf2, 0x48, 0xcf, 0xff, 0x82, 0x20, 0x16, 0x82, 0x66,
    0x7f, 0xef, 0x10, 0x03, 0x30, 0x03, 0xff, 0x82, 0x3a, 0x00, 0x49, 0x00, 0xff, 0xe1, 0x68, 0x81,
    0x50, 0x07, 0xff, 0x0a, 0x8c, 0x01, 0xe2, 0x01, 0xff, 0xc1, 0x75, 0x00, 0x59, 0x00, 0x7f, 0xf0,
    0x52, 0x00, 0x10, 0x80, 0x1f, 0xfc, 0x12, 0xb0, 0x02, 0xb8, 0x07, 0xff, 0x04, 0x7c, 0x00, 0x74,
    0x01, 0xff, 0xc2, 0xa2, 0x01, 0xd0, 0x0f, 0xfe, 0x14, 0xa0, 0x03, 0x44, 0x03, 0xff, 0x82, 0xcc,
    0x00, 0x51, 0x80, 0x7f, 0xf0, 0x4e, 0x40, 0x0e, 0xa0, 0x1f, 0xfc, 0x12, 0xd0, 0x02, 0x40, 0x07,
    0xff, 0x0b, 0xc4, 0x0a, 0xc0, 0x3f, 0xf8, 0x54, 0x40, 0x3e, 0x01, 0xff, 0xc2, 0x85, 0x00, 0x51,
    0x00, 0x7f, 0xf0, 0x55, 0xc0, 0x28, 0xcc, 0xff, 0xe0, 0x8f, 0x80, 0x63, 0x3f, 0xfe, 0x10, 0x07,
    0xff, 0x24, 0x00, 0xaf, 0xff, 0x00, 0x7f, 0xe4, 0x77, 0x80, 0x36, 0x44, 0x40, 0x1f, 0xff, 0xf0,
    0x0f, 0xff, 0xf8, 0x07, 0xff, 0x6b, 0x22, 0x20, 0x0c, 0x8e, 0xf0, 0x07, 0xf0, 0x00, 0x1f, 0xf5,
    0x80, 0x7f, 0xc2, 0x80, 0x82, 0x01, 0xff, 0x70, 0x01, 0x80, 0x3f, 0xe5, 0x00, 0x58, 0x07, 0xfe,
    0x50, 0x32, 0x00, 0xff, 0xb8, 0x00, 0xa0, 0x1f, 0xf2, 0x08, 0x50, 0x07, 0xfe, 0x70, 0x23, 0x00,
    0xff, 0xa8, 0x01, 0x60, 0x1f, 0xf1, 0x90, 0x30, 0x07, 0xfe, 0x50, 0x14, 0x00, 0xff, 0xa8, 0x01,
    0xa0, 0x1f, 0xf1, 0x10, 0x1c, 0x03, 0xff, 0x50, 0x0a, 0x80, 0x7f, 0xcc, 0x00, 0xf0, 0x0f, 0xf8,
    0x4c, 0x14, 0x03, 0xff, 0x50, 0x01, 0x40, 0x3f, 0xe7, 0x00, 0x70, 0x07, 0xfc, 0x28, 0x08, 0x20,
    0x1f, 0xf7, 0x00, 0x1c, 0x03, 0xfe, 0x50, 0x05, 0x00, 0x7f, 0xe5, 0x03, 0x20, 0x0f, 0xfb, 0x80,
    0x0a, 0x01, 0xff, 0x20, 0x85, 0x00, 0x7f, 0xe7, 0x02, 0x30, 0x0f, 0xfa, 0x80, 0x16, 0x01, 0xff,
    0x18, 0x83, 0x00, 0x7f, 0xe6, 0x01, 0x30, 0x0f, 0xfa, 0xc0, 0x14, 0x01, 0xff, 0x19, 0x03, 0x80,
    0x00, 0x6f, 0xff, 0x20, 0x07, 0xe5, 0x77, 0x84, 0x02, 0x38, 0x88, 0x80, 0x3f, 0xff, 0xe0, 0x1f,
    0xff, 0xf0, 0x0f, 0xfe, 0xc9, 0xc4, 0x44, 0x01, 0x2b, 0xbc, 0x20, 0x1f, 0xf0, 0x00, 0x00, 0xe2,
    0xff, 0x68, 0x07, 0xfd, 0x60, 0x02, 0x40, 0x0f, 0xe1, 0x60, 0x10, 0xf0, 0x0f, 0xe6, 0x01, 0xd0,
    0x42, 0x00, 0xfd, 0x21, 0x26, 0x60, 0xb0, 0x0f, 0x94, 0x41, 0x82, 0x81, 0x80, 0x3e, 0x90, 0x51,
    0x06, 0x10, 0x60, 0x0e, 0x33, 0x04, 0x80, 0x4c, 0x16, 0x01, 0xd2, 0x06, 0x60, 0x0a, 0x40, 0x90,
    0x02, 0x15, 0x09, 0x00, 0xc2, 0xa1, 0xe0, 0x14, 0x80, 0xa8, 0x07, 0x70, 0x21, 0x00, 0x18, 0x24,
    0x03, 0xc8, 0x41, 0x60, 0xc2, 0x0c, 0x01, 0xf5, 0x83, 0x08, 0x00, 0xff, 0xff, 0xe2, 0x00, 0x7f,
    0xf1, 0x00, 0x00, 0x08, 0xff, 0x8c, 0x03, 0x45, 0x88, 0x62, 0x00, 0x64, 0xf3, 0x0b, 0x60, 0x0c,
    0x38, 0xe1, 0x2e, 0x00, 0x00, 0x8a, 0x2f, 0xbf, 0xdd, 0x6c, 0x01, 0xc5, 0x7a, 0xe8, 0x20, 0x01,
    0x49, 0xe4, 0x00, 0xa5, 0x00, 0x02, 0x8a, 0x84, 0x00, 0x1b, 0x20, 0x04, 0x82, 0xe7, 0x5d, 0x5e,
    0xe0, 0x80, 0x24, 0x00, 0x5d, 0x46, 0x01, 0xc7, 0xa0, 0x04, 0x10, 0x00, 0x80, 0x7e, 0x32, 0x00,
    0x28, 0x07, 0xfe, 0x60, 0x00, 0x80, 0x4b, 0x5b, 0xff, 0xe4, 0x00, 0xc3, 0x94, 0xa4, 0x01, 0xff,
    0x51, 0x80, 0xbd, 0xe6, 0x71, 0x80, 0x44, 0x80, 0x0c, 0x84, 0x33, 0xe7, 0x00, 0x9c, 0x00, 0x84,
    0x01, 0xff, 0xc2, 0x70, 0x0f, 0x8d, 0x00, 0x27, 0x00, 0x19, 0x80, 0x38, 0xb8, 0x03, 0x12, 0x80,
    0x36, 0x10, 0xd2, 0x74, 0x80, 0x3a, 0x90, 0x05, 0xef, 0x2d, 0x81, 0x58, 0x03, 0xae, 0x90, 0x40,
    0x04, 0xb7, 0x40, 0x18, 0x00, 0x1f, 0xf8, 0x03, 0xff, 0xfe, 0x01, 0xff, 0xf0, 0x49, 0xdf, 0xf6,
    0xd2, 0x00, 0x7f, 0xaa, 0xd8, 0x80, 0x04, 0xb7, 0x82, 0x01, 0xf6, 0x28, 0x00, 0xd0, 0xc0, 0x23,
    0xf3, 0x00, 0xf1, 0x83, 0x76, 0x5e, 0x7c, 0x80, 0x07, 0x84, 0x03, 0xd3, 0x21, 0x00, 0xcd, 0xa0,
    0x02, 0x80, 0x0e, 0x46, 0x00, 0xf8, 0xa4, 0x00, 0xc0, 0x1d, 0xe0, 0x1f, 0xcc, 0x20, 0x04, 0x00,
    0xca, 0x01, 0xfe, 0x50, 0x01, 0x00, 0x61, 0x00, 0xff, 0x08, 0x00, 0x40, 0x30, 0x80, 0x7f, 0x84,
    0x00, 0x20, 0x19, 0x40, 0x3f, 0xca, 0x00, 0x20, 0x0d, 0xe0, 0x1f, 0xcc, 0x20, 0x04, 0x00, 0xc8,
    0xc0, 0x1f, 0x14, 0x80, 0x18, 0x03, 0xd3, 0x21, 0x00, 0xcd, 0xa0, 0x02, 0x80, 0x0c, 0x26, 0x0d,
    0xd9, 0x79, 0xf2, 0x01, 0x70, 0x80, 0x63, 0xd4, 0x00, 0x1a, 0x18, 0x04, 0x7a, 0x60, 0x1e, 0x1b,
    0xb2, 0x90, 0x00, 0x96, 0xf0, 0x80, 0x20, 0x00, 0x00, 0xe4, 0x9d, 0xff, 0x6d, 0xb0, 0x80, 0x78,
    0xb2, 0xd8, 0x80, 0x04, 0x93, 0xea, 0x01, 0x8f, 0x4c, 0x00, 0x26, 0x84, 0x00, 0x1a, 0x60, 0x00,
    0xe8, 0x00, 0x6b, 0xb2, 0xf7, 0x4a, 0x00, 0x80, 0x05, 0x08, 0x17, 0xa8, 0x06, 0x2a, 0x65, 0xf0,
    0x24, 0x00, 0x70, 0x80, 0x7d, 0x34, 0x20, 0x80, 0x03, 0x30, 0x07, 0xfe, 0xf0, 0x02, 0x80, 0x7f,
    0xf0, 0x4c, 0x01, 0xc0, 0x1f, 0xfc, 0x13, 0x00, 0x70, 0x07, 0xff, 0x07, 0xc0, 0x0a, 0x01, 0xff,
    0xc1, 0x40, 0x01, 0x98, 0x03, 0xff, 0x12, 0x00, 0x38, 0x40, 0x3e, 0x9a, 0x10, 0x05, 0x08, 0x17,
    0xa8, 0x06, 0x2a, 0x65, 0xf0, 0x00, 0xe8, 0x00, 0x6b, 0xb2, 0xf7, 0x4a, 0x00, 0xb0, 0x08, 0xf4,
    0xc0, 0x02, 0x68, 0x40, 0x01, 0xb5, 0x00, 0xc5, 0x96, 0xc4, 0x00, 0x14, 0x9f, 0x40, 0x00, 0x00,
    0x00, 0xff, 0xe1, 0x17, 0xfb, 0x80, 0x3f, 0xff, 0xe0, 0x1f, 0xfd, 0xa5, 0xbe, 0xff, 0x6c, 0x90,
    0x07, 0xe3, 0xda, 0x41, 0x00, 0x13, 0x6c, 0x00, 0x79, 0x70, 0x80, 0x02, 0x68, 0x40, 0x07, 0xe0,
    0x0c, 0x54, 0x00, 0x1a, 0xec, 0xbd, 0xd2, 0x01, 0x80, 0x6e, 0x00, 0x17, 0xa8, 0x06, 0x2b, 0x60,
    0x0c, 0x46, 0x00, 0xe1, 0x00, 0xfa, 0x48, 0x02, 0x50, 0x01, 0x98, 0x03, 0xfa, 0x80, 0x2e, 0x00,
    0x28, 0x07, 0xf9, 0x00, 0x23, 0x00, 0x70, 0x07, 0xf8, 0x40, 0x23, 0x00, 0x78, 0x07, 0xf8, 0x40,
    0x2e, 0x00, 0x20, 0x07, 0xf9, 0x40, 0x25, 0x00, 0x19, 0x00, 0x7f, 0x50, 0x04, 0x46, 0x00, 0xe0,
    0x0f, 0xce, 0x60, 0x1b, 0x80, 0x07, 0x84, 0x01, 0xd1, 0x00, 0x0e, 0x2a, 0x00, 0x1e, 0xdc, 0xc5,
    0x7b, 0x81, 0x80, 0x72, 0xe1, 0x00, 0x11, 0x9d, 0x40, 0x0b, 0xa0, 0x1e, 0x3d, 0x94, 0x10, 0x01,
    0x36, 0x50, 0x80, 0x40, 0x00, 0x00, 0xe5, 0xbe, 0xff, 0x6c, 0xa0, 0x07, 0xe3, 0xda, 0x41, 0x00,
    0x13, 0x5d, 0x84, 0x03, 0x97, 0x08, 0x00, 0x8c, 0xa6, 0x00, 0x4f, 0x10, 0x08, 0xa8, 0x00, 0xdd,
    0x73, 0x59, 0xa6, 0x03, 0xa0, 0x14, 0x80, 0x1e, 0x44, 0x03, 0x16, 0x18, 0x1b, 0x01, 0x20, 0x14,
    0x00, 0x7e, 0xe0, 0x05, 0x02, 0x80, 0x14, 0x03, 0xf8, 0x88, 0x06, 0x1c, 0x00, 0x7f, 0xff, 0xf1,
    0x00, 0x08, 0xc0, 0x3f, 0xf8, 0x82, 0x60, 0x06, 0xcc, 0xff, 0xe0, 0x9f, 0x80, 0x08, 0xcf, 0xff,
    0x82, 0x08, 0x00, 0x43, 0x00, 0xff, 0xe0, 0x92, 0x00, 0x38, 0x40, 0x3e, 0x18, 0x00, 0xd2, 0x20,
    0x5e, 0xa0, 0x1c, 0xb8, 0xf0, 0x01, 0x15, 0x00, 0x06, 0xbf, 0x2f, 0x3a, 0x88, 0x10, 0x03, 0x26,
    0x98, 0x04, 0x68, 0x62, 0x00, 0x5c, 0x00, 0xe2, 0xcb, 0x62, 0x00, 0x09, 0xbe, 0x50, 0x04, 0x00,
    0x00, 0xe1, 0x9d, 0xff, 0x6b, 0x80, 0x71, 0xfb, 0x10, 0x00, 0xa0, 0xc0, 0x36, 0x88, 0x0b, 0x30,
    0x88, 0x60, 0x12, 0x88, 0x0f, 0xcc, 0xb7, 0x00, 0x36, 0x80, 0x18, 0x40, 0x21, 0x00, 0xc4, 0x00,
    0xe0, 0x0f, 0xfe, 0x3c, 0x7f, 0x94, 0x01, 0x3f, 0xf9, 0x00, 0x3f, 0xf8, 0x58, 0xee, 0x20, 0x02,
    0x3b, 0xe6, 0x04, 0x88, 0x38, 0x03, 0x22, 0x31, 0x00, 0x7f, 0xff, 0xc0, 0x3f, 0xff, 0xe0, 0x1f,
    0xfc, 0x80, 0x00, 0x00, 0xe5, 0xad, 0xff, 0x6c, 0xa0, 0x03, 0x3f, 0xc4, 0x01, 0x27, 0x52, 0x90,
    0x00, 0x9a, 0xec, 0x20, 0x1e, 0x7b, 0x10, 0x00, 0xa2, 0x0c, 0x00, 0x98, 0x20, 0x19, 0x20, 0x00,
    0x79, 0xd7, 0x6c, 0xf8, 0x02, 0x20, 0x06, 0x90, 0x02, 0x61, 0x80, 0x73, 0xe0, 0x07, 0x21, 0x00,
    0x28, 0x03, 0xf1, 0xc0, 0x06, 0xc0, 0x02, 0x88, 0x07, 0xf3, 0x00, 0x62, 0x00, 0x68, 0x07, 0xf8,
    0x44, 0x01, 0xef, 0x00, 0xff, 0x84, 0x02, 0x20, 0x01, 0x80, 0x7f, 0x84, 0x03, 0x60, 0x01, 0x04,
    0x03, 0xfa, 0x40, 0x32, 0x10, 0x03, 0x40, 0x3f, 0x23, 0x80, 0x74, 0x80, 0x0f, 0x50, 0x03, 0x0b,
    0xd8, 0x07, 0x92, 0x40, 0x05, 0x7d, 0x97, 0x9d, 0x00, 0x40, 0x1e, 0x6b, 0x10, 0x00, 0x9a, 0x18,
    0x01, 0x30, 0x03, 0xe4, 0xe9, 0x41, 0x00, 0x13, 0x5d, 0x84, 0x02, 0x30, 0x0e, 0x6b, 0xef, 0xf6,
    0xca, 0x01, 0x00, 0x42, 0x01, 0xff, 0xc2, 0x50, 0x01, 0x80, 0x4c, 0x80, 0x1f, 0xc3, 0x20, 0x0b,
    0x00, 0x14, 0xdd, 0x94, 0x03, 0xcb, 0xe2, 0x02, 0xe0, 0x05, 0x00, 0x25, 0x7e, 0xdd, 0xb3, 0xe8,
    0x40, 0x14, 0x01, 0x3d, 0x10, 0x04, 0x48, 0x83, 0x00, 0x8b, 0x10, 0x03, 0x2e, 0xe3, 0xa1, 0x00,
    0x04, 0x96, 0xb4, 0xc0, 0x20, 0x00, 0x1f, 0xf8, 0x03, 0xff, 0xfe, 0x01, 0xff, 0xe9, 0x4a, 0xdf,
    0xf6, 0xd1, 0x80, 0x7e, 0x1c, 0xb5, 0x20, 0x01, 0x2e, 0x48, 0x07, 0xd8, 0x60, 0x03, 0x31, 0x00,
    0x4d, 0x20, 0x1e, 0x20, 0x9f, 0xcc, 0x6e, 0x8c, 0x00, 0xc6, 0x01, 0xec, 0x60, 0x0c, 0x58, 0x40,
    0x0a, 0x00, 0xe7, 0x30, 0x0f, 0xac, 0x00, 0x80, 0x1d, 0x60, 0x1f, 0x90, 0x00, 0x40, 0x1c, 0x60,
    0x1f, 0x8c, 0x03, 0xff, 0xfe, 0x01, 0xff, 0xff, 0x00, 0xff, 0xe2, 0x00, 0x00, 0x1b, 0xfb, 0x09,
    0x40, 0x46, 0x00, 0xe9, 0x41, 0x56, 0x1b, 0xea, 0x00, 0xff, 0x87, 0xfe, 0x00, 0xff, 0xff, 0x80,
    0x78, 0x00, 0x00, 0xf5, 0x7e, 0x08, 0x07, 0x2a, 0x80, 0xe0, 0x03, 0xff, 0x86, 0xaa, 0x14, 0x80,
    0x0f, 0x57, 0x58, 0x80, 0x7f, 0xf3, 0xbb, 0xfc, 0x40, 0x1f, 0xff, 0xf0, 0x0f, 0xff, 0xf8, 0x07,
    0xff, 0x10, 0x40, 0x3f, 0x08, 0x04, 0x40, 0x40, 0x14, 0x80, 0x08, 0x17, 0x6e, 0x71, 0xc0, 0x14,
    0x1c, 0x08, 0xc6, 0x00, 0x47, 0x0f, 0x52, 0x00, 0x1c, 0xd8, 0x00, 0x00, 0x1f, 0xf8, 0x03, 0xff,
    0xfe, 0x01, 0xff, 0xef, 0x5f, 0xf9, 0x80, 0x3f, 0xf3, 0x50, 0x02, 0x58, 0x03, 0xfe, 0x79, 0x00,
    0x4b, 0x00, 0x7f, 0xd3, 0x00, 0x09, 0x60, 0x0f, 0xfa, 0x98, 0x01, 0x2c, 0x01, 0xff, 0x5a, 0x80,
    0x29, 0x80, 0x3f, 0xc3, 0x88, 0x00, 0xa5, 0x00, 0xff, 0x0e, 0x18, 0x04, 0xc0, 0x1f, 0xf7, 0x90,
    0x06, 0xd1, 0x00, 0xff, 0x08, 0x0c, 0x80, 0x06, 0x80, 0x3f, 0xe2, 0xc6, 0x90, 0x02, 0x40, 0x07,
    0xf1, 0xe1, 0x03, 0x30, 0x00, 0xea, 0x01, 0xfb, 0x04, 0x02, 0x94, 0x00, 0x51, 0x00, 0x7f, 0xf0,
    0x68, 0x40, 0x1e, 0x01, 0xff, 0xc1, 0x1d, 0x00, 0x15, 0x00, 0x7f, 0xf0, 0x4e, 0x80, 0x0a, 0xe0,
    0x1f, 0xfc, 0x15, 0x70, 0x04, 0x20, 0x00, 0x1f, 0xf8, 0x03, 0xff, 0xfe, 0x01, 0xff, 0xc5, 0x00,
    0x1f, 0xf6, 0x80, 0x1a, 0xfb, 0xfb, 0x1c, 0x40, 0x32, 0x4e, 0xf7, 0xf5, 0x20, 0x07, 0xe3, 0xd9,
    0x41, 0x01, 0x38, 0xe5, 0x01, 0xbb, 0x31, 0x08, 0x0a, 0xdd, 0x80, 0x3c, 0x7a, 0x40, 0x6a, 0xc6,
    0x01, 0x52, 0xe2, 0x00, 0x11, 0x94, 0x40, 0x09, 0x60, 0x1c, 0x22, 0x2c, 0xc5, 0x4e, 0x60, 0x40,
    0x14, 0x40, 0xff, 0x73, 0x5c, 0xe0, 0x04, 0x50, 0x0e, 0x1c, 0x30, 0x0c, 0x74, 0x01, 0x9a, 0x00,
    0x3a, 0x10, 0x01, 0xc0, 0x1d, 0x22, 0x01, 0xe4, 0x20, 0x0a, 0x00, 0x3e, 0xf0, 0x02, 0x80, 0x72,
    0x80, 0x7e, 0x70, 0x02, 0x08, 0x07, 0xca, 0x00, 0x10, 0x0e, 0x20, 0x0f, 0xc4, 0x00, 0x20, 0x0f,
    0xc2, 0x01, 0x08, 0x07, 0xff, 0x10, 0x40, 0x3f, 0xff, 0xe0, 0x1f, 0xff, 0xf0, 0x0f, 0xff, 0xf8,
    0x07, 0xff, 0x40, 0x00, 0x1f, 0xf6, 0x80, 0x16, 0xb7, 0xfd, 0xb4, 0x60, 0x1f, 0x8b, 0x69, 0x48,
    0x00, 0x4b, 0x92, 0x01, 0xe3, 0xc2, 0x02, 0x56, 0x40, 0x09, 0xa4, 0x03, 0x84, 0x6b, 0xda, 0x9b,
    0xf5, 0x00, 0x31, 0x80, 0x7b, 0x10, 0x03, 0xa8, 0xc0, 0x14, 0x01, 0xd0, 0x40, 0x1f, 0x48, 0x01,
    0x00, 0x39, 0x40, 0x3f, 0x38, 0x00, 0x80, 0x38, 0x80, 0x3f, 0x18, 0x07, 0xff, 0xfc, 0x03, 0xff,
    0xfe, 0x01, 0xff, 0xc4, 0x00, 0x00, 0xe4, 0xad, 0xff, 0x75, 0xb0, 0x07, 0xe2, 0xcb, 0x52, 0x00,
    0x0a, 0x4f, 0x28, 0x07, 0x26, 0x98, 0x00, 0x4d, 0x08, 0x00, 0x35, 0x00, 0x11, 0x50, 0x00, 0x6b,
    0xb2, 0xf7, 0x48, 0x00, 0x75, 0x00, 0x48, 0x81, 0x7a, 0x80, 0x62, 0xb6, 0x00, 0x50, 0x92, 0x00,
    0x38, 0x40, 0x3e, 0x92, 0x00, 0x32, 0x00, 0x0c, 0xc0, 0x1f, 0xd4, 0x00, 0xcf, 0x00, 0x28, 0x07,
    0xf9, 0x00, 0x0a, 0x60, 0x0e, 0x00, 0xff, 0x08, 0x00, 0x4c, 0x01, 0xc0, 0x1f, 0xe1, 0x00, 0x0f,
    0x80, 0x14, 0x03, 0xfc, 0x80, 0x05, 0x40, 0x01, 0x98, 0x03, 0xfa, 0x80, 0x18, 0x48, 0x00, 0xe1,
    0x00, 0xfa, 0x48, 0x00, 0xc1, 0x42, 0x05, 0xe8, 0x01, 0x8a, 0xd8, 0x01, 0x42, 0x03, 0x40, 0x01,
    0xbe, 0xbb, 0x6e, 0x90, 0x00, 0xea, 0x01, 0x26, 0x98, 0x00, 0x51, 0x04, 0x00, 0x1a, 0x80, 0x0e,
    0x2c, 0xb5, 0x20, 0x00, 0xa4, 0xf2, 0x80, 0x40, 0x00, 0x1f, 0xf6, 0x80, 0x12, 0xb7, 0xfd, 0xb4,
    0x80, 0x1f, 0xc3, 0x96, 0xa4, 0x00, 0x25, 0xbc, 0x10, 0x0f, 0x1e, 0x18, 0x0a, 0xbb, 0x10, 0x00,
    0xfc, 0xc0, 0x38, 0x48, 0x23, 0xaa, 0x27, 0x6c, 0x40, 0x78, 0x40, 0x3d, 0x4e, 0x01, 0xc9, 0xe2,
    0x05, 0x00, 0x1c, 0xaa, 0x00, 0xf8, 0x6c, 0x00, 0xc0, 0x1d, 0xc0, 0x1f, 0xca, 0x20, 0x04, 0x00,
    0xc8, 0x01, 0xfe, 0x50, 0x01, 0x00, 0x7f, 0xf0, 0xc4, 0x00, 0x20, 0x18, 0x40, 0x3f, 0xcc, 0x00,
    0x10, 0x0c, 0xa0, 0x1f, 0xe3, 0x00, 0x10, 0x06, 0xf0, 0x0f, 0xe6, 0x00, 0x90, 0x03, 0x23, 0x80,
    0x7c, 0x52, 0x00, 0x60, 0x0f, 0x44, 0x88, 0x06, 0x6d, 0x00, 0x14, 0x00, 0x72, 0x03, 0x76, 0x5e,
    0x7c, 0x80, 0x5c, 0x20, 0x1d, 0x6a, 0x00, 0x34, 0x30, 0x08, 0xf4, 0xc0, 0x3e, 0xac, 0x62, 0x00,
    0x12, 0xde, 0x10, 0x07, 0xf1, 0xce, 0xff, 0xb6, 0x90, 0x03, 0xff, 0xfe, 0x01, 0xff, 0xcd, 0x00,
    0x00, 0xe5, 0xbe, 0xff, 0x6c, 0x98, 0x03, 0xfd, 0xc0, 0x11, 0xed, 0x20, 0x80, 0x09, 0xb2, 0x40,
    0x3c, 0xb8, 0x40, 0x01, 0x34, 0x20, 0x03, 0x50, 0x06, 0x2a, 0x00, 0x0d, 0x76, 0x5e, 0xe9, 0x01,
    0x40, 0x37, 0x00, 0x0b, 0xd4, 0x03, 0x15, 0xb0, 0x06, 0x23, 0x00, 0x70, 0x80, 0x7d, 0x24, 0x01,
    0x28, 0x00, 0xcc, 0x01, 0xfd, 0x40, 0x17, 0x00, 0x14, 0x03, 0xfc, 0x80, 0x11, 0x80, 0x38, 0x03,
    0xfc, 0x20, 0x11, 0x80, 0x38, 0x03, 0xfc, 0x20, 0x17, 0x00, 0x14, 0x03, 0xfc, 0x80, 0x12, 0x80,
    0x0c, 0xc0, 0x1f, 0xd4, 0x01, 0x11, 0x80, 0x38, 0x40, 0x3e, 0x92, 0x00, 0xdc, 0x00, 0x2f, 0x40,
    0x0c, 0x56, 0xc0, 0x1c, 0x54, 0x00, 0x1b, 0xeb, 0xb6, 0xe9, 0x01, 0x00, 0x39, 0x70, 0x80, 0x02,
    0x88, 0x20, 0x03, 0xc8, 0x07, 0x8f, 0x65, 0x04, 0x00, 0x4f, 0xb0, 0x01, 0xfc, 0xd7, 0xdf, 0xed,
    0x82, 0x00, 0xff, 0xff, 0x80, 0x7f, 0xf2, 0x00, 0x00, 0x1f, 0xf6, 0x80, 0x16, 0xb7, 0xc0, 0x38,
    0x6e, 0x94, 0x80, 0x3d, 0xa8, 0x01, 0x08, 0x06, 0x23, 0x06, 0xcf, 0xe0, 0x0f, 0x54, 0x98, 0x07,
    0xca, 0xa0, 0x0f, 0xee, 0x00, 0xff, 0x28, 0x07, 0xf8, 0x40, 0x3f, 0xff, 0xe0, 0x1f, 0xfc, 0x70,
    0x00, 0x00, 0xc9, 0x5b, 0xfe, 0xed, 0x95, 0x00, 0xe1, 0xcb, 0x52, 0x00, 0x09, 0x35, 0x7a, 0x00,
    0x58, 0x60, 0x02, 0x45, 0x51, 0x00, 0x4a, 0x00, 0x62, 0x01, 0xcd, 0xba, 0xa6, 0xf3, 0xc0, 0x80,
    0x30, 0x01, 0x06, 0x01, 0xc3, 0x0e, 0x01, 0x18, 0x03, 0x80, 0x3f, 0xf7, 0x80, 0x1d, 0xc2, 0x01,
    0xfe, 0x62, 0x00, 0x47, 0x6d, 0x3a, 0x00, 0x7d, 0x8a, 0x01, 0x12, 0xc5, 0xfd, 0x10, 0x06, 0x1a,
    0xea, 0x63, 0x00, 0xcb, 0xa6, 0x01, 0xc2, 0xb3, 0x9f, 0xb2, 0x20, 0x0f, 0x00, 0xff, 0x13, 0x60,
    0x00, 0xc0, 0x22, 0x00, 0xfc, 0x60, 0x1c, 0xdb, 0x26, 0x01, 0xeb, 0x00, 0x10, 0x02, 0x01, 0xb3,
    0xf2, 0xa9, 0x9e, 0xa0, 0x08, 0x00, 0x48, 0x06, 0x35, 0x51, 0x80, 0x54, 0xa0, 0x07, 0xfa, 0x63,
    0x10, 0x00, 0xa4, 0x72, 0x80, 0x00, 0x00, 0x00, 0x96, 0x20, 0x60, 0x1f, 0xde, 0xee, 0x40, 0x0f,
    0xfe, 0xa4, 0x7f, 0x94, 0x01, 0x1f, 0xf9, 0x00, 0x3f, 0xf8, 0x58, 0xee, 0x20, 0x02, 0x3b, 0xe6,
    0x04, 0x88, 0x38, 0x03, 0x22, 0x31, 0x00, 0x7f, 0xff, 0xc0, 0x3f, 0xfa, 0xa6, 0x00, 0xe0, 0x0f,
    0xef, 0x00, 0x38, 0x80, 0x44, 0x01, 0x9c, 0x00, 0x3d, 0x54, 0xdf, 0x00, 0xc3, 0x40, 0x12, 0xa8,
    0x88, 0x80, 0x19, 0x71, 0x44, 0x00, 0x72, 0x80, 0x00, 0x4f, 0xf6, 0x80, 0x7f, 0x2f, 0xfa, 0xc0,
    0x3f, 0xff, 0xe0, 0x1f, 0xff, 0x17, 0x00, 0xff, 0xc6, 0x01, 0xe3, 0x00, 0xfe, 0xe0, 0x08, 0x80,
    0x02, 0x20, 0x0f, 0xca, 0x01, 0x09, 0x00, 0x24, 0x03, 0xe6, 0x20, 0x0d, 0x40, 0x07, 0x60, 0x0e,
    0x69, 0x00, 0xe7, 0x30, 0x04, 0xec, 0xca, 0xba, 0x40, 0x80, 0x3b, 0x50, 0x00, 0x4c, 0xc5, 0x10,
    0x5e, 0x00, 0xe1, 0xbb, 0x28, 0x80, 0x09, 0xb2, 0x80, 0x30, 0x00, 0x0d, 0xff, 0x28, 0x07, 0xf9,
    0x7f, 0xd6, 0x16, 0x00, 0x90, 0x0f, 0xf4, 0x80, 0x3c, 0x18, 0x40, 0xcc, 0x01, 0xf8, 0xcc, 0x04,
    0x80, 0x06, 0x00, 0x48, 0x07, 0xe9, 0x00, 0x58, 0x05, 0x20, 0x05, 0x10, 0x0f, 0x0a, 0x80, 0xb0,
    0x04, 0x2a, 0x00, 0x60, 0x0f, 0x48, 0x01, 0x80, 0x3a, 0x40, 0x12, 0x01, 0xe6, 0x00, 0x48, 0x07,
    0x19, 0x80, 0x54, 0x03, 0x28, 0x82, 0x88, 0x07, 0xa4, 0x01, 0x20, 0x1a, 0x40, 0x12, 0x01, 0xf2,
    0x88, 0x19, 0x80, 0x06, 0x60, 0x33, 0x00, 0x7e, 0x90, 0x05, 0x00, 0x24, 0x01, 0x20, 0x1f, 0xcc,
    0x00, 0x61, 0x25, 0x01, 0x50, 0x0f, 0xe1, 0x60, 0x03, 0x50, 0x02, 0x40, 0x3f, 0xeb, 0x00, 0x4b,
    0x80, 0x18, 0x03, 0xfe, 0x24, 0x01, 0x00, 0x30, 0x80, 0x7f, 0xef, 0x00, 0xd6, 0x01, 0xff, 0xc1,
    0x42, 0x00, 0x21, 0x00, 0x78, 0x00, 0xaf, 0xf2, 0x00, 0x7e, 0x1f, 0xf7, 0x00, 0x7f, 0x2f, 0xf9,
    0xb8, 0x01, 0xc0, 0x1f, 0x9c, 0x00, 0x28, 0x01, 0xfb, 0x80, 0x0c, 0x82, 0x0a, 0x01, 0xfa, 0x80,
    0x2e, 0x00, 0xf8, 0x50, 0x14, 0x00, 0xc0, 0x06, 0x00, 0xf1, 0x18, 0x04, 0xa2, 0x01, 0xe6, 0x00,
    0x70, 0x02, 0x80, 0x1a, 0x01, 0xea, 0x00, 0x20, 0x01, 0xc0, 0x3d, 0x40, 0x28, 0x00, 0x23, 0x04,
    0x10, 0x0e, 0x60, 0x2a, 0x00, 0x50, 0x07, 0x19, 0x03, 0x00, 0x6a, 0x00, 0x30, 0x06, 0x41, 0x0a,
    0x14, 0x03, 0x20, 0x0d, 0x40, 0x0a, 0x00, 0xce, 0x00, 0xa0, 0x0d, 0xc0, 0x06, 0x0f, 0x00, 0x50,
    0x06, 0x70, 0x32, 0x00, 0xc2, 0xa0, 0x46, 0x00, 0x15, 0x04, 0x10, 0x41, 0x06, 0x00, 0x94, 0x42,
    0x80, 0x3d, 0xc0, 0x0a, 0x00, 0x30, 0x03, 0x80, 0x26, 0x01, 0x40, 0x07, 0x00, 0x1c, 0x03, 0xc8,
    0x20, 0xe0, 0x0a, 0x01, 0x50, 0x0a, 0x80, 0x1a, 0x02, 0x80, 0xa2, 0x01, 0xf3, 0x00, 0xa1, 0x90,
    0x30, 0x06, 0x23, 0x06, 0x06, 0x00, 0x70, 0x07, 0xea, 0x00, 0x75, 0x00, 0x28, 0x03, 0xa8, 0x00,
    0xb4, 0x02, 0x80, 0x1f, 0x88, 0xc1, 0x5c, 0x0c, 0x80, 0x39, 0xc0, 0x10, 0x40, 0xc0, 0x1f, 0xea,
    0x00, 0x08, 0x50, 0x07, 0x85, 0x40, 0x80, 0x14, 0x01, 0xfe, 0x70, 0x0c, 0xc0, 0x1f, 0x70, 0x04,
    0x64, 0x01, 0xfe, 0x14, 0x00, 0x28, 0x07, 0xe4, 0x10, 0x05, 0x00, 0x78, 0x00, 0x0d, 0xff, 0x48,
    0x07, 0xed, 0xff, 0x38, 0x03, 0xc0, 0x0c, 0xa0, 0x1e, 0xa2, 0x04, 0x70, 0x01, 0x50, 0x02, 0x88,
    0x03, 0x32, 0x81, 0x50, 0x06, 0x57, 0x00, 0x78, 0x04, 0x52, 0x00, 0xe1, 0x00, 0xe8, 0x30, 0x29,
    0x00, 0x78, 0x02, 0x4c, 0x03, 0xed, 0x10, 0x66, 0x51, 0x02, 0xb0, 0x07, 0xe1, 0xa0, 0x04, 0xa8,
    0x15, 0x00, 0x7f, 0x92, 0x00, 0x37, 0x80, 0x7f, 0xe6, 0x00, 0x90, 0x80, 0x3f, 0xf6, 0x80, 0x48,
    0xc0, 0x1f, 0xf4, 0x18, 0x10, 0x02, 0x4c, 0x03, 0xf9, 0x5c, 0x07, 0x24, 0x01, 0xc2, 0x01, 0xf1,
    0x50, 0x02, 0x85, 0x94, 0x0a, 0x80, 0x3e, 0xf0, 0x03, 0xa0, 0x02, 0x88, 0x11, 0xc0, 0x3a, 0x48,
    0x0e, 0x00, 0x37, 0x80, 0x21, 0x00, 0x26, 0x60, 0x0e, 0x80, 0x71, 0x48, 0x02, 0x88, 0x0e, 0x40,
    0x14, 0x20, 0x1e, 0x65, 0x01, 0xe0, 0x00, 0x0d, 0xff, 0x28, 0x07, 0xf9, 0x7f, 0xd6, 0x16, 0x00,
    0x90, 0x0f, 0xf4, 0x80, 0x20, 0x18, 0x40, 0xcc, 0x01, 0xf8, 0xcc, 0x06, 0x60, 0x04, 0x80, 0x20,
    0x03, 0xf4, 0x80, 0x24, 0x02, 0x60, 0x02, 0x10, 0x07, 0x85, 0x40, 0x54, 0x02, 0x16, 0x00, 0x58,
    0x07, 0xa4, 0x01, 0x20, 0x1d, 0x60, 0x06, 0x10, 0x0e, 0x60, 0x03, 0x80, 0x71, 0x20, 0x01, 0x80,
    0x33, 0x08, 0x30, 0x07, 0xd0, 0x00, 0x90, 0x0d, 0x60, 0x0b, 0x00, 0xf8, 0xcc, 0x02, 0xa0, 0x04,
    0x20, 0x52, 0x00, 0xfd, 0x20, 0x09, 0x00, 0x78, 0x02, 0x40, 0x3f, 0x94, 0x40, 0xcc, 0x48, 0x06,
    0x60, 0x0f, 0xf4, 0x80, 0x26, 0xc0, 0x12, 0x01, 0xff, 0x38, 0x01, 0x58, 0x09, 0x40, 0x3f, 0xf3,
    0x80, 0x6b, 0x00, 0xff, 0xe0, 0xc8, 0x04, 0x2c, 0x01, 0xff, 0xc1, 0x14, 0x00, 0x30, 0x07, 0xff,
    0x0d, 0x40, 0x12, 0x01, 0xff, 0xc2, 0x71, 0x05, 0x10, 0x0f, 0xce, 0x60, 0x12, 0x40, 0x02, 0x00,
    0x3f, 0x14, 0x66, 0x2a, 0xec, 0x00, 0x72, 0x00, 0xfc, 0xa0, 0x03, 0x54, 0x00, 0x2c, 0x00, 0x7f,
    0x3d, 0xa8, 0x80, 0xa5, 0x50, 0x03, 0xfc, 0x00, 0x8f, 0xff, 0xfe, 0x09, 0x80, 0x7f, 0xf0, 0xf1,
    0xdf, 0xf8, 0x02, 0x33, 0x24, 0x47, 0xef, 0x00, 0x0e, 0x80, 0x7f, 0x24, 0x00, 0x34, 0x40, 0x3f,
    0x15, 0x80, 0x24, 0xc0, 0x3f, 0xbc, 0x00, 0xcc, 0x00, 0xfe, 0xa2, 0x03, 0x90, 0x0f, 0xe7, 0x50,
    0x1d, 0x00, 0xfe, 0x48, 0x00, 0x68, 0x80, 0x7e, 0x2b, 0x00, 0x49, 0x80, 0x7f, 0x78, 0x01, 0x98,
    0x01, 0xfd, 0x64, 0x07, 0x20, 0x1f, 0xce, 0x80, 0x3a, 0x01, 0xfc, 0x90, 0x00, 0x59, 0x88, 0xfc,
    0x7e, 0x01, 0x23, 0xbf, 0xf2, 0x00, 0x7f, 0xf0, 0xc0, 0x00, 0x00, 0xe6, 0xcf, 0xf5, 0x00, 0x69,
    0x91, 0x80, 0x78, 0xd8, 0x00, 0x4d, 0xe0, 0x12, 0x00, 0x0b, 0x65, 0x40, 0x2e, 0x00, 0x28, 0x07,
    0xf7, 0x80, 0x7f, 0xfd, 0x8c, 0x00, 0x20, 0x1c, 0x48, 0x00, 0x20, 0x08, 0xbf, 0x44, 0x0d, 0x00,
    0x3f, 0x40, 0x06, 0x37, 0x50, 0x05, 0x90, 0x04, 0x31, 0x48, 0x00, 0x40, 0x0f, 0x10, 0x00, 0x40,
    0x3f, 0xff, 0x3e, 0x01, 0xe1, 0x00, 0x28, 0x07, 0xac, 0x00, 0x5b, 0x0a, 0x01, 0x1a, 0x80, 0x09,
    0xfc, 0x03, 0x54, 0x98, 0x04, 0x00, 0xaf, 0xf1, 0x80, 0x7f, 0xff, 0xc0, 0x3f, 0xfb, 0xa0, 0x00,
    0x6f, 0xf6, 0xc0, 0x07, 0xe2, 0x7c, 0x00, 0xca, 0xe6, 0x00, 0x37, 0x00, 0x8e, 0x31, 0x80, 0x18,
    0x01, 0xed, 0x00, 0x30, 0x07, 0x9c, 0x00, 0x60, 0x1f, 0xff, 0x61, 0x00, 0xfe, 0x20, 0x00, 0xa0,
    0x07, 0x98, 0x01, 0x7e, 0xc0, 0x1a, 0xc8, 0x03, 0xf6, 0x10, 0x1b, 0xa8, 0x04, 0x42, 0x00, 0xc8,
    0x30, 0x0f, 0x08, 0x07, 0x84, 0x03, 0xff, 0xde, 0xe0, 0x03, 0x00, 0xf6, 0x80, 0x04, 0x02, 0x38,
    0xb6, 0x00, 0x58, 0x04, 0xae, 0x80, 0x02, 0x70, 0x0f, 0x13, 0xe0, 0x06, 0x00, 0x00, 0x85, 0x10,
    0x20, 0x1e, 0x15, 0x40, 0x03, 0x75, 0xdb, 0xa4, 0x03, 0x92, 0xbc, 0x12, 0x40, 0x33, 0x69, 0x00,
    0x5e, 0x06, 0x1e, 0x05, 0xbf, 0x00, 0x58, 0xc4, 0xea, 0x16, 0x08, 0x1c, 0x40, 0xf8, 0x43, 0x3b,
    0x00, 0xa6, 0x20, 0x03, 0x00, 0x8f, 0x60, 0x80, 0x5e, 0x80, 0x00, 0x00, 0x0c, 0x6f, 0xf5, 0x18,
    0x04, 0x5e, 0xe6, 0x86, 0xb8, 0xc0, 0x0f, 0x18, 0xeb, 0xdc, 0x19, 0x34, 0x25, 0x70, 0x08, 0xe8,
    0x20, 0xc3, 0xc0, 0x39, 0x01, 0x40, 0x3f, 0xe3, 0x0f, 0x00, 0xe4, 0x05, 0x42, 0x57, 0x00, 0x8e,
    0x82, 0x03, 0xc6, 0x3b, 0x37, 0x06, 0x0c, 0x0b, 0xdc, 0xce, 0x5c, 0x70, 0x00, 0x05, 0xbb, 0x28,
    0x2d, 0x22, 0x29, 0x64, 0x03, 0x48, 0x80, 0x61, 0xa0, 0x0d, 0x4e, 0xe1, 0x13, 0xb8, 0x00, 0x00,
    0xff, 0xf7, 0xac, 0xee, 0x90, 0x03, 0xff, 0x96, 0x4f, 0x7f, 0x4c, 0x44, 0xa0, 0x0f, 0xfe, 0x42,
    0x46, 0xea, 0x10, 0x03, 0x84, 0x03, 0xff, 0x88, 0x2d, 0x5f, 0x6e, 0x40, 0x1f, 0xfc, 0xa3, 0x8c,
    0xe9, 0x50, 0x0f, 0xfe, 0x5a, 0xcf, 0x63, 0x98, 0x07, 0xff, 0x31, 0xbe, 0x98, 0x40, 0x3f, 0xf9,
    0xf2, 0x01, 0xff, 0xe6, 0x20, 0x0f, 0xfe, 0x82, 0x4e, 0xe8, 0x03, 0xff, 0x98, 0x2d, 0x7f, 0x6c,
    0x40, 0x1f, 0xfc, 0xa3, 0x8d, 0xe9, 0x40, 0x0f, 0xfe, 0x50, 0xad, 0x76, 0x39, 0x00, 0x7f, 0xf3,
    0x33, 0xa9, 0x44, 0x03, 0xff, 0x9e, 0x60, 0x1f, 0xff, 0xf0, 0x0f, 0xff, 0xf8, 0x07, 0xff, 0x9c,
    0xeb, 0x7f, 0xda, 0x01, 0xff, 0xcd, 0xac, 0x52, 0x00, 0x10, 0x07, 0xff, 0x32, 0x14, 0x03, 0xff,
    0xa4, 0xc0, 0x1f, 0xfc, 0x13, 0xad, 0xff, 0x68, 0x07, 0xff, 0x2c, 0x42, 0xb1, 0x48, 0x00, 0x40,
    0x1f, 0xf9, 0x80, 0x3f, 0xcd, 0x0a, 0x01, 0xff, 0xc6, 0x85, 0x00, 0xfc, 0xb0, 0xc0, 0x1f, 0xfc,
    0x8a, 0xc5, 0x20, 0x01, 0x2e, 0x50, 0x07, 0xfe, 0x10, 0x0f, 0xf1, 0xd6, 0xff, 0xb6, 0x8c, 0x00,
    0xc0, 0x1f, 0xe6, 0x00, 0xff, 0xe4, 0x42, 0x80, 0x7e, 0x58, 0x00, 0xff, 0xe4, 0xd6, 0x29, 0x00,
    0x09, 0x72, 0x80, 0x3f, 0xf9, 0x20, 0x00, 0x8f, 0x00, 0xdf, 0xff, 0xfc, 0x80, 0x0d, 0xf0, 0xe0,
    0x40, 0x02, 0x00, 0xff, 0xe4, 0x10, 0x00, 0x81, 0xc0, 0x1b, 0xfe, 0xd0, 0x0f, 0xfe, 0x46, 0xff,
    0xb4, 0x03, 0xfe, 0xdf, 0xff, 0xfd, 0xa0, 0x1f, 0xf6, 0xff, 0xb4, 0x02, 0x20, 0x0f, 0xfc, 0x40,
    0x16, 0xff, 0xb4, 0x03, 0x10, 0x00, 0x80, 0x3f, 0xf9, 0x04, 0x00, 0x20, 0x0f, 0xfe, 0xc1, 0x00,
    0x08, 0x03, 0xff, 0x90, 0x40, 0x02, 0x00, 0xdb, 0xfe, 0xd0, 0x0f, 0xfe, 0x46, 0xff, 0xb4, 0x03,
    0xff, 0xb1, 0xbf, 0xed, 0x00, 0xaa, 0x23, 0xff, 0x50, 0x05, 0xbf, 0xed, 0x00, 0xc4, 0x00, 0x20,
    0x09, 0x5d, 0xff, 0xf2, 0x80, 0x44, 0x00, 0x20, 0x0f, 0xfe, 0xc1, 0x00, 0x08, 0x02, 0x57, 0x7f,
    0xfc, 0xa0, 0x11, 0x00, 0x08, 0x03, 0x6f, 0xfb, 0x40, 0x2a, 0x88, 0xff, 0xd4, 0x01, 0x6f, 0xfb,
    0x40, 0x3f, 0xfb, 0x1b, 0xfe, 0xd0, 0x0f, 0xfe, 0x46, 0xff, 0xb4, 0x03, 0x10, 0x00, 0x80, 0x3f,
    0xf9, 0x04, 0x00, 0x20, 0x0f, 0xfe, 0xc1, 0x00, 0x08, 0x03, 0xff, 0x90, 0x40, 0x02, 0x00, 0xdb,
    0xfe, 0xd0, 0x08, 0x80, 0x3f, 0xf1, 0x00, 0x5b, 0xfe, 0xd0, 0x0f, 0xfb, 0x7f, 0xff, 0xf6, 0x80,
    0x7f, 0xdb, 0xfe, 0xd0, 0x0f, 0xfe, 0x46, 0xff, 0xb4, 0x00, 0xe0, 0x40, 0x02, 0x00, 0xff, 0xe4,
    0x10, 0x00, 0x81, 0xc0, 0x00, 0x8f, 0xff, 0xb0, 0x00, 0x9d, 0xff, 0xff, 0xc6, 0x87, 0x00, 0xf8,
    0xd0, 0x38, 0x40, 0x3f, 0xf8, 0xce, 0x01, 0xfc, 0x20, 0x20, 0x1f, 0xff, 0xf0, 0x0f, 0xff, 0x30,
    0x80, 0x80, 0x7f, 0xf2, 0x1c, 0x03, 0xe3, 0x40, 0xe1, 0x00, 0xff, 0xe3, 0x3c, 0x7f, 0xfd, 0x80,
    0x04, 0xef, 0xff, 0xfe, 0x34, 0x00, 0x7f, 0xf5, 0x23, 0xff, 0xec, 0x00, 0x27, 0x7f, 0xff, 0xf1,
    0xa1, 0xc0, 0x3e, 0x34, 0x0e, 0x10, 0x0f, 0xfe, 0x33, 0x80, 0x7f, 0x08, 0x08, 0x07, 0xff, 0xfc,
    0x03, 0xff, 0xcc, 0x20, 0x20, 0x1f, 0xfc, 0x87, 0x00, 0xf8, 0xd0, 0x38, 0x40, 0x3f, 0xf8, 0xcf,
    0x1f, 0xff, 0x60, 0x01, 0x3b, 0xff, 0xff, 0x8d, 0x00, 0x1f, 0xfd, 0x48, 0xff, 0xfb, 0x00, 0x09,
    0xdf, 0xff, 0xfc, 0x68, 0x70, 0x0f, 0x8d, 0x03, 0x84, 0x03, 0xff, 0x8c, 0xe0, 0x1f, 0xc2, 0x02,
    0x01, 0xff, 0xff, 0x00, 0xff, 0xf3, 0x08, 0x08, 0x07, 0xff, 0x21, 0xc0, 0x3e, 0x34, 0x0e, 0x10,
    0x0f, 0xfe, 0x33, 0x80, 0x00, 0x00, 0xff, 0xe7, 0x0d, 0xe9, 0x80, 0x7f, 0xf3, 0xc7, 0x10, 0xb1,
    0x00, 0x3f, 0xf9, 0xa3, 0x84, 0x01, 0x5a, 0x00, 0x7f, 0xf2, 0xc7, 0x08, 0x03, 0xa8, 0x03, 0xff,
    0x94, 0x38, 0x40, 0x1e, 0x30, 0x0f, 0xfe, 0x48, 0xe1, 0x00, 0x78, 0x78, 0x03, 0xff, 0x90, 0x38,
    0x40, 0x1e, 0x1d, 0x30, 0x0f, 0xfe, 0x38, 0xe1, 0x00, 0x78, 0x74, 0xc0, 0x23, 0xdb, 0x10, 0x0f,
    0xfc, 0x38, 0x40, 0x1e, 0x1d, 0x30, 0x09, 0x30, 0x93, 0x04, 0x03, 0xfc, 0x38, 0x40, 0x1e, 0x1c,
    0x30, 0x09, 0x2c, 0x02, 0x2c, 0x10, 0x0f, 0xc3, 0x84, 0x01, 0xe1, 0xc2, 0x00, 0xd4, 0x01, 0xc5,
    0x82, 0x01, 0xe1, 0xc2, 0x00, 0xf0, 0xe1, 0x00, 0x71, 0x80, 0x78, 0xb0, 0x40, 0x30, 0xe1, 0x00,
    0x78, 0x70, 0x80, 0x3d, 0xc2, 0x01, 0xe2, 0xc1, 0x00, 0x0e, 0x10, 0x07, 0x87, 0x08, 0x03, 0xe3,
    0xd1, 0x00, 0xf1, 0x60, 0x8b, 0x08, 0x03, 0xc3, 0x84, 0x01, 0xfc, 0x7a, 0x20, 0x1e, 0x2c, 0xc1,
    0x00, 0x78, 0x70, 0x80, 0x3f, 0xe3, 0xc1, 0x00, 0xf1, 0x10, 0x03, 0xc3, 0x84, 0x01, 0xff, 0xc1,
    0x2c, 0x10, 0x0f, 0xfc, 0x38, 0x40, 0x1f, 0xfc, 0x32, 0xc1, 0x00, 0xff, 0x0e, 0x10, 0x07, 0xff,
    0x14, 0xb0, 0x40, 0x3f, 0x0e, 0x10, 0x07, 0xff, 0x1c, 0xb0, 0x40, 0x3c, 0x38, 0x40, 0x1f, 0xfc,
    0x92, 0xc1, 0x00, 0xc3, 0x84, 0x01, 0xff, 0xcb, 0x2c, 0x10, 0x00, 0xe1, 0x00, 0x7f, 0xf3, 0x4b,
    0x0c, 0xd8, 0x40, 0x1f, 0xfc, 0x50, 0x00, 0x01, 0xcf, 0x90, 0x0f, 0xfd, 0x3f, 0x82, 0x03, 0xe6,
    0x0d, 0x40, 0x1f, 0xea, 0x60, 0x3f, 0x1d, 0x10, 0x09, 0x68, 0x03, 0xf5, 0x28, 0x04, 0x3a, 0x60,
    0x1c, 0xb4, 0x01, 0xea, 0x50, 0x0e, 0x36, 0x00, 0xf2, 0xd0, 0x06, 0xa5, 0x00, 0xf3, 0x4a, 0x80,
    0x79, 0x68, 0x01, 0x4a, 0x01, 0xe5, 0x90, 0xa5, 0x00, 0xf2, 0xd5, 0x14, 0x03, 0xcb, 0x40, 0x15,
    0x28, 0x07, 0x95, 0x40, 0x1e, 0x5a, 0x00, 0xea, 0x50, 0x0f, 0xfc, 0xb4, 0x01, 0xf5, 0x28, 0x07,
    0xf9, 0x68, 0x03, 0xfa, 0x94, 0x03, 0xf2, 0xd0, 0x07, 0xff, 0x52, 0x94, 0x03, 0xf2, 0xd0, 0x07,
    0xf5, 0x28, 0x07, 0xf9, 0x68, 0x03, 0xea, 0x50, 0x0f, 0xfc, 0xb4, 0x01, 0xd4, 0xa0, 0x1e, 0x55,
    0x00, 0x79, 0x68, 0x02, 0xa5, 0x00, 0xf2, 0xd5, 0x14, 0x03, 0xcb, 0x41, 0x2a, 0x01, 0xe5, 0xa0,
    0x05, 0x28, 0x07, 0x96, 0x58, 0x03, 0xcb, 0x40, 0x1a, 0x94, 0x03, 0xcc, 0x60, 0x1c, 0xb4, 0x01,
    0xea, 0x50, 0x0e, 0x3d, 0x10, 0x09, 0x68, 0x03, 0xf5, 0x28, 0x04, 0x3a, 0x3e, 0x60, 0xd4, 0x01,
    0xfe, 0xa6, 0x03, 0xf1, 0x00, 0x00, 0xff, 0xe0, 0xbf, 0xfd, 0x20, 0x1f, 0xfc, 0xe9, 0x00, 0x98,
    0x03, 0xff, 0xa6, 0x20, 0x1f, 0xfc, 0x63, 0x95, 0x00, 0xff, 0xe0, 0x9c, 0xa0, 0x07, 0xfc, 0xb8,
    0xd4, 0x60, 0x1f, 0xf0, 0xe3, 0x5b, 0x80, 0x7f, 0x35, 0x00, 0x5e, 0x01, 0xff, 0x40, 0x05, 0x10,
    0x00, 0xf9, 0x24, 0x03, 0x18, 0x80, 0x7f, 0x9c, 0x03, 0x3b, 0x00, 0x70, 0xd0, 0x07, 0x20, 0x80,
    0x7f, 0x9c, 0x03, 0xa4, 0xc0, 0x34, 0x08, 0x06, 0x4b, 0x00, 0xff, 0xa5, 0x80, 0x3b, 0xc0, 0x22,
    0x60, 0x0c, 0x96, 0x01, 0xff, 0xc1, 0x96, 0x00, 0xc6, 0xa0, 0x0b, 0x00, 0xc3, 0x40, 0x1f, 0xfc,
    0x39, 0x20, 0x0d, 0x20, 0x06, 0x00, 0xd0, 0x20, 0x1f, 0xfc, 0x49, 0x00, 0xc6, 0x26, 0x01, 0xce,
    0x01, 0xff, 0xc5, 0x42, 0x00, 0xce, 0x80, 0x19, 0x44, 0x03, 0xff, 0x8d, 0x40, 0x1b, 0xf8, 0x03,
    0x68, 0x07, 0xff, 0x1c, 0xc0, 0x32, 0x98, 0x06, 0x20, 0x0f, 0xfe, 0x3b, 0x00, 0x61, 0x10, 0x06,
    0x10, 0x0f, 0xfc, 0x20, 0x1f, 0xf8, 0x40, 0x31, 0x00, 0x7d, 0x20, 0x13, 0x00, 0x7c, 0x20, 0x1c,
    0x40, 0x1b, 0x80, 0x3e, 0x7f, 0xfa, 0x40, 0x3e, 0x50, 0x0c, 0xda, 0x01, 0x94, 0x03, 0xff, 0x8f,
    0x80, 0x18, 0xdc, 0x03, 0x11, 0x00, 0x3f, 0xf8, 0xa2, 0xa0, 0x1b, 0x08, 0xc0, 0x34, 0x80, 0x7f,
    0xf1, 0x64, 0x03, 0x90, 0x28, 0x03, 0x22, 0x80, 0x7f, 0xf0, 0xcd, 0xc0, 0x33, 0x00, 0x18, 0x40,
    0x35, 0x18, 0x07, 0xff, 0x04, 0xb4, 0x03, 0xac, 0x02, 0xb0, 0x0e, 0xc5, 0x00, 0xff, 0x8f, 0x04,
    0x03, 0x39, 0x00, 0x4a, 0xa0, 0x0e, 0xaa, 0x10, 0x07, 0xc3, 0x38, 0x20, 0x18, 0xa0, 0x03, 0xa8,
    0xc0, 0x39, 0x77, 0x1d, 0x91, 0x5e, 0xf9, 0x80, 0x38, 0x7c, 0x03, 0xed, 0x20, 0x0f, 0x1c, 0x4d,
    0xd4, 0x20, 0x07, 0x87, 0x08, 0x03, 0xe1, 0xd4, 0x00, 0xff, 0xe2, 0x9f, 0x90, 0x07, 0xfa, 0xe8,
    0x40, 0x3f, 0xf8, 0x4f, 0x82, 0x01, 0xff, 0x97, 0xa0, 0x80, 0x3f, 0x85, 0xfa, 0x00, 0x3f, 0xf8,
    0x8f, 0xba, 0x96, 0x54, 0x56, 0x8c, 0xe8, 0x10, 0x0f, 0xc0, 0x00, 0x00, 0xff, 0x85, 0x19, 0xdc,
    0xc8, 0x20, 0x1f, 0xfc, 0xaf, 0xb9, 0x88, 0x4d, 0xf8, 0x07, 0xff, 0x28, 0x40, 0x3c, 0x20, 0x1f,
    0xfe, 0x71, 0x00, 0xfc, 0x20, 0x1f, 0xfc, 0x15, 0x91, 0x00, 0x0c, 0xf0, 0x07, 0xee, 0x91, 0x00,
    0x15, 0x28, 0x07, 0x1d, 0x37, 0x42, 0xfb, 0x00, 0x7f, 0x9b, 0xd6, 0x35, 0x68, 0xc0, 0x36, 0x80,
    0x4f, 0x42, 0x01, 0xff, 0x86, 0x9c, 0x02, 0xe0, 0x0a, 0x04, 0x03, 0xff, 0x98, 0x50, 0x02, 0xe0,
    0x1f, 0xfc, 0xe7, 0x16, 0x00, 0xff, 0xe8, 0x35, 0x80, 0x7f, 0xc9, 0x9f, 0xec, 0x40, 0x0f, 0xfa,
    0xfc, 0xc0, 0x3f, 0xa2, 0xcc, 0x00, 0x77, 0x00, 0x1f, 0xc7, 0xe7, 0x92, 0x01, 0xf2, 0x38, 0x07,
    0x9d, 0x00, 0x3e, 0x9c, 0x30, 0x03, 0x08, 0x07, 0xa0, 0x03, 0xf4, 0x00, 0x78, 0x98, 0x03, 0x84,
    0x03, 0xc6, 0x01, 0xf8, 0xc0, 0x3c, 0x40, 0x1f, 0xfd, 0x81, 0x00, 0xf1, 0x80, 0x7e, 0x30, 0x0f,
    0x10, 0x07, 0x30, 0x80, 0x7a, 0x00, 0x3f, 0x40, 0x07, 0x89, 0x80, 0x07, 0x92, 0x01, 0xf2, 0x38,
    0x07, 0x9d, 0x00, 0x3e, 0x9c, 0x3f, 0x30, 0x0f, 0xe8, 0xb3, 0x00, 0x1d, 0xc0, 0x07, 0xf1, 0xfd,
    0x80, 0x7f, 0xc9, 0x9f, 0xec, 0x40, 0x0f, 0xfa, 0xd8, 0x03, 0xff, 0xa0, 0xc2, 0xe0, 0x1f, 0xfc,
    0xe7, 0x10, 0x81, 0x00, 0xff, 0xe6, 0x0c, 0x00, 0x5a, 0x01, 0x3d, 0x08, 0x07, 0xfe, 0x1a, 0x70,
    0x0b, 0x40, 0x31, 0xd2, 0xec, 0x2f, 0xa8, 0x07, 0xf9, 0x7d, 0x63, 0x56, 0x8c, 0x03, 0x96, 0x88,
    0x00, 0x35, 0xc0, 0x1f, 0xba, 0x84, 0x00, 0x54, 0xa0, 0x1f, 0xfc, 0x11, 0x00, 0xfc, 0x20, 0x1f,
    0xfe, 0x71, 0x00, 0xf0, 0x80, 0x7f, 0xf2, 0xbe, 0xe6, 0x21, 0x37, 0xe0, 0x1f, 0xf0, 0x00, 0x00,
    0xff, 0xe2, 0x47, 0x72, 0x00, 0x39, 0x7f, 0xf2, 0x80, 0x7f, 0xf1, 0xc7, 0x1c, 0x44, 0xf8, 0x20,
    0x16, 0x80, 0x6d, 0x00, 0xff, 0xe3, 0x1f, 0x98, 0x06, 0x3f, 0x30, 0x0f, 0xfe, 0x6b, 0x60, 0x80,
    0x78, 0x71, 0x40, 0x3f, 0xf9, 0x71, 0x20, 0x18, 0xcc, 0x01, 0xaa, 0x00, 0x3f, 0xf9, 0x03, 0x6e,
    0x01, 0x9f, 0x30, 0xe0, 0x19, 0xdc, 0x01, 0xff, 0xc6, 0x2c, 0x40, 0x0d, 0x50, 0x00, 0x8a, 0x00,
    0xff, 0xe5, 0x26, 0x90, 0x04, 0x38, 0xa3, 0x54, 0x15, 0xc1, 0x00, 0xff, 0xe3, 0xbd, 0x80, 0x63,
    0xf3, 0x2c, 0x55, 0x61, 0x1f, 0x98, 0x07, 0xff, 0x16, 0xa0, 0x03, 0x2e, 0x0a, 0x69, 0x00, 0x0b,
    0x50, 0x71, 0x40, 0x38, 0x80, 0x3f, 0x0e, 0x28, 0x06, 0x8a, 0x07, 0xb0, 0x0f, 0x5b, 0x85, 0x40,
    0x06, 0x5b, 0x10, 0x0e, 0x3f, 0x30, 0x0d, 0x6e, 0x13, 0x00, 0x1f, 0xa2, 0x41, 0xec, 0x03, 0x26,
    0x10, 0x04, 0xb8, 0x20, 0x11, 0x6a, 0x0e, 0x30, 0x07, 0xf9, 0xb0, 0x53, 0x48, 0x02, 0x2d, 0x50,
    0x7a, 0x00, 0xc9, 0x84, 0x4f, 0x30, 0x0f, 0xfc, 0x7e, 0x44, 0xc3, 0x00, 0xd4, 0xf4, 0x01, 0x9a,
    0xc5, 0x74, 0x40, 0x3f, 0xf8, 0x43, 0xaa, 0x38, 0xc0, 0x1a, 0xb8, 0x02, 0x99, 0x03, 0xd0, 0x07,
    0xff, 0x1a, 0x9c, 0x26, 0x40, 0x17, 0x1c, 0x8d, 0xb0, 0x54, 0x00, 0x7f, 0xf2, 0x22, 0x81, 0xac,
    0x64, 0xc1, 0xb9, 0x00, 0x0a, 0x01, 0xff, 0xca, 0x50, 0x02, 0x73, 0x00, 0x7f, 0xff, 0xc0, 0x3f,
    0xf8, 0x39, 0xff, 0xb0, 0x03, 0xff, 0xa4, 0x60, 0x18, 0xc0, 0x3f, 0xff, 0xe0, 0x1f, 0xff, 0xf0,
    0x0f, 0xff, 0x39, 0x80, 0x7c, 0x60, 0x1e, 0x30, 0x0f, 0x8c, 0x03, 0xc0, 0x00, 0x00, 0xff, 0xd1,
    0xff, 0xe8, 0x00, 0xff, 0xe6, 0x38, 0x07, 0x9c, 0x03, 0xff, 0xfe, 0x01, 0xff, 0xff, 0x00, 0xff,
    0xff, 0x80, 0x7f, 0xff, 0xc0, 0x3f, 0xfb, 0x2d, 0xff, 0xe0, 0x0f, 0xdf, 0xfe, 0x60, 0x0f, 0xf6,
    0x00, 0x7f, 0xf2, 0x30, 0x03, 0xfd, 0x62, 0x01, 0xff, 0xc6, 0x1b, 0x00, 0xff, 0x0e, 0x08, 0x07,
    0xff, 0x10, 0x70, 0x40, 0x3f, 0xe2, 0xc1, 0x00, 0xff, 0xe1, 0x0e, 0x10, 0x07, 0xff, 0x04, 0xb0,
    0x40, 0x3f, 0xf0, 0xe1, 0x00, 0x7f, 0xf0, 0xcb, 0x04, 0x03, 0xfc, 0x38, 0x40, 0x1f, 0xfc, 0x52,
    0xc1, 0x00, 0xfc, 0x38, 0x40, 0x1f, 0xfc, 0x72, 0xc1, 0x00, 0xf0, 0xe1, 0x00, 0x7f, 0xf2, 0x4b,
    0x04, 0x03, 0x0e, 0x10, 0x07, 0xfd, 0x1f, 0xff, 0xe3, 0x2c, 0x10, 0x00, 0xe1, 0x1f, 0xff, 0xfa,
    0x1c, 0x03, 0xfd, 0x86, 0x58, 0x44, 0xc2, 0x3c, 0x00, 0xff, 0x38, 0x07, 0xfe, 0xc3, 0x2d, 0xd1,
    0x1e, 0x00, 0x7f, 0xf3, 0x71, 0x84, 0x4d, 0x80, 0x1f, 0xfc, 0xf9, 0xee, 0x48, 0x07, 0xff, 0x60,
    0x44, 0x00, 0x11, 0x00, 0x7f, 0xf3, 0x47, 0xb8, 0x22, 0xee, 0x08, 0x07, 0xff, 0xb0, 0x7b, 0x82,
    0x2e, 0xe0, 0x80, 0x4e, 0x01, 0xff, 0xc9, 0x11, 0x00, 0x04, 0x40, 0x13, 0x80, 0x00, 0x00, 0xf8,
    0xaf, 0xff, 0xff, 0x8d, 0x64, 0x01, 0xff, 0xc1, 0x1c, 0x40, 0x0f, 0xfe, 0x32, 0x60, 0x80, 0x7f,
    0xeb, 0x10, 0x0f, 0xfe, 0x40, 0xd8, 0x07, 0xfc, 0xaa, 0x00, 0xff, 0xe5, 0x2a, 0x80, 0x3f, 0x86,
    0xc0, 0x23, 0xff, 0xff, 0xe2, 0x18, 0x05, 0x62, 0x01, 0xfa, 0xc4, 0x02, 0xe0, 0x0f, 0xfe, 0x27,
    0x00, 0x43, 0x60, 0x1f, 0x2a, 0x80, 0x28, 0x20, 0x0f, 0xfe, 0x21, 0x40, 0x04, 0xaa, 0x00, 0xe1,
    0xb0, 0x08, 0xdc, 0x03, 0xff, 0x8c, 0xe6, 0x01, 0x58, 0x80, 0x6b, 0x10, 0x0b, 0x80, 0x3f, 0xf9,
    0x1c, 0x01, 0x0d, 0x80, 0x4a, 0xa0, 0x0a, 0x08, 0x03, 0xff, 0x90, 0x50, 0x01, 0x2a, 0x80, 0x6c,
    0x02, 0x37, 0x00, 0xff, 0xe5, 0x39, 0x80, 0x56, 0x30, 0x20, 0x17, 0x00, 0x7f, 0xf3, 0x38, 0x02,
    0x18, 0x60, 0x0d, 0xbf, 0xfe, 0xc0, 0x0f, 0xf6, 0x7f, 0xfb, 0x40, 0x33, 0x00, 0x7f, 0xe3, 0x40,
    0x0f, 0xc8, 0x60, 0x1f, 0xfc, 0xd8, 0x00, 0xfd, 0x00, 0x1f, 0xfc, 0xe3, 0x40, 0x0f, 0x21, 0x80,
    0x7f, 0xf3, 0xef, 0xff, 0xd6, 0x01, 0xff, 0xff, 0x00, 0xff, 0xff, 0x80, 0x7e, 0x10, 0x0f, 0xfe,
    0xb0, 0xb0, 0x07, 0xff, 0x59, 0xa1, 0xc4, 0x03, 0xff, 0xa4, 0x2f, 0x00, 0x00, 0x00, 0xff, 0xc2,
    0x8a, 0xee, 0x53, 0x00, 0xfc, 0x9f, 0xf6, 0x80, 0x7f, 0x0b, 0xe7, 0x5d, 0x44, 0x2b, 0x3e, 0x90,
    0x03, 0x88, 0x02, 0x20, 0x0f, 0xd1, 0xd0, 0x60, 0x1f, 0x96, 0xf5, 0x40, 0x23, 0x00, 0xff, 0x1e,
    0xb8, 0x07, 0xff, 0x04, 0xab, 0x08, 0x04, 0x03, 0xf9, 0x70, 0x80, 0x3f, 0xf8, 0x87, 0xaa, 0x01,
    0xfc, 0xb4, 0x01, 0xe5, 0xad, 0xff, 0x6c, 0xa0, 0x07, 0xab, 0x40, 0x3e, 0x3a, 0x00, 0xe5, 0xea,
    0x52, 0x00, 0x13, 0x5e, 0xa8, 0x07, 0x30, 0x07, 0xdc, 0x01, 0xd7, 0x42, 0x01, 0xf8, 0xaa, 0x80,
    0x1f, 0xf4, 0x10, 0x04, 0x38, 0x80, 0x1f, 0xf9, 0x74, 0x40, 0x3f, 0x0b, 0x80, 0x6a, 0x30, 0x0f,
    0xe4, 0x65, 0x44, 0x0d, 0x80, 0x7e, 0x60, 0x0c, 0xe8, 0x01, 0xfe, 0xb9, 0xab, 0xb6, 0x50, 0x07,
    0xeb, 0x00, 0xd2, 0x01, 0xff, 0xcd, 0x13, 0x00, 0x98, 0x40, 0x3f, 0xf9, 0xa6, 0x01, 0xa8, 0x03,
    0xff, 0x10, 0x07, 0xfe, 0x22, 0x7f, 0xe3, 0x00, 0xff, 0xdb, 0xff, 0xff, 0xb4, 0x03, 0xff, 0xfe,
    0x01, 0xff, 0xc9, 0xdf, 0xff, 0xfd, 0xa0, 0x1f, 0xf8, 0xff, 0xf0, 0x90, 0x07, 0xfe, 0x20, 0x0f,
    0xfd, 0x20, 0x18, 0x40, 0x3f, 0xf9, 0xa2, 0xa0, 0x12, 0x00, 0x7f, 0xf3, 0xa0, 0x03, 0x60, 0x07,
    0xea, 0xcb, 0xb5, 0x4d, 0x80, 0x7f, 0x91, 0x80, 0x33, 0x80, 0x7e, 0xb1, 0x44, 0x2b, 0x20, 0x07,
    0xf1, 0xd8, 0x06, 0x70, 0x0f, 0xe1, 0xc4, 0x00, 0xff, 0xcb, 0x80, 0x18, 0xa0, 0x03, 0xfc, 0x37,
    0x44, 0x01, 0xf8, 0x6a, 0x80, 0x1d, 0xc0, 0x1f, 0x30, 0x07, 0x2e, 0xdb, 0x10, 0x00, 0x96, 0xb9,
    0x40, 0x3a, 0x8c, 0x03, 0xed, 0xa0, 0x0f, 0x24, 0xef, 0xfb, 0x69, 0x40, 0x3d, 0x4a, 0x01, 0xfc,
    0xba, 0x60, 0x1f, 0xfc, 0x42, 0xc5, 0x00, 0xfe, 0x10, 0x2c, 0xa2, 0x00, 0xff, 0xe0, 0xbe, 0x98,
    0x07, 0xf8, 0xc0, 0x25, 0xdb, 0x50, 0x0f, 0xc7, 0x1d, 0x00, 0x1f, 0x88, 0x02, 0x20, 0x0e, 0x4a,
    0xfc, 0x98, 0x84, 0xdf, 0x63, 0x88, 0x07, 0xf0, 0x00, 0x00, 0xff, 0xe8, 0xcf, 0xb8, 0x07, 0xfe,
    0x96, 0x08, 0x00, 0xff, 0xa5, 0x80, 0x3f, 0xf8, 0x32, 0xc0, 0x1f, 0xfc, 0x19, 0x60, 0x0f, 0xfe,
    0x0c, 0xb0, 0x07, 0xa3, 0xff, 0xe6, 0x00, 0xf9, 0xc0, 0x3f, 0xff, 0xe0, 0x1f, 0xff, 0xf0, 0x0f,
    0xe7, 0x00, 0xff, 0xe1, 0xc7, 0xff, 0xcc, 0x01, 0xff, 0xc3, 0x96, 0x00, 0xff, 0xe1, 0xcb, 0x00,
    0x7f, 0xf0, 0xe5, 0x80, 0x3f, 0xf8, 0x72, 0xc0, 0x1f, 0xfc, 0x39, 0x60, 0x80, 0x0f, 0xfe, 0x0c,
    0xfb, 0x80, 0x00, 0x00, 0xff, 0xec, 0xc7, 0x38, 0x07, 0xff, 0x22, 0x5c, 0x60, 0x03, 0xff, 0x8f,
    0x2c, 0x01, 0xff, 0xc9, 0x96, 0x00, 0xff, 0xe4, 0xcb, 0x00, 0x7f, 0xf2, 0x65, 0x80, 0x3f, 0xf8,
    0x4f, 0xdf, 0xfe, 0x60, 0x0f, 0xfe, 0x1c, 0x08, 0x07, 0xff, 0x16, 0x39, 0xc0, 0x3f, 0xf9, 0x2e,
    0x31, 0x20, 0x1f, 0xfc, 0x85, 0x00, 0x32, 0x00, 0x7f, 0xf1, 0xe9, 0x80, 0x1e, 0x01, 0xff, 0xc8,
    0x80, 0x02, 0x80, 0x7f, 0xf2, 0xc4, 0x03, 0xff, 0x90, 0xc0, 0x03, 0x00, 0xff, 0xe3, 0xc4, 0x00,
    0x12, 0x01, 0xff, 0xc7, 0x70, 0x02, 0x28, 0x07, 0xff, 0x1d, 0x41, 0xac, 0x18, 0x03, 0xff, 0x8d,
    0x5f, 0x20, 0x09, 0xff, 0xf9, 0x40, 0x3f, 0xf9, 0x74, 0xa0, 0x1f, 0xfc, 0xba, 0x50, 0x0f, 0xfe,
    0x5d, 0x28, 0x07, 0xff, 0x2e, 0x94, 0x03, 0xff, 0x97, 0x4a, 0x0e, 0x01, 0xff, 0xc9, 0xaf, 0x80,
    0x0f, 0xc0, 0x00, 0x00, 0xff, 0xf9, 0x67, 0x30, 0x07, 0xff, 0x51, 0x0c, 0x66, 0x80, 0x3f, 0xfa,
    0x68, 0x60, 0x05, 0xb0, 0x0f, 0xfe, 0x34, 0xfb, 0x80, 0x7f, 0xb1, 0x80, 0x09, 0x60, 0x1f, 0xfc,
    0x49, 0x60, 0x80, 0x0f, 0xfa, 0x5c, 0x00, 0x90, 0x01, 0xff, 0xc2, 0x96, 0x00, 0xfe, 0x3e, 0xc2,
    0x00, 0x43, 0x00, 0x1c, 0xc0, 0x3f, 0xf4, 0xb0, 0x07, 0xfa, 0x84, 0xf5, 0x00, 0x12, 0x60, 0x0f,
    0x00, 0xff, 0xa5, 0x80, 0x3f, 0xed, 0x00, 0xad, 0x00, 0x1c, 0x00, 0x34, 0x00, 0xfe, 0x96, 0x00,
    0xff, 0xc9, 0xa4, 0x00, 0xa1, 0x02, 0x60, 0x07, 0x84, 0x7f, 0xfc, 0xc0, 0x1f, 0xfc, 0x22, 0xf1,
    0x01, 0x80, 0x04, 0x00, 0x10, 0x5c, 0x03, 0xff, 0x8d, 0x3f, 0x00, 0x02, 0xa0, 0x03, 0x08, 0x09,
    0x80, 0x1c, 0x03, 0xff, 0x8e, 0xc0, 0xf4, 0x00, 0x43, 0x00, 0x30, 0x02, 0xc0, 0x1e, 0x01, 0xff,
    0xc7, 0x60, 0x02, 0xa8, 0x01, 0x40, 0x0c, 0x00, 0x20, 0x01, 0x40, 0x3f, 0xf8, 0xf2, 0xe0, 0x0e,
    0x00, 0x20, 0x01, 0x40, 0x04, 0x00, 0x20, 0x0f, 0xfe, 0x44, 0x80, 0x14, 0x00, 0x40, 0x01, 0x00,
    0x08, 0x00, 0x40, 0x3f, 0xfd, 0x92, 0x00, 0x50, 0x01, 0x00, 0x04, 0x00, 0x40, 0x01, 0x00, 0xff,
    0xe3, 0xcb, 0x80, 0x38, 0x00, 0x80, 0x05, 0x00, 0x08, 0x00, 0x80, 0x3f, 0xf8, 0xec, 0x00, 0x55,
    0x00, 0x28, 0x01, 0x80, 0x04, 0x00, 0x28, 0x07, 0xff, 0x1d, 0x81, 0xe8, 0x00, 0x86, 0x00, 0x60,
    0x05, 0x80, 0x3d, 0xc0, 0x3f, 0xf8, 0xd3, 0xf0, 0x00, 0x2a, 0x00, 0x30, 0x81, 0x18, 0x01, 0xe3,
    0xff, 0xe6, 0x00, 0xff, 0xe1, 0x17, 0x88, 0x0c, 0x00, 0x2c, 0x00, 0x82, 0x01, 0xfa, 0x58, 0x03,
    0xff, 0x26, 0x90, 0x02, 0x84, 0x09, 0x80, 0x1e, 0x01, 0xfe, 0x96, 0x00, 0xff, 0xb4, 0x02, 0xb4,
    0x00, 0x70, 0x00, 0xd0, 0x03, 0xfe, 0x96, 0x00, 0xff, 0x68, 0x9e, 0xa0, 0x02, 0x4c, 0x01, 0xe0,
    0x1f, 0xfc, 0x19, 0x60, 0x0f, 0xe4, 0xec, 0x20, 0x04, 0x30, 0x01, 0xcc, 0x03, 0xff, 0x85, 0x2c,
    0x10, 0x01, 0xff, 0x53, 0x80, 0x12, 0x00, 0x3f, 0xf8, 0x93, 0xee, 0x01, 0xfe, 0xc5, 0x00, 0x25,
    0x80, 0x7f, 0xf4, 0x50, 0xc0, 0x0b, 0x60, 0x1f, 0xfd, 0x24, 0x31, 0x9a, 0x00, 0xff, 0xea, 0x67,
    0x30, 0x07, 0xc0, 0x00, 0x08, 0xef, 0xff, 0xfe, 0x77, 0x40, 0x43, 0x88, 0x07, 0xff, 0x38, 0x5e,
    0x18, 0x03, 0xff, 0xa4, 0xc2, 0x01, 0x89, 0xdc, 0x40, 0x1f, 0xfc, 0xa1, 0x00, 0xcd, 0xb1, 0x0d,
    0x60, 0x0f, 0xfe, 0x69, 0x48, 0x06, 0x92, 0x00, 0xff, 0xe6, 0x28, 0x07, 0x94, 0x03, 0xff, 0xbc,
    0xcc, 0x00, 0xff, 0xca, 0x01, 0xe5, 0x00, 0xfe, 0x79, 0x93, 0x80, 0x7f, 0xc5, 0x20, 0x1a, 0x48,
    0x03, 0xf3, 0xc0, 0x02, 0x1c, 0x03, 0xfe, 0x6d, 0x88, 0x6b, 0x00, 0x7e, 0x78, 0x00, 0xd0, 0xe0,
    0x1f, 0xf1, 0x3b, 0x88, 0x03, 0xf3, 0xc0, 0x07, 0xa1, 0xc0, 0x3f, 0xf8, 0x2c, 0xc0, 0x0f, 0x3c,
    0x00, 0x7e, 0x87, 0x00, 0xff, 0x9e, 0x64, 0xe0, 0x19, 0xe0, 0x03, 0xfd, 0x00, 0x1f, 0xe7, 0x80,
    0x04, 0x38, 0x01, 0xe0, 0x03, 0xff, 0x92, 0xf0, 0x01, 0xa1, 0xdd, 0x00, 0x1f, 0xfc, 0x97, 0x80,
    0x0f, 0x44, 0x00, 0x3f, 0xf9, 0x50, 0x01, 0xff, 0xff, 0x00, 0xff, 0xe4, 0x7f, 0xff, 0xf3, 0x00,
    0x30, 0x80, 0x7f, 0xf4, 0x85, 0x80, 0x3f, 0xfa, 0x4d, 0x0e, 0x20, 0x1f, 0xfc, 0xe1, 0x78, 0x00,
    0x00, 0xfe, 0x4e, 0xe2, 0x00, 0x7f, 0xf1, 0xa4, 0x45, 0x20, 0x1f, 0xfc, 0x53, 0x20, 0x01, 0x18,
    0x07, 0xff, 0x12, 0x80, 0x35, 0x00, 0x7f, 0xf1, 0x1c, 0x03, 0x38, 0x07, 0xff, 0x0d, 0xc4, 0x03,
    0x0b, 0x80, 0x7f, 0xf0, 0xa4, 0x03, 0xd2, 0x01, 0xff, 0xc1, 0x71, 0x00, 0xf0, 0xb8, 0x07, 0xfc,
    0x32, 0x01, 0xfa, 0x04, 0x03, 0xfd, 0x02, 0x01, 0xfd, 0x60, 0x1f, 0xc8, 0xc0, 0x1f, 0xe5, 0x40,
    0x0f, 0x86, 0x80, 0x3f, 0xf5, 0x08, 0x07, 0xa8, 0x40, 0x3f, 0xf0, 0xd0, 0x07, 0x32, 0x00, 0x7f,
    0xf0, 0x91, 0xc0, 0x21, 0x90, 0x0f, 0xfe, 0x24, 0x08, 0x02, 0x00, 0x3f, 0xf8, 0xd0, 0x02, 0xc0,
    0x1f, 0xfc, 0x66, 0x16, 0x00, 0xff, 0xe4, 0x36, 0x00, 0x7f, 0xf2, 0x31, 0x40, 0x3f, 0xf9, 0x0a,
    0x20, 0x16, 0x60, 0x03, 0xff, 0x86, 0x20, 0x18, 0xcc, 0x01, 0xff, 0xc4, 0x20, 0x08, 0x80, 0xc0,
    0x3f, 0xf8, 0x44, 0xe0, 0x12, 0x84, 0x00, 0x7f, 0xf0, 0x9f, 0x00, 0x29, 0x04, 0x70, 0x0f, 0xfe,
    0x0e, 0x38, 0x04, 0x36, 0x11, 0x66, 0x01, 0xff, 0x38, 0xc0, 0x04, 0x96, 0x09, 0x9f, 0x80, 0x1f,
    0xa0, 0x41, 0xcc, 0x02, 0x4e, 0x72, 0x00, 0xfe, 0x37, 0x00, 0xb4, 0x40, 0x21, 0x8d, 0xfc, 0x00,
    0xf0, 0xe8, 0x06, 0x1f, 0x30, 0x0f, 0xfc, 0x7e, 0x20, 0x1c, 0x39, 0x00, 0x1f, 0xe8, 0xc1, 0x00,
    0xfc, 0xfd, 0x28, 0x40, 0x02, 0x49, 0xe7, 0x00, 0xe0, 0x00, 0x00, 0xff, 0xe4, 0x6f, 0xfc, 0xa0,
    0x1f, 0xf2, 0xf7, 0x14, 0x80, 0x2d, 0x00, 0xff, 0x35, 0x08, 0xac, 0x03, 0xff, 0x84, 0xf2, 0x01,
    0x08, 0x07, 0xff, 0x06, 0x20, 0x01, 0xff, 0xc5, 0xa7, 0x00, 0xff, 0xe2, 0xda, 0x80, 0x7f, 0xf1,
    0x71, 0x00, 0x3f, 0xf8, 0x83, 0x86, 0x01, 0xff, 0xc4, 0x2c, 0x30, 0x0f, 0xfe, 0x21, 0x61, 0x00,
    0x7f, 0xf1, 0x0f, 0x04, 0x03, 0xff, 0x88, 0x78, 0x20, 0x1f, 0xfc, 0x54, 0x00, 0xff, 0xff, 0x80,
    0x63, 0x00, 0xff, 0xe3, 0xa5, 0x80, 0x7f, 0xf1, 0xd3, 0x04, 0x03, 0xff, 0x8c, 0x78, 0x20, 0x1f,
    0xfc, 0x62, 0xf2, 0x00, 0xff, 0xe3, 0x0e, 0x18, 0x07, 0xff, 0x18, 0x71, 0x00, 0x3f, 0xf8, 0xf6,
    0xa0, 0x1f, 0xfc, 0x7a, 0x60, 0x0f, 0xfe, 0x3c, 0xb8, 0x07, 0xff, 0x1e, 0x24, 0x02, 0x12, 0x00,
    0xb4, 0x03, 0xfc, 0xd4, 0x22, 0xbd, 0xff, 0x94, 0x03, 0xfe, 0x5e, 0xe2, 0x80, 0x00, 0x00, 0xff,
    0xe8, 0xcf, 0x7c, 0x00, 0x7f, 0xf2, 0xe5, 0x84, 0x1f, 0x98, 0x03, 0xff, 0x92, 0xc0, 0x18, 0x67,
    0x0c, 0x03, 0xff, 0x9c, 0x79, 0x22, 0x01, 0xff, 0xce, 0x6f, 0x60, 0x0f, 0xfe, 0x70, 0xce, 0x98,
    0x07, 0xff, 0x38, 0xb2, 0x84, 0x03, 0xff, 0x9c, 0xbc, 0xe0, 0x1f, 0xfc, 0xf8, 0xd4, 0x00, 0xff,
    0xe7, 0x15, 0xd8, 0x80, 0x3f, 0xf9, 0xc9, 0xb0, 0x01, 0xff, 0xcf, 0x7e, 0x50, 0x0f, 0xfe, 0x70,
    0xd5, 0x90, 0x07, 0xff, 0x39, 0x36, 0x00, 0x3f, 0xf9, 0xef, 0x20, 0x1f, 0xfc, 0xf7, 0x00, 0xff,
    0xf5, 0xb8, 0x07, 0xff, 0x39, 0xe4, 0x03, 0xff, 0x98, 0x9b, 0x00, 0x1f, 0xfc, 0xb1, 0xab, 0x20,
    0x0f, 0xfe, 0x5b, 0xf2, 0x80, 0x7f, 0xf2, 0xd3, 0x60, 0x03, 0xff, 0x96, 0x57, 0x62, 0x00, 0xff,
    0xe5, 0xc6, 0xa0, 0x07, 0xff, 0x2d, 0x79, 0xc0, 0x3f, 0xf9, 0x65, 0x94, 0x20, 0x1f, 0xfc, 0xa1,
    0x9d, 0x30, 0x0f, 0xfe, 0x5b, 0x7b, 0x00, 0x7f, 0xf2, 0xcf, 0x24, 0x40, 0x3f, 0xf8, 0xac, 0x01,
    0x86, 0x70, 0xc0, 0x3f, 0xf8, 0xf2, 0xe2, 0x27, 0xe6, 0x00, 0xff, 0xe5, 0x47, 0x72, 0x00, 0x3f,
    0xf9, 0x60, 0x00, 0x00, 0xff, 0xe8, 0xcf, 0xff, 0xe9, 0x00, 0xf4, 0xff, 0xfe, 0x90, 0x96, 0x00,
    0xfc, 0xd2, 0x01, 0xa5, 0x80, 0x3f, 0x34, 0xb8, 0x07, 0xf9, 0xc0, 0x33, 0x80, 0x7f, 0x9c, 0x40,
    0x3f, 0xc2, 0x01, 0x84, 0x03, 0xfc, 0x20, 0x1f, 0xff, 0xf0, 0x0f, 0xff, 0xf8, 0x07, 0xff, 0xfc,
    0x03, 0xff, 0xfe, 0x01, 0xff, 0xff, 0x00, 0xff, 0xff, 0x80, 0x7f, 0xff, 0xc0, 0x3f, 0xfe, 0x62,
    0x01, 0xfe, 0x10, 0x0c, 0x20, 0x1f, 0xe1, 0x60, 0x0f, 0xf3, 0x00, 0x66, 0x00, 0xff, 0x34, 0x40,
    0x80, 0x3c, 0x51, 0x00, 0x0d, 0x10, 0x20, 0x0f, 0x14, 0x40, 0x00, 0x08, 0xef, 0xff, 0xfe, 0x57,
    0x40, 0x43, 0x88, 0x07, 0xff, 0x28, 0x5e, 0x18, 0x03, 0xff, 0x9c, 0xc2, 0x01, 0xff, 0xce, 0x10,
    0x0f, 0xff, 0xf8, 0x07, 0xff, 0xfc, 0x03, 0xff, 0xfe, 0x01, 0xff, 0xff, 0x00, 0xff, 0xff, 0x80,
    0x7f, 0xff, 0xc0, 0x3f, 0xff, 0xe0, 0x1f, 0xff, 0x31, 0x00, 0xff, 0xe7, 0x0b, 0x00, 0x7f, 0xf3,
    0x9a, 0x1c, 0x40, 0x3f, 0xf9, 0x42, 0xf0, 0x00, 0x00, 0xff, 0xe4, 0x2f, 0x71, 0x40, 0x3f, 0xe5,
    0xff, 0xb6, 0xc4, 0x54, 0xc0, 0x1f, 0xed, 0x00, 0x88, 0x40, 0x29, 0x70, 0x0f, 0xfe, 0x3c, 0x48,
    0x07, 0xff, 0x1d, 0xa8, 0x03, 0xff, 0x8e, 0xb6, 0x01, 0xff, 0xc7, 0x4c, 0x10, 0x0f, 0xfe, 0x31,
    0xe0, 0x80, 0x7f, 0xf1, 0x8b, 0xc8, 0x03, 0xff, 0x8c, 0x38, 0x60, 0x1f, 0xfc, 0x61, 0xc4, 0x00,
    0xff, 0xe3, 0xda, 0x00, 0x7f, 0xf1, 0xcc, 0x03, 0xff, 0xfe, 0x01, 0x90, 0x03, 0xff, 0x8a, 0x38,
    0x60, 0x1f, 0xfc, 0x41, 0xc3, 0x00, 0xff, 0xe2, 0x17, 0x90, 0x07, 0xff, 0x10, 0xf0, 0x40, 0x3f,
    0xf8, 0x87, 0x82, 0x01, 0xff, 0xc4, 0x4c, 0x00, 0xff, 0xe2, 0xad, 0x80, 0x7f, 0xf1, 0x5e, 0x80,
    0x3f, 0xf8, 0xb1, 0x00, 0x0f, 0xfe, 0x08, 0x80, 0x52, 0xe0, 0x1f, 0xfc, 0x2b, 0x11, 0x53, 0x00,
    0x7f, 0xb4, 0x02, 0x25, 0xee, 0x28, 0x07, 0xfc, 0xbf, 0xf6, 0x80, 0x00, 0x00, 0xff, 0xe0, 0xc7,
    0x72, 0x00, 0x3f, 0xf9, 0xb4, 0xe2, 0x27, 0xa0, 0x0f, 0xfe, 0x5c, 0xa8, 0x06, 0x58, 0x00, 0xff,
    0xe4, 0xbb, 0x00, 0x79, 0xdc, 0x01, 0xff, 0xc7, 0x68, 0x00, 0xfd, 0x0c, 0x01, 0xff, 0xc5, 0x59,
    0x00, 0xff, 0x4a, 0x80, 0x7f, 0xf0, 0xd2, 0x80, 0x3f, 0xf5, 0x20, 0x07, 0xff, 0x04, 0xec, 0x03,
    0xff, 0x85, 0x66, 0x01, 0xff, 0x16, 0x80, 0x7f, 0xf1, 0x34, 0x80, 0x3f, 0x87, 0x04, 0x03, 0xff,
    0x88, 0x3e, 0x20, 0x1f, 0x0e, 0x08, 0x07, 0xff, 0x18, 0xb0, 0x40, 0x3d, 0xa4, 0x01, 0xff, 0xc8,
    0x2d, 0x00, 0xeb, 0x30, 0x0f, 0xfe, 0x51, 0xd8, 0x05, 0x08, 0x01, 0xff, 0xcc, 0x48, 0x00, 0x30,
    0x07, 0xff, 0x39, 0x80, 0x3f, 0xfa, 0x8c, 0x01, 0xff, 0xce, 0x60, 0x04, 0x30, 0x07, 0xff, 0x2c,
    0x5a, 0x00, 0x29, 0xff, 0xff, 0xe5, 0xf4, 0x80, 0x7f, 0xf5, 0x53, 0xbf, 0xff, 0xf9, 0x9c, 0x80,
    0x0a, 0x10, 0x0f, 0xfe, 0x60, 0xd0, 0x00, 0x40, 0x3f, 0xf9, 0xc2, 0x01, 0xff, 0xff, 0x00, 0xff,
    0xe2, 0x88, 0x07, 0xff, 0x38, 0x40, 0x14, 0x20, 0x1f, 0xfc, 0xc1, 0xa0, 0x00, 0x00, 0xff, 0xe0,
    0x92, 0x80, 0x7f, 0xf0, 0xcf, 0x6b, 0x44, 0x03, 0xff, 0x1e, 0x00, 0x0b, 0x00, 0x3f, 0xe3, 0xc0,
    0x0c, 0x46, 0x01, 0xfc, 0x78, 0x01, 0xc4, 0x60, 0x1f, 0x8f, 0x00, 0x38, 0xb0, 0x03, 0xf1, 0xe0,
    0x07, 0x16, 0x08, 0x07, 0xc7, 0x80, 0x1c, 0x58, 0x20, 0x1f, 0x1e, 0x00, 0x71, 0x60, 0x80, 0x7c,
    0x78, 0x01, 0xc5, 0x82, 0x01, 0xf1, 0xe0, 0x07, 0x16, 0x08, 0x07, 0xc7, 0x80, 0x1c, 0x58, 0x20,
    0x1f, 0x1e, 0x00, 0x71, 0x60, 0x80, 0x7c, 0x3a, 0x01, 0xc5, 0x82, 0x01, 0xf8, 0x84, 0x03, 0x94,
    0x40, 0x3f, 0x8d, 0x80, 0x39, 0xdc, 0x01, 0xfe, 0x96, 0x00, 0xe8, 0x70, 0x0f, 0xf4, 0xb0, 0x07,
    0x43, 0x80, 0x7f, 0xa5, 0x80, 0x3a, 0x1c, 0x03, 0xfd, 0x2c, 0x01, 0xd0, 0xe0, 0x1f, 0xe9, 0x60,
    0x0e, 0x87, 0x00, 0xff, 0x4b, 0x00, 0x74, 0x38, 0x07, 0xfa, 0x58, 0x03, 0xa1, 0xc0, 0x3f, 0xd2,
    0xc0, 0x1d, 0x0e, 0x01, 0xfe, 0x96, 0x00, 0xe8, 0x20, 0x0f, 0xf4, 0xb0, 0x07, 0xff, 0x16, 0x58,
    0x02, 0xa2, 0x00, 0xff, 0xd2, 0xe7, 0x4a, 0x00, 0x00, 0x00, 0x94, 0x80, 0x3f, 0xf8, 0x43, 0xb5,
    0xa6, 0x01, 0xff, 0xc1, 0xc2, 0x00, 0x61, 0x80, 0x7f, 0xc6, 0x40, 0x1b, 0x0c, 0x03, 0xfc, 0x64,
    0x01, 0xd8, 0x60, 0x1f, 0xec, 0x20, 0x0e, 0xc3, 0x00, 0xfe, 0x1c, 0x20, 0x0e, 0xc3, 0x00, 0xfe,
    0x1c, 0x20, 0x0e, 0xc3, 0x00, 0xfe, 0x1c, 0x20, 0x0e, 0xc3, 0x00, 0xfe, 0x1c, 0x20, 0x0e, 0xc3,
    0x00, 0xfe, 0x1c, 0x20, 0x0e, 0xc3, 0x00, 0xfe, 0x1c, 0x20, 0x0e, 0xc3, 0x00, 0xfe, 0x1c, 0x20,
    0x0e, 0xc3, 0x00, 0xfe, 0x1c, 0x20, 0x0e, 0xd1, 0x00, 0xfe, 0x15, 0x00, 0xe1, 0x20, 0x0f, 0xe7,
    0x70, 0x07, 0x31, 0x80, 0x7e, 0x78, 0x00, 0xe6, 0x90, 0x0f, 0xcf, 0x00, 0x1c, 0xd2, 0x01, 0xf9,
    0xe0, 0x03, 0x9a, 0x40, 0x3f, 0x3c, 0x00, 0x73, 0x48, 0x07, 0xe7, 0x80, 0x0e, 0x69, 0x00, 0xfc,
    0xf0, 0x01, 0xcd, 0x20, 0x1f, 0x9e, 0x00, 0x39, 0xa4, 0x03, 0xf3, 0xc0, 0x07, 0x34, 0x80, 0x7e,
    0x28, 0x00, 0xe6, 0x90, 0x0f, 0xfe, 0x1b, 0x48, 0x07, 0xf8, 0xa8, 0x02, 0x69, 0x00, 0xff, 0xcb,
    0x46, 0xf2, 0x01, 0xff, 0x80, 0x00, 0x00, 0xff, 0x93, 0xbf, 0xdc, 0x80, 0x1f, 0xfc, 0xaa, 0x10,
    0x00, 0xd0, 0x07, 0xff, 0x28, 0x40, 0x30, 0x80, 0x7f, 0xff, 0xc0, 0x3f, 0xff, 0xe0, 0x1f, 0xff,
    0xf0, 0x0f, 0xf2, 0x77, 0xff, 0xf0, 0x07, 0xbf, 0xff, 0xb9, 0x28, 0x40, 0x3f, 0xf9, 0x83, 0x42,
    0x01, 0xff, 0xce, 0x10, 0x0f, 0xfe, 0x80, 0x80, 0x7f, 0xf3, 0x86, 0x84, 0x03, 0xff, 0x98, 0x34,
    0x9d, 0xff, 0xfc, 0x01, 0xef, 0xff, 0xee, 0x40, 0x0f, 0xff, 0xf8, 0x07, 0xff, 0xfc, 0x03, 0xff,
    0xfe, 0x01, 0xfe, 0x10, 0x0c, 0x20, 0x1f, 0xfc, 0xaa, 0x10, 0x00, 0xd0, 0x07, 0xfc, 0x00, 0x4e,
    0xff, 0xff, 0xe6, 0x72, 0x50, 0x80, 0x7f, 0xf3, 0x06, 0x84, 0x03, 0xff, 0x9c, 0x20, 0x1f, 0xfd,
    0x01, 0x00, 0xff, 0xe7, 0x0d, 0x08, 0x07, 0xff, 0x30, 0x68, 0x00, 0x00, 0xff, 0xc6, 0xf5, 0xbd,
    0xfe, 0xed, 0xa7, 0x30, 0x0f, 0xfe, 0x48, 0xbe, 0xe4, 0x29, 0x08, 0x00, 0x49, 0x63, 0x35, 0xc4,
    0x03, 0xff, 0x8a, 0xfd, 0x04, 0x01, 0xff, 0x8a, 0x39, 0xc0, 0x3f, 0xf8, 0x47, 0xb0, 0x01, 0xc9,
    0x5b, 0xfe, 0xda, 0x40, 0x0e, 0x8d, 0x30, 0x0f, 0xf9, 0xf0, 0x80, 0x31, 0x65, 0xa9, 0x00, 0x09,
    0x6f, 0x08, 0x03, 0x16, 0x38, 0x07, 0xf4, 0x40, 0x03, 0x93, 0x4c, 0x03, 0xf1, 0xea, 0x00, 0x74,
    0x40, 0x03, 0xe9, 0x70, 0x0e, 0x2b, 0x00, 0xc9, 0xdf, 0x8e, 0x01, 0x59, 0x00, 0x73, 0xc8, 0x07,
    0x33, 0x00, 0x3d, 0xc0, 0x1c, 0xa2, 0x07, 0x1a, 0x20, 0x0e, 0x00, 0xf3, 0x30, 0x02, 0x39, 0x00,
    0xf2, 0x18, 0x07, 0xf8, 0xb0, 0x00, 0x68, 0x01, 0xe9, 0x30, 0x07, 0x00, 0x7d, 0xc0, 0x1e, 0x60,
    0x0e, 0x27, 0x00, 0x70, 0x07, 0xdc, 0x0e, 0x40, 0x1f, 0x38, 0x01, 0x04, 0x4f, 0x00, 0x1e, 0xb0,
    0x03, 0x80, 0x7c, 0x4f, 0x20, 0x1f, 0x88, 0x01, 0x5d, 0xc8, 0x00, 0xf8, 0xc0, 0x04, 0x01, 0xfa,
    0x40, 0x3f, 0xf0, 0x80, 0x7f, 0xf2, 0xe4, 0x03, 0xf1, 0x00, 0x0c, 0x03, 0xfc, 0x60, 0x02, 0x00,
    0xfd, 0x2e, 0x60, 0x1f, 0x38, 0x02, 0x80, 0x3f, 0xd4, 0x00, 0x70, 0x0f, 0x89, 0xc3, 0xc0, 0x3e,
    0xe0, 0x03, 0x18, 0x07, 0xe3, 0x60, 0x07, 0x00, 0x7d, 0xc0, 0x03, 0x90, 0x0f, 0x21, 0x80, 0x34,
    0xc0, 0x3c, 0x7a, 0x00, 0x34, 0x00, 0xf4, 0x98, 0x04, 0xd0, 0x01, 0xee, 0x00, 0x0e, 0x49, 0x80,
    0x0e, 0x30, 0x40, 0x1c, 0x01, 0xe6, 0x60, 0x07, 0x3b, 0x00, 0x71, 0x58, 0x04, 0xd9, 0xfe, 0xc7,
    0x00, 0xac, 0x80, 0x39, 0xe4, 0x03, 0xe9, 0x80, 0x0e, 0x4d, 0x30, 0x0f, 0xc7, 0xa8, 0x01, 0xd1,
    0x00, 0x0f, 0xe7, 0xc2, 0x00, 0xc5, 0x96, 0xa4, 0x00, 0x25, 0xbc, 0x20, 0x0c, 0x58, 0xe0, 0x1f,
    0xf1, 0xec, 0x00, 0x72, 0x56, 0xff, 0xb6, 0x90, 0x03, 0xa3, 0x4c, 0x03, 0xff, 0x84, 0xff, 0x04,
    0x01, 0xff, 0x8a, 0x39, 0xc0, 0x3f, 0xf8, 0xcf, 0xb9, 0x0a, 0x42, 0x00, 0x12, 0x58, 0xcd, 0x71,
    0x00, 0xfe, 0x00, 0x09, 0xe4, 0x00, 0xff, 0xec, 0x3b, 0x0d, 0xc0, 0x07, 0xff, 0x5e, 0x40, 0x27,
    0xb1, 0x00, 0xff, 0xea, 0xc8, 0x06, 0x4f, 0x30, 0x0f, 0xfe, 0xa3, 0xd8, 0x80, 0x43, 0x8c, 0x01,
    0xc2, 0xb3, 0x9d, 0xfe, 0xed, 0xa7, 0x30, 0x0f, 0xfe, 0x1a, 0x79, 0x80, 0x69, 0xa0, 0x03, 0x67,
    0x53, 0x18, 0x80, 0x04, 0x96, 0x33, 0x5c, 0x40, 0x3f, 0xf8, 0x23, 0x8c, 0x01, 0x97, 0x7a, 0x4c,
    0x03, 0xff, 0x14, 0x73, 0x80, 0x7f, 0xf0, 0xa6, 0x80, 0x31, 0x08, 0x06, 0x38, 0xcf, 0xf6, 0xd2,
    0x00, 0x74, 0x69, 0x80, 0x7f, 0xf0, 0x57, 0x48, 0x03, 0xc3, 0x78, 0xe6, 0x00, 0x25, 0xbc, 0x20,
    0x0c, 0x58, 0xe0, 0x1f, 0xfc, 0x12, 0xd5, 0x00, 0xe2, 0x50, 0x0f, 0xc7, 0xa8, 0x01, 0xd1, 0x00,
    0x0f, 0xfe, 0x15, 0x48, 0x06, 0x3f, 0x30, 0x4e, 0xfc, 0x70, 0x0a, 0xc8, 0x03, 0x9e, 0x40, 0x3f,
    0x88, 0x03, 0x36, 0x08, 0x04, 0x38, 0xea, 0x20, 0x71, 0xa2, 0x00, 0xe0, 0x0f, 0x33, 0x00, 0x3e,
    0x2d, 0x90, 0x0c, 0x7e, 0x80, 0x1a, 0x28, 0x03, 0x16, 0x00, 0x0d, 0x00, 0x3d, 0x26, 0x01, 0xef,
    0x06, 0xc2, 0x00, 0x86, 0xdc, 0x03, 0x20, 0x07, 0x13, 0x80, 0x38, 0x03, 0xee, 0x00, 0xe7, 0x20,
    0x01, 0xe2, 0x00, 0x68, 0xb1, 0x00, 0xfe, 0xb0, 0x03, 0x80, 0x7c, 0x4e, 0x01, 0xa4, 0x03, 0x0d,
    0xc0, 0x06, 0x4c, 0x30, 0x0f, 0xc6, 0x00, 0x20, 0x0f, 0xd2, 0x01, 0xff, 0x3d, 0x80, 0x62, 0xc6,
    0x00, 0xff, 0xe6, 0x48, 0x07, 0xc8, 0x40, 0x1d, 0x32, 0x00, 0xf1, 0x80, 0x08, 0x03, 0xf4, 0x80,
    0x67, 0x20, 0x0f, 0x90, 0x03, 0xcd, 0xa4, 0x01, 0x8d, 0xc1, 0x00, 0x3e, 0x27, 0x00, 0xee, 0x00,
    0xfb, 0x40, 0x3e, 0x2d, 0x40, 0x0d, 0x17, 0x60, 0x0f, 0xbc, 0x03, 0xc7, 0x20, 0x1e, 0x43, 0x00,
    0xfd, 0x70, 0x01, 0x90, 0x80, 0x3d, 0x44, 0x01, 0xf3, 0x30, 0x03, 0xdc, 0x20, 0x1f, 0x9e, 0xc4,
    0x03, 0xfa, 0x14, 0x03, 0xfa, 0x5c, 0x03, 0x8b, 0x44, 0x03, 0xf2, 0x79, 0x80, 0x7c, 0xee, 0x00,
    0xff, 0xa2, 0x00, 0x1c, 0x7e, 0x60, 0x1f, 0x87, 0x18, 0x03, 0x86, 0x80, 0x3f, 0xf8, 0x2f, 0x84,
    0x01, 0x87, 0x2d, 0x48, 0x00, 0x20, 0x1a, 0x68, 0x03, 0x0e, 0x20, 0x07, 0xff, 0x04, 0xf6, 0x00,
    0x39, 0x2b, 0x7f, 0xdc, 0xe0, 0x19, 0x74, 0x80, 0x21, 0xb8, 0x00, 0xff, 0xe1, 0x3f, 0x41, 0x00,
    0x7e, 0x8b, 0x00, 0xc5, 0xaa, 0x01, 0x9f, 0x04, 0x03, 0xff, 0x82, 0x2f, 0xb9, 0x0a, 0x42, 0x00,
    0x13, 0x14, 0x00, 0xea, 0x90, 0x0c, 0x7e, 0x60, 0x1f, 0xfc, 0x33, 0x7a, 0xde, 0xff, 0x76, 0x52,
    0x00, 0x79, 0xb0, 0x40, 0x21, 0xc7, 0x00, 0xff, 0xea, 0x1f, 0xa0, 0x06, 0x90, 0x0f, 0xfe, 0xa8,
    0xdb, 0x80, 0x52, 0x01, 0xff, 0xd7, 0x8b, 0x16, 0x70, 0x00, 0x00, 0xff, 0xe2, 0xcf, 0xfa, 0x40,
    0x3f, 0xfa, 0xb2, 0xc0, 0x06, 0x90, 0x0f, 0xfe, 0x99, 0xb0, 0x06, 0x63, 0x00, 0xff, 0xe9, 0x78,
    0x07, 0xbc, 0x03, 0xff, 0xa2, 0xa6, 0x01, 0xe3, 0x50, 0x0f, 0xfe, 0x85, 0x80, 0x7e, 0xb0, 0x0f,
    0xfe, 0x7c, 0x08, 0x07, 0xe1, 0x80, 0x0f, 0xfe, 0x68, 0xb8, 0x07, 0xf9, 0xc4, 0x03, 0xff, 0x99,
    0x60, 0x1f, 0xfa, 0xc0, 0x3f, 0xf9, 0x66, 0xa0, 0x1f, 0xf9, 0x4c, 0x03, 0xff, 0x95, 0xe0, 0x1f,
    0xfc, 0x2f, 0x00, 0xff, 0xe4, 0xb1, 0x80, 0x69, 0xff, 0xd2, 0x01, 0x8d, 0x80, 0x3f, 0xf9, 0x10,
    0x01, 0xc4, 0x01, 0x88, 0x03, 0xa0, 0x03, 0xff, 0x8f, 0x02, 0x01, 0xc2, 0x01, 0x84, 0x03, 0x86,
    0x00, 0x3f, 0xf8, 0xa4, 0xe0, 0x1e, 0x30, 0x0c, 0x60, 0x1e, 0x72, 0x00, 0xff, 0xe2, 0x48, 0x07,
    0xc2, 0x01, 0x84, 0x03, 0xe9, 0x00, 0xff, 0xe1, 0xa2, 0x00, 0x3e, 0xf0, 0x0d, 0xe0, 0x1f, 0x22,
    0x00, 0x3f, 0xf8, 0x52, 0x01, 0xf8, 0x40, 0x30, 0x80, 0x7e, 0x90, 0x0f, 0xfe, 0x0b, 0x10, 0x07,
    0xe3, 0x00, 0xc6, 0x01, 0xf8, 0x98, 0x03, 0xfe, 0x18, 0x00, 0xfe, 0x10, 0x0c, 0x20, 0x1f, 0xd0,
    0x20, 0x1f, 0xe8, 0x10, 0x0f, 0xe6, 0x00, 0xcc, 0x01, 0xfc, 0x30, 0x01, 0xfc, 0x4c, 0x01, 0xfe,
    0x2f, 0xfc, 0x40, 0x1f, 0xe6, 0x20, 0x0f, 0xd2, 0x01, 0xff, 0x9b, 0x30, 0xc0, 0x1f, 0xfa, 0x40,
    0x3e, 0x54, 0x00, 0xff, 0x9a, 0x4c, 0xd2, 0xc0, 0x1f, 0xf2, 0x28, 0x07, 0xa0, 0x03, 0xff, 0x50,
    0x06, 0xa0, 0x0f, 0xfd, 0x00, 0x1c, 0xe4, 0x01, 0xff, 0xd2, 0x27, 0x00, 0x86, 0x00, 0x3f, 0xf8,
    0x34, 0x01, 0xa8, 0x03, 0xff, 0x83, 0x02, 0x00, 0x80, 0x0f, 0xfe, 0x13, 0x49, 0x9a, 0x58, 0x03,
    0xff, 0x85, 0x00, 0x06, 0x00, 0xff, 0xe1, 0xb6, 0x61, 0x80, 0x3f, 0xf8, 0x6c, 0x01, 0xff, 0xdc,
    0x70, 0x0f, 0xfe, 0xb3, 0x80, 0x21, 0x80, 0x3f, 0xfa, 0x8d, 0x00, 0x00, 0x00, 0xff, 0xf6, 0x47,
    0xc8, 0x07, 0xff, 0x45, 0xc1, 0xa4, 0x03, 0xff, 0xa6, 0xd2, 0x01, 0xff, 0xd3, 0x69, 0x00, 0x6f,
    0xff, 0xce, 0x01, 0xfe, 0x7f, 0xfc, 0x01, 0xcd, 0x20, 0x40, 0x1f, 0x43, 0x00, 0x7e, 0x68, 0x00,
    0xff, 0x34, 0x80, 0x7f, 0x4a, 0x80, 0x79, 0x64, 0x03, 0xff, 0x30, 0x07, 0xfa, 0x90, 0x03, 0x25,
    0x00, 0x7f, 0xf0, 0x58, 0x80, 0x3f, 0xd6, 0x60, 0x03, 0xb0, 0x0f, 0xfe, 0x0b, 0x4e, 0xff, 0xf3,
    0x80, 0x61, 0x10, 0x1e, 0x00, 0x73, 0xff, 0x80, 0x39, 0xa4, 0x03, 0xe8, 0x60, 0x0b, 0x48, 0x9a,
    0x01, 0xcd, 0x00, 0x1e, 0x69, 0x00, 0xfe, 0x95, 0x0b, 0x31, 0xc1, 0x00, 0xcb, 0x20, 0x1e, 0x69,
    0x00, 0xff, 0xaa, 0xd0, 0x70, 0x40, 0x32, 0x50, 0x06, 0x70, 0x69, 0x00, 0xff, 0xe0, 0xa0, 0x69,
    0x00, 0x63, 0xb0, 0x0e, 0x8f, 0x90, 0x0f, 0xfe, 0x1e, 0x18, 0x06, 0x3c, 0x00, 0xff, 0xe5, 0xd9,
    0x80, 0x62, 0xd0, 0x40, 0x0e, 0x8f, 0x90, 0x0f, 0xfe, 0x0d, 0x20, 0x06, 0x1c, 0x14, 0xba, 0x00,
    0xce, 0x0d, 0x20, 0x1f, 0xf4, 0xa8, 0x06, 0x1c, 0x13, 0xb0, 0x59, 0x00, 0xf3, 0x48, 0x07, 0xf4,
    0x30, 0x07, 0x69, 0x13, 0x40, 0x26, 0x80, 0x0f, 0x34, 0x80, 0x37, 0xff, 0x9c, 0x03, 0xb0, 0xc0,
    0x44, 0x01, 0x9f, 0xfc, 0x01, 0xcd, 0x20, 0x40, 0x1f, 0xeb, 0x30, 0x01, 0xd8, 0x07, 0xff, 0x05,
    0xa4, 0x03, 0xfd, 0x48, 0x01, 0x92, 0x80, 0x3f, 0xf8, 0x2c, 0x01, 0xfd, 0x2a, 0x01, 0xe5, 0x90,
    0x0f, 0xfc, 0xc4, 0x01, 0xf4, 0x30, 0x07, 0xe6, 0x80, 0x0f, 0xf3, 0x4e, 0xff, 0xfc, 0xe0, 0x1f,
    0xe7, 0xff, 0xc0, 0x1c, 0xd2, 0x01, 0xff, 0xd1, 0x69, 0x00, 0xff, 0xe8, 0xb4, 0x80, 0x7f, 0xf3,
    0xdc, 0x1a, 0x40, 0x3f, 0xfa, 0x11, 0xf2, 0x01, 0xc0, 0x00, 0x00, 0xff, 0xe0, 0x99, 0x00, 0x7f,
    0xf3, 0x63, 0x35, 0x00, 0x3f, 0xf9, 0x70, 0xe0, 0x0b, 0x40, 0x0f, 0xfe, 0x4c, 0x38, 0x06, 0xb4,
    0x00, 0xff, 0xe3, 0xc3, 0x80, 0x7a, 0xd0, 0x03, 0xff, 0x8b, 0x0e, 0x01, 0xfa, 0xd0, 0x03, 0xff,
    0x87, 0x0e, 0x01, 0xfe, 0xb4, 0x00, 0xff, 0xe0, 0xc3, 0x80, 0x73, 0x18, 0x07, 0x5a, 0x00, 0x7f,
    0xd0, 0xe0, 0x1c, 0xf3, 0x86, 0x01, 0xd6, 0x80, 0x1f, 0xd0, 0xe0, 0x1c, 0xf0, 0x00, 0xc3, 0x00,
    0xeb, 0x40, 0x0f, 0xa1, 0xc0, 0x39, 0xe0, 0x03, 0x61, 0x80, 0x75, 0xa0, 0x07, 0x43, 0x80, 0x73,
    0xc0, 0x07, 0xb0, 0xc0, 0x3a, 0xd0, 0x02, 0x87, 0x00, 0xe7, 0x80, 0x0f, 0xd8, 0x60, 0x1d, 0x68,
    0x0c, 0xe0, 0x1c, 0xf0, 0x01, 0xfe, 0xc3, 0x00, 0xeb, 0x2d, 0x00, 0xe7, 0x80, 0x0f, 0xfd, 0x86,
    0x01, 0xc9, 0xe0, 0x19, 0xe0, 0x03, 0xff, 0x85, 0x86, 0x01, 0x13, 0xa5, 0x80, 0x1e, 0x00, 0x3f,
    0xf8, 0x98, 0x60, 0x58, 0x20, 0x9d, 0x90, 0x01, 0xff, 0xc6, 0xcc, 0x68, 0x80, 0x00, 0x00, 0x09,
    0x80, 0x7f, 0xf2, 0x0c, 0x03, 0x27, 0x64, 0x00, 0x7f, 0xf1, 0xb3, 0x1a, 0x20, 0x96, 0x00, 0x78,
    0x00, 0xff, 0xe2, 0x61, 0x81, 0x60, 0xf8, 0x06, 0x78, 0x00, 0xff, 0xe1, 0x61, 0x80, 0x44, 0xfa,
    0x01, 0xcf, 0x00, 0x1f, 0xfb, 0x0c, 0x03, 0x91, 0x9c, 0x03, 0x9e, 0x00, 0x3f, 0xd8, 0x60, 0x1d,
    0x64, 0x10, 0xe0, 0x1c, 0xf0, 0x01, 0xfb, 0x0c, 0x03, 0xad, 0x00, 0x28, 0x70, 0x0e, 0x78, 0x00,
    0xf6, 0x18, 0x07, 0x5a, 0x00, 0x74, 0x38, 0x07, 0x3c, 0x00, 0x6c, 0x30, 0x0e, 0xb4, 0x00, 0xfa,
    0x1c, 0x03, 0x9e, 0x00, 0x18, 0x60, 0x1d, 0x68, 0x01, 0xfd, 0x0e, 0x01, 0xcf, 0x38, 0x60, 0x1d,
    0x68, 0x01, 0xff, 0x43, 0x80, 0x73, 0x18, 0x07, 0x5a, 0x00, 0x7f, 0xf0, 0x61, 0xc0, 0x3f, 0xd6,
    0x80, 0x1f, 0xfc, 0x38, 0x70, 0x0f, 0xd6, 0x80, 0x1f, 0xfc, 0x58, 0x70, 0x0f, 0x5a, 0x00, 0x7f,
    0xf1, 0xe1, 0xc0, 0x35, 0xa0, 0x07, 0xff, 0x26, 0x1c, 0x01, 0x68, 0x01, 0xff, 0xcb, 0x8c, 0xd4,
    0x00, 0xff, 0xc0, 0x00, 0x00, 0xf8, 0x44, 0x01, 0xff, 0xd9, 0x5e, 0xe2, 0x80, 0x7f, 0xf5, 0xd6,
    0x80, 0x14, 0xa0, 0x1f, 0xfd, 0x55, 0xa0, 0x0d, 0x4a, 0x01, 0xaf, 0xff, 0xff, 0x89, 0x00, 0x1f,
    0xcb, 0x40, 0x1e, 0xa5, 0x00, 0x1a, 0x00, 0x7f, 0xf1, 0x1c, 0x03, 0xf2, 0xd0, 0x07, 0xea, 0x50,
    0x33, 0x00, 0x7f, 0xf3, 0x1a, 0x80, 0x3f, 0xd4, 0xa1, 0xa8, 0x01, 0xff, 0xca, 0x59, 0x00, 0x84,
    0x03, 0x08, 0x05, 0x4a, 0x37, 0xff, 0xff, 0x80, 0x3f, 0xd2, 0x01, 0xb4, 0x03, 0x68, 0x06, 0x90,
    0x0f, 0xfe, 0x65, 0x00, 0x56, 0x60, 0x18, 0xec, 0x02, 0xa0, 0x0f, 0xfe, 0x63, 0x4a, 0x5a, 0x00,
    0x79, 0x2d, 0x25, 0x80, 0x3f, 0xf9, 0xad, 0x68, 0x01, 0xf9, 0x2d, 0x80, 0x3f, 0xff, 0xe0, 0x1f,
    0xff, 0xf0, 0x0f, 0xfe, 0x43, 0x5a, 0x00, 0x7e, 0x4b, 0x60, 0x0f, 0xfe, 0x6b, 0x4a, 0x5a, 0x00,
    0x79, 0x2d, 0x25, 0x80, 0x3f, 0xf9, 0x94, 0x01, 0x59, 0x80, 0x63, 0xb0, 0x0a, 0x80, 0x3f, 0xf9,
    0x92, 0x01, 0xb4, 0x03, 0x68, 0x06, 0x90, 0x0f, 0xf7, 0xff, 0xfe, 0xb1, 0x59, 0x00, 0x84, 0x03,
    0x08, 0x05, 0x4a, 0x01, 0xff, 0xca, 0x4d, 0x06, 0xa0, 0x0f, 0xf5, 0x28, 0x07, 0xff, 0x30, 0xcc,
    0x0b, 0x40, 0x1f, 0xa9, 0x40, 0x3f, 0x38, 0x07, 0xff, 0x11, 0x0c, 0x00, 0xb4, 0x01, 0xea, 0x50,
    0x0f, 0xe8, 0xff, 0xff, 0xe2, 0x58, 0x06, 0x5a, 0x00, 0xd4, 0xa0, 0x1f, 0xfd, 0x55, 0xa0, 0x05,
    0x28, 0x07, 0xff, 0x5d, 0x7b, 0x8a, 0x01, 0xe0, 0x00, 0x08, 0xef, 0xff, 0xf4, 0x00, 0x7f, 0xf1,
    0xa1, 0xc4, 0x03, 0xfc, 0xf0, 0x01, 0xff, 0xc5, 0x60, 0x0f, 0xfe, 0x0b, 0xc0, 0x07, 0xff, 0x10,
    0x40, 0x3f, 0xf8, 0x4f, 0x00, 0x1f, 0xfd, 0x37, 0xff, 0xff, 0xdd, 0x00, 0x1f, 0xfd, 0x21, 0x78,
    0x00, 0xff, 0xe9, 0xb0, 0x07, 0xff, 0x4c, 0x40, 0x3f, 0xff, 0xe0, 0x1f, 0xff, 0xf0, 0x0f, 0xff,
    0xf8, 0x07, 0xff, 0xfc, 0x03, 0xff, 0xfe, 0x01, 0xff, 0xdd, 0x10, 0x0f, 0xfe, 0x90, 0xb0, 0x07,
    0xff, 0x49, 0xa1, 0xc4, 0x03, 0xff, 0x9c, 0x2f, 0x00, 0x00, 0x00, 0xff, 0xe1, 0x16, 0xe8, 0x80,
    0x3f, 0xf9, 0xe5, 0x84, 0x4c, 0x20, 0x0f, 0xfe, 0x69, 0x60, 0x80, 0x07, 0x08, 0x03, 0xff, 0x96,
    0x58, 0x20, 0x18, 0x70, 0x80, 0x3f, 0xf9, 0x25, 0x82, 0x01, 0xe1, 0xc2, 0x00, 0xff, 0xe3, 0x96,
    0x08, 0x07, 0xe1, 0xc2, 0x00, 0xff, 0xe2, 0x96, 0x08, 0x07, 0xf8, 0x70, 0x80, 0x3f, 0xf8, 0x65,
    0x82, 0x01, 0xff, 0x87, 0x08, 0x03, 0xff, 0x82, 0x58, 0x20, 0x1f, 0xfc, 0x21, 0xc2, 0x00, 0xff,
    0x87, 0x04, 0x03, 0xff, 0x88, 0x38, 0x20, 0x1f, 0xeb, 0x10, 0x0f, 0xfe, 0x30, 0xd8, 0x07, 0xfb,
    0x00, 0x3f, 0xf9, 0x18, 0x01, 0xfe, 0x6f, 0xff, 0x00, 0x7e, 0xff, 0xf3, 0x00, 0x7f, 0xff, 0xc0,
    0x3f, 0xff, 0xe0, 0x1f, 0xff, 0xf0, 0x0f, 0xff, 0xc4, 0x7f, 0xff, 0x00, 0x7f, 0xef, 0xff, 0xe8,
    0x70, 0x0f, 0xe2, 0x07, 0x00, 0xf3, 0x81, 0x00, 0x7f, 0x38, 0x07, 0xfa, 0x02, 0x3f, 0xfd, 0x01,
    0x00, 0x1f, 0xfc, 0x85, 0xa2, 0x00, 0xf1, 0x52, 0x80, 0x7f, 0xf2, 0x57, 0x7f, 0xfd, 0xaa, 0x01,
    0xff, 0xd5, 0x11, 0x00, 0x04, 0x40, 0x1f, 0xfc, 0xd1, 0xee, 0x08, 0xbb, 0x82, 0x01, 0xff, 0xec,
    0x1e, 0xe0, 0x8b, 0xb8, 0x20, 0x13, 0x80, 0x7f, 0xf2, 0x44, 0x40, 0x01, 0x10, 0x04, 0xe0, 0x00,
    0x00, 0xff, 0xf6, 0x17, 0x72, 0x98, 0xc0, 0x3f, 0xf9, 0xf0, 0x22, 0x59, 0xcf, 0xb8, 0x20, 0x0f,
    0xfe, 0x50, 0xa8, 0x07, 0x91, 0xf0, 0x03, 0xff, 0x95, 0x20, 0x1f, 0xc2, 0x01, 0xff, 0xca, 0x60,
    0x0f, 0xe1, 0x00, 0xff, 0xe4, 0xa8, 0x80, 0x7f, 0xf4, 0xe4, 0x03, 0xfc, 0x40, 0x1f, 0xfc, 0x83,
    0x30, 0x07, 0xf9, 0x80, 0x3f, 0xf9, 0x08, 0x01, 0xff, 0x10, 0x07, 0xff, 0x21, 0x44, 0x03, 0xfd,
    0x80, 0x1f, 0xfc, 0x82, 0xf3, 0x00, 0xfe, 0x40, 0x0f, 0xfe, 0x48, 0xe2, 0x80, 0x7c, 0x60, 0x1f,
    0xfc, 0xca, 0x70, 0x0f, 0x58, 0x07, 0xff, 0x34, 0x40, 0x3c, 0xc0, 0x1f, 0xfc, 0xc2, 0x60, 0x0e,
    0x41, 0x00, 0xff, 0xe6, 0x48, 0x07, 0xa0, 0x03, 0xff, 0x98, 0xc8, 0x01, 0xc8, 0x60, 0x1f, 0xfc,
    0xb3, 0x90, 0x0f, 0x48, 0x07, 0xff, 0x2c, 0xb4, 0x03, 0xce, 0x40, 0x1f, 0xf1, 0xb9, 0x00, 0x7e,
    0x2f, 0x10, 0x0e, 0x28, 0x00, 0xff, 0x2e, 0x62, 0x30, 0x80, 0x3c, 0x78, 0x40, 0x1e, 0xf0, 0x0f,
    0xc2, 0xfd, 0x46, 0x00, 0x1f, 0x00, 0xe6, 0xc1, 0x00, 0xf5, 0x10, 0x07, 0x8a, 0x7a, 0x04, 0x03,
    0x8a, 0x80, 0x05, 0x72, 0x01, 0xf4, 0xa8, 0x07, 0xd8, 0xc0, 0x1f, 0xcb, 0x13, 0xa8, 0x01, 0xf4,
    0x30, 0x07, 0xff, 0x21, 0xd8, 0x03, 0xf4, 0xb8, 0x07, 0xf2, 0x00, 0x7f, 0xf2, 0x29, 0x80, 0x3f,
    0xd8, 0x01, 0xff, 0xc6, 0x2d, 0x50, 0x0f, 0xf9, 0x40, 0x3f, 0xf8, 0xaf, 0xa4, 0x01, 0xff, 0x8c,
    0x03, 0xff, 0x86, 0x9b, 0x00, 0x1f, 0xfc, 0x34, 0x00, 0xff, 0xc9, 0x96, 0x40, 0x1f, 0xfc, 0x43,
    0x00, 0xfe, 0x38, 0xeb, 0x30, 0x0f, 0xfe, 0x35, 0x08, 0x08, 0x8d, 0x5e, 0xff, 0x1c, 0x40, 0x3f,
    0xf8, 0xc0, 0x00, 0x00, 0x9f, 0x3f, 0xd8, 0xe0, 0x1f, 0xfc, 0x91, 0xd8, 0x30, 0x01, 0xc6, 0x88,
    0x07, 0xf9, 0x2f, 0xfd, 0x8a, 0x01, 0x61, 0x00, 0x78, 0xb0, 0x03, 0xfa, 0x2d, 0x00, 0x07, 0x54,
    0x07, 0x20, 0x0f, 0xc4, 0xe0, 0x1f, 0x4b, 0x80, 0x79, 0x82, 0xc0, 0x24, 0xee, 0x20, 0x05, 0x60,
    0x1e, 0x96, 0x00, 0xf1, 0xe8, 0x18, 0x05, 0x42, 0x2a, 0x00, 0x8c, 0x03, 0xa5, 0x80, 0x3c, 0x7a,
    0x20, 0x1f, 0xfc, 0x59, 0x60, 0x0f, 0x1e, 0x88, 0x00, 0xc0, 0x2a, 0x11, 0x50, 0x04, 0x60, 0x14,
    0xb0, 0x07, 0x8f, 0x44, 0x02, 0xb0, 0x09, 0x3b, 0x88, 0x01, 0x08, 0x82, 0x58, 0x03, 0xc7, 0xa2,
    0x01, 0x9c, 0x80, 0x3f, 0x8b, 0x69, 0x80, 0x3c, 0x7a, 0x20, 0x1e, 0xc2, 0x00, 0xfe, 0x35, 0x00,
    0xf1, 0xe8, 0x80, 0x7c, 0x3b, 0x06, 0x01, 0xff, 0xc2, 0x3d, 0x10, 0x0f, 0xf3, 0xe7, 0xf9, 0x80,
    0x3f, 0xc7, 0xa2, 0x01, 0xff, 0xc3, 0x96, 0x00, 0xfc, 0x7a, 0x20, 0x1f, 0xfe, 0x19, 0x60, 0x0f,
    0xc7, 0xa2, 0x01, 0xff, 0x9f, 0x3f, 0xcc, 0x01, 0xfe, 0x3d, 0x10, 0x0f, 0xe1, 0xd8, 0x30, 0x0f,
    0xfe, 0x11, 0xe8, 0x80, 0x7e, 0xc2, 0x00, 0xfe, 0x35, 0x00, 0xf1, 0xe8, 0x80, 0x79, 0xc8, 0x03,
    0xf8, 0xb6, 0x98, 0x03, 0xc7, 0xa2, 0x01, 0xd6, 0x01, 0x27, 0x71, 0x00, 0x21, 0x10, 0x4b, 0x00,
    0x78, 0xf4, 0x40, 0x31, 0x80, 0x54, 0x22, 0xa0, 0x08, 0xc0, 0x29, 0x60, 0x0f, 0x1e, 0x88, 0x07,
    0xff, 0x1e, 0x58, 0x03, 0xc7, 0xa2, 0x00, 0x30, 0x0a, 0x84, 0x54, 0x01, 0x18, 0x07, 0x4b, 0x00,
    0x78, 0xf4, 0x42, 0xc0, 0x24, 0xee, 0x20, 0x05, 0x60, 0x1e, 0x96, 0x00, 0xf1, 0xe8, 0x39, 0x00,
    0x7e, 0x27, 0x00, 0xfa, 0x5c, 0x03, 0xcc, 0x00, 0xc2, 0x00, 0xf1, 0x60, 0x07, 0xf4, 0x5a, 0x00,
    0x0e, 0xa8, 0x00, 0x1d, 0x83, 0x00, 0x1c, 0x68, 0x80, 0x7f, 0x92, 0xff, 0xd8, 0xa0, 0x00, 0x00,
    0x00, 0xfd, 0x1f, 0xff, 0xf0, 0x03, 0xdc, 0x03, 0xff, 0x38, 0x07, 0xff, 0x0a, 0x20, 0x01, 0xff,
    0xcf, 0x78, 0x00, 0xff, 0xe7, 0xbc, 0x00, 0x7f, 0xf3, 0xdd, 0xc0, 0x1f, 0xfc, 0xf8, 0x87, 0xff,
    0x00, 0x7f, 0xf1, 0x3f, 0xfc, 0xe0, 0x1f, 0xfc, 0x77, 0x00, 0xff, 0xe7, 0xc7, 0xff, 0xc0, 0x1f,
    0xff, 0xf0, 0x0f, 0xff, 0xf8, 0x07, 0xff, 0xfc, 0x03, 0xff, 0xfe, 0x01, 0xff, 0xff, 0x00, 0xff,
    0xff, 0x80, 0x62, 0x07, 0x00, 0xff, 0xe3, 0x38, 0x07, 0xa0, 0x23, 0xff, 0xff, 0x8d, 0x00, 0x1e,
    0x5a, 0x20, 0x0f, 0xfe, 0x72, 0xef, 0xff, 0xfc, 0x01, 0xff, 0xf4, 0x70, 0x0f, 0xfe, 0x33, 0x80,
    0x7e, 0x00, 0x08, 0xef, 0xff, 0xfe, 0x2e, 0xb0, 0x07, 0xa1, 0xc4, 0x03, 0xff, 0x8a, 0x53, 0x00,
    0x1c, 0xc0, 0x1f, 0xfc, 0x97, 0x80, 0x0c, 0x20, 0x1f, 0xfc, 0xa7, 0x80, 0x0f, 0xb7, 0xff, 0xff,
    0x85, 0x60, 0x19, 0xe0, 0x03, 0xc4, 0x01, 0xff, 0xc2, 0x40, 0x0e, 0x78, 0x00, 0xff, 0xe7, 0xbb,
    0x00, 0x7f, 0xf3, 0xec, 0x03, 0xff, 0x9e, 0x40, 0x1f, 0xff, 0x02, 0x00, 0xff, 0xe1, 0x10, 0x07,
    0xfe, 0xdf, 0xff, 0xfe, 0x16, 0x80, 0x7f, 0xff, 0xc0, 0x3f, 0xfa, 0x05, 0x7f, 0xeb, 0x20, 0x0f,
    0xfe, 0x49, 0x6a, 0x00, 0x13, 0x48, 0x03, 0xff, 0x91, 0x20, 0x1e, 0x90, 0x0f, 0xfe, 0x42, 0x00,
    0x79, 0x00, 0x3f, 0xfc, 0x88, 0x01, 0xe4, 0x00, 0xff, 0xe4, 0x48, 0x07, 0xa4, 0x03, 0xff, 0x90,
    0x5a, 0x80, 0x04, 0xd2, 0x00, 0xff, 0xe4, 0x95, 0xff, 0xac, 0x80, 0x3f, 0xe1, 0x00, 0xff, 0xe7,
    0x0b, 0x00, 0x7f, 0xf3, 0x9a, 0x1c, 0x40, 0x3f, 0xf9, 0x42, 0xf0, 0x00, 0x47, 0x7f, 0xfe, 0x72,
    0x5c, 0x47, 0xff, 0x3a, 0xc0, 0x3f, 0xfd, 0x84, 0x01, 0xff, 0xce, 0x2d, 0xff, 0xff, 0xe7, 0x68,
    0x07, 0xff, 0xfc, 0x03, 0xff, 0xb2, 0x8e, 0xff, 0xfc, 0xe4, 0xb8, 0x8f, 0xfe, 0x75, 0x80, 0x7f,
    0xfb, 0x08, 0x03, 0xff, 0x9c, 0x5b, 0xff, 0xff, 0xce, 0xd0, 0x0f, 0xff, 0xf8, 0x07, 0xff, 0x65,
    0x1d, 0xff, 0xf9, 0xc9, 0x71, 0x1f, 0xfc, 0xeb, 0x00, 0xff, 0xf6, 0x10, 0x07, 0xff, 0x38, 0xb7,
    0xff, 0xff, 0x9d, 0xa0, 0x00, 0x08, 0xef, 0xff, 0xfe, 0x77, 0x40, 0x43, 0x88, 0x07, 0xff, 0x38,
    0x5e, 0x18, 0x03, 0xff, 0xa4, 0xc2, 0x01, 0xff, 0xd2, 0x11, 0x00, 0x7f, 0xf4, 0x86, 0x80, 0x3f,
    0xfa, 0x54, 0x9a, 0x40, 0x1f, 0xfc, 0xe2, 0xd4, 0x02, 0xd6, 0x00, 0xff, 0xe6, 0x36, 0x90, 0x7b,
    0x04, 0xd0, 0x07, 0xff, 0x2a, 0xa4, 0x1b, 0xc2, 0x68, 0x17, 0x4c, 0x03, 0xff, 0x8c, 0x7a, 0xa1,
    0x52, 0x01, 0x2e, 0x99, 0x63, 0x80, 0x7f, 0xf1, 0x1f, 0x08, 0xf5, 0x40, 0x38, 0xb1, 0xc2, 0x2c,
    0x40, 0x3f, 0xf0, 0xdc, 0x03, 0xe1, 0x00, 0x7e, 0x8b, 0x14, 0xf4, 0x00, 0xff, 0x27, 0xa0, 0xdc,
    0x00, 0x7f, 0xc9, 0xe8, 0x37, 0x00, 0x1f, 0xa2, 0xc5, 0x3d, 0x00, 0x3f, 0xf8, 0x23, 0x70, 0x0f,
    0x82, 0x01, 0x87, 0x1c, 0x22, 0xc4, 0x03, 0xff, 0x88, 0xf8, 0x27, 0xce, 0x22, 0x7e, 0x31, 0xc7,
    0x00, 0xff, 0xe3, 0x9f, 0xa8, 0x47, 0x72, 0x01, 0x3c, 0xc0, 0x3f, 0xf9, 0x23, 0x56, 0x82, 0x24,
    0xbb, 0x08, 0x07, 0xff, 0x31, 0x2f, 0xb9, 0x68, 0x01, 0xff, 0xff, 0x00, 0x08, 0x07, 0xff, 0x48,
    0x58, 0x03, 0xff, 0xa4, 0xd0, 0xe2, 0x01, 0xff, 0xce, 0x17, 0x80, 0x00, 0x00, 0xa3, 0xff, 0xfd,
    0x00, 0x1f, 0xe7, 0x00, 0xff, 0x38, 0x07, 0xf1, 0x00, 0x7f, 0xc8, 0x01, 0xfc, 0xc0, 0x1f, 0xf6,
    0x80, 0x7f, 0x10, 0x07, 0xfc, 0xe0, 0x1f, 0xdc, 0x01, 0xfe, 0x31, 0x00, 0xfe, 0x30, 0x0f, 0xf5,
    0x80, 0x7f, 0x98, 0x03, 0xfc, 0xc0, 0x1f, 0xe2, 0x00, 0xfe, 0x31, 0x00, 0xfe, 0x10, 0x0f, 0xf5,
    0x80, 0x7f, 0x88, 0x03, 0xfd, 0x1f, 0xff, 0x40, 0x01, 0x80, 0x3f, 0xf8, 0xce, 0x00, 0x20, 0x0f,
    0xfe, 0x32, 0x80, 0x34, 0x03, 0xff, 0x8d, 0x60, 0x06, 0x00, 0xff, 0xe2, 0xb8, 0x80, 0x08, 0x03,
    0xff, 0x88, 0x30, 0x01, 0x08, 0x07, 0xff, 0x12, 0xc0, 0x34, 0x00, 0x7f, 0xf0, 0xcd, 0x40, 0x33,
    0xff, 0xfd, 0xa0, 0x1f, 0x78, 0x07, 0xff, 0x05, 0x00, 0x3c, 0xc6, 0x01, 0xff, 0xc1, 0xc0, 0x0f,
    0x40, 0x07, 0xff, 0x09, 0x00, 0x3a, 0x04, 0x03, 0xff, 0x82, 0x42, 0x01, 0x89, 0xc0, 0x3f, 0xf8,
    0x4e, 0x01, 0xd2, 0x01, 0xff, 0xc3, 0xc0, 0x0c, 0x88, 0x00, 0xff, 0xe1, 0xa0, 0x06, 0x90, 0x0f,
    0xfe, 0x18, 0x90, 0x04, 0xe4, 0x01, 0xff, 0xc3, 0x40, 0x08, 0x64, 0x03, 0xff, 0x89, 0xa0, 0x14,
    0x08, 0x07, 0xff, 0x11, 0x00, 0x04, 0xc0, 0x1f, 0xfc, 0x53, 0x00, 0x70, 0x07, 0xff, 0x19, 0xc1,
    0xcc, 0x03, 0xfe, 0x00, 0x00, 0xf8, 0xaf, 0xfd, 0x64, 0x01, 0xff, 0xc9, 0x2d, 0x40, 0x02, 0x61,
    0x00, 0x7f, 0xf0, 0xa3, 0xff, 0xb4, 0x00, 0xaa, 0x01, 0xdf, 0xfe, 0x80, 0x0f, 0xce, 0x01, 0xf2,
    0xd5, 0x14, 0x03, 0xe7, 0x00, 0xff, 0xf0, 0x2d, 0x51, 0x40, 0x3f, 0xf9, 0xaa, 0xa0, 0x0f, 0xff,
    0x52, 0xef, 0xff, 0xf0, 0x07, 0xff, 0x11, 0x68, 0x80, 0x3f, 0xf9, 0xb0, 0x11, 0xff, 0xfc, 0x00,
    0xf7, 0x00, 0xff, 0xc4, 0x0e, 0x01, 0xff, 0xa2, 0x00, 0x1f, 0xfc, 0xf7, 0x80, 0x0f, 0xfe, 0x7b,
    0xc0, 0x07, 0xff, 0x3d, 0xdc, 0x01, 0xff, 0xcf, 0x80, 0x0f, 0xfe, 0x57, 0xff, 0x80, 0x3f, 0xf9,
    0x0e, 0x01, 0xff, 0xcf, 0x8f, 0xff, 0x80, 0x3f, 0xff, 0xe0, 0x1f, 0xff, 0xf0, 0x0f, 0xfe, 0x33,
    0x80, 0x7f, 0xf3, 0xe3, 0xff, 0xe0, 0x0f, 0xff, 0xf8, 0x07, 0xff, 0xdd, 0xc0, 0x3f, 0xf8, 0x8e,
    0x00, 0x00, 0xff, 0xc9, 0xdc, 0x40, 0x0f, 0xfe, 0x65, 0x08, 0xa8, 0x03, 0xff, 0x98, 0x20, 0x01,
    0x00, 0xff, 0xe5, 0x24, 0x00, 0x68, 0x30, 0x0f, 0xfe, 0x32, 0x6d, 0xb8, 0x06, 0x7c, 0xd3, 0x00,
    0xff, 0xe1, 0xc5, 0x90, 0x07, 0xe2, 0xc8, 0x00, 0xff, 0xe0, 0xc3, 0x80, 0x7f, 0xe7, 0x80, 0x0f,
    0xf9, 0x5c, 0x03, 0xff, 0x84, 0xe8, 0x01, 0xfe, 0xb0, 0x0f, 0xfe, 0x25, 0x00, 0x7f, 0x28, 0x80,
    0x7f, 0xf1, 0x05, 0x40, 0x3f, 0x78, 0x07, 0xff, 0x1b, 0xc0, 0x3f, 0x20, 0x07, 0xff, 0x19, 0xc0,
    0x3f, 0x08, 0x07, 0xff, 0x18, 0x80, 0x3f, 0xfa, 0xe2, 0x01, 0xff, 0xc8, 0x10, 0x0f, 0x18, 0x07,
    0xff, 0x20, 0xc0, 0x3c, 0xe0, 0x1f, 0xfc, 0x87, 0x00, 0xf6, 0x80, 0x7f, 0xf2, 0x34, 0x03, 0xca,
    0x01, 0xff, 0xc8, 0x50, 0x0e, 0x32, 0x00, 0xff, 0xe4, 0x11, 0x80, 0x69, 0x00, 0xff, 0xe5, 0x48,
    0x04, 0xea, 0x01, 0xff, 0xca, 0x57, 0x05, 0x80, 0x0f, 0xfe, 0x64, 0x2d, 0x80, 0x7f, 0xf3, 0xac,
    0xc0, 0x3f, 0xf9, 0xf2, 0x20, 0x1f, 0xfc, 0xc1, 0xa4, 0xef, 0xff, 0xfe, 0x67, 0x20, 0x07, 0xff,
    0x6b, 0xff, 0xf0, 0x07, 0xff, 0x21, 0x00, 0x3c, 0x80, 0x1f, 0xfc, 0x89, 0x10, 0x0c, 0x32, 0x01,
    0xff, 0xc8, 0x2c, 0x40, 0x02, 0x61, 0x00, 0x7f, 0x80, 0x00, 0x08, 0xef, 0xff, 0xfe, 0x97, 0x40,
    0x43, 0x88, 0x07, 0xff, 0x48, 0x5e, 0x18, 0x03, 0xff, 0xac, 0xc2, 0x01, 0xff, 0xd6, 0x10, 0x0d,
    0xbf, 0xed, 0x00, 0x6f, 0xfb, 0x40, 0x1b, 0xfe, 0xd0, 0x06, 0xff, 0xb4, 0x01, 0xbf, 0xed, 0x00,
    0xfc, 0x40, 0x02, 0x00, 0x10, 0x00, 0x80, 0x04, 0x00, 0x20, 0x01, 0x00, 0x08, 0x00, 0x40, 0x02,
    0x00, 0xff, 0xf0, 0x10, 0x00, 0x80, 0x04, 0x00, 0x20, 0x01, 0x00, 0x08, 0x00, 0x40, 0x02, 0x00,
    0x10, 0x00, 0x80, 0x3f, 0x6f, 0xfb, 0x40, 0x1b, 0xfe, 0xd0, 0x06, 0xff, 0xb4, 0x01, 0xbf, 0xed,
    0x00, 0x6f, 0xfb, 0x40, 0x3f, 0xfc, 0x7b, 0xfe, 0xd0, 0x06, 0xff, 0xb4, 0x01, 0xbf, 0xed, 0x00,
    0x6f, 0xfb, 0x40, 0x3f, 0xf8, 0x44, 0x00, 0x20, 0x01, 0x00, 0x08, 0x00, 0x40, 0x02, 0x00, 0x10,
    0x00, 0x80, 0x3f, 0xfc, 0xc4, 0x00, 0x20, 0x01, 0x00, 0x08, 0x00, 0x40, 0x02, 0x00, 0x10, 0x00,
    0x80, 0x3f, 0xf8, 0x5b, 0xfe, 0xd0, 0x06, 0xff, 0xb4, 0x01, 0xbf, 0xed, 0x00, 0x6f, 0xfb, 0x40,
    0x3f, 0xfc, 0x7b, 0xfe, 0xd0, 0x06, 0xff, 0xff, 0xf0, 0xb4, 0x01, 0xbf, 0xed, 0x00, 0xfc, 0x40,
    0x02, 0x00, 0x10, 0x07, 0xff, 0x08, 0x80, 0x04, 0x00, 0x20, 0x0f, 0xff, 0x01, 0x00, 0x08, 0x00,
    0x40, 0x1f, 0xfc, 0x22, 0x00, 0x10, 0x00, 0x80, 0x3f, 0x6f, 0xfb, 0x40, 0x1b, 0xff, 0xff, 0xc2,
    0xd0, 0x06, 0xff, 0xb4, 0x03, 0x08, 0x07, 0xff, 0x58, 0x58, 0x03, 0xff, 0xac, 0xd0, 0xe2, 0x01,
    0xff, 0xd2, 0x17, 0x80, 0x00, 0x00, 0xff, 0xf8, 0x94, 0xf7, 0x18, 0x03, 0xff, 0x9e, 0x77, 0xac,
    0x22, 0x96, 0x00, 0xff, 0xe6, 0x26, 0x61, 0x00, 0x3a, 0x00, 0x3f, 0xf9, 0x4d, 0xb6, 0x60, 0x1f,
    0xfc, 0xf1, 0x7e, 0x92, 0x00, 0xfe, 0x70, 0x0f, 0xfe, 0x28, 0xc7, 0x40, 0x80, 0x7f, 0xd6, 0x01,
    0xff, 0xc3, 0x2a, 0xe7, 0x00, 0xff, 0xe0, 0xa9, 0x00, 0x7f, 0xf0, 0x52, 0xf5, 0x40, 0x3f, 0xf8,
    0x72, 0x01, 0xff, 0x97, 0x2d, 0x00, 0x3f, 0xf8, 0x86, 0x60, 0x0f, 0xf3, 0x6d, 0x18, 0x07, 0xff,
    0x1a, 0x00, 0x3f, 0x0c, 0x74, 0x90, 0x07, 0xff, 0x1c, 0x90, 0x03, 0xc5, 0x3c, 0xe2, 0x01, 0xff,
    0xc9, 0xb0, 0x0f, 0x4e, 0xb0, 0x07, 0xff, 0x2c, 0x58, 0x03, 0xa5, 0x80, 0x3f, 0xf9, 0xb2, 0x01,
    0xe6, 0x00, 0xff, 0xe7, 0x30, 0x07, 0xff, 0x51, 0xc4, 0x03, 0xcc, 0x01, 0xff, 0xcd, 0x90, 0x0f,
    0xa5, 0x80, 0x3f, 0xf9, 0x6a, 0x20, 0x1f, 0xa7, 0xff, 0xff, 0x00, 0x7f, 0xd0, 0x01, 0xff, 0xd4,
    0x42, 0x00, 0xff, 0xea, 0x78, 0x07, 0xff, 0x50, 0xd0, 0x03, 0xff, 0xa9, 0x20, 0x1f, 0xfd, 0x42,
    0x50, 0x0f, 0xfe, 0xa5, 0x80, 0x7f, 0xf5, 0x05, 0x80, 0x3f, 0xfa, 0x8c, 0x01, 0xff, 0xd5, 0x90,
    0x0f, 0xfe, 0xa3, 0x08, 0x07, 0xff, 0x38, 0x40, 0x3a, 0xc0, 0x3f, 0xf9, 0xec, 0x01, 0x98, 0x80,
    0x3f, 0xf9, 0xf0, 0xe2, 0x27, 0x90, 0x0f, 0xfe, 0x8c, 0x77, 0x20, 0x03, 0xff, 0x84, 0x00, 0x8f,
    0xff, 0xfe, 0x08, 0x03, 0xdc, 0x03, 0xce, 0x01, 0xff, 0xc4, 0x88, 0x00, 0x7f, 0xf2, 0xde, 0x00,
    0x3f, 0xf9, 0x6f, 0x00, 0x1f, 0xfc, 0xb7, 0x80, 0x0f, 0xfe, 0x5b, 0xc0, 0x07, 0xff, 0x2d, 0xdc,
    0x01, 0xff, 0xcb, 0x80, 0x0f, 0xfe, 0x27, 0xff, 0xe0, 0x0f, 0xfe, 0x13, 0x80, 0x7f, 0xf2, 0xe3,
    0xff, 0xf8, 0x03, 0xff, 0xfe, 0x01, 0xff, 0xff, 0x00, 0xff, 0xff, 0x80, 0x7f, 0xff, 0xc0, 0x3f,
    0xff, 0xe0, 0x1f, 0xff, 0xf0, 0x0f, 0xfe, 0x93, 0x80, 0x7f, 0xf2, 0x9c, 0x00, 0x00, 0xff, 0xf4,
    0xa3, 0xd6, 0xf7, 0xfe, 0xed, 0xa7, 0x40, 0x0f, 0xfe, 0x50, 0xb5, 0xfd, 0xc2, 0x90, 0x80, 0x61,
    0x25, 0x8b, 0xfb, 0x61, 0x00, 0xff, 0xe2, 0x15, 0x74, 0xa0, 0x07, 0xff, 0x11, 0x27, 0xa8, 0x80,
    0x3f, 0xf1, 0x5e, 0xa8, 0x07, 0xff, 0x29, 0x76, 0xc8, 0x03, 0xf9, 0xf5, 0x00, 0x3f, 0xf9, 0xc9,
    0xae, 0x01, 0xe2, 0xd8, 0x00, 0xfc, 0x4d, 0x37, 0xbd, 0xfe, 0xed, 0xb9, 0x62, 0x00, 0xfd, 0x1a,
    0x40, 0x12, 0x69, 0x00, 0x78, 0x5f, 0x75, 0x2c, 0x84, 0x20, 0x01, 0x24, 0x69, 0xdd, 0x38, 0x80,
    0x78, 0xb5, 0x01, 0xec, 0x03, 0xc5, 0x5d, 0x04, 0x01, 0xff, 0xc2, 0x28, 0xea, 0x20, 0x0f, 0x5b,
    0xc8, 0x07, 0xa3, 0x54, 0x03, 0xff, 0x90, 0xbb, 0x00, 0x1e, 0x9b, 0x00, 0xc5, 0xae, 0x01, 0xff,
    0xcc, 0x7d, 0x20, 0x0d, 0x6b, 0x40, 0x05, 0xd2, 0x00, 0xf8, 0xde, 0xf7, 0xbf, 0xdd, 0xb6, 0xe6,
    0x01, 0xf1, 0x6a, 0x80, 0x29, 0x41, 0x6e, 0x68, 0x03, 0xc3, 0x1d, 0x90, 0x84, 0x20, 0x01, 0x24,
    0x8c, 0xe8, 0x10, 0x0f, 0x54, 0xda, 0x80, 0x48, 0xc0, 0x1e, 0x8e, 0x71, 0x00, 0xff, 0xc2, 0xfd,
    0x00, 0x1e, 0x64, 0x00, 0xff, 0x1e, 0xb8, 0x07, 0xff, 0x19, 0xf4, 0xc0, 0x3f, 0xf8, 0x6d, 0x84,
    0x01, 0xff, 0xc8, 0x2c, 0x60, 0x0f, 0xfe, 0x14, 0x80, 0x7c, 0x91, 0x9b, 0xfe, 0xdc, 0x84, 0x00,
    0xfa, 0x40, 0x3f, 0xf8, 0x52, 0x01, 0xcd, 0xb6, 0xe6, 0x40, 0x02, 0x37, 0xbd, 0x60, 0x0e, 0x90,
    0x0f, 0xfe, 0x13, 0x40, 0x00, 0xb6, 0x48, 0x03, 0xfc, 0x53, 0x84, 0x00, 0x86, 0x00, 0xff, 0xe1,
    0xbc, 0xbe, 0x90, 0x07, 0xff, 0x08, 0xf5, 0xe5, 0xc0, 0x3f, 0xf8, 0xad, 0x00, 0x1f, 0xfc, 0x68,
    0x60, 0x0f, 0xfe, 0x71, 0x5f, 0xfa, 0xc8, 0x03, 0xff, 0xaa, 0x5a, 0x80, 0x04, 0xd2, 0x00, 0xff,
    0xea, 0x48, 0x07, 0xa4, 0x03, 0xff, 0xa8, 0x80, 0x1e, 0x40, 0x0f, 0xff, 0xe2, 0x00, 0x79, 0x00,
    0x3f, 0xfa, 0x92, 0x01, 0xe9, 0x00, 0xff, 0xea, 0x16, 0xa0, 0x01, 0x34, 0x80, 0x3f, 0xf8, 0x80,
    0x00, 0x08, 0xef, 0xff, 0xfe, 0xa7, 0x40, 0x05, 0x0e, 0x20, 0x1f, 0xfd, 0x41, 0x78, 0x00, 0x30,
    0x07, 0xff, 0x61, 0x80, 0x02, 0x01, 0xff, 0xd8, 0x10, 0x0f, 0x7f, 0xff, 0xf4, 0x80, 0x37, 0xc0,
    0x07, 0xff, 0x6d, 0xc0, 0x3d, 0xff, 0xff, 0xce, 0x00, 0xff, 0xff, 0x80, 0x7d, 0xfe, 0x00, 0xff,
    0xff, 0x80, 0x7f, 0xff, 0xc0, 0x3f, 0x7f, 0x80, 0x3f, 0xfc, 0xdf, 0xff, 0xfc, 0xe0, 0x0f, 0xff,
    0x1b, 0x80, 0x6f, 0xff, 0xfe, 0x90, 0x06, 0xf8, 0x10, 0x0f, 0xfe, 0xc0, 0x80, 0x18, 0x03, 0xff,
    0xb0, 0xc0, 0x08, 0x71, 0x00, 0xff, 0xea, 0x0b, 0xc0, 0x00, 0x00, 0x08, 0xef, 0xff, 0xfe, 0xa7,
    0x40, 0x05, 0x0e, 0x20, 0x1f, 0xfd, 0x41, 0x78, 0x00, 0x30, 0x07, 0xff, 0x61, 0x80, 0x02, 0x01,
    0xff, 0xd8, 0x10, 0x0f, 0x7f, 0xff, 0xf4, 0x80, 0x37, 0xc0, 0x07, 0xff, 0x6d, 0xc0, 0x3d, 0xff,
    0xff, 0xc8, 0x00, 0xff, 0xff, 0x80, 0x7f, 0xf0, 0x7f, 0xc0, 0x1f, 0xff, 0xf0, 0x0f, 0xff, 0xf8,
    0x07, 0xef, 0xf0, 0x07, 0xff, 0x9b, 0xff, 0xff, 0x90, 0x01, 0xff, 0xe9, 0x70, 0x0d, 0xff, 0xff,
    0xd2, 0x00, 0xdf, 0x02, 0x01, 0xff, 0xd8, 0x10, 0x03, 0x00, 0x7f, 0xf6, 0x18, 0x01, 0x0e, 0x20,
    0x1f, 0xfd, 0x41, 0x78, 0x00, 0x00, 0x08, 0xef, 0xff, 0xfe, 0xa7, 0x40, 0x05, 0x0e, 0x20, 0x1f,
    0xfd, 0x41, 0x78, 0x00, 0x30, 0x07, 0xff, 0x61, 0x80, 0x02, 0x01, 0xff, 0xd8, 0x10, 0x0f, 0x7f,
    0xff, 0xf4, 0x80, 0x37, 0xc0, 0x07, 0xff, 0x6d, 0xc0, 0x3d, 0xff, 0xff, 0xc2, 0x00, 0xff, 0xff,
    0x80, 0x7f, 0xf1, 0xff, 0xc0, 0x1f, 0xff, 0xf0, 0x0f, 0xff, 0xf8, 0x07, 0xef, 0xf0, 0x07, 0xff,
    0x9b, 0xff, 0xff, 0x84, 0x01, 0xff, 0xef, 0x70, 0x0d, 0xff, 0xff, 0xd2, 0x00, 0xdf, 0x02, 0x01,
    0xff, 0xd8, 0x10, 0x03, 0x00, 0x7f, 0xf6, 0x18, 0x01, 0x0e, 0x20, 0x1f, 0xfd, 0x41, 0x78, 0x00,
    0x00, 0x08, 0xef, 0xff, 0xfe, 0xa7, 0x40, 0x05, 0x0e, 0x20, 0x1f, 0xfd, 0x41, 0x78, 0x00, 0x30,
    0x07, 0xff, 0x61, 0x80, 0x02, 0x01, 0xff, 0xd8, 0x10, 0x0f, 0x7f, 0xff, 0xf4, 0x80, 0x37, 0xc0,
    0x07, 0xff, 0x6d, 0xc0, 0x3d, 0xff, 0xf8, 0x03, 0xff, 0xfe, 0x01, 0xff, 0xcd, 0xff, 0x00, 0x7f,
    0xff, 0xc0, 0x3f, 0xff, 0xe0, 0x1f, 0xbf, 0xc0, 0x1f, 0xfe, 0x6f, 0xff, 0xc0, 0x1f, 0xff, 0x57,
    0x00, 0xdf, 0xff, 0xfd, 0x20, 0x0d, 0xf0, 0x20, 0x1f, 0xfd, 0x81, 0x00, 0x30, 0x07, 0xff, 0x61,
    0x80, 0x10, 0xe2, 0x01, 0xff, 0xd4, 0x17, 0x80, 0x00, 0x00, 0x08, 0xef, 0xff, 0xfe, 0xa7, 0x40,
    0x05, 0x0e, 0x20, 0x1f, 0xfd, 0x41, 0x78, 0x00, 0x30, 0x07, 0xff, 0x61, 0x80, 0x02, 0x01, 0xff,
    0xd8, 0x10, 0x0f, 0x7f, 0xff, 0xf4, 0x80, 0x37, 0xc0, 0x07, 0xff, 0x6d, 0xc0, 0x3f, 0xff, 0xe0,
    0x1f, 0xfd, 0xbf, 0xf0, 0x07, 0xff, 0xfc, 0x03, 0xff, 0xfe, 0x01, 0xfb, 0xfc, 0x01, 0xff, 0xff,
    0x00, 0xff, 0xf2, 0x38, 0x06, 0xff, 0xff, 0xe9, 0x00, 0x6f, 0x81, 0x00, 0xff, 0xec, 0x08, 0x01,
    0x80, 0x3f, 0xfb, 0x0c, 0x00, 0x87, 0x10, 0x0f, 0xfe, 0xa0, 0xbc, 0x00, 0x00, 0x00, 0x00, 0xff,
    0xe5, 0x88, 0x07, 0xff, 0x69, 0xff, 0xb8, 0x80, 0x1f, 0xfd, 0x76, 0x80, 0x00, 0xd9, 0x80, 0x7f,
    0xf4, 0x97, 0x3b, 0x92, 0x01, 0xd2, 0x01, 0xff, 0xd1, 0x7a, 0x31, 0x10, 0x07, 0x84, 0x03, 0xff,
    0xa0, 0x70, 0x09, 0x54, 0x40, 0x0e, 0xc0, 0x0f, 0xfe, 0x84, 0x01, 0xda, 0xaa, 0x88, 0x02, 0x47,
    0x00, 0xff, 0xe7, 0x9a, 0x07, 0x80, 0x43, 0xb2, 0xf5, 0x60, 0x1f, 0xfc, 0x65, 0x64, 0x00, 0xfa,
    0x01, 0x0c, 0x03, 0x9a, 0x14, 0x03, 0xff, 0x8a, 0x9d, 0x53, 0x7a, 0x60, 0x18, 0xd0, 0x3c, 0x03,
    0xff, 0x8a, 0xf4, 0x20, 0x1c, 0x76, 0x20, 0x11, 0x69, 0x00, 0x50, 0x06, 0x80, 0x1f, 0xfc, 0x5d,
    0x5e, 0x70, 0x0d, 0x00, 0x1e, 0x1b, 0x12, 0x84, 0x09, 0x22, 0xff, 0xe3, 0x00, 0x51, 0xa6, 0x00,
    0x40, 0x0f, 0x9b, 0xb5, 0xc0, 0x15, 0xbb, 0xff, 0xc6, 0x50, 0x08, 0xb2, 0x40, 0x3f, 0xfb, 0x86,
    0x08, 0x01, 0xf3, 0x6e, 0xfa, 0xc4, 0x0f, 0x77, 0xff, 0x84, 0xa0, 0x11, 0x5d, 0x04, 0x00, 0x78,
    0x6c, 0x8b, 0xc9, 0x40, 0x62, 0x45, 0xff, 0xc1, 0x00, 0xa3, 0x50, 0x00, 0x76, 0x20, 0x11, 0x69,
    0x00, 0x7c, 0x88, 0x08, 0x00, 0xff, 0xe0, 0xea, 0xf3, 0x80, 0x72, 0x75, 0x4d, 0xe9, 0x80, 0x7f,
    0x40, 0x21, 0x00, 0x7f, 0xe7, 0xa1, 0x00, 0xfc, 0xac, 0x80, 0x1f, 0xf1, 0x98, 0x20, 0x02, 0x3a,
    0xae, 0x91, 0x00, 0xff, 0xe7, 0xc0, 0x2a, 0x00, 0x2d, 0x57, 0x98, 0x80, 0x3f, 0xf9, 0xe8, 0xa1,
    0x6e, 0xc6, 0x01, 0xff, 0xd7, 0xb2, 0x08, 0x94, 0x00, 0xff, 0xeb, 0x8e, 0xb9, 0x98, 0x40, 0x3f,
    0xfb, 0x31, 0x98, 0x60, 0x0f, 0xfe, 0xe7, 0x80, 0x78, 0x40, 0x3f, 0xfa, 0xaf, 0xff, 0xe2, 0x00,
    0xfe, 0x00, 0x00, 0xf9, 0x23, 0x37, 0xfd, 0xdb, 0x4c, 0x20, 0x1f, 0xf2, 0x6d, 0xb9, 0x90, 0x00,
    0x49, 0x67, 0xa4, 0x03, 0xfa, 0x2c, 0x80, 0x32, 0x00, 0x79, 0xb4, 0x40, 0x3d, 0x4e, 0x01, 0xef,
    0x60, 0x0f, 0x16, 0x08, 0x06, 0x75, 0x00, 0xfd, 0x2a, 0x01, 0xe2, 0xb0, 0x08, 0x60, 0x03, 0xfd,
    0x48, 0x01, 0xe5, 0x30, 0x03, 0x00, 0x7f, 0xeb, 0x30, 0x0f, 0x50, 0x02, 0x80, 0x3f, 0xf8, 0x3a,
    0x40, 0x1c, 0xe0, 0x44, 0x00, 0xc2, 0x01, 0xe5, 0x21, 0xc2, 0x00, 0xc2, 0x68, 0x01, 0x8f, 0xd8,
    0x03, 0x8f, 0x08, 0x7c, 0x40, 0x32, 0x78, 0x06, 0xf1, 0x96, 0x00, 0xe1, 0xc1, 0x2d, 0x00, 0xdc,
    0x40, 0x1b, 0x48, 0x25, 0x80, 0x39, 0x84, 0x24, 0x03, 0x13, 0x00, 0x61, 0xc2, 0x09, 0x60, 0x09,
    0xe0, 0x25, 0x40, 0x33, 0x18, 0x07, 0x0e, 0x10, 0x4a, 0x03, 0xc0, 0x3b, 0x00, 0x71, 0x88, 0x07,
    0x87, 0x08, 0x02, 0x10, 0x58, 0x00, 0xf0, 0x80, 0x7e, 0x1c, 0x20, 0x09, 0x28, 0x03, 0xff, 0x8a,
    0x28, 0x01, 0x60, 0x07, 0xff, 0x1a, 0x18, 0x02, 0x85, 0x00, 0xfc, 0x20, 0x1f, 0x43, 0x80, 0x75,
    0x20, 0x07, 0x84, 0xc0, 0x3d, 0x0e, 0x06, 0x60, 0x42, 0x0b, 0x30, 0x0f, 0x08, 0x07, 0x43, 0x81,
    0xeb, 0x81, 0x61, 0x06, 0x18, 0x06, 0x26, 0x00, 0xd0, 0xe0, 0x78, 0x20, 0x10, 0xe0, 0x86, 0x88,
    0x04, 0xfa, 0x01, 0xe3, 0xc0, 0x0f, 0x30, 0x83, 0x88, 0x04, 0x68, 0x01, 0xa2, 0x70, 0x03, 0xcf,
    0x00, 0xd2, 0x01, 0xb4, 0xc4, 0x03, 0x30, 0x07, 0x9e, 0x01, 0xa4, 0x03, 0x90, 0x1c, 0x03, 0xf8,
    0x40, 0x41, 0xa4, 0x03, 0x90, 0x42, 0xc0, 0x3f, 0xf3, 0x48, 0x07, 0xb8, 0x00, 0x4c, 0x01, 0xfe,
    0x69, 0x00, 0xf1, 0xa8, 0x05, 0x26, 0x01, 0xf9, 0xa4, 0x03, 0xef, 0x00, 0xec, 0x50, 0x0f, 0x74,
    0x80, 0x7d, 0x46, 0x01, 0xea, 0xa1, 0x00, 0x64, 0x00, 0xf1, 0xe2, 0x80, 0x7e, 0x5d, 0xb7, 0x31,
    0x00, 0x84, 0xdf, 0x30, 0x60, 0x18, 0x00, 0x00, 0xfe, 0x9f, 0xff, 0xd2, 0x01, 0xff, 0xc5, 0x46,
    0x00, 0xfc, 0xc8, 0x01, 0xfb, 0x3f, 0xfe, 0xb0, 0x0f, 0xf5, 0xff, 0xfd, 0x86, 0x01, 0xff, 0xce,
    0x30, 0x0f, 0xfe, 0x81, 0x80, 0x7f, 0xf3, 0x8f, 0x3f, 0xff, 0xf9, 0xd8, 0x01, 0xff, 0xd2, 0xff,
    0xff, 0xe6, 0x00, 0x7f, 0xff, 0xc0, 0x3f, 0xf8, 0xd9, 0x80, 0x0d, 0x98, 0x00, 0xd9, 0x80, 0x0f,
    0xfe, 0x11, 0x98, 0x03, 0x19, 0x80, 0x31, 0x98, 0x03, 0xff, 0xfe, 0x01, 0xff, 0xff, 0x00, 0xff,
    0xff, 0x80, 0x7f, 0xff, 0xc0, 0x3f, 0xff, 0xe0, 0x11, 0x98, 0x03, 0x19, 0x80, 0x31, 0x98, 0x03,
    0xff, 0x85, 0x98, 0x00, 0xd9, 0x80, 0x0d, 0x98, 0x00, 0xfe, 0x10, 0x0f, 0xfe, 0x50, 0x80, 0x66,
    0x00, 0xff, 0xe5, 0x30, 0x06, 0x87, 0x10, 0x0f, 0xfe, 0x30, 0xbc, 0x00, 0x00, 0x00, 0x00, 0xff,
    0xe6, 0x36, 0xfd, 0x08, 0x07, 0xff, 0x3e, 0x24, 0x81, 0x7c, 0x80, 0x3f, 0xf9, 0xb0, 0xe0, 0x18,
    0x70, 0x80, 0x3f, 0xf9, 0x70, 0xe0, 0x1e, 0x1c, 0x20, 0x0f, 0xfe, 0x49, 0xb8, 0x07, 0xe1, 0xc1,
    0x00, 0xff, 0xe4, 0x1c, 0x80, 0x7f, 0x0d, 0x80, 0x7f, 0xf1, 0xa3, 0x05, 0xa4, 0x03, 0xf9, 0x40,
    0x3f, 0xf8, 0xb0, 0xe7, 0xa2, 0xd2, 0x01, 0xf8, 0x80, 0x3f, 0xf8, 0x90, 0xe0, 0x03, 0xd1, 0x69,
    0x00, 0xfa, 0xc0, 0x3f, 0xf8, 0x70, 0xe0, 0x18, 0xf4, 0x5a, 0x40, 0x39, 0xd8, 0x03, 0xff, 0x85,
    0x0e, 0x01, 0xe3, 0xd1, 0x69, 0x00, 0x9e, 0x00, 0x3f, 0xf8, 0x50, 0xe0, 0x1f, 0x8f, 0x45, 0xa4,
    0x1e, 0x00, 0x3f, 0xf8, 0x50, 0xe0, 0x1f, 0xe3, 0xd1, 0x6c, 0x80, 0x0f, 0xfe, 0x14, 0x38, 0x07,
    0xfe, 0x3d, 0x03, 0x00, 0xff, 0xe1, 0x43, 0x80, 0x7f, 0xf0, 0x90, 0x03, 0xff, 0x87, 0x0e, 0x01,
    0xff, 0xc2, 0x78, 0x00, 0xff, 0xe1, 0x43, 0x80, 0x7f, 0xf0, 0x9e, 0x00, 0x3f, 0xf8, 0x50, 0xe0,
    0x1f, 0xfc, 0x27, 0x80, 0x0f, 0xfe, 0x14, 0x38, 0x07, 0xff, 0x09, 0xe0, 0x03, 0xff, 0x85, 0x0e,
    0x01, 0xff, 0xc2, 0x78, 0x00, 0xff, 0xe1, 0x43, 0x80, 0x7f, 0xf0, 0x9e, 0x00, 0x3f, 0xf8, 0x50,
    0xe0, 0x1f, 0xfc, 0x27, 0x80, 0x0f, 0xfe, 0x14, 0x38, 0x07, 0xff, 0x09, 0xe0, 0x03, 0xff, 0x84,
    0x6e, 0x01, 0xff, 0xc2, 0x78, 0x00, 0xff, 0xe1, 0xb0, 0x07, 0xff, 0x09, 0xe0, 0x03, 0xff, 0x88,
    0x40, 0x1f, 0xfc, 0x17, 0x80, 0x0f, 0xfe, 0x2f, 0x00, 0x7f, 0xe7, 0x80, 0x0f, 0xfe, 0x31, 0x80,
    0x7f, 0xcf, 0x00, 0x1f, 0xfc, 0x76, 0x00, 0xff, 0x3c, 0x00, 0x7f, 0xf2, 0x08, 0x03, 0xf9, 0xe0,
    0x03, 0xff, 0x92, 0x20, 0x1f, 0x9e, 0x00, 0x3f, 0xf9, 0x4e, 0x02, 0x6a, 0xd1, 0x59, 0x00, 0x1f,
    0xfc, 0xb8, 0xfe, 0xca, 0x97, 0x53, 0x00, 0xff, 0xe5, 0x80, 0x00, 0x00, 0xff, 0x1e, 0x7f, 0xff,
    0xf3, 0x6c, 0x80, 0x3f, 0xcb, 0x86, 0x01, 0xff, 0xcd, 0x4d, 0x20, 0x0f, 0xcb, 0x40, 0x1f, 0xfd,
    0x19, 0x00, 0xf9, 0x68, 0x03, 0xff, 0xa4, 0x80, 0x1e, 0x5a, 0x00, 0xff, 0xec, 0xad, 0x00, 0x7f,
    0xcf, 0xea, 0x01, 0xe5, 0xf7, 0x00, 0xff, 0xe1, 0x2d, 0x00, 0x7f, 0xcf, 0x01, 0x4a, 0x01, 0x96,
    0x82, 0x1c, 0x03, 0xff, 0x2d, 0x00, 0x7f, 0xe8, 0x00, 0xa9, 0x40, 0x0b, 0x40, 0x14, 0x00, 0x7f,
    0xcb, 0x40, 0x1f, 0xfc, 0x1a, 0x00, 0xd4, 0xaa, 0xa0, 0x0d, 0x40, 0x1f, 0xe6, 0xa0, 0x0f, 0xfe,
    0x12, 0xd0, 0x06, 0xaa, 0x00, 0x6a, 0x50, 0x0f, 0xe5, 0x90, 0x0f, 0xfe, 0x22, 0xd0, 0x07, 0xea,
    0x50, 0x0f, 0xf5, 0x80, 0x7f, 0xf1, 0x96, 0x80, 0x3d, 0x4a, 0x01, 0xff, 0xe7, 0xb0, 0x0f, 0xfe,
    0x32, 0xd0, 0x07, 0xa9, 0x40, 0x3f, 0xe5, 0x90, 0x0f, 0xfe, 0x22, 0xd0, 0x07, 0xea, 0x50, 0x0f,
    0xf9, 0xa8, 0x03, 0xff, 0x84, 0xb4, 0x01, 0xaa, 0x80, 0x1a, 0x94, 0x03, 0xfe, 0x5a, 0x00, 0xff,
    0xe0, 0xd0, 0x06, 0xa5, 0x55, 0x00, 0x6a, 0x00, 0xff, 0xcb, 0x40, 0x1f, 0xfa, 0x00, 0x2a, 0x50,
    0x02, 0xd0, 0x05, 0x00, 0x1f, 0xfc, 0x15, 0xa0, 0x0f, 0xf9, 0xe0, 0x29, 0x40, 0x32, 0xd0, 0x43,
    0x80, 0x7f, 0xf0, 0x96, 0x80, 0x3f, 0xe7, 0xf5, 0x00, 0xf2, 0xfb, 0x80, 0x7f, 0xf1, 0x16, 0x80,
    0x3f, 0xfb, 0x6b, 0x40, 0x1f, 0xfd, 0x24, 0x00, 0xfc, 0xb4, 0x01, 0xff, 0xd1, 0x90, 0x0f, 0xe5,
    0xc3, 0x00, 0xff, 0xe6, 0xa6, 0x90, 0x00, 0x00, 0xfa, 0x3f, 0xff, 0xf8, 0x34, 0x40, 0x1f, 0x43,
    0x80, 0x7f, 0xf0, 0x57, 0x08, 0x03, 0xa1, 0xc0, 0x3f, 0xf8, 0x63, 0x00, 0x1a, 0x1c, 0x03, 0xff,
    0x8a, 0xa0, 0x14, 0x38, 0x03, 0xfe, 0x00, 0x7f, 0xc0, 0x0f, 0xf8, 0x03, 0xd0, 0xe0, 0x1f, 0xfc,
    0x98, 0x70, 0x0f, 0xfe, 0x4c, 0x38, 0x07, 0xff, 0x29, 0xc0, 0x3f, 0xfd, 0x5f, 0xf0, 0x03, 0xfe,
    0x00, 0x7f, 0xc0, 0x1f, 0xff, 0xf0, 0x0f, 0xff, 0xf8, 0x07, 0xff, 0xfc, 0x03, 0xff, 0xfe, 0x01,
    0xff, 0xff, 0x00, 0xff, 0xf8, 0xa8, 0x07, 0xff, 0x29, 0x60, 0x40, 0x3f, 0xf9, 0x03, 0x05, 0x8a,
    0x01, 0xff, 0xc6, 0x5c, 0x20, 0x00, 0x00, 0xff, 0xf9, 0xb7, 0x00, 0x7f, 0xf4, 0x9a, 0x44, 0x40,
    0x1f, 0xfd, 0x06, 0x90, 0x0f, 0xfe, 0x93, 0x48, 0x07, 0xfd, 0x1f, 0x20, 0x1f, 0xfc, 0x58, 0x00,
    0xff, 0xa5, 0xc1, 0x80, 0x3f, 0xfa, 0x14, 0xc0, 0x10, 0x80, 0x7f, 0xf3, 0xad, 0x40, 0x3f, 0xfa,
    0x23, 0x88, 0x01, 0xff, 0xd1, 0x1c, 0x30, 0x0f, 0x4c, 0x47, 0xff, 0x10, 0x40, 0x38, 0xb0, 0x80,
    0x3e, 0x77, 0xff, 0xe2, 0x80, 0x7b, 0x88, 0x03, 0xff, 0xe9, 0xc2, 0x01, 0xff, 0xd1, 0x11, 0x17,
    0x90, 0x07, 0xce, 0xff, 0xfc, 0x88, 0xc0, 0x00, 0xe1, 0x80, 0x7a, 0x62, 0x3f, 0xf8, 0xee, 0x40,
    0x10, 0xe2, 0x00, 0x7f, 0xf5, 0x2d, 0x40, 0x3f, 0xfa, 0x94, 0xc0, 0x10, 0x80, 0x7f, 0xf4, 0x25,
    0xc1, 0x80, 0x3f, 0xf9, 0x60, 0x00,
};

/*---------------------
 *  GLYPH DESCRIPTION
 *--------------------*/

static const lv_font_fmt_txt_glyph_dsc_t glyph_dsc[] = {
    {.bitmap_index = 0, .adv_w = 0, .box_w = 0, .box_h = 0, .ofs_x = 0, .ofs_y = 0} /* id = 0 reserved */,
    {.bitmap_index = 0, .adv_w = 138, .box_w = 0, .box_h = 0, .ofs_x = 0, .ofs_y = 0},
    {.bitmap_index = 0, .adv_w = 137, .box_w = 5, .box_h = 22, .ofs_x = 2, .ofs_y = 0},
    {.bitmap_index = 44, .adv_w = 200, .box_w = 9, .box_h = 9, .ofs_x = 2, .ofs_y = 13},
    {.bitmap_index = 74, .adv_w = 360, .box_w = 22, .box_h = 22, .ofs_x = 0, .ofs_y = 0},
    {.bitmap_index = 232, .adv_w = 318, .box_w = 18, .box_h = 30, .ofs_x = 1, .ofs_y = -4},
    {.bitmap_index = 404, .adv_w = 432, .box_w = 25, .box_h = 22, .ofs_x = 1, .ofs_y = 0},
    {.bitmap_index = 623, .adv_w = 351, .box_w = 21, .box_h = 23, .ofs_x = 1, .ofs_y = -1},
    {.bitmap_index = 822, .adv_w = 108, .box_w = 3, .box_h = 9, .ofs_x = 2, .ofs_y = 13},
    {.bitmap_index = 835, .adv_w = 173, .box_w = 7, .box_h = 30, .ofs_x = 3, .ofs_y = -6},
    {.bitmap_index = 931, .adv_w = 173, .box_w = 7, .box_h = 30, .ofs_x = 1, .ofs_y = -6},
    {.bitmap_index = 1030, .adv_w = 205, .box_w = 13, .box_h = 12, .ofs_x = 0, .ofs_y = 12},
    {.bitmap_index = 1095, .adv_w = 298, .box_w = 15, .box_h = 14, .ofs_x = 2, .ofs_y = 4},
    {.bitmap_index = 1130, .adv_w = 116, .box_w = 5, .box_h = 9, .ofs_x = 1, .ofs_y = -5},
    {.bitmap_index = 1154, .adv_w = 196, .box_w = 10, .box_h = 3, .ofs_x = 1, .ofs_y = 7},
    {.bitmap_index = 1163, .adv_w = 116, .box_w = 5, .box_h = 5, .ofs_x = 1, .ofs_y = 0},
    {.bitmap_index = 1177, .adv_w = 180, .box_w = 14, .box_h = 30, .ofs_x = -1, .ofs_y = -3},
    {.bitmap_index = 1306, .adv_w = 342, .box_w = 19, .box_h = 22, .ofs_x = 1, .ofs_y = 0},
    {.bitmap_index = 1470, .adv_w = 189, .box_w = 9, .box_h = 22, .ofs_x = 0, .ofs_y = 0},
    {.bitmap_index = 1492, .adv_w = 294, .box_w = 18, .box_h = 22, .ofs_x = 0, .ofs_y = 0},
    {.bitmap_index = 1627, .adv_w = 293, .box_w = 17, .box_h = 22, .ofs_x = 0, .ofs_y = 0},
    {.bitmap_index = 1759, .adv_w = 343, .box_w = 21, .box_h = 22, .ofs_x = 1, .ofs_y = 0},
    {.bitmap_index = 1879, .adv_w = 294, .box_w = 18, .box_h = 22, .ofs_x = 0, .ofs_y = 0},
    {.bitmap_index = 2016, .adv_w = 316, .box_w = 18, .box_h = 22, .ofs_x = 1, .ofs_y = 0},
    {.bitmap_index = 2185, .adv_w = 306, .box_w = 18, .box_h = 22, .ofs_x = 0, .ofs_y = 0},
    {.bitmap_index = 2306, .adv_w = 330, .box_w = 19, .box_h = 22, .ofs_x = 1, .ofs_y = 0},
    {.bitmap_index = 2489, .adv_w = 316, .box_w = 19, .box_h = 22, .ofs_x = 0, .ofs_y = 0},
    {.bitmap_index = 2660, .adv_w = 116, .box_w = 5, .box_h = 17, .ofs_x = 1, .ofs_y = 0},
    {.bitmap_index = 2691, .adv_w = 116, .box_w = 5, .box_h = 22, .ofs_x = 1, .ofs_y = -5},
    {.bitmap_index = 2732, .adv_w = 298, .box_w = 15, .box_h = 15, .ofs_x = 2, .ofs_y = 4},
    {.bitmap_index = 2817, .adv_w = 298, .box_w = 15, .box_h = 10, .ofs_x = 2, .ofs_y = 6},
    {.bitmap_index = 2848, .adv_w = 298, .box_w = 15, .box_h = 15, .ofs_x = 2, .ofs_y = 4},
    {.bitmap_index = 2935, .adv_w = 293, .box_w = 17, .box_h = 22, .ofs_x = 0, .ofs_y = 0},
    {.bitmap_index = 3051, .adv_w = 529, .box_w = 31, .box_h = 28, .ofs_x = 1, .ofs_y = -6},
    {.bitmap_index = 3386, .adv_w = 375, .box_w = 25, .box_h = 22, .ofs_x = -1, .ofs_y = 0},
    {.bitmap_index = 3563, .adv_w = 388, .box_w = 20, .box_h = 22, .ofs_x = 3, .ofs_y = 0},
    {.bitmap_index = 3699, .adv_w = 370, .box_w = 21, .box_h = 22, .ofs_x = 1, .ofs_y = 0},
    {.bitmap_index = 3860, .adv_w = 423, .box_w = 22, .box_h = 22, .ofs_x = 3, .ofs_y = 0},
    {.bitmap_index = 3995, .adv_w = 343, .box_w = 17, .box_h = 22, .ofs_x = 3, .ofs_y = 0},
    {.bitmap_index = 4049, .adv_w = 325, .box_w = 17, .box_h = 22, .ofs_x = 3, .ofs_y = 0},
    {.bitmap_index = 4092, .adv_w = 395, .box_w = 22, .box_h = 22, .ofs_x = 1, .ofs_y = 0},
    {.bitmap_index = 4259, .adv_w = 416, .box_w = 20, .box_h = 22, .ofs_x = 3, .ofs_y = 0},
    {.bitmap_index = 4301, .adv_w = 159, .box_w = 4, .box_h = 22, .ofs_x = 3, .ofs_y = 0},
    {.bitmap_index = 4310, .adv_w = 263, .box_w = 15, .box_h = 22, .ofs_x = -1, .ofs_y = 0},
    {.bitmap_index = 4379, .adv_w = 368, .box_w = 20, .box_h = 22, .ofs_x = 3, .ofs_y = 0},
    {.bitmap_index = 4522, .adv_w = 304, .box_w = 16, .box_h = 22, .ofs_x = 3, .ofs_y = 0},
    {.bitmap_index = 4550, .adv_w = 489, .box_w = 25, .box_h = 22, .ofs_x = 3, .ofs_y = 0},
    {.bitmap_index = 4705, .adv_w = 416, .box_w = 20, .box_h = 22, .ofs_x = 3, .ofs_y = 0},
    {.bitmap_index = 4826, .adv_w = 430, .box_w = 25, .box_h = 22, .ofs_x = 1, .ofs_y = 0},
    {.bitmap_index = 5026, .adv_w = 370, .box_w = 19, .box_h = 22, .ofs_x = 3, .ofs_y = 0},
    {.bitmap_index = 5130, .adv_w = 430, .box_w = 26, .box_h = 27, .ofs_x = 1, .ofs_y = -5},
    {.bitmap_index = 5382, .adv_w = 372, .box_w = 19, .box_h = 22, .ofs_x = 3, .ofs_y = 0},
    {.bitmap_index = 5515, .adv_w = 318, .box_w = 18, .box_h = 22, .ofs_x = 1, .ofs_y = 0},
    {.bitmap_index = 5670, .adv_w = 301, .box_w = 19, .box_h = 22, .ofs_x = 0, .ofs_y = 0},
    {.bitmap_index = 5706, .adv_w = 405, .box_w = 20, .box_h = 22, .ofs_x = 3, .ofs_y = 0},
    {.bitmap_index = 5799, .adv_w = 365, .box_w = 24, .box_h = 22, .ofs_x = -1, .ofs_y = 0},
    {.bitmap_index = 5980, .adv_w = 577, .box_w = 35, .box_h = 22, .ofs_x = 1, .ofs_y = 0},
    {.bitmap_index = 6270, .adv_w = 345, .box_w = 22, .box_h = 22, .ofs_x = 0, .ofs_y = 0},
    {.bitmap_index = 6450, .adv_w = 331, .box_w = 22, .box_h = 22, .ofs_x = -1, .ofs_y = 0},
    {.bitmap_index = 6577, .adv_w = 336, .box_w = 20, .box_h = 22, .ofs_x = 1, .ofs_y = 0},
    {.bitmap_index = 6707, .adv_w = 170, .box_w = 8, .box_h = 30, .ofs_x = 3, .ofs_y = -6},
    {.bitmap_index = 6734, .adv_w = 180, .box_w = 15, .box_h = 30, .ofs_x = -2, .ofs_y = -3},
    {.bitmap_index = 6865, .adv_w = 170, .box_w = 8, .box_h = 30, .ofs_x = 0, .ofs_y = -6},
    {.bitmap_index = 6894, .adv_w = 298, .box_w = 15, .box_h = 13, .ofs_x = 2, .ofs_y = 5},
    {.bitmap_index = 6971, .adv_w = 256, .box_w = 16, .box_h = 2, .ofs_x = 0, .ofs_y = -2},
    {.bitmap_index = 6979, .adv_w = 307, .box_w = 9, .box_h = 4, .ofs_x = 3, .ofs_y = 19},
    {.bitmap_index = 6996, .adv_w = 306, .box_w = 16, .box_h = 17, .ofs_x = 1, .ofs_y = 0},
    {.bitmap_index = 7109, .adv_w = 349, .box_w = 19, .box_h = 24, .ofs_x = 2, .ofs_y = 0},
    {.bitmap_index = 7240, .adv_w = 292, .box_w = 17, .box_h = 17, .ofs_x = 1, .ofs_y = 0},
    {.bitmap_index = 7360, .adv_w = 349, .box_w = 18, .box_h = 24, .ofs_x = 1, .ofs_y = 0},
    {.bitmap_index = 7493, .adv_w = 313, .box_w = 18, .box_h = 17, .ofs_x = 1, .ofs_y = 0},
    {.bitmap_index = 7616, .adv_w = 181, .box_w = 13, .box_h = 24, .ofs_x = 0, .ofs_y = 0},
    {.bitmap_index = 7683, .adv_w = 353, .box_w = 19, .box_h = 23, .ofs_x = 1, .ofs_y = -6},
    {.bitmap_index = 7862, .adv_w = 349, .box_w = 18, .box_h = 24, .ofs_x = 2, .ofs_y = 0},
    {.bitmap_index = 7933, .adv_w = 143, .box_w = 5, .box_h = 24, .ofs_x = 2, .ofs_y = 0},
    {.bitmap_index = 7954, .adv_w = 145, .box_w = 10, .box_h = 30, .ofs_x = -3, .ofs_y = -6},
    {.bitmap_index = 8012, .adv_w = 315, .box_w = 18, .box_h = 24, .ofs_x = 2, .ofs_y = 0},
    {.bitmap_index = 8119, .adv_w = 143, .box_w = 4, .box_h = 24, .ofs_x = 2, .ofs_y = 0},
    {.bitmap_index = 8128, .adv_w = 541, .box_w = 30, .box_h = 17, .ofs_x = 2, .ofs_y = 0},
    {.bitmap_index = 8244, .adv_w = 349, .box_w = 18, .box_h = 17, .ofs_x = 2, .ofs_y = 0},
    {.bitmap_index = 8309, .adv_w = 325, .box_w = 18, .box_h = 17, .ofs_x = 1, .ofs_y = 0},
    {.bitmap_index = 8441, .adv_w = 349, .box_w = 19, .box_h = 23, .ofs_x = 2, .ofs_y = -6},
    {.bitmap_index = 8576, .adv_w = 349, .box_w = 18, .box_h = 23, .ofs_x = 1, .ofs_y = -6},
    {.bitmap_index = 8713, .adv_w = 210, .box_w = 11, .box_h = 17, .ofs_x = 2, .ofs_y = 0},
    {.bitmap_index = 8753, .adv_w = 257, .box_w = 16, .box_h = 17, .ofs_x = 0, .ofs_y = 0},
    {.bitmap_index = 8871, .adv_w = 212, .box_w = 13, .box_h = 21, .ofs_x = 0, .ofs_y = 0},
    {.bitmap_index = 8937, .adv_w = 347, .box_w = 17, .box_h = 17, .ofs_x = 2, .ofs_y = 0},
    {.bitmap_index = 9003, .adv_w = 286, .box_w = 19, .box_h = 17, .ofs_x = -1, .ofs_y = 0},
    {.bitmap_index = 9126, .adv_w = 460, .box_w = 29, .box_h = 17, .ofs_x = 0, .ofs_y = 0},
    {.bitmap_index = 9325, .adv_w = 283, .box_w = 18, .box_h = 17, .ofs_x = 0, .ofs_y = 0},
    {.bitmap_index = 9447, .adv_w = 286, .box_w = 19, .box_h = 23, .ofs_x = -1, .ofs_y = -6},
    {.bitmap_index = 9608, .adv_w = 267, .box_w = 15, .box_h = 17, .ofs_x = 1, .ofs_y = 0},
    {.bitmap_index = 9690, .adv_w = 180, .box_w = 10, .box_h = 30, .ofs_x = 1, .ofs_y = -6},
    {.bitmap_index = 9766, .adv_w = 153, .box_w = 4, .box_h = 30, .ofs_x = 3, .ofs_y = -6},
    {.bitmap_index = 9776, .adv_w = 180, .box_w = 10, .box_h = 30, .ofs_x = 0, .ofs_y = -6},
    {.bitmap_index = 9853, .adv_w = 298, .box_w = 16, .box_h = 6, .ofs_x = 1, .ofs_y = 9},
    {.bitmap_index = 9899, .adv_w = 215, .box_w = 11, .box_h = 10, .ofs_x = 1, .ofs_y = 12},
    {.bitmap_index = 9949, .adv_w = 161, .box_w = 6, .box_h = 6, .ofs_x = 2, .ofs_y = 6},
    {.bitmap_index = 9967, .adv_w = 512, .box_w = 32, .box_h = 33, .ofs_x = 0, .ofs_y = -4},
    {.bitmap_index = 10151, .adv_w = 512, .box_w = 32, .box_h = 24, .ofs_x = 0, .ofs_y = 0},
    {.bitmap_index = 10341, .adv_w = 512, .box_w = 32, .box_h = 28, .ofs_x = 0, .ofs_y = -2},
    {.bitmap_index = 10485, .adv_w = 512, .box_w = 32, .box_h = 24, .ofs_x = 0, .ofs_y = 0},
    {.bitmap_index = 10695, .adv_w = 352, .box_w = 22, .box_h = 22, .ofs_x = 0, .ofs_y = 1},
    {.bitmap_index = 10853, .adv_w = 512, .box_w = 31, .box_h = 32, .ofs_x = 0, .ofs_y = -4},
    {.bitmap_index = 11147, .adv_w = 512, .box_w = 30, .box_h = 32, .ofs_x = 1, .ofs_y = -4},
    {.bitmap_index = 11391, .adv_w = 576, .box_w = 36, .box_h = 28, .ofs_x = 0, .ofs_y = -2},
    {.bitmap_index = 11629, .adv_w = 512, .box_w = 32, .box_h = 32, .ofs_x = 0, .ofs_y = -4},
    {.bitmap_index = 11806, .adv_w = 576, .box_w = 36, .box_h = 24, .ofs_x = 0, .ofs_y = 0},
    {.bitmap_index = 11981, .adv_w = 512, .box_w = 32, .box_h = 32, .ofs_x = 0, .ofs_y = -4},
    {.bitmap_index = 12265, .adv_w = 256, .box_w = 16, .box_h = 26, .ofs_x = 0, .ofs_y = -1},
    {.bitmap_index = 12339, .adv_w = 384, .box_w = 24, .box_h = 26, .ofs_x = 0, .ofs_y = -1},
    {.bitmap_index = 12467, .adv_w = 576, .box_w = 36, .box_h = 32, .ofs_x = 0, .ofs_y = -4},
    {.bitmap_index = 12788, .adv_w = 512, .box_w = 32, .box_h = 24, .ofs_x = 0, .ofs_y = 0},
    {.bitmap_index = 12944, .adv_w = 352, .box_w = 22, .box_h = 32, .ofs_x = 0, .ofs_y = -4},
    {.bitmap_index = 13146, .adv_w = 448, .box_w = 20, .box_h = 30, .ofs_x = 4, .ofs_y = -3},
    {.bitmap_index = 13278, .adv_w = 448, .box_w = 28, .box_h = 34, .ofs_x = 0, .ofs_y = -5},
    {.bitmap_index = 13443, .adv_w = 448, .box_w = 28, .box_h = 29, .ofs_x = 0, .ofs_y = -2},
    {.bitmap_index = 13531, .adv_w = 448, .box_w = 28, .box_h = 28, .ofs_x = 0, .ofs_y = -2},
    {.bitmap_index = 13592, .adv_w = 448, .box_w = 20, .box_h = 30, .ofs_x = 4, .ofs_y = -3},
    {.bitmap_index = 13724, .adv_w = 448, .box_w = 30, .box_h = 28, .ofs_x = -1, .ofs_y = -2},
    {.bitmap_index = 13885, .adv_w = 320, .box_w = 18, .box_h = 28, .ofs_x = 1, .ofs_y = -2},
    {.bitmap_index = 14041, .adv_w = 320, .box_w = 18, .box_h = 28, .ofs_x = 1, .ofs_y = -2},
    {.bitmap_index = 14198, .adv_w = 448, .box_w = 28, .box_h = 28, .ofs_x = 0, .ofs_y = -2},
    {.bitmap_index = 14287, .adv_w = 448, .box_w = 28, .box_h = 6, .ofs_x = 0, .ofs_y = 9},
    {.bitmap_index = 14315, .adv_w = 576, .box_w = 36, .box_h = 24, .ofs_x = 0, .ofs_y = 0},
    {.bitmap_index = 14611, .adv_w = 640, .box_w = 40, .box_h = 32, .ofs_x = 0, .ofs_y = -4},
    {.bitmap_index = 15002, .adv_w = 576, .box_w = 38, .box_h = 32, .ofs_x = -1, .ofs_y = -4},
    {.bitmap_index = 15276, .adv_w = 512, .box_w = 32, .box_h = 30, .ofs_x = 0, .ofs_y = -3},
    {.bitmap_index = 15530, .adv_w = 448, .box_w = 28, .box_h = 18, .ofs_x = 0, .ofs_y = 3},
    {.bitmap_index = 15678, .adv_w = 448, .box_w = 28, .box_h = 18, .ofs_x = 0, .ofs_y = 3},
    {.bitmap_index = 15828, .adv_w = 640, .box_w = 40, .box_h = 26, .ofs_x = 0, .ofs_y = -1},
    {.bitmap_index = 16041, .adv_w = 512, .box_w = 32, .box_h = 24, .ofs_x = 0, .ofs_y = 0},
    {.bitmap_index = 16122, .adv_w = 512, .box_w = 32, .box_h = 32, .ofs_x = 0, .ofs_y = -4},
    {.bitmap_index = 16304, .adv_w = 512, .box_w = 33, .box_h = 33, .ofs_x = -1, .ofs_y = -4},
    {.bitmap_index = 16547, .adv_w = 448, .box_w = 29, .box_h = 28, .ofs_x = 0, .ofs_y = -2},
    {.bitmap_index = 16816, .adv_w = 448, .box_w = 28, .box_h = 32, .ofs_x = 0, .ofs_y = -4},
    {.bitmap_index = 16914, .adv_w = 448, .box_w = 28, .box_h = 28, .ofs_x = 0, .ofs_y = -2},
    {.bitmap_index = 17052, .adv_w = 448, .box_w = 28, .box_h = 26, .ofs_x = 0, .ofs_y = -1},
    {.bitmap_index = 17125, .adv_w = 512, .box_w = 32, .box_h = 24, .ofs_x = 0, .ofs_y = 0},
    {.bitmap_index = 17292, .adv_w = 320, .box_w = 22, .box_h = 32, .ofs_x = -1, .ofs_y = -4},
    {.bitmap_index = 17476, .adv_w = 448, .box_w = 28, .box_h = 32, .ofs_x = 0, .ofs_y = -4},
    {.bitmap_index = 17601, .adv_w = 448, .box_w = 28, .box_h = 32, .ofs_x = 0, .ofs_y = -4},
    {.bitmap_index = 17786, .adv_w = 576, .box_w = 36, .box_h = 24, .ofs_x = 0, .ofs_y = 0},
    {.bitmap_index = 18005, .adv_w = 512, .box_w = 34, .box_h = 34, .ofs_x = -1, .ofs_y = -5},
    {.bitmap_index = 18207, .adv_w = 384, .box_w = 24, .box_h = 32, .ofs_x = 0, .ofs_y = -4},
    {.bitmap_index = 18285, .adv_w = 640, .box_w = 40, .box_h = 29, .ofs_x = 0, .ofs_y = -2},
    {.bitmap_index = 18577, .adv_w = 640, .box_w = 40, .box_h = 20, .ofs_x = 0, .ofs_y = 2},
    {.bitmap_index = 18667, .adv_w = 640, .box_w = 40, .box_h = 20, .ofs_x = 0, .ofs_y = 2},
    {.bitmap_index = 18758, .adv_w = 640, .box_w = 40, .box_h = 20, .ofs_x = 0, .ofs_y = 2},
    {.bitmap_index = 18849, .adv_w = 640, .box_w = 40, .box_h = 20, .ofs_x = 0, .ofs_y = 2},
    {.bitmap_index = 18938, .adv_w = 640, .box_w = 40, .box_h = 20, .ofs_x = 0, .ofs_y = 2},
    {.bitmap_index = 19022, .adv_w = 640, .box_w = 41, .box_h = 26, .ofs_x = 0, .ofs_y = -1},
    {.bitmap_index = 19266, .adv_w = 448, .box_w = 24, .box_h = 32, .ofs_x = 2, .ofs_y = -4},
    {.bitmap_index = 19543, .adv_w = 448, .box_w = 28, .box_h = 32, .ofs_x = 0, .ofs_y = -4},
    {.bitmap_index = 19662, .adv_w = 512, .box_w = 33, .box_h = 33, .ofs_x = -1, .ofs_y = -5},
    {.bitmap_index = 19931, .adv_w = 640, .box_w = 40, .box_h = 24, .ofs_x = 0, .ofs_y = 0},
    {.bitmap_index = 20151, .adv_w = 384, .box_w = 24, .box_h = 32, .ofs_x = 0, .ofs_y = -4},
    {.bitmap_index = 20246, .adv_w = 515, .box_w = 33, .box_h = 21, .ofs_x = 0, .ofs_y = 2}
};

/*---------------------
 *  CHARACTER MAPPING
 *--------------------*/

static const uint16_t unicode_list_1[] = {
    0x0, 0x1f72, 0xef51, 0xef58, 0xef5b, 0xef5c, 0xef5d, 0xef61,
    0xef63, 0xef65, 0xef69, 0xef6c, 0xef71, 0xef76, 0xef77, 0xef78,
    0xef8e, 0xef93, 0xef98, 0xef9b, 0xef9c, 0xef9d, 0xefa1, 0xefa2,
    0xefa3, 0xefa4, 0xefb7, 0xefb8, 0xefbe, 0xefc0, 0xefc1, 0xefc4,
    0xefc7, 0xefc8, 0xefc9, 0xefcb, 0xefe3, 0xefe5, 0xf014, 0xf015,
    0xf017, 0xf019, 0xf030, 0xf037, 0xf03a, 0xf043, 0xf06c, 0xf074,
    0xf0ab, 0xf13b, 0xf190, 0xf191, 0xf192, 0xf193, 0xf194, 0xf1d7,
    0xf1e3, 0xf23d, 0xf254, 0xf4aa, 0xf712, 0xf7f2
};

/*Collect the unicode lists and glyph_id offsets*/
static const lv_font_fmt_txt_cmap_t cmaps[] = {
    {
        .range_start = 32, .range_length = 95, .glyph_id_start = 1,
        .unicode_list = NULL, .glyph_id_ofs_list = NULL, .list_length = 0, .type = LV_FONT_FMT_TXT_CMAP_FORMAT0_TINY
    },
    {
        .range_start = 176, .range_length = 63475, .glyph_id_start = 96,
        .unicode_list = unicode_list_1, .glyph_id_ofs_list = NULL, .list_length = 62, .type = LV_FONT_FMT_TXT_CMAP_SPARSE_TINY
    }
};

/*-----------------
 *    KERNING
 *----------------*/

/*Map glyph_ids to kern left classes*/
static const uint8_t kern_left_class_mapping[] = {
    0, 0, 1, 2, 0, 3, 4, 5,
    2, 6, 7, 8, 9, 10, 9, 10,
    11, 12, 0, 13, 14, 15, 16, 17,
    18, 19, 12, 20, 20, 0, 0, 0,
    21, 22, 23, 24, 25, 22, 26, 27,
    28, 29, 29, 30, 31, 32, 29, 29,
    22, 33, 34, 35, 3, 36, 30, 37,
    37, 38, 39, 40, 41, 42, 43, 0,
    44, 0, 45, 46, 47, 48, 49, 50,
    51, 45, 52, 52, 53, 48, 45, 45,
    46, 46, 54, 55, 56, 57, 51, 58,
    58, 59, 58, 60, 41, 0, 0, 9,
    61, 9, 0, 0, 0, 0, 0, 0,
    0, 0, 0, 0, 0, 0, 0, 0,
    0, 0, 0, 0, 0, 0, 0, 0,
    0, 0, 0, 0, 0, 0, 0, 0,
    0, 0, 0, 0, 0, 0, 0, 0,
    0, 0, 0, 0, 0, 0, 0, 0,
    0, 0, 0, 0, 0, 0, 0, 0,
    0, 0, 0, 0, 0, 0
};

/*Map glyph_ids to kern right classes*/
static const uint8_t kern_right_class_mapping[] = {
    0, 0, 1, 2, 0, 3, 4, 5,
    2, 6, 7, 8, 9, 10, 9, 10,
    11, 12, 13, 14, 15, 16, 17, 12,
    18, 19, 20, 21, 21, 0, 0, 0,
    22, 23, 24, 25, 23, 25, 25, 25,
    23, 25, 25, 26, 25, 25, 25, 25,
    23, 25, 23, 25, 3, 27, 28, 29,
    29, 30, 31, 32, 33, 34, 35, 0,
    36, 0, 37, 38, 39, 39, 39, 0,
    39, 38, 40, 41, 38, 38, 42, 42,
    39, 42, 39, 42, 43, 44, 45, 46,
    46, 47, 46, 48, 0, 0, 35, 9,
    49, 9, 0, 0, 0, 0, 0, 0,
    0, 0, 0, 0, 0, 0, 0, 0,
    0, 0, 0, 0, 0, 0, 0, 0,
    0, 0, 0, 0, 0, 0, 0, 0,
    0, 0, 0, 0, 0, 0, 0, 0,
    0, 0, 0, 0, 0, 0, 0, 0,
    0, 0, 0, 0, 0, 0, 0, 0,
    0, 0, 0, 0, 0, 0
};

/*Kern values between classes*/
static const int8_t kern_class_values[] = {
    0, 2, 0, 0, 0, 0, 0, 0,
    0, 2, 0, 0, 5, 0, 0, 0,
    0, 4, 0, 0, 0, 0, 0, 0,
    0, 0, 0, 0, 0, 0, 0, 0,
    0, 0, 2, 0, 0, 0, 0, 0,
    0, 0, 0, 0, 0, 0, 0, 0,
    0, 2, 23, 0, 14, -11, 0, 0,
    0, 0, -28, -31, 4, 24, 11, 9,
    -20, 4, 25, 2, 22, 5, 16, 0,
    0, 0, 0, 0, 0, 0, 0, 0,
    0, 0, 31, 4, -4, 0, 0, 0,
    0, 0, 0, 0, 0, 0, 0, 0,
    0, 10, 0, -15, 0, 0, 0, 0,
    0, -10, 9, 10, 0, 0, -5, 0,
    -4, 5, 0, -5, 0, -5, -3, -10,
    0, 0, 0, 0, -5, 0, 0, -7,
    -8, 0, 0, -5, 0, -10, 0, 0,
    0, 0, 0, 0, 0, 0, 0, -5,
    -5, 0, -8, 0, -14, 0, -62, 0,
    0, -10, 0, 10, 15, 1, 0, -10,
    5, 5, 17, 10, -9, 10, 0, 0,
    -29, 0, 0, 0, 0, 0, 0, 0,
    0, 0, 0, 0, -19, 0, 0, 0,
    0, 0, 0, 0, 0, 0, 0, 0,
    0, 0, 0, -14, -6, -25, 0, -20,
    -4, 0, 0, 0, 0, 1, 20, 0,
    -15, -4, -2, 2, 0, -9, 0, 0,
    -4, -38, 0, 0, 0, 0, 0, 0,
    0, 0, 0, 0, 0, -41, -4, 19,
    0, 0, 0, 0, 0, 0, 0, 0,
    0, 0, 0, 0, -21, 0, 0, 0,
    0, 0, 0, 0, 0, 0, 0, 17,
    0, 5, 0, 0, -10, 0, 0, 0,
    0, 0, 0, 0, 0, 0, 0, 0,
    0, 0, 0, 0, 0, 0, 19, 4,
    2, 0, 0, 0, 0, 0, 0, 0,
    0, 0, 0, 0, 0, 0, 0, 0,
    0, 0, 0, 0, 0, 0, 0, 0,
    0, 0, 0, 0, 0, 0, 0, 0,
    0, 0, 0, 0, 0, 0, 0, 0,
    -19, 0, 0, 0, 0, 0, 0, 0,
    0, 0, 0, 0, 0, 0, 0, 0,
    0, 0, 0, 0, 0, 0, 0, 4,
    10, 5, 15, -5, 0, 0, 10, -5,
    -17, -70, 4, 14, 10, 1, -7, 0,
    18, 0, 16, 0, 16, 0, -48, 0,
    -6, 15, 0, 17, -5, 10, 5, 0,
    0, 2, -5, 0, 0, -9, 41, 0,
    41, 0, 15, 0, 22, 7, 9, 15,
    0, 0, 0, -19, 0, 0, 0, 0,
    2, -4, 0, 4, -9, -7, -10, 4,
    0, -5, 0, 0, 0, -20, 0, 0,
    0, 0, 0, 0, 0, 0, 0, 0,
    0, -33, 0, 0, 0, 0, 0, 0,
    0, 0, 0, 0, 0, 0, 0, 0,
    0, 2, -28, 0, -32, 0, 0, 0,
    0, -4, 0, 51, -6, -7, 5, 5,
    -5, 0, -7, 5, 0, 0, -27, 0,
    0, 0, 0, 0, 0, 0, 0, 0,
    0, 0, -50, 0, 5, 0, 0, 0,
    0, 0, 0, 0, 0, 0, 0, 0,
    0, -32, 0, 31, 0, 0, -19, 0,
    17, 0, -35, -50, -35, -10, 15, 0,
    0, -34, 0, 6, -12, 0, -8, 0,
    0, 0, 0, 0, 0, 0, 0, 0,
    0, 0, 0, 13, 15, -62, 0, 0,
    0, 0, 0, 0, 0, 0, 0, 0,
    0, 0, 24, 0, 4, 0, 0, 0,
    0, 0, 4, 4, -6, -10, 0, -2,
    -2, -5, 0, 0, -4, 0, 0, 0,
    -10, 0, -4, 0, -12, -10, 0, -13,
    -17, -17, -10, 0, -10, 0, -10, 0,
    0, 0, 0, -4, 0, 0, 5, 0,
    4, -5, 0, 2, 0, 0, 0, 5,
    -4, 0, 0, 0, -4, 5, 5, -2,
    0, 0, 0, -10, 0, -2, 0, 0,
    0, 0, 0, 2, 0, 7, -4, 0,
    -6, 0, -9, 0, 0, -4, 0, 15,
    0, 0, -5, 0, 0, 0, 0, 0,
    -2, 2, -4, -4, 0, 0, -5, 0,
    -5, 0, 0, 0, 0, 0, 0, 0,
    0, 0, -3, -3, 0, -5, -6, 0,
    0, 0, 0, 0, 2, 0, 0, -4,
    0, -5, -5, -5, 0, 0, 0, 0,
    0, 0, 0, 0, 0, -3, 0, 0,
    0, 0, -4, -7, 0, -8, 0, -15,
    -4, -15, 10, 0, 0, -10, 5, 10,
    14, 0, -13, -2, -6, 0, -2, -24,
    5, -4, 4, -27, 5, 0, 0, 2,
    -27, 0, -27, -4, -45, -4, 0, -26,
    0, 10, 14, 0, 7, 0, 0, 0,
    0, 1, 0, -9, -7, 0, -15, 0,
    0, 0, -5, 0, 0, 0, -5, 0,
    0, 0, 0, 0, -3, -3, 0, -3,
    -7, 0, 0, 0, 0, 0, 0, 0,
    -5, -5, 0, -4, -6, -4, 0, 0,
    -5, 0, 0, 0, 0, 0, 0, 0,
    0, 0, 0, 0, -4, -4, 0, -6,
    0, -4, 0, -10, 5, 0, 0, -6,
    3, 5, 5, 0, 0, 0, 0, 0,
    0, -4, 0, 0, 0, 0, 0, 4,
    0, 0, -5, 0, -5, -4, -6, 0,
    0, 0, 0, 0, 0, 0, 4, 0,
    -4, 0, 0, 0, 0, -6, -8, 0,
    -10, 0, 15, -4, 2, -16, 0, 0,
    14, -26, -27, -22, -10, 5, 0, -4,
    -33, -9, 0, -9, 0, -10, 8, -9,
    -33, 0, -14, 0, 0, 3, -2, 4,
    -4, 0, 5, 1, -15, -19, 0, -26,
    -12, -11, -12, -15, -6, -14, -1, -10,
    -14, 3, 0, 2, 0, -5, 0, 0,
    0, 4, 0, 5, 0, 0, 0, 0,
    0, 0, 0, 0, 0, 0, 0, -5,
    0, -3, 0, -2, -5, 0, -9, -11,
    -11, -2, 0, -15, 0, 0, 0, 0,
    0, 0, -4, 0, 0, 0, 0, 2,
    -3, 0, 0, 0, 5, 0, 0, 0,
    0, 0, 0, 0, 0, 25, 0, 0,
    0, 0, 0, 0, 4, 0, 0, 0,
    -5, 0, 0, 0, 0, 0, 0, 0,
    0, 0, 0, 0, -9, 0, 5, 0,
    0, 0, 0, 0, 0, 0, 0, 0,
    0, 0, 0, 0, -4, 0, 0, 0,
    -10, 0, 0, 0, 0, -26, -15, 0,
    0, 0, -8, -26, 0, 0, -5, 5,
    0, -14, 0, 0, 0, 0, 0, 0,
    0, 0, 0, 0, -8, 0, 0, -10,
    0, 0, 0, 0, 0, 0, 0, 0,
    0, 0, 0, 0, 5, 0, -9, 0,
    0, 0, 0, 6, 0, 4, -10, -10,
    0, -5, -5, -6, 0, 0, 0, 0,
    0, 0, -15, 0, -5, 0, -8, -5,
    0, -11, -13, -15, -4, 0, -10, 0,
    -15, 0, 0, 0, 0, 41, 0, 0,
    3, 0, 0, -7, 0, 5, 0, -22,
    0, 0, 0, 0, 0, -48, -9, 17,
    15, -4, -22, 0, 5, -8, 0, -26,
    -3, -7, 5, -36, -5, 7, 0, 8,
    -18, -8, -19, -17, -22, 0, 0, -31,
    0, 29, 0, 0, -3, 0, 0, 0,
    -3, -3, -5, -14, -17, -1, -48, 0,
    0, 0, 0, 0, 0, 0, 0, 0,
    2, 0, 0, 0, 0, 0, 0, 0,
    0, 0, 0, 0, 0, 0, 0, 0,
    0, -5, 0, -3, -5, -8, 0, 0,
    -10, 0, -5, 0, 0, 0, 0, 0,
    0, 0, 0, 0, 0, 0, 0, 0,
    0, 0, -2, 0, -10, 0, 0, 10,
    -2, 7, 0, -11, 5, -4, -2, -13,
    -5, 0, -7, -5, -4, 0, -8, -9,
    0, 0, -4, -2, -4, -9, -6, 0,
    0, -5, 0, 5, -4, 0, -11, 0,
    0, 0, -10, 0, -9, 0, -9, -9,
    5, 0, 0, 0, 0, 0, 0, 0,
    0, -10, 5, 0, -7, 0, -4, -6,
    -16, -4, -4, -4, -2, -4, -6, -2,
    0, 0, 0, 0, 0, -5, -4, -4,
    0, 0, 0, 0, 6, -4, 0, -4,
    0, 0, 0, -4, -6, -4, -5, -6,
    -5, 0, 4, 20, -2, 0, -14, 0,
    -4, 10, 0, -5, -22, -7, 8, 1,
    0, -24, -9, 5, -9, 4, 0, -4,
    -4, -16, 0, -8, 3, 0, 0, -9,
    0, 0, 0, 5, 5, -10, -10, 0,
    -9, -5, -8, -5, -5, 0, -9, 3,
    -10, -9, 15, 0, 0, 0, 0, 0,
    0, 0, 0, 0, 5, 0, 0, 0,
    0, 0, 0, 0, 0, 0, 0, 0,
    0, 0, 0, 0, 0, 0, 0, 0,
    0, 0, 0, 0, -9, 0, 0, 0,
    0, 0, 0, 0, 0, 0, 0, 0,
    0, 0, 0, 0, 0, 0, 0, 0,
    0, 0, 0, 0, 0, 0, 0, 0,
    0, 0, 0, 0, 0, 0, 0, 0,
    0, 0, 0, 0, 0, 0, 0, 0,
    -4, 0, 0, 0, 0, 0, 0, 0,
    0, 0, 0, 0, 0, 0, 0, 0,
    0, 0, 0, 0, 0, 0, 0, 0,
    0, 0, 0, 0, 0, 0, -4, -5,
    0, 0, 0, 0, 0, 0, 0, 0,
    0, 0, 0, 0, -8, 0, 0, -7,
    0, 0, -5, -5, 0, 0, 0, 0,
    -5, 0, 0, 0, 0, -3, 0, 0,
    0, 0, 0, -4, 0, 0, 0, 0,
    -8, 0, -10, 0, 0, 0, -17, 0,
    4, -11, 10, 1, -4, -24, 0, 0,
    -11, -5, 0, -20, -13, -14, 0, 0,
    -22, -5, -20, -19, -25, 0, -13, 0,
    4, 34, -7, 0, -12, -5, -2, -5,
    -9, -14, -9, -19, -21, -12, -5, 0,
    0, -4, 0, 2, 0, 0, -36, -5,
    15, 11, -11, -19, 0, 2, -16, 0,
    -26, -4, -5, 10, -47, -7, 2, 0,
    0, -33, -6, -27, -5, -37, 0, 0,
    -36, 0, 30, 2, 0, -4, 0, 0,
    0, 0, -3, -4, -19, -4, 0, -33,
    0, 0, 0, 0, -16, 0, -5, 0,
    -2, -14, -24, 0, 0, -3, -8, -15,
    -5, 0, -4, 0, 0, 0, 0, -23,
    -5, -17, -16, -4, -9, -13, -5, -9,
    0, -10, -5, -17, -8, 0, -6, -10,
    -5, -10, 0, 3, 0, -4, -17, 0,
    10, 0, -9, 0, 0, 0, 0, 6,
    0, 4, -10, 21, 0, -5, -5, -6,
    0, 0, 0, 0, 0, 0, -15, 0,
    -5, 0, -8, -5, 0, -11, -13, -15,
    -4, 0, -10, 4, 20, 0, 0, 0,
    0, 41, 0, 0, 3, 0, 0, -7,
    0, 5, 0, 0, 0, 0, 0, 0,
    0, 0, -1, 0, 0, 0, 0, 0,
    -4, -10, 0, 0, 0, 0, 0, -3,
    0, 0, 0, -5, -5, 0, 0, -10,
    -5, 0, 0, -10, 0, 9, -3, 0,
    0, 0, 0, 0, 0, 3, 0, 0,
    0, 0, 8, 10, 4, -5, 0, -16,
    -8, 0, 15, -17, -16, -10, -10, 20,
    9, 5, -45, -4, 10, -5, 0, -5,
    6, -5, -18, 0, -5, 5, -7, -4,
    -15, -4, 0, 0, 15, 10, 0, -14,
    0, -28, -7, 15, -7, -19, 2, -7,
    -17, -17, -5, 20, 5, 0, -8, 0,
    -14, 0, 4, 17, -12, -19, -20, -13,
    15, 0, 2, -37, -4, 5, -9, -4,
    -12, 0, -11, -19, -8, -8, -4, 0,
    0, -12, -11, -5, 0, 15, 12, -5,
    -28, 0, -28, -7, 0, -18, -30, -2,
    -16, -9, -17, -14, 14, 0, 0, -7,
    0, -10, -5, 0, -5, -9, 0, 9,
    -17, 5, 0, 0, -27, 0, -5, -11,
    -9, -4, -15, -13, -17, -12, 0, -15,
    -5, -12, -10, -15, -5, 0, 0, 2,
    24, -9, 0, -15, -5, 0, -5, -10,
    -12, -14, -14, -19, -7, -10, 10, 0,
    -8, 0, -26, -6, 3, 10, -16, -19,
    -10, -17, 17, -5, 3, -48, -9, 10,
    -11, -9, -19, 0, -15, -22, -6, -5,
    -4, -5, -11, -15, -2, 0, 0, 15,
    14, -4, -33, 0, -31, -12, 12, -19,
    -35, -10, -18, -22, -26, -17, 10, 0,
    0, 0, 0, -6, 0, 0, 5, -6,
    10, 4, -10, 10, 0, 0, -16, -2,
    0, -2, 0, 2, 2, -4, 0, 0,
    0, 0, 0, 0, -5, 0, 0, 0,
    0, 4, 15, 1, 0, -6, 0, 0,
    0, 0, -4, -4, -6, 0, 0, 0,
    2, 4, 0, 0, 0, 0, 4, 0,
    -4, 0, 19, 0, 9, 2, 2, -7,
    0, 10, 0, 0, 0, 4, 0, 0,
    0, 0, 0, 0, 0, 0, 0, 0,
    0, 15, 0, 14, 0, 0, 0, 0,
    0, 0, 0, 0, 0, 0, 0, 0,
    0, 0, -31, 0, -5, 9, 0, 15,
    0, 0, 51, 6, -10, -10, 5, 5,
    -4, 2, -26, 0, 0, 25, -31, 0,
    0, 0, 0, 0, 0, 0, 0, 0,
    0, 0, -35, 19, 72, 0, 0, 0,
    0, 0, 0, 0, 0, 0, 0, 0,
    0, -31, 0, 0, 0, 0, 0, 0,
    0, 0, 0, 0, 0, 0, 0, 0,
    0, 0, 0, 0, 0, 0, 0, 0,
    0, 0, 0, 0, -8, 0, 0, -10,
    -5, 0, 0, 0, 0, 0, 0, 0,
    0, 0, 0, 0, 0, 0, 0, 0,
    0, 0, 0, 0, -4, 0, -14, 0,
    0, 2, 0, 0, 5, 66, -10, -4,
    16, 14, -14, 5, 0, 0, 5, 5,
    -7, 0, 0, 0, 0, 0, 0, 0,
    0, 0, 0, 0, -67, 14, 0, 0,
    0, 0, 0, 0, 0, 0, 0, 0,
    0, 0, 0, 0, 0, 0, 0, -14,
    0, 0, 0, -14, 0, 0, 0, 0,
    -11, -3, 0, 0, 0, -11, 0, -6,
    0, -24, 0, 0, 0, 0, 0, 0,
    0, 0, 0, 0, 0, -34, 0, 0,
    0, 0, 2, 0, 0, 0, 0, 0,
    0, -5, 0, 0, -10, 0, -8, 0,
    -14, 0, 0, 0, -9, 5, -6, 0,
    0, -14, -5, -12, 0, 0, -14, 0,
    -5, 0, -24, 0, -6, 0, 0, -41,
    -10, -20, -6, -18, 0, 0, -34, 0,
    -14, -3, 0, 0, 0, 0, 0, 0,
    0, 0, -8, -9, -4, -9, 0, 0,
    0, 0, -11, 0, -11, 7, -6, 10,
    0, -4, -12, -4, -9, -10, 0, -6,
    -3, -4, 4, -14, -2, 0, 0, 0,
    -45, -4, -7, 0, -11, 0, -4, -24,
    -5, 0, 0, -4, -4, 0, 0, 0,
    0, 4, 0, -4, -9, -4, 9, 0,
    0, 0, 0, 0, 0, 0, 0, 0,
    0, 0, 0, 0, 0, 0, 0, 0,
    0, 0, 0, 0, 0, 0, 0, 0,
    0, 0, 0, 0, 0, 0, 0, 0,
    0, 0, 0, 0, 0, 0, 0, 0,
    0, 0, 7, 0, 0, 0, 0, 0,
    0, -11, 0, -4, 0, 0, 0, -10,
    5, 0, 0, 0, -14, -5, -10, 0,
    0, -14, 0, -5, 0, -24, 0, 0,
    0, 0, -50, 0, -10, -19, -26, 0,
    0, -34, 0, -4, -8, 0, 0, 0,
    0, 0, 0, 0, 0, -5, -8, -3,
    -8, 2, 0, 0, 9, -7, 0, 16,
    25, -5, -5, -15, 6, 25, 9, 11,
    -14, 6, 22, 6, 15, 11, 14, 0,
    0, 0, 0, 0, 0, 0, 0, 0,
    0, 0, 32, 24, -9, -5, 0, -4,
    41, 22, 41, 0, 0, 0, 5, 0,
    0, 19, 0, 0, -8, 0, 0, 0,
    0, 0, 0, 0, 0, 0, -4, 0,
    0, 0, 0, 0, 0, 0, 0, 7,
    0, 0, 0, 0, -43, -6, -4, -21,
    -25, 0, 0, -34, 0, 0, 0, 0,
    0, 0, 0, 0, 0, 0, 0, 0,
    0, 0, 0, 0, 0, -8, 0, 0,
    0, 0, 0, 0, 0, 0, 0, -4,
    0, 0, 0, 0, 0, 0, 0, 0,
    7, 0, 0, 0, 0, -43, -6, -4,
    -21, -25, 0, 0, -20, 0, 0, 0,
    0, 0, 0, 0, 0, 0, 0, 0,
    0, 0, 0, 0, 0, 0, 0, 0,
    -4, 0, 0, 0, -12, 5, 0, -5,
    4, 9, 5, -15, 0, -1, -4, 5,
    0, 4, 0, 0, 0, 0, -13, 0,
    -5, -4, -10, 0, -5, -20, 0, 32,
    -5, 0, -11, -4, 0, -4, -9, 0,
    -5, -14, -10, -6, 0, 0, 0, -8,
    0, 0, 0, 0, 0, 0, 0, 0,
    0, -4, 0, 0, 0, 0, 0, 0,
    0, 0, 7, 0, 0, 0, 0, -43,
    -6, -4, -21, -25, 0, 0, -34, 0,
    0, 0, 0, 0, 0, 26, 0, 0,
    0, 0, 0, 0, 0, 0, 0, 0,
    -8, 0, -16, -6, -5, 15, -5, -5,
    -20, 2, -3, 2, -4, -14, 1, 11,
    1, 4, 2, 4, -12, -20, -6, 0,
    -19, -10, -14, -22, -20, 0, -8, -10,
    -6, -7, -4, -4, -6, -4, 0, -4,
    -2, 8, 0, 8, -4, 0, 16, 0,
    0, 0, 0, 0, 0, 0, 0, 0,
    0, 0, 0, -4, -5, -5, 0, 0,
    -14, 0, -3, 0, -9, 0, 0, 0,
    0, 0, 0, 0, 0, 0, 0, 0,
    -31, 0, 0, 0, 0, 0, 0, 0,
    0, 0, 0, 0, -5, -5, 0, -7,
    0, 0, 0, 0, -4, 0, 0, -9,
    -5, 5, 0, -9, -10, -4, 0, -15,
    -4, -11, -4, -6, 0, -9, 0, 0,
    0, 0, 0, 0, 0, 0, 0, 0,
    0, -34, 0, 16, 0, 0, -9, 0,
    0, 0, 0, -7, 0, -5, 0, 0,
    -3, 0, 0, -4, 0, -12, 0, 0,
    22, -7, -17, -16, 4, 6, 6, -1,
    -14, 4, 8, 4, 15, 4, 17, -4,
    -14, 0, 0, -20, 0, 0, -15, -14,
    0, 0, -10, 0, -7, -9, 0, -8,
    0, -8, 0, -4, 8, 0, -4, -15,
    -5, 19, 0, 0, -5, 0, -10, 0,
    0, 7, -12, 0, 5, -5, 4, 1,
    0, -17, 0, -4, -2, 0, -5, 6,
    -4, 0, 0, 0, -21, -6, -11, 0,
    -15, 0, 0, -24, 0, 19, -5, 0,
    -9, 0, 3, 0, -5, 0, -5, -15,
    0, -5, 5, 0, 0, 0, 0, -4,
    0, 0, 5, -7, 2, 0, 0, -6,
    -4, 0, -6, 0, 0, 0, 0, 0,
    0, 0, 0, 0, 0, 0, 0, 0,
    0, 0, 0, 0, -32, 0, 11, 0,
    0, -4, 0, 0, 0, 0, 1, 0,
    -5, -5, 0, 0, 0, 10, 0, 12,
    0, 0, 0, 0, 0, -32, -29, 2,
    22, 15, 9, -20, 4, 22, 0, 19,
    0, 10, 0, 0, 0, 0, 0, 0,
    0, 0, 0, 0, 0, 27, 0, 0,
    0, 0, 0, 0, 0, 0, 0, 0,
    0, 0, 0, 0, 0
};

/*Collect the kern class' data in one place*/
static const lv_font_fmt_txt_kern_classes_t kern_classes = {
    .class_pair_values   = kern_class_values,
    .left_class_mapping  = kern_left_class_mapping,
    .right_class_mapping = kern_right_class_mapping,
    .left_class_cnt      = 61,
    .right_class_cnt     = 49,
};

/*--------------------
 *  ALL CUSTOM DATA
 *--------------------*/

#if LVGL_VERSION_MAJOR >= 8
/*Store all the custom data of the font*/

static const lv_font_fmt_txt_dsc_t font_dsc = {
#else
static lv_font_fmt_txt_dsc_t font_dsc = {
#endif
    .glyph_bitmap = glyph_bitmap,
    .glyph_dsc = glyph_dsc,
    .cmaps = cmaps,
    .kern_dsc = &kern_classes,
    .kern_scale = 16,
    .cmap_num = 2,
    .bpp = 4,
    .kern_classes = 1,
    .bitmap_format = 1,

};

/*-----------------
 *  PUBLIC FONT
 *----------------*/

/*Initialize a public general font descriptor*/
#if LVGL_VERSION_MAJOR >= 8
const lv_font_t printdeck_font_montserrat_32 = {
#else
lv_font_t printdeck_font_montserrat_32 = {
#endif
    .get_glyph_dsc = lv_font_get_glyph_dsc_fmt_txt,    /*Function pointer to get glyph's data*/
    .get_glyph_bitmap = printdeck_compressed_glyph_bitmap,    /*Function pointer to get glyph's bitmap*/
    .line_height = 35,          /*The maximum line height required by the font*/
    .base_line = 6,             /*Baseline measured from the bottom of the line*/
#if !(LVGL_VERSION_MAJOR == 6 && LVGL_VERSION_MINOR == 0)
    .subpx = LV_FONT_SUBPX_NONE,
#endif
#if LV_VERSION_CHECK(7, 4, 0) || LVGL_VERSION_MAJOR >= 8
    .underline_position = -2,
    .underline_thickness = 2,
#endif
    .dsc = &font_dsc           /*The custom font data. Will be accessed by `get_glyph_bitmap/dsc` */
};

#endif /*#if LV_FONT_MONTSERRAT_32*/

#ifdef ESP_PLATFORM
extern const lv_font_t __wrap_lv_font_montserrat_32
    __attribute__((alias("printdeck_font_montserrat_32")));
#endif
